{"type":"FeatureCollection","properties":{"id":"full-tour","distanceMetres":1417562.1,"durationSeconds":82933.2,"generatedBy":"OSRM using OpenStreetMap data"},"features":[{"type":"Feature","properties":{"kind":"route","id":"wednesday-personal","label":"Wed 09 · You","title":"Zürich to the rendezvous, then La Thuile","color":"#b84a32","distanceMetres":459674.9,"start":"ibis Budget Zürich Airport","end":"Chalet Eden · La Thuile"},"geometry":{"type":"LineString","coordinates":[[8.562677,47.438778],[8.563196,47.438385],[8.560991,47.437186],[8.560466,47.437671],[8.560488,47.438756],[8.56003,47.438846],[8.559345,47.438722],[8.55759,47.437772],[8.555594,47.437067],[8.550122,47.430942],[8.541693,47.432943],[8.536047,47.433746],[8.53314,47.433915],[8.529799,47.43391],[8.526957,47.433739],[8.523637,47.43334],[8.520842,47.43283],[8.517678,47.432049],[8.507922,47.42891],[8.504002,47.427888],[8.498367,47.42691],[8.492212,47.426352],[8.489167,47.425932],[8.486875,47.425425],[8.479558,47.423452],[8.462511,47.421845],[8.456303,47.421125],[8.449199,47.420103],[8.447655,47.419633],[8.446256,47.418972],[8.442237,47.416144],[8.439574,47.414916],[8.437789,47.414366],[8.432733,47.413219],[8.429187,47.412268],[8.427938,47.412168],[8.42709,47.412307],[8.424774,47.413151],[8.413869,47.418294],[8.410975,47.419427],[8.40852,47.420216],[8.404822,47.421141],[8.401123,47.421779],[8.397808,47.422127],[8.389943,47.422657],[8.384901,47.423468],[8.379253,47.425129],[8.365615,47.429911],[8.362926,47.430963],[8.357376,47.433813],[8.35061,47.436644],[8.348926,47.437581],[8.347699,47.438439],[8.346264,47.43972],[8.345088,47.441069],[8.337118,47.451809],[8.336262,47.452602],[8.335227,47.453298],[8.332998,47.454223],[8.331157,47.454627],[8.329297,47.454799],[8.325093,47.454629],[8.320739,47.45469],[8.318185,47.454294],[8.314516,47.453174],[8.313334,47.453071],[8.311929,47.453191],[8.310411,47.453647],[8.309214,47.454388],[8.308474,47.455218],[8.306935,47.457574],[8.305596,47.458689],[8.304442,47.459272],[8.303065,47.459773],[8.300834,47.460122],[8.298914,47.460136],[8.296279,47.459941],[8.277201,47.457462],[8.275037,47.456951],[8.273217,47.456316],[8.266561,47.453191],[8.263295,47.451904],[8.260259,47.450943],[8.253896,47.449282],[8.251329,47.448441],[8.248653,47.447148],[8.246415,47.445679],[8.245036,47.444507],[8.243829,47.443253],[8.241845,47.440515],[8.240112,47.437071],[8.237358,47.430041],[8.236464,47.428511],[8.235295,47.427063],[8.233079,47.425101],[8.2278,47.421666],[8.225317,47.419646],[8.223308,47.417432],[8.219718,47.412501],[8.217548,47.410316],[8.215274,47.408594],[8.210029,47.405289],[8.208375,47.403891],[8.205953,47.401462],[8.203742,47.399969],[8.201082,47.398871],[8.198115,47.398225],[8.187534,47.397461],[8.18467,47.396998],[8.179703,47.395945],[8.17705,47.395567],[8.170498,47.395269],[8.167754,47.394961],[8.165493,47.394485],[8.158851,47.392666],[8.155183,47.392012],[8.147563,47.391094],[8.144721,47.3909],[8.14139,47.390965],[8.134109,47.391578],[8.129818,47.391472],[8.127211,47.391146],[8.124884,47.390678],[8.122496,47.390006],[8.120201,47.389154],[8.117097,47.387595],[8.114596,47.385871],[8.112546,47.38397],[8.108599,47.3793],[8.106088,47.376825],[8.102465,47.374061],[8.098212,47.371566],[8.093223,47.369107],[8.088297,47.36717],[8.082616,47.365508],[8.073194,47.363463],[8.070877,47.362619],[8.068808,47.361499],[8.067512,47.360546],[8.063082,47.356738],[8.055556,47.351793],[8.051391,47.348564],[8.046216,47.343699],[8.037851,47.335058],[8.035377,47.332891],[8.032421,47.330799],[8.026385,47.327132],[8.022161,47.324053],[8.020669,47.323278],[8.019039,47.322657],[8.015889,47.321968],[8.013131,47.321817],[8.010346,47.322068],[8.004588,47.323405],[8.002022,47.323729],[7.999175,47.323689],[7.994081,47.323013],[7.991735,47.322894],[7.989635,47.323029],[7.984292,47.323717],[7.980976,47.323791],[7.976527,47.323344],[7.960188,47.320776],[7.957031,47.320105],[7.953851,47.319254],[7.941926,47.315269],[7.94057,47.314628],[7.93915,47.313765],[7.932663,47.308695],[7.92959,47.306791],[7.927603,47.305925],[7.925462,47.305253],[7.923209,47.304787],[7.920872,47.30453],[7.918458,47.30451],[7.916558,47.304652],[7.912788,47.305391],[7.909479,47.306624],[7.902904,47.309933],[7.899522,47.31119],[7.896799,47.311963],[7.893954,47.312566],[7.889007,47.313157],[7.883701,47.313269],[7.876423,47.313073],[7.873106,47.312754],[7.867503,47.311859],[7.865297,47.311687],[7.862923,47.311765],[7.857506,47.312277],[7.854569,47.312222],[7.85084,47.311695],[7.842426,47.309881],[7.840006,47.309562],[7.837648,47.309437],[7.835264,47.309489],[7.832448,47.309742],[7.821107,47.311593],[7.815474,47.312154],[7.812703,47.312278],[7.809171,47.312215],[7.803104,47.311748],[7.798475,47.311041],[7.7935,47.30998],[7.789051,47.308797],[7.783928,47.30719],[7.776682,47.304593],[7.755632,47.296498],[7.736552,47.289646],[7.731558,47.287637],[7.728265,47.286061],[7.725361,47.284386],[7.722883,47.282613],[7.720883,47.280784],[7.719352,47.278957],[7.718151,47.27706],[7.717289,47.275336],[7.714823,47.269599],[7.713924,47.267938],[7.712977,47.266527],[7.711521,47.264819],[7.709853,47.263276],[7.707996,47.261892],[7.705679,47.260508],[7.70348,47.259459],[7.701333,47.258636],[7.699139,47.257968],[7.69665,47.257397],[7.692817,47.256864],[7.684104,47.256257],[7.681694,47.255892],[7.679414,47.255347],[7.677443,47.254691],[7.675583,47.253889],[7.670317,47.250961],[7.66791,47.249842],[7.665176,47.248939],[7.659638,47.247532],[7.657478,47.246766],[7.655675,47.245934],[7.654016,47.244971],[7.64902,47.241188],[7.645542,47.239031],[7.643661,47.238328],[7.638914,47.237704],[7.636719,47.23699],[7.633511,47.235288],[7.628405,47.231683],[7.625605,47.230058],[7.622224,47.228582],[7.614488,47.225718],[7.611528,47.224364],[7.60953,47.223212],[7.607615,47.22186],[7.606072,47.220527],[7.604536,47.218882],[7.603188,47.217019],[7.602014,47.214867],[7.601079,47.212511],[7.600447,47.210152],[7.600161,47.208284],[7.600029,47.206335],[7.600171,47.19928],[7.600103,47.196674],[7.599774,47.194108],[7.599135,47.191554],[7.598323,47.189355],[7.59705,47.186748],[7.592721,47.179577],[7.591316,47.177009],[7.590181,47.174415],[7.58938,47.17172],[7.588852,47.168195],[7.588874,47.164943],[7.589409,47.161661],[7.591124,47.155969],[7.59163,47.153753],[7.59183,47.151173],[7.591565,47.148438],[7.591092,47.14654],[7.59026,47.144255],[7.585129,47.133224],[7.582219,47.126247],[7.579969,47.119987],[7.578203,47.114196],[7.575629,47.104049],[7.57301,47.092577],[7.572915,47.0916],[7.57298,47.090474],[7.573867,47.086364],[7.573983,47.084697],[7.573703,47.08302],[7.572865,47.081062],[7.5691,47.075414],[7.564212,47.068596],[7.561332,47.065274],[7.558443,47.062516],[7.55694,47.061464],[7.55521,47.060567],[7.546234,47.057125],[7.543057,47.055705],[7.540196,47.054248],[7.538076,47.052958],[7.535786,47.051315],[7.533852,47.049678],[7.532115,47.047945],[7.530298,47.04566],[7.529721,47.044595],[7.529257,47.043334],[7.528871,47.04108],[7.528465,47.035433],[7.527792,47.03273],[7.526663,47.030617],[7.52586,47.02964],[7.524888,47.028724],[7.52293,47.027372],[7.520494,47.026247],[7.501239,47.019853],[7.499352,47.018869],[7.497866,47.017616],[7.496936,47.016313],[7.496402,47.014796],[7.496354,47.013535],[7.496815,47.010578],[7.496696,47.00958],[7.496373,47.008616],[7.495792,47.007526],[7.494958,47.006369],[7.491117,47.002094],[7.489028,46.99991],[7.485491,46.99655],[7.482676,46.993216],[7.481263,46.991928],[7.480039,46.991159],[7.478809,46.990594],[7.473142,46.988817],[7.471062,46.987934],[7.469838,46.987193],[7.46884,46.986398],[7.467428,46.984709],[7.466894,46.983592],[7.466619,46.982492],[7.466579,46.981402],[7.46679,46.980214],[7.467582,46.978346],[7.470361,46.973987],[7.470735,46.972951],[7.470767,46.972153],[7.470604,46.971524],[7.470307,46.97108],[7.46969,46.970596],[7.468445,46.970182],[7.465138,46.970009],[7.46114,46.969176],[7.459302,46.968968],[7.457223,46.969045],[7.452616,46.969738],[7.451158,46.969779],[7.449433,46.969648],[7.446934,46.969137],[7.440179,46.967139],[7.432474,46.965734],[7.430061,46.964893],[7.427631,46.963547],[7.424692,46.961412],[7.415197,46.954001],[7.412848,46.952545],[7.410993,46.951747],[7.408784,46.951158],[7.406969,46.950901],[7.405016,46.950828],[7.40313,46.950959],[7.401275,46.951292],[7.399708,46.951749],[7.395391,46.953738],[7.393919,46.954223],[7.391637,46.954528],[7.389533,46.954387],[7.387565,46.953859],[7.385724,46.952872],[7.38464,46.951868],[7.382932,46.949489],[7.382141,46.948626],[7.380871,46.947621],[7.379306,46.946744],[7.377185,46.945903],[7.374081,46.945009],[7.371562,46.944539],[7.368681,46.944296],[7.365356,46.944378],[7.35677,46.945444],[7.348712,46.945938],[7.34521,46.946512],[7.343516,46.946999],[7.338464,46.948843],[7.332282,46.949936],[7.329884,46.950587],[7.327433,46.95171],[7.323213,46.954632],[7.321537,46.955528],[7.318758,46.956464],[7.315979,46.956927],[7.313026,46.956965],[7.306944,46.956327],[7.304362,46.956386],[7.302052,46.956745],[7.297623,46.957894],[7.295347,46.958343],[7.28809,46.959087],[7.282381,46.960064],[7.279136,46.960403],[7.275167,46.96045],[7.265624,46.959998],[7.259997,46.960241],[7.254502,46.961027],[7.244251,46.963285],[7.240578,46.963779],[7.237323,46.964014],[7.232876,46.964035],[7.228191,46.963684],[7.224057,46.963084],[7.211821,46.960925],[7.206291,46.960246],[7.201883,46.959917],[7.198659,46.959998],[7.195866,46.960393],[7.193629,46.960942],[7.189114,46.962395],[7.186577,46.96288],[7.184912,46.962996],[7.183062,46.962947],[7.179893,46.962407],[7.177547,46.961599],[7.17522,46.960475],[7.172739,46.958968],[7.170504,46.957267],[7.168899,46.955763],[7.167427,46.954064],[7.164846,46.950092],[7.163965,46.948944],[7.162886,46.947856],[7.161612,46.946852],[7.159528,46.945591],[7.151991,46.941904],[7.147026,46.939122],[7.141622,46.935601],[7.137238,46.932257],[7.13448,46.929601],[7.132586,46.927175],[7.131447,46.925308],[7.12894,46.920395],[7.128178,46.919227],[7.126711,46.917758],[7.124848,46.91656],[7.122025,46.915478],[7.106141,46.911532],[7.103085,46.91066],[7.099296,46.909052],[7.093663,46.90559],[7.088862,46.903304],[7.081788,46.900523],[7.074943,46.89834],[7.06971,46.896974],[7.065911,46.896228],[7.063074,46.895977],[7.053865,46.895746],[7.050742,46.895263],[7.047712,46.894421],[7.0457,46.893618],[7.043845,46.892661],[7.03499,46.886953],[7.031059,46.884734],[7.026231,46.882542],[7.021298,46.880795],[7.017019,46.879624],[7.012434,46.878679],[6.998269,46.876887],[6.993218,46.876001],[6.987348,46.874487],[6.981962,46.87258],[6.95541,46.861191],[6.952302,46.8597],[6.949015,46.857851],[6.944589,46.854803],[6.915541,46.83175],[6.913543,46.830394],[6.911745,46.829359],[6.907795,46.827603],[6.903488,46.826321],[6.899383,46.825584],[6.894702,46.825261],[6.890272,46.825439],[6.886267,46.826017],[6.882271,46.827026],[6.878814,46.828286],[6.871672,46.831347],[6.86884,46.832219],[6.865938,46.83269],[6.863349,46.832813],[6.860533,46.832627],[6.857979,46.832149],[6.854873,46.831183],[6.848532,46.828555],[6.845022,46.827349],[6.840681,46.826231],[6.831449,46.824247],[6.828641,46.823454],[6.825802,46.822412],[6.822621,46.820873],[6.819372,46.818807],[6.810979,46.811562],[6.807312,46.808854],[6.804377,46.806986],[6.80149,46.805336],[6.795612,46.802494],[6.77007,46.792507],[6.766562,46.791504],[6.758531,46.789655],[6.75509,46.788577],[6.752037,46.787322],[6.747683,46.785065],[6.745637,46.784226],[6.742871,46.783562],[6.737052,46.782905],[6.734158,46.782107],[6.731642,46.780876],[6.727961,46.778133],[6.725958,46.777026],[6.724224,46.776371],[6.720232,46.775306],[6.717702,46.77445],[6.708535,46.770212],[6.695954,46.765551],[6.691168,46.763361],[6.683676,46.759274],[6.680066,46.75777],[6.676904,46.756851],[6.672389,46.756117],[6.66861,46.755931],[6.664043,46.756255],[6.66059,46.756901],[6.658143,46.757576],[6.654577,46.758983],[6.649816,46.761379],[6.648325,46.761932],[6.646333,46.762234],[6.644488,46.762129],[6.643114,46.761807],[6.641856,46.761275],[6.637415,46.758406],[6.633475,46.75626],[6.630028,46.754697],[6.626934,46.753509],[6.620784,46.751665],[6.609192,46.749192],[6.60363,46.747738],[6.597214,46.745624],[6.591099,46.743119],[6.587226,46.741246],[6.583511,46.739208],[6.579988,46.737023],[6.576674,46.734704],[6.573821,46.732453],[6.571852,46.730565],[6.570588,46.72887],[6.569853,46.727165],[6.569662,46.725963],[6.569728,46.724783],[6.570055,46.723585],[6.570643,46.722422],[6.571902,46.720864],[6.576248,46.716858],[6.577258,46.715585],[6.578231,46.713937],[6.578745,46.712702],[6.579132,46.711273],[6.579311,46.709671],[6.579227,46.708061],[6.578935,46.706645],[6.578378,46.705057],[6.575303,46.698936],[6.574218,46.695942],[6.573749,46.693748],[6.573555,46.691809],[6.573799,46.68566],[6.573607,46.683403],[6.57284,46.680873],[6.570621,46.676609],[6.570198,46.675343],[6.569941,46.674053],[6.569886,46.671618],[6.570253,46.668609],[6.570761,46.666409],[6.57208,46.662278],[6.572482,46.660484],[6.572563,46.658609],[6.572274,46.656684],[6.571747,46.655114],[6.570782,46.653279],[6.566438,46.647497],[6.564505,46.644519],[6.563113,46.641763],[6.562161,46.639288],[6.561462,46.636742],[6.561029,46.634159],[6.56087,46.631895],[6.560752,46.626027],[6.560502,46.623797],[6.560082,46.621541],[6.559501,46.61931],[6.558756,46.617103],[6.55608,46.610998],[6.555139,46.608473],[6.554265,46.605275],[6.553747,46.602203],[6.553555,46.599766],[6.553561,46.597166],[6.554388,46.58744],[6.555737,46.578246],[6.557445,46.569899],[6.558768,46.564816],[6.560451,46.56095],[6.562463,46.557833],[6.566682,46.552415],[6.567584,46.550951],[6.568282,46.549403],[6.568709,46.547523],[6.568691,46.545779],[6.568182,46.543848],[6.567458,46.542884],[6.566808,46.542387],[6.56585,46.54193],[6.560406,46.540559],[6.556785,46.539117],[6.553952,46.537485],[6.544924,46.531567],[6.541413,46.529804],[6.5379,46.528625],[6.52785,46.526173],[6.522173,46.524364],[6.515922,46.52191],[6.503949,46.516566],[6.49753,46.514289],[6.495498,46.513141],[6.485956,46.506568],[6.48274,46.504634],[6.478735,46.502465],[6.474091,46.500244],[6.469014,46.498128],[6.46448,46.496488],[6.45508,46.493456],[6.449407,46.49114],[6.445995,46.489393],[6.443154,46.48769],[6.440802,46.486073],[6.436398,46.482728],[6.434078,46.481189],[6.431529,46.479848],[6.428352,46.478592],[6.425675,46.477827],[6.423335,46.477344],[6.420999,46.47702],[6.418253,46.476834],[6.413981,46.476945],[6.40547,46.47792],[6.40264,46.477968],[6.399727,46.477827],[6.365556,46.473739],[6.360888,46.472925],[6.355675,46.471645],[6.33541,46.465857],[6.330766,46.464246],[6.327629,46.462831],[6.324673,46.461197],[6.315441,46.454776],[6.311743,46.452523],[6.307943,46.450446],[6.301376,46.447347],[6.289791,46.44272],[6.282084,46.439189],[6.274312,46.435029],[6.256749,46.424502],[6.252925,46.42237],[6.247691,46.419926],[6.236014,46.415246],[6.229982,46.412224],[6.224972,46.409199],[6.220417,46.405961],[6.216179,46.402416],[6.212319,46.398577],[6.210158,46.396082],[6.208399,46.393808],[6.206606,46.391184],[6.205204,46.38877],[6.203166,46.384253],[6.199741,46.374592],[6.198673,46.372471],[6.197063,46.370151],[6.195068,46.367982],[6.193038,46.366239],[6.190432,46.364414],[6.183411,46.360166],[6.180074,46.357899],[6.176361,46.354911],[6.17329,46.351941],[6.17063,46.348843],[6.166969,46.343874],[6.165058,46.341485],[6.153605,46.328922],[6.150283,46.324965],[6.148425,46.322346],[6.146809,46.319639],[6.145518,46.317023],[6.144458,46.314303],[6.143926,46.312385],[6.143638,46.310764],[6.143488,46.307429],[6.143909,46.304175],[6.145545,46.297794],[6.146054,46.294803],[6.146128,46.291216],[6.145586,46.287491],[6.144276,46.282942],[6.142595,46.278952],[6.141304,46.276505],[6.139668,46.2738],[6.133428,46.264416],[6.132653,46.262693],[6.132469,46.261219],[6.132758,46.259921],[6.133351,46.258846],[6.134299,46.257718],[6.135991,46.256152],[6.142082,46.251036],[6.14336,46.250095],[6.145506,46.248843],[6.149241,46.247206],[6.150024,46.246756],[6.15098,46.245838],[6.151485,46.244823],[6.151603,46.243875],[6.151359,46.24268],[6.150894,46.241714],[6.149467,46.239516],[6.148972,46.238095],[6.148921,46.236946],[6.149379,46.232402],[6.149333,46.230625],[6.148795,46.227842],[6.148015,46.225954],[6.147904,46.225367],[6.14834,46.22398],[6.149932,46.220816],[6.149676,46.220121],[6.148754,46.218848],[6.149365,46.21853],[6.150159,46.21781],[6.151369,46.216306],[6.151694,46.215541],[6.152733,46.21155],[6.147704,46.206941],[6.150573,46.203931],[6.154002,46.20322],[6.153448,46.201991],[6.153117,46.201785],[6.153058,46.201574],[6.15329,46.201395],[6.153903,46.201465],[6.155439,46.201151],[6.154697,46.199421],[6.154676,46.199318],[6.15495,46.199168],[6.159766,46.197942],[6.163138,46.196831],[6.167297,46.195935],[6.173264,46.193671],[6.1751,46.193375],[6.17836,46.193326],[6.180119,46.193078],[6.181331,46.192538],[6.183533,46.190893],[6.185063,46.190335],[6.187144,46.190164],[6.194545,46.190728],[6.196239,46.190588],[6.197287,46.190291],[6.200236,46.189108],[6.201958,46.188142],[6.202217,46.188212],[6.20353,46.187825],[6.208379,46.185929],[6.210802,46.185132],[6.213723,46.184494],[6.223566,46.18287],[6.225723,46.182006],[6.228334,46.181573],[6.231702,46.180319],[6.233869,46.17896],[6.234732,46.178164],[6.236613,46.176018],[6.239902,46.173193],[6.242216,46.170152],[6.243249,46.169083],[6.24479,46.167932],[6.246979,46.166839],[6.24929,46.166086],[6.263076,46.162359],[6.280655,46.156866],[6.294236,46.153031],[6.302324,46.151041],[6.305619,46.149889],[6.308793,46.148345],[6.310324,46.147395],[6.312111,46.146064],[6.313651,46.144647],[6.31503,46.143085],[6.316653,46.140574],[6.318831,46.135543],[6.319793,46.133793],[6.324289,46.128409],[6.329018,46.122148],[6.330703,46.120291],[6.332596,46.118452],[6.33835,46.113611],[6.341599,46.110477],[6.344634,46.106927],[6.350035,46.099715],[6.353293,46.096024],[6.356967,46.092633],[6.360342,46.090022],[6.363939,46.087635],[6.370414,46.08374],[6.373077,46.081869],[6.375653,46.07961],[6.380232,46.075081],[6.381372,46.073648],[6.382571,46.072718],[6.382534,46.072476],[6.382184,46.072371],[6.38054,46.072272],[6.379925,46.072363],[6.379591,46.072176],[6.377989,46.072118],[6.376938,46.072227],[6.37677,46.072054],[6.376938,46.071685],[6.376669,46.071536],[6.37541,46.071837],[6.373348,46.071627],[6.373194,46.070171],[6.373396,46.069458],[6.373338,46.068763],[6.373693,46.068446],[6.373418,46.067545],[6.373534,46.064459],[6.373375,46.063754],[6.373205,46.063532],[6.373417,46.063309],[6.373663,46.062584],[6.373796,46.061495],[6.373197,46.059384],[6.374064,46.058888],[6.374453,46.058496],[6.375049,46.057305],[6.373591,46.05663],[6.371952,46.055161],[6.3719,46.054733],[6.372899,46.053579],[6.373235,46.053575],[6.373639,46.053892],[6.374018,46.053795],[6.374165,46.053512],[6.374122,46.052553],[6.374903,46.052091],[6.375791,46.051793],[6.376719,46.050987],[6.376663,46.050624],[6.376212,46.050202],[6.37639,46.049749],[6.375749,46.048571],[6.376167,46.048149],[6.375655,46.047443],[6.375796,46.046934],[6.37572,46.046655],[6.376501,46.046347],[6.376823,46.045593],[6.377899,46.0455],[6.378154,46.045324],[6.378399,46.044293],[6.379465,46.043376],[6.379402,46.04246],[6.379863,46.042046],[6.380142,46.041481],[6.380229,46.040695],[6.380972,46.039601],[6.382117,46.038983],[6.382804,46.038049],[6.382988,46.037221],[6.383461,46.036594],[6.383843,46.035803],[6.383861,46.035189],[6.38507,46.034315],[6.386315,46.034141],[6.388883,46.03259],[6.390962,46.030155],[6.391082,46.029512],[6.390952,46.028994],[6.391055,46.028838],[6.392762,46.02873],[6.393105,46.028577],[6.39316,46.028262],[6.392889,46.027964],[6.391722,46.027376],[6.391918,46.026706],[6.393104,46.025418],[6.39394,46.024769],[6.394841,46.024458],[6.394934,46.023779],[6.395339,46.023338],[6.395279,46.022932],[6.395411,46.022686],[6.396481,46.022037],[6.396963,46.021632],[6.397113,46.021338],[6.396204,46.019891],[6.396325,46.019454],[6.39692,46.019155],[6.397027,46.018917],[6.396601,46.018129],[6.396364,46.017096],[6.395946,46.016068],[6.396514,46.013469],[6.39582,46.01162],[6.39684,46.01028],[6.39673,46.007754],[6.396929,46.006055],[6.397033,46.005499],[6.397502,46.004976],[6.397545,46.004638],[6.396266,46.002156],[6.396203,46.001056],[6.396035,46.000651],[6.3948,45.999699],[6.394506,45.999284],[6.394502,45.997536],[6.394315,45.996037],[6.394473,45.994641],[6.394247,45.993924],[6.393192,45.991956],[6.393281,45.991738],[6.393825,45.991372],[6.393691,45.990782],[6.393802,45.990274],[6.393364,45.989795],[6.393486,45.989291],[6.393259,45.988846],[6.392353,45.988025],[6.391544,45.987532],[6.390315,45.986137],[6.388187,45.984632],[6.387706,45.984158],[6.387269,45.982424],[6.387416,45.980762],[6.387067,45.978279],[6.387288,45.977509],[6.387026,45.977014],[6.386638,45.975005],[6.386377,45.974584],[6.384377,45.973258],[6.384285,45.973054],[6.384933,45.970836],[6.384458,45.969831],[6.384421,45.969476],[6.385347,45.967476],[6.385405,45.965796],[6.386211,45.964189],[6.385905,45.963105],[6.385872,45.962329],[6.387335,45.959851],[6.387286,45.959759],[6.387446,45.959722],[6.388354,45.956513],[6.38897,45.955529],[6.390051,45.954581],[6.390173,45.953444],[6.390415,45.953031],[6.394576,45.950751],[6.396705,45.949906],[6.397686,45.948788],[6.400676,45.94651],[6.402789,45.943985],[6.403064,45.943194],[6.40306,45.942696],[6.402758,45.94124],[6.402196,45.940672],[6.402027,45.940153],[6.402129,45.939412],[6.401934,45.938475],[6.401705,45.938183],[6.400932,45.937698],[6.400423,45.936541],[6.400315,45.934693],[6.401178,45.933412],[6.403152,45.932008],[6.404929,45.931296],[6.405074,45.931044],[6.405215,45.929367],[6.405462,45.928911],[6.405897,45.928594],[6.407893,45.927745],[6.409442,45.927278],[6.410153,45.92732],[6.411425,45.928099],[6.411614,45.928469],[6.411475,45.929233],[6.411712,45.929417],[6.412101,45.929398],[6.412186,45.929096],[6.412098,45.927519],[6.411567,45.92625],[6.409605,45.925129],[6.409406,45.924853],[6.409399,45.924473],[6.410026,45.923601],[6.410409,45.922481],[6.411337,45.922729],[6.412157,45.923247],[6.412727,45.923374],[6.413143,45.923302],[6.414238,45.922739],[6.415447,45.921555],[6.415409,45.921313],[6.414736,45.920563],[6.415551,45.919334],[6.418808,45.917392],[6.419693,45.916658],[6.419782,45.916368],[6.419664,45.916073],[6.418374,45.914956],[6.418165,45.913584],[6.418409,45.91274],[6.419135,45.912174],[6.419651,45.911114],[6.419544,45.910493],[6.418911,45.909331],[6.419077,45.908032],[6.419226,45.907718],[6.421132,45.90632],[6.421866,45.905977],[6.425609,45.905885],[6.427479,45.906049],[6.428934,45.905872],[6.430386,45.905931],[6.430422,45.905623],[6.430099,45.905265],[6.427363,45.904143],[6.426381,45.903433],[6.425485,45.902313],[6.425342,45.901566],[6.425513,45.900698],[6.425162,45.900081],[6.425468,45.899865],[6.426851,45.899888],[6.427332,45.899663],[6.427701,45.89886],[6.42903,45.897117],[6.429301,45.896495],[6.42926,45.895691],[6.429719,45.895156],[6.429661,45.893367],[6.430422,45.89124],[6.431075,45.890202],[6.432282,45.889007],[6.433277,45.8872],[6.433391,45.886191],[6.434269,45.885168],[6.436091,45.883997],[6.438244,45.883449],[6.439336,45.882917],[6.440795,45.882638],[6.44204,45.882146],[6.442481,45.881618],[6.443055,45.88124],[6.443408,45.880702],[6.444078,45.880268],[6.444483,45.88026],[6.444612,45.880402],[6.443744,45.881542],[6.443832,45.881788],[6.444104,45.881784],[6.444715,45.881412],[6.445737,45.881043],[6.446957,45.88004],[6.448088,45.879666],[6.449457,45.877872],[6.450862,45.876852],[6.451131,45.876874],[6.4512,45.876993],[6.4509,45.877522],[6.450955,45.878333],[6.450741,45.878791],[6.450921,45.879005],[6.45121,45.878944],[6.451819,45.878408],[6.45292,45.876577],[6.454051,45.875406],[6.454776,45.873857],[6.455014,45.873655],[6.455251,45.873674],[6.455358,45.873889],[6.454715,45.875928],[6.454945,45.876125],[6.455192,45.875996],[6.456028,45.874956],[6.456966,45.874343],[6.457794,45.874146],[6.461208,45.873934],[6.465528,45.871971],[6.466953,45.871605],[6.468461,45.871519],[6.469511,45.870909],[6.471315,45.871126],[6.472937,45.871685],[6.474138,45.872321],[6.47425,45.872233],[6.473955,45.871636],[6.474075,45.871539],[6.474255,45.871604],[6.474487,45.872007],[6.474661,45.871944],[6.474672,45.871507],[6.474788,45.871454],[6.47494,45.871538],[6.47502,45.871891],[6.475588,45.871947],[6.476099,45.872157],[6.476688,45.871816],[6.477625,45.871668],[6.480237,45.871857],[6.481229,45.871523],[6.481124,45.871381],[6.480514,45.871397],[6.480536,45.871167],[6.482186,45.870773],[6.483092,45.871111],[6.484666,45.871457],[6.485213,45.871812],[6.486565,45.87167],[6.486855,45.871068],[6.487467,45.870753],[6.487546,45.870582],[6.486913,45.870563],[6.486656,45.870734],[6.48652,45.871063],[6.486239,45.871102],[6.485635,45.870525],[6.483803,45.870139],[6.48325,45.869515],[6.482464,45.869288],[6.481888,45.86927],[6.481785,45.869129],[6.483214,45.868992],[6.483375,45.868885],[6.483484,45.868532],[6.483773,45.868414],[6.48415,45.86846],[6.484952,45.868902],[6.486165,45.868866],[6.487372,45.86843],[6.487918,45.868059],[6.489022,45.868213],[6.489492,45.868503],[6.489547,45.868317],[6.488958,45.867759],[6.488118,45.86735],[6.487493,45.867289],[6.486623,45.866899],[6.487543,45.866893],[6.488544,45.866333],[6.489169,45.866243],[6.489966,45.866487],[6.490757,45.867296],[6.491028,45.867354],[6.491826,45.866733],[6.492937,45.86668],[6.493936,45.865318],[6.494421,45.864968],[6.494687,45.864972],[6.495379,45.864589],[6.495459,45.864425],[6.495336,45.864265],[6.494737,45.864265],[6.494011,45.863991],[6.492736,45.864309],[6.492579,45.864178],[6.492591,45.863933],[6.493104,45.863076],[6.493328,45.862913],[6.493412,45.862603],[6.493787,45.862469],[6.494392,45.862709],[6.49495,45.862665],[6.494868,45.861929],[6.495468,45.86158],[6.495617,45.860687],[6.495795,45.860712],[6.496261,45.861307],[6.496734,45.861274],[6.496507,45.860782],[6.496512,45.859542],[6.496848,45.859131],[6.497417,45.858804],[6.499407,45.855576],[6.500011,45.854946],[6.500485,45.854655],[6.500498,45.854368],[6.50012,45.854045],[6.500031,45.853807],[6.500451,45.852447],[6.501221,45.851322],[6.503147,45.849042],[6.503445,45.847614],[6.504308,45.847219],[6.504494,45.847017],[6.504723,45.846487],[6.504816,45.845845],[6.505614,45.844501],[6.505778,45.843452],[6.506434,45.842288],[6.506511,45.841724],[6.506395,45.841092],[6.506737,45.840105],[6.506936,45.839925],[6.507689,45.83974],[6.508212,45.839303],[6.507898,45.839007],[6.507839,45.838703],[6.508101,45.838125],[6.508202,45.836836],[6.508851,45.836572],[6.508606,45.836195],[6.508694,45.835582],[6.508485,45.835257],[6.508421,45.834788],[6.508482,45.834576],[6.508938,45.83427],[6.508657,45.834014],[6.508542,45.833451],[6.508943,45.832838],[6.508437,45.83241],[6.50879,45.831756],[6.508411,45.83132],[6.509003,45.830819],[6.509169,45.830422],[6.509999,45.829478],[6.510169,45.828648],[6.510057,45.828259],[6.510209,45.827906],[6.510266,45.827146],[6.509965,45.82664],[6.509978,45.826457],[6.510896,45.825287],[6.511684,45.824849],[6.512199,45.824106],[6.512832,45.82381],[6.512733,45.823633],[6.511864,45.823111],[6.511853,45.822816],[6.512522,45.822428],[6.513233,45.822268],[6.51429,45.821601],[6.514975,45.820613],[6.516075,45.820012],[6.516328,45.819634],[6.51667,45.819562],[6.517365,45.818809],[6.516284,45.81857],[6.516443,45.818025],[6.515891,45.817814],[6.516006,45.817737],[6.516452,45.817889],[6.516455,45.817787],[6.516096,45.817666],[6.516188,45.817539],[6.516542,45.817725],[6.516697,45.817655],[6.516116,45.817247],[6.516187,45.81661],[6.516361,45.816697],[6.516299,45.81701],[6.516572,45.817194],[6.517152,45.817261],[6.517303,45.817181],[6.517331,45.816971],[6.516973,45.816592],[6.516551,45.816367],[6.515605,45.815098],[6.514088,45.813827],[6.513367,45.813071],[6.51333,45.812895],[6.513558,45.812864],[6.513987,45.813373],[6.514938,45.813834],[6.517186,45.814729],[6.518129,45.814944],[6.519798,45.815766],[6.522884,45.816694],[6.523374,45.8167],[6.523511,45.816515],[6.52241,45.816242],[6.521521,45.815865],[6.518247,45.814026],[6.516746,45.812805],[6.51569,45.811375],[6.515422,45.810663],[6.515502,45.810418],[6.515987,45.809898],[6.515858,45.8092],[6.51682,45.807997],[6.517044,45.807898],[6.517344,45.807978],[6.519854,45.809735],[6.520102,45.809593],[6.519951,45.808857],[6.520458,45.808204],[6.520698,45.808265],[6.520619,45.808606],[6.520707,45.808827],[6.521279,45.809438],[6.521556,45.809516],[6.521834,45.809108],[6.523153,45.808835],[6.523962,45.808427],[6.524851,45.8075],[6.525504,45.807052],[6.527161,45.806566],[6.528553,45.805841],[6.529202,45.805651],[6.530205,45.805074],[6.530842,45.804549],[6.532341,45.804629],[6.53513,45.804367],[6.537089,45.805034],[6.538192,45.805053],[6.53916,45.804599],[6.540721,45.80434],[6.546794,45.805363],[6.547257,45.805271],[6.547828,45.804745],[6.548526,45.804671],[6.54917,45.804353],[6.550076,45.804383],[6.55043,45.804203],[6.550472,45.804016],[6.550355,45.803858],[6.549644,45.803695],[6.549125,45.8034],[6.54663,45.801125],[6.544876,45.800034],[6.542283,45.797717],[6.541514,45.797405],[6.540912,45.796589],[6.540915,45.795943],[6.541594,45.795319],[6.542685,45.793706],[6.543044,45.793377],[6.543239,45.792899],[6.544324,45.791753],[6.544895,45.790388],[6.545433,45.78987],[6.54675,45.789051],[6.546933,45.788699],[6.547002,45.787246],[6.547285,45.786675],[6.548785,45.785836],[6.550543,45.785201],[6.551952,45.784066],[6.554196,45.78268],[6.557586,45.781229],[6.558167,45.780484],[6.559583,45.779488],[6.559902,45.778896],[6.559905,45.778571],[6.559634,45.778247],[6.559282,45.778135],[6.55751,45.778671],[6.55545,45.779672],[6.553843,45.779903],[6.552871,45.779845],[6.551124,45.780241],[6.550113,45.780055],[6.549631,45.780218],[6.548089,45.781375],[6.547339,45.781665],[6.546409,45.781791],[6.54436,45.78164],[6.543813,45.781302],[6.543302,45.780495],[6.542173,45.780634],[6.54138,45.780492],[6.539356,45.779835],[6.537866,45.779099],[6.53699,45.777958],[6.53649,45.776477],[6.535871,45.775738],[6.535542,45.774974],[6.535529,45.77402],[6.536268,45.773239],[6.536422,45.772309],[6.534519,45.770975],[6.533119,45.770284],[6.532159,45.769258],[6.531832,45.768567],[6.531828,45.768247],[6.532242,45.766961],[6.532638,45.766078],[6.533416,45.76507],[6.533903,45.763698],[6.533867,45.763384],[6.53364,45.763288],[6.533725,45.763153],[6.533436,45.762664],[6.533364,45.762188],[6.533393,45.761138],[6.533629,45.760222],[6.53419,45.759545],[6.534177,45.759411],[6.535303,45.758949],[6.536008,45.758405],[6.539084,45.757362],[6.539308,45.75713],[6.539694,45.757048],[6.540817,45.756417],[6.542485,45.75608],[6.544986,45.755198],[6.545582,45.754802],[6.545903,45.75434],[6.545907,45.753794],[6.546343,45.753138],[6.547276,45.750567],[6.547705,45.74868],[6.547477,45.748144],[6.54754,45.747781],[6.547789,45.747514],[6.548516,45.747343],[6.548926,45.747069],[6.549153,45.746135],[6.549559,45.745267],[6.549247,45.744779],[6.549265,45.744454],[6.5508,45.743158],[6.551795,45.742917],[6.553124,45.743156],[6.554842,45.742971],[6.556392,45.743229],[6.557928,45.743969],[6.558759,45.743996],[6.559333,45.744199],[6.559199,45.744006],[6.558223,45.743657],[6.557996,45.742849],[6.557481,45.742209],[6.556357,45.741701],[6.556379,45.741569],[6.557759,45.741749],[6.558363,45.742012],[6.559326,45.742094],[6.55997,45.742371],[6.560762,45.742919],[6.561692,45.743034],[6.562814,45.743355],[6.563262,45.743222],[6.56372,45.742675],[6.564129,45.742631],[6.566542,45.743715],[6.567995,45.7446],[6.569014,45.744518],[6.569421,45.744602],[6.570304,45.745227],[6.571965,45.747514],[6.572793,45.747943],[6.574798,45.749636],[6.575052,45.750044],[6.575831,45.750552],[6.576111,45.751072],[6.576756,45.751529],[6.577515,45.751632],[6.57766,45.751901],[6.57782,45.751779],[6.577651,45.751471],[6.577017,45.751228],[6.576731,45.750931],[6.576755,45.750518],[6.57627,45.749202],[6.575657,45.748385],[6.57492,45.746807],[6.574289,45.746384],[6.574136,45.746],[6.573,45.745076],[6.571497,45.743445],[6.57087,45.743109],[6.570827,45.742754],[6.569932,45.741078],[6.568952,45.740294],[6.568132,45.73922],[6.566038,45.738225],[6.565673,45.737591],[6.564872,45.736713],[6.564024,45.734668],[6.562457,45.733851],[6.561086,45.73267],[6.56063,45.732572],[6.559482,45.732975],[6.55791,45.733018],[6.556336,45.733798],[6.552381,45.733973],[6.551376,45.734288],[6.55105,45.734209],[6.550506,45.733679],[6.549842,45.733386],[6.548324,45.733634],[6.547739,45.733563],[6.545741,45.732944],[6.542856,45.731753],[6.541564,45.731925],[6.54075,45.732287],[6.540537,45.732208],[6.540597,45.73209],[6.541619,45.731702],[6.543164,45.731362],[6.544549,45.731766],[6.546075,45.731652],[6.548786,45.732087],[6.550041,45.731966],[6.551546,45.732184],[6.552021,45.731945],[6.552686,45.731352],[6.554989,45.730315],[6.557053,45.730241],[6.560553,45.729725],[6.562082,45.729704],[6.562238,45.729647],[6.56224,45.729513],[6.556393,45.72919],[6.555002,45.72927],[6.55336,45.728959],[6.550713,45.728854],[6.550071,45.729213],[6.549971,45.729063],[6.550434,45.728655],[6.551486,45.728656],[6.554021,45.728271],[6.555967,45.727398],[6.556012,45.727267],[6.555835,45.727216],[6.554733,45.72761],[6.55125,45.727906],[6.551122,45.727822],[6.551204,45.727714],[6.552281,45.727587],[6.553804,45.727172],[6.553903,45.727025],[6.550659,45.726852],[6.549408,45.727352],[6.54769,45.727029],[6.545912,45.726938],[6.545788,45.726792],[6.547673,45.725943],[6.550206,45.725671],[6.551657,45.725268],[6.552503,45.724854],[6.557856,45.721523],[6.562641,45.719692],[6.563591,45.719543],[6.565502,45.719588],[6.571618,45.720014],[6.572625,45.71975],[6.573146,45.719485],[6.573434,45.719085],[6.57418,45.718676],[6.575378,45.717752],[6.576052,45.716726],[6.576232,45.716017],[6.576272,45.715041],[6.576687,45.714507],[6.578399,45.714137],[6.579716,45.713244],[6.582232,45.71295],[6.584312,45.711948],[6.586479,45.711807],[6.587492,45.711429],[6.589318,45.711075],[6.590069,45.71024],[6.590197,45.709945],[6.589981,45.709905],[6.589804,45.710147],[6.589483,45.71029],[6.589332,45.710267],[6.589325,45.710131],[6.591546,45.708606],[6.591949,45.707882],[6.59305,45.707528],[6.593635,45.707203],[6.595418,45.707031],[6.597244,45.707059],[6.600971,45.706566],[6.602655,45.706964],[6.603265,45.707248],[6.604824,45.707536],[6.60535,45.707299],[6.60597,45.707299],[6.607101,45.706976],[6.608744,45.707355],[6.609463,45.707039],[6.610993,45.706754],[6.61133,45.7068],[6.611926,45.707129],[6.612537,45.707019],[6.613035,45.707119],[6.614691,45.70643],[6.616677,45.706401],[6.618207,45.706255],[6.619103,45.706016],[6.61969,45.705487],[6.620576,45.703619],[6.620958,45.703462],[6.621615,45.703752],[6.622855,45.703637],[6.623338,45.703777],[6.623992,45.704245],[6.624314,45.704758],[6.624387,45.705221],[6.624643,45.705216],[6.624359,45.703882],[6.62323,45.702181],[6.62145,45.701222],[6.619115,45.700781],[6.618415,45.699721],[6.61778,45.699282],[6.614929,45.698429],[6.614671,45.698148],[6.614504,45.697404],[6.614177,45.697053],[6.614269,45.696901],[6.614435,45.69692],[6.615258,45.697643],[6.616168,45.698087],[6.617349,45.697949],[6.618632,45.698059],[6.619324,45.698249],[6.619942,45.698626],[6.620102,45.698594],[6.618795,45.697724],[6.616685,45.696949],[6.616955,45.69684],[6.618995,45.697287],[6.620397,45.697949],[6.621036,45.698441],[6.621995,45.698455],[6.623523,45.698984],[6.625804,45.699385],[6.626455,45.699717],[6.627512,45.700647],[6.628221,45.701065],[6.628463,45.701599],[6.629412,45.702778],[6.629514,45.703106],[6.629393,45.704256],[6.629471,45.704974],[6.630017,45.705589],[6.630754,45.706926],[6.630824,45.707421],[6.630987,45.707511],[6.631178,45.707355],[6.630863,45.706016],[6.630961,45.705515],[6.630679,45.705006],[6.630896,45.704557],[6.631449,45.701856],[6.630696,45.700175],[6.630909,45.700185],[6.631633,45.700927],[6.632018,45.701637],[6.632253,45.70288],[6.632123,45.703694],[6.632412,45.70411],[6.632493,45.70456],[6.633029,45.705368],[6.633134,45.706134],[6.632892,45.706866],[6.632974,45.706985],[6.633152,45.706938],[6.633566,45.705367],[6.633587,45.704484],[6.63347,45.704173],[6.633608,45.703694],[6.633452,45.703082],[6.63378,45.701754],[6.633851,45.699572],[6.634165,45.699088],[6.634204,45.69858],[6.634177,45.698316],[6.63383,45.697891],[6.633902,45.69728],[6.633765,45.696849],[6.633023,45.695476],[6.633138,45.695075],[6.633882,45.694907],[6.635187,45.695244],[6.636142,45.695811],[6.636718,45.696401],[6.637656,45.696914],[6.638482,45.698005],[6.640337,45.699381],[6.642076,45.700182],[6.643941,45.700728],[6.644323,45.700756],[6.644827,45.700596],[6.645415,45.69991],[6.645814,45.699762],[6.647499,45.700369],[6.648282,45.700912],[6.64885,45.701074],[6.649492,45.700965],[6.650126,45.700339],[6.650423,45.700212],[6.653041,45.700355],[6.654073,45.699851],[6.655084,45.699542],[6.655385,45.698796],[6.656129,45.698181],[6.65632,45.697873],[6.656358,45.697248],[6.655414,45.694937],[6.655544,45.694587],[6.656097,45.694415],[6.656676,45.694613],[6.656822,45.69492],[6.656759,45.695685],[6.657059,45.695933],[6.6576,45.695936],[6.657984,45.695601],[6.657616,45.69422],[6.656823,45.693835],[6.655476,45.692568],[6.653646,45.691223],[6.653663,45.691091],[6.654639,45.691717],[6.656175,45.692324],[6.657761,45.693206],[6.6595,45.694415],[6.660528,45.695427],[6.661828,45.696023],[6.66292,45.696289],[6.663761,45.6963],[6.665033,45.695655],[6.66518,45.69538],[6.664942,45.69494],[6.664991,45.694556],[6.665562,45.693825],[6.666544,45.693554],[6.667736,45.693522],[6.670145,45.692972],[6.670785,45.692623],[6.671474,45.692466],[6.672627,45.691824],[6.673236,45.69121],[6.674949,45.690876],[6.677219,45.691173],[6.679145,45.692235],[6.679701,45.69296],[6.681502,45.69336],[6.682371,45.69419],[6.682665,45.694246],[6.682758,45.69403],[6.681838,45.692635],[6.680542,45.691617],[6.679986,45.690956],[6.680005,45.690619],[6.680227,45.690328],[6.680642,45.690109],[6.681249,45.690025],[6.681841,45.690157],[6.682513,45.690872],[6.684041,45.691562],[6.685072,45.691193],[6.686849,45.691048],[6.687676,45.691456],[6.689759,45.6912],[6.691851,45.691588],[6.692386,45.691956],[6.692515,45.692849],[6.692748,45.69316],[6.693762,45.693696],[6.694394,45.69386],[6.695244,45.693891],[6.696788,45.693676],[6.697623,45.693439],[6.700502,45.692229],[6.701371,45.692114],[6.701967,45.692174],[6.704787,45.692977],[6.712641,45.693902],[6.714789,45.694467],[6.716119,45.694322],[6.716507,45.694519],[6.716657,45.694746],[6.716333,45.695446],[6.716408,45.695739],[6.716676,45.695875],[6.717393,45.695687],[6.718411,45.695843],[6.719509,45.697323],[6.719938,45.697403],[6.721477,45.697263],[6.722091,45.697634],[6.722518,45.697707],[6.723732,45.697397],[6.724734,45.698035],[6.72514,45.69807],[6.725334,45.697801],[6.725084,45.697152],[6.722663,45.69607],[6.722547,45.695902],[6.722733,45.695829],[6.723474,45.696093],[6.725337,45.696127],[6.726384,45.696353],[6.726748,45.696277],[6.726745,45.696104],[6.725461,45.695783],[6.724137,45.695174],[6.723275,45.69531],[6.722479,45.695186],[6.722055,45.694913],[6.722112,45.694608],[6.722578,45.694265],[6.723527,45.693901],[6.726499,45.694024],[6.730926,45.693316],[6.731949,45.693324],[6.732323,45.692729],[6.732625,45.690797],[6.733081,45.688991],[6.732772,45.687964],[6.733265,45.686298],[6.733857,45.685905],[6.735541,45.685752],[6.736714,45.685148],[6.737187,45.684576],[6.737746,45.683097],[6.739383,45.682104],[6.739955,45.681164],[6.743213,45.678376],[6.746122,45.677219],[6.747361,45.676117],[6.748491,45.675685],[6.749879,45.675448],[6.751605,45.67421],[6.753792,45.674138],[6.754536,45.673846],[6.755333,45.673267],[6.756411,45.672924],[6.757311,45.672209],[6.757557,45.671677],[6.757486,45.671206],[6.75891,45.670462],[6.759164,45.670499],[6.759818,45.671009],[6.760802,45.67123],[6.76249,45.671242],[6.763565,45.671048],[6.764798,45.671257],[6.765321,45.671083],[6.767795,45.67107],[6.76916,45.670798],[6.77033,45.670172],[6.770955,45.670361],[6.771742,45.670108],[6.773435,45.670066],[6.774401,45.669817],[6.774336,45.669722],[6.771621,45.669681],[6.771629,45.669587],[6.772417,45.669299],[6.774166,45.669244],[6.772973,45.668953],[6.771819,45.668902],[6.771821,45.668797],[6.774236,45.6686],[6.774695,45.66878],[6.775417,45.668538],[6.774735,45.668592],[6.774199,45.668271],[6.77334,45.668175],[6.772757,45.667948],[6.772247,45.668133],[6.771673,45.668135],[6.772219,45.667969],[6.772286,45.66766],[6.772467,45.667586],[6.774889,45.667815],[6.773659,45.667299],[6.773126,45.667333],[6.772772,45.66708],[6.772109,45.667027],[6.773392,45.666799],[6.774437,45.667102],[6.776044,45.666533],[6.776028,45.666427],[6.77559,45.666414],[6.775084,45.66611],[6.774492,45.666207],[6.774329,45.666044],[6.775404,45.665439],[6.777089,45.664924],[6.778202,45.663727],[6.779046,45.663218],[6.779225,45.662981],[6.77928,45.662448],[6.780022,45.661914],[6.780686,45.661037],[6.781634,45.660381],[6.781804,45.65933],[6.782677,45.65864],[6.783141,45.657529],[6.78391,45.656458],[6.786054,45.654506],[6.786838,45.653575],[6.786952,45.653368],[6.786964,45.65258],[6.787245,45.651939],[6.787706,45.651328],[6.787795,45.649941],[6.786669,45.648395],[6.786089,45.647223],[6.78611,45.646393],[6.785848,45.645623],[6.78613,45.643664],[6.786155,45.641969],[6.785086,45.640484],[6.785042,45.639834],[6.784367,45.639011],[6.784557,45.638467],[6.784466,45.637942],[6.784663,45.637299],[6.785263,45.636498],[6.785562,45.635563],[6.785373,45.634679],[6.785475,45.634165],[6.785018,45.633286],[6.784164,45.632323],[6.784228,45.631175],[6.784075,45.630617],[6.783768,45.630013],[6.782975,45.629053],[6.783404,45.628749],[6.784606,45.628899],[6.784825,45.629051],[6.785404,45.629965],[6.785599,45.630008],[6.785633,45.629881],[6.785195,45.62889],[6.783843,45.62789],[6.78161,45.627357],[6.782888,45.627184],[6.782861,45.626993],[6.78242,45.626839],[6.781869,45.626839],[6.780204,45.62622],[6.779396,45.625576],[6.778653,45.625171],[6.778907,45.624576],[6.778516,45.623847],[6.778218,45.623616],[6.778227,45.62333],[6.778563,45.623341],[6.778572,45.623756],[6.780367,45.625158],[6.781453,45.625571],[6.783345,45.625684],[6.784969,45.626151],[6.785385,45.626293],[6.786304,45.627016],[6.787068,45.627114],[6.790559,45.62685],[6.793307,45.626232],[6.794094,45.625736],[6.79445,45.625223],[6.794952,45.625086],[6.797569,45.623811],[6.797414,45.624067],[6.797536,45.624284],[6.79871,45.624213],[6.799825,45.623874],[6.800271,45.623586],[6.800595,45.623106],[6.801407,45.623412],[6.802228,45.623449],[6.803362,45.623166],[6.803873,45.623347],[6.804717,45.623315],[6.805174,45.623425],[6.806356,45.623278],[6.807449,45.623748],[6.808951,45.623964],[6.808004,45.624382],[6.808069,45.624609],[6.811638,45.625229],[6.811513,45.625429],[6.809605,45.626156],[6.80906,45.626508],[6.809064,45.626734],[6.811879,45.626877],[6.812362,45.626772],[6.813021,45.626095],[6.813049,45.625827],[6.812689,45.625365],[6.812749,45.625202],[6.813473,45.624376],[6.814256,45.623959],[6.814608,45.623301],[6.815272,45.622542],[6.816277,45.622209],[6.816945,45.621484],[6.817604,45.62109],[6.819566,45.620602],[6.821854,45.619371],[6.823086,45.618912],[6.823207,45.619042],[6.822516,45.619292],[6.819121,45.621979],[6.818834,45.622655],[6.8179,45.623339],[6.817404,45.6245],[6.817286,45.625676],[6.816707,45.626308],[6.815894,45.626878],[6.81586,45.627023],[6.817177,45.626494],[6.81801,45.625942],[6.818274,45.625236],[6.819472,45.623764],[6.820752,45.622961],[6.821328,45.622197],[6.82244,45.621822],[6.823127,45.621226],[6.825398,45.620303],[6.825511,45.620341],[6.82548,45.620462],[6.824004,45.621098],[6.822815,45.622085],[6.821355,45.623883],[6.821068,45.624467],[6.820882,45.626147],[6.820227,45.627025],[6.82029,45.627909],[6.81998,45.628728],[6.820264,45.628617],[6.820874,45.627211],[6.821442,45.626828],[6.821747,45.626389],[6.821853,45.625534],[6.822295,45.624434],[6.82306,45.623804],[6.824499,45.623159],[6.825965,45.622756],[6.827127,45.623026],[6.828244,45.622772],[6.828376,45.622842],[6.827349,45.623159],[6.825988,45.623119],[6.825493,45.623233],[6.824762,45.623623],[6.823837,45.624378],[6.823942,45.62497],[6.823426,45.626237],[6.823639,45.626701],[6.823465,45.628586],[6.823325,45.628819],[6.822604,45.629328],[6.822492,45.629581],[6.822589,45.629737],[6.822778,45.629692],[6.822941,45.629225],[6.823749,45.628826],[6.824468,45.626739],[6.825126,45.625841],[6.826109,45.62514],[6.827067,45.624808],[6.828086,45.625176],[6.830028,45.62509],[6.83057,45.625397],[6.831126,45.625532],[6.831441,45.625438],[6.83175,45.625032],[6.831989,45.625078],[6.831607,45.625576],[6.831279,45.625725],[6.829675,45.625627],[6.828917,45.625753],[6.827944,45.625645],[6.827396,45.625801],[6.826988,45.626304],[6.826926,45.626876],[6.826668,45.627354],[6.826772,45.628115],[6.826895,45.628194],[6.827078,45.628062],[6.82695,45.627483],[6.827515,45.627061],[6.827766,45.626516],[6.828054,45.626326],[6.830293,45.627056],[6.831802,45.626795],[6.833205,45.626289],[6.833707,45.625809],[6.834701,45.625641],[6.835891,45.624364],[6.836697,45.624182],[6.837181,45.623803],[6.837618,45.623662],[6.838212,45.622926],[6.839478,45.622412],[6.841485,45.620931],[6.843866,45.620177],[6.844982,45.619644],[6.845148,45.619764],[6.842102,45.621125],[6.84155,45.621622],[6.84087,45.622009],[6.840426,45.623054],[6.838946,45.624249],[6.838785,45.624545],[6.838773,45.625175],[6.838489,45.625544],[6.837712,45.626116],[6.83684,45.626535],[6.836011,45.627521],[6.835011,45.628056],[6.834974,45.628192],[6.835171,45.628202],[6.836103,45.627715],[6.836454,45.627317],[6.837896,45.626671],[6.838572,45.626099],[6.839806,45.625573],[6.840213,45.62496],[6.841315,45.624315],[6.842085,45.623453],[6.842747,45.623198],[6.843607,45.623111],[6.846542,45.621703],[6.850347,45.621808],[6.851384,45.621535],[6.852451,45.62142],[6.854084,45.621488],[6.854917,45.621714],[6.856368,45.621405],[6.857136,45.621455],[6.85778,45.621196],[6.85967,45.62099],[6.859796,45.621075],[6.859668,45.621171],[6.857752,45.621433],[6.857002,45.621945],[6.856119,45.621972],[6.855368,45.622381],[6.852884,45.622631],[6.851643,45.623052],[6.850816,45.623175],[6.850742,45.623296],[6.85096,45.623347],[6.853312,45.622847],[6.855311,45.623064],[6.85699,45.622946],[6.85818,45.6226],[6.859914,45.622731],[6.861225,45.623275],[6.865238,45.624075],[6.865109,45.624239],[6.864367,45.624001],[6.862648,45.624143],[6.860471,45.623997],[6.858299,45.624014],[6.858169,45.624178],[6.857638,45.624222],[6.856798,45.62489],[6.855162,45.625632],[6.852397,45.625812],[6.851359,45.626092],[6.850562,45.626658],[6.849911,45.626901],[6.849477,45.627347],[6.848758,45.62776],[6.84811,45.628835],[6.84672,45.630003],[6.846628,45.630209],[6.848053,45.631808],[6.848924,45.632501],[6.849094,45.63297],[6.849203,45.634344],[6.850081,45.634916],[6.850528,45.63591],[6.849362,45.637038],[6.848652,45.637436],[6.848091,45.637628],[6.847142,45.637694],[6.846875,45.637839],[6.846699,45.638104],[6.846667,45.638625],[6.846407,45.639281],[6.845391,45.640223],[6.844291,45.641702],[6.845545,45.642197],[6.847103,45.64322],[6.84763,45.643728],[6.8478,45.644174],[6.848104,45.644484],[6.850149,45.645709],[6.851946,45.647035],[6.852198,45.647729],[6.852957,45.649021],[6.854151,45.649583],[6.854996,45.649788],[6.856379,45.65052],[6.857182,45.651723],[6.85793,45.652432],[6.858334,45.653214],[6.859541,45.654163],[6.859796,45.654779],[6.86102,45.655436],[6.861341,45.656141],[6.861615,45.656411],[6.862624,45.656859],[6.863132,45.657281],[6.864386,45.659068],[6.865788,45.659693],[6.868009,45.661425],[6.868928,45.661871],[6.869319,45.66233],[6.869804,45.662428],[6.870537,45.662273],[6.870728,45.662343],[6.870402,45.663208],[6.870538,45.663952],[6.8713,45.665027],[6.871486,45.665798],[6.871901,45.66643],[6.872327,45.667583],[6.872265,45.668315],[6.872724,45.668779],[6.87248,45.669349],[6.872938,45.670105],[6.873401,45.67062],[6.87373,45.670601],[6.873722,45.670345],[6.873165,45.669626],[6.873203,45.669432],[6.873481,45.66948],[6.881495,45.676632],[6.882653,45.678926],[6.88332,45.6797],[6.884531,45.680106],[6.884661,45.680321],[6.88458,45.680886],[6.884671,45.681146],[6.88527,45.682086],[6.887589,45.684927],[6.887829,45.685512],[6.8886,45.686644],[6.888783,45.687531],[6.888637,45.687957],[6.888683,45.688401],[6.889606,45.69002],[6.890013,45.690258],[6.891157,45.690357],[6.891549,45.690788],[6.891579,45.691025],[6.89136,45.691158],[6.890424,45.690916],[6.889151,45.690887],[6.88948,45.691131],[6.89076,45.691584],[6.890214,45.691622],[6.890124,45.691805],[6.890761,45.69276],[6.891983,45.693478],[6.893169,45.693497],[6.894292,45.693927],[6.895258,45.693984],[6.896954,45.694697],[6.898522,45.69515],[6.898823,45.695365],[6.899506,45.696261],[6.901309,45.697377],[6.902209,45.698158],[6.903035,45.698415],[6.904455,45.699324],[6.905776,45.699767],[6.906938,45.700522],[6.907037,45.700737],[6.90652,45.701023],[6.906604,45.70158],[6.906428,45.701932],[6.907819,45.702853],[6.911601,45.704553],[6.911745,45.704708],[6.911535,45.704978],[6.91161,45.705224],[6.912478,45.705766],[6.912806,45.706149],[6.912634,45.70672],[6.912285,45.707028],[6.912061,45.707505],[6.911205,45.708046],[6.910541,45.708244],[6.910547,45.708335],[6.91149,45.708115],[6.912621,45.707639],[6.913472,45.707102],[6.914341,45.70707],[6.914729,45.706839],[6.914942,45.706915],[6.914818,45.707131],[6.914232,45.707236],[6.913852,45.70745],[6.91327,45.708128],[6.9125,45.708509],[6.911652,45.709193],[6.909361,45.709411],[6.909239,45.709505],[6.909304,45.709637],[6.911445,45.709612],[6.912679,45.710061],[6.915961,45.709113],[6.917288,45.709144],[6.917951,45.708632],[6.917992,45.708138],[6.918337,45.707716],[6.918294,45.707445],[6.92024,45.707325],[6.920806,45.706738],[6.921,45.706842],[6.920972,45.707252],[6.921073,45.707408],[6.922834,45.707776],[6.923124,45.707677],[6.922982,45.707476],[6.923042,45.707367],[6.923535,45.707241],[6.925447,45.707624],[6.925658,45.707588],[6.925887,45.707342],[6.926444,45.707556],[6.92698,45.707576],[6.929549,45.70761],[6.931324,45.707435],[6.933817,45.707538],[6.933877,45.707621],[6.933709,45.707666],[6.93165,45.707806],[6.930195,45.708669],[6.929255,45.70882],[6.93046,45.708946],[6.931962,45.708851],[6.933514,45.708443],[6.932866,45.709003],[6.932167,45.709308],[6.930296,45.709798],[6.931641,45.709579],[6.93304,45.70969],[6.934285,45.709378],[6.933739,45.709719],[6.932665,45.709989],[6.932325,45.710313],[6.931073,45.710513],[6.930954,45.710725],[6.932035,45.711347],[6.934327,45.712022],[6.935282,45.71268],[6.937578,45.713505],[6.936833,45.713117],[6.936262,45.712236],[6.936415,45.712043],[6.936712,45.712069],[6.937506,45.712912],[6.939665,45.714067],[6.940165,45.714489],[6.940353,45.714998],[6.941262,45.715517],[6.94129,45.715357],[6.940789,45.714927],[6.940452,45.714261],[6.939576,45.713199],[6.939546,45.713074],[6.939696,45.713058],[6.940348,45.713572],[6.941457,45.713953],[6.94171,45.714609],[6.942425,45.715755],[6.942547,45.715686],[6.942306,45.714991],[6.942496,45.714517],[6.942365,45.714125],[6.942793,45.713372],[6.943363,45.713112],[6.944214,45.713811],[6.945076,45.713387],[6.944723,45.712506],[6.944899,45.712163],[6.945514,45.712071],[6.946847,45.711464],[6.947775,45.711576],[6.948247,45.711854],[6.948714,45.711264],[6.948664,45.710718],[6.94887,45.710432],[6.949731,45.709635],[6.950993,45.708818],[6.951439,45.7083]]}},{"type":"Feature","properties":{"kind":"route","id":"thursday-loop","label":"Thu 10","title":"La Thuile to the Furka–Tremola loop","color":"#396b67","distanceMetres":341466.4,"start":"Chalet Eden · La Thuile","end":"Hotel Landhaus"},"geometry":{"type":"LineString","coordinates":[[6.951439,45.7083],[6.950993,45.708818],[6.949731,45.709635],[6.949251,45.710131],[6.949503,45.711885],[6.949373,45.712525],[6.948953,45.714203],[6.948321,45.715655],[6.948267,45.716417],[6.947967,45.717088],[6.947467,45.717672],[6.947697,45.717812],[6.94721,45.71862],[6.947671,45.720314],[6.947337,45.722078],[6.947719,45.722483],[6.951638,45.725527],[6.953669,45.726915],[6.954992,45.728052],[6.957406,45.728704],[6.958037,45.729033],[6.957943,45.729171],[6.957204,45.728868],[6.955874,45.728853],[6.956282,45.729062],[6.957179,45.729223],[6.957873,45.729657],[6.958576,45.730283],[6.959476,45.731376],[6.959612,45.73195],[6.960069,45.73261],[6.960129,45.733117],[6.960584,45.734134],[6.961464,45.735647],[6.961302,45.735782],[6.961101,45.735754],[6.960868,45.73517],[6.960667,45.735005],[6.959714,45.735176],[6.959804,45.735882],[6.960204,45.736616],[6.95999,45.737131],[6.960031,45.737464],[6.961863,45.739038],[6.963151,45.739606],[6.963848,45.74113],[6.96524,45.742619],[6.966038,45.74313],[6.966801,45.74341],[6.967478,45.743912],[6.967915,45.745088],[6.969022,45.746617],[6.971098,45.747983],[6.971868,45.748715],[6.972245,45.749643],[6.972707,45.750039],[6.973847,45.750454],[6.977014,45.752346],[6.978618,45.753718],[6.979433,45.754194],[6.979964,45.754845],[6.982535,45.755943],[6.982853,45.756538],[6.98389,45.757158],[6.983965,45.757436],[6.983319,45.758867],[6.982368,45.759268],[6.98176,45.760368],[6.981958,45.760387],[6.982209,45.759788],[6.982671,45.759405],[6.984617,45.759271],[6.983071,45.759545],[6.982603,45.759833],[6.982337,45.760651],[6.981676,45.761401],[6.981769,45.761506],[6.981908,45.761451],[6.982032,45.761183],[6.982739,45.760652],[6.983014,45.760147],[6.984242,45.759737],[6.984673,45.759729],[6.983692,45.760003],[6.983327,45.760452],[6.983279,45.760795],[6.982947,45.760962],[6.982719,45.761331],[6.982205,45.761706],[6.982401,45.761746],[6.983084,45.76111],[6.983624,45.760933],[6.983799,45.760577],[6.983977,45.760549],[6.98388,45.760903],[6.983322,45.761215],[6.982772,45.761886],[6.982926,45.761947],[6.983533,45.761305],[6.984107,45.761103],[6.984339,45.760709],[6.984515,45.760716],[6.983364,45.762202],[6.983141,45.76285],[6.983351,45.763938],[6.983256,45.765626],[6.983007,45.766229],[6.98308,45.766289],[6.984904,45.764684],[6.986514,45.763939],[6.989012,45.763485],[6.990007,45.762609],[6.990598,45.762371],[6.991248,45.762382],[6.992695,45.762802],[6.994951,45.762675],[6.997329,45.763495],[6.998336,45.763591],[6.9998,45.763194],[7.001506,45.76249],[7.003347,45.762503],[7.004706,45.762326],[7.007858,45.76141],[7.00986,45.761555],[7.011235,45.761447],[7.014862,45.760695],[7.0172,45.760388],[7.020635,45.760688],[7.023156,45.760288],[7.026142,45.760189],[7.028655,45.760336],[7.030401,45.759737],[7.030592,45.759436],[7.03114,45.759463],[7.035534,45.758359],[7.036395,45.757857],[7.038613,45.756022],[7.043641,45.753813],[7.04384,45.753494],[7.044369,45.753485],[7.050624,45.750685],[7.050757,45.750535],[7.050792,45.750071],[7.050596,45.747353],[7.051006,45.746542],[7.051922,45.746044],[7.055194,45.745377],[7.057967,45.744539],[7.059554,45.74362],[7.06037,45.742953],[7.061026,45.742184],[7.061481,45.74144],[7.062366,45.739376],[7.062997,45.738455],[7.063887,45.73762],[7.064649,45.73717],[7.066097,45.736579],[7.067186,45.73635],[7.069239,45.736289],[7.071221,45.736676],[7.075984,45.738151],[7.07754,45.738395],[7.080023,45.738529],[7.082148,45.73832],[7.084315,45.737871],[7.087094,45.736717],[7.087791,45.736403],[7.090023,45.734636],[7.097319,45.726054],[7.098655,45.724956],[7.100364,45.72415],[7.107569,45.722185],[7.112231,45.720705],[7.115278,45.719402],[7.117413,45.718323],[7.119323,45.717274],[7.123141,45.714684],[7.130875,45.707855],[7.133271,45.706044],[7.135438,45.704936],[7.142905,45.702463],[7.151209,45.699848],[7.153984,45.699074],[7.158054,45.698237],[7.16558,45.697641],[7.188307,45.698158],[7.190878,45.698065],[7.19444,45.697437],[7.200208,45.695528],[7.202531,45.694936],[7.204977,45.694561],[7.20731,45.694378],[7.209467,45.694396],[7.212943,45.694835],[7.215728,45.69555],[7.21754,45.696165],[7.238159,45.705825],[7.240242,45.706591],[7.241153,45.706802],[7.241642,45.706731],[7.242188,45.706441],[7.242651,45.706514],[7.243518,45.707129],[7.244616,45.708491],[7.247312,45.710901],[7.247714,45.711098],[7.250839,45.711078],[7.251949,45.711614],[7.254691,45.711784],[7.255491,45.711971],[7.255983,45.712353],[7.256251,45.713206],[7.256536,45.713569],[7.261947,45.717936],[7.262687,45.718416],[7.26292,45.71874],[7.265415,45.720901],[7.266205,45.721327],[7.267705,45.721862],[7.270223,45.723487],[7.271383,45.723897],[7.274002,45.724145],[7.275219,45.724496],[7.282794,45.729066],[7.283475,45.729365],[7.283974,45.729351],[7.28449,45.729666],[7.284875,45.729741],[7.287886,45.729586],[7.288595,45.72981],[7.28929,45.730313],[7.29543,45.732175],[7.302365,45.733196],[7.303069,45.733201],[7.30318,45.733346],[7.303043,45.733677],[7.30399,45.736452],[7.304369,45.736937],[7.307416,45.738375],[7.310076,45.738833],[7.311035,45.738806],[7.31053,45.739734],[7.310529,45.739908],[7.310817,45.740225],[7.312944,45.741505],[7.314389,45.741453],[7.314356,45.741741],[7.315,45.74239],[7.315902,45.742751],[7.316323,45.74345],[7.317744,45.7443],[7.319467,45.744697],[7.322188,45.744806],[7.322306,45.745342],[7.32121,45.747038],[7.31998,45.747184],[7.318951,45.746942],[7.318101,45.747166],[7.317023,45.746954],[7.316827,45.747049],[7.316816,45.747233],[7.316999,45.747361],[7.319167,45.748549],[7.319352,45.748927],[7.319032,45.749754],[7.318558,45.750234],[7.31878,45.750622],[7.317743,45.75192],[7.317784,45.752772],[7.317529,45.753371],[7.317713,45.753832],[7.317326,45.754378],[7.316934,45.756437],[7.315533,45.758858],[7.314909,45.761457],[7.314635,45.762103],[7.312067,45.76462],[7.311591,45.766174],[7.308629,45.770691],[7.307843,45.772558],[7.307662,45.773287],[7.307133,45.773552],[7.306847,45.773453],[7.306734,45.773234],[7.307327,45.771801],[7.307674,45.770487],[7.30756,45.770227],[7.307143,45.770156],[7.306879,45.770378],[7.307012,45.771159],[7.306659,45.771687],[7.305355,45.772121],[7.30413,45.772006],[7.303246,45.77225],[7.302717,45.772672],[7.302194,45.773591],[7.301606,45.774082],[7.301612,45.774645],[7.301464,45.774853],[7.29967,45.775247],[7.29892,45.776688],[7.297518,45.777329],[7.297649,45.77752],[7.298196,45.777799],[7.298258,45.77793],[7.298155,45.778058],[7.297537,45.778309],[7.295934,45.778425],[7.295437,45.778748],[7.295006,45.779886],[7.295478,45.780976],[7.296005,45.781241],[7.297199,45.78107],[7.297614,45.781145],[7.297959,45.781448],[7.297975,45.781747],[7.29748,45.782822],[7.296178,45.783898],[7.294875,45.787936],[7.293215,45.790551],[7.292744,45.791031],[7.29185,45.791234],[7.288409,45.790759],[7.286332,45.791327],[7.284875,45.791164],[7.284631,45.791413],[7.284895,45.791749],[7.286093,45.79241],[7.287361,45.792721],[7.287535,45.79292],[7.28755,45.793168],[7.28732,45.793416],[7.2833,45.795904],[7.280887,45.796661],[7.278858,45.797831],[7.275017,45.799125],[7.273931,45.799929],[7.272592,45.800682],[7.270425,45.80124],[7.269042,45.8018],[7.261115,45.803348],[7.257188,45.804309],[7.255693,45.804854],[7.252602,45.806499],[7.250517,45.807396],[7.248994,45.80784],[7.246819,45.807782],[7.245657,45.807932],[7.239864,45.810298],[7.239444,45.810529],[7.238812,45.811167],[7.237791,45.812972],[7.237855,45.815775],[7.237689,45.816276],[7.237203,45.816758],[7.231957,45.81896],[7.230085,45.819285],[7.229851,45.820572],[7.229141,45.821213],[7.229402,45.821311],[7.230269,45.820945],[7.230468,45.821048],[7.23033,45.82122],[7.229226,45.82151],[7.222988,45.822508],[7.218965,45.82478],[7.21636,45.824637],[7.214788,45.825012],[7.213042,45.824474],[7.210727,45.824225],[7.209205,45.82389],[7.2081,45.823955],[7.20458,45.823053],[7.203543,45.823037],[7.202185,45.822752],[7.199953,45.822679],[7.199291,45.822422],[7.19755,45.822132],[7.193771,45.822219],[7.193154,45.822406],[7.190915,45.822675],[7.189756,45.82303],[7.187767,45.824083],[7.18781,45.824213],[7.187572,45.824593],[7.187639,45.825472],[7.187508,45.827007],[7.187629,45.827092],[7.187755,45.827011],[7.187656,45.826374],[7.187939,45.825488],[7.187946,45.824959],[7.188143,45.824544],[7.188364,45.824593],[7.188072,45.824968],[7.188324,45.827775],[7.187898,45.829886],[7.18779,45.831934],[7.18654,45.832982],[7.185714,45.833469],[7.184798,45.83452],[7.184975,45.834531],[7.185966,45.833507],[7.187352,45.833058],[7.18748,45.833186],[7.186742,45.833351],[7.186154,45.833683],[7.183624,45.837386],[7.183108,45.837818],[7.182463,45.838804],[7.181748,45.839365],[7.180523,45.840727],[7.180147,45.841567],[7.179917,45.842696],[7.179594,45.842916],[7.1788,45.843119],[7.177624,45.843784],[7.176315,45.845106],[7.175929,45.84566],[7.175635,45.845667],[7.175262,45.845343],[7.175282,45.84521],[7.176886,45.843698],[7.177039,45.843005],[7.17813,45.841067],[7.178044,45.840822],[7.177837,45.840923],[7.177823,45.841335],[7.176191,45.842964],[7.174134,45.844325],[7.172314,45.84509],[7.170431,45.846124],[7.168774,45.84655],[7.167207,45.847307],[7.165307,45.84743],[7.164803,45.847776],[7.161432,45.849034],[7.160424,45.849824],[7.158962,45.850291],[7.157326,45.850542],[7.156766,45.850737],[7.155315,45.851617],[7.153833,45.85214],[7.15345,45.852521],[7.15263,45.852488],[7.152394,45.852668],[7.152408,45.853209],[7.15217,45.853543],[7.150443,45.854471],[7.150717,45.855044],[7.151341,45.855714],[7.151241,45.855862],[7.150515,45.85613],[7.150512,45.856302],[7.151475,45.856559],[7.15298,45.856548],[7.154023,45.857034],[7.154774,45.857059],[7.154784,45.857194],[7.153669,45.85718],[7.152925,45.856883],[7.151667,45.857074],[7.150091,45.857132],[7.14884,45.856984],[7.147806,45.857015],[7.145695,45.856549],[7.144881,45.855759],[7.144596,45.855299],[7.144402,45.855336],[7.144905,45.856132],[7.14521,45.856919],[7.146674,45.857716],[7.151956,45.858519],[7.153187,45.85854],[7.154247,45.859194],[7.154567,45.85971],[7.154876,45.859942],[7.155457,45.860954],[7.155916,45.861358],[7.156268,45.861428],[7.157185,45.861223],[7.157848,45.860553],[7.158118,45.860438],[7.158741,45.860837],[7.158749,45.861158],[7.159025,45.861713],[7.159371,45.861725],[7.16009,45.861196],[7.160458,45.861299],[7.160855,45.861948],[7.160823,45.862504],[7.160229,45.863071],[7.15948,45.863138],[7.159383,45.863876],[7.159147,45.864227],[7.159256,45.865149],[7.159139,45.865371],[7.158309,45.86551],[7.157309,45.864385],[7.156227,45.86405],[7.155819,45.863823],[7.155626,45.863545],[7.155441,45.863536],[7.155352,45.863629],[7.155433,45.863898],[7.155682,45.864302],[7.155126,45.864461],[7.154322,45.864296],[7.154191,45.864734],[7.15363,45.86539],[7.151446,45.866546],[7.151415,45.866654],[7.151642,45.866887],[7.15151,45.867375],[7.151986,45.867853],[7.152929,45.867746],[7.153919,45.86802],[7.154078,45.868306],[7.153783,45.869243],[7.156578,45.869179],[7.156913,45.869493],[7.156883,45.870309],[7.157491,45.87056],[7.157981,45.870599],[7.158492,45.870447],[7.16136,45.868943],[7.161497,45.868781],[7.161583,45.868024],[7.161841,45.867827],[7.162695,45.867458],[7.16412,45.867082],[7.164853,45.867338],[7.165278,45.868022],[7.165273,45.868656],[7.165683,45.869059],[7.166075,45.869197],[7.167149,45.869281],[7.16857,45.869593],[7.169778,45.869391],[7.170482,45.869009],[7.171035,45.868919],[7.172186,45.869372],[7.173096,45.86937],[7.173998,45.869833],[7.175648,45.870158],[7.176407,45.870646],[7.177116,45.870813],[7.178069,45.871722],[7.178376,45.871736],[7.17837,45.871568],[7.177641,45.870809],[7.17702,45.870388],[7.177135,45.870304],[7.178236,45.870954],[7.179503,45.87193],[7.179527,45.872099],[7.17903,45.872697],[7.179173,45.873079],[7.179088,45.873764],[7.179339,45.874297],[7.179105,45.874648],[7.179317,45.87505],[7.179303,45.875601],[7.179974,45.876199],[7.180043,45.87673],[7.18021,45.876769],[7.180178,45.876201],[7.179872,45.875608],[7.180093,45.875175],[7.180072,45.874575],[7.1806,45.873956],[7.180851,45.873917],[7.180921,45.874364],[7.181204,45.874801],[7.181589,45.875901],[7.183047,45.877642],[7.182912,45.878469],[7.182436,45.879533],[7.18253,45.879705],[7.183169,45.880044],[7.182587,45.880476],[7.183999,45.880729],[7.184373,45.881675],[7.185429,45.8828],[7.185277,45.884242],[7.185385,45.884778],[7.185724,45.885073],[7.188168,45.886216],[7.188109,45.886315],[7.187078,45.886233],[7.187793,45.886631],[7.18873,45.887473],[7.188807,45.888105],[7.188665,45.889554],[7.187947,45.890251],[7.187542,45.890945],[7.186898,45.891642],[7.186438,45.893056],[7.186455,45.894634],[7.187244,45.897401],[7.187557,45.898099],[7.188557,45.89861],[7.190017,45.898994],[7.191105,45.898825],[7.191501,45.898515],[7.193432,45.897998],[7.194565,45.898221],[7.195247,45.898588],[7.19561,45.898969],[7.195713,45.899368],[7.195696,45.9008],[7.195897,45.90132],[7.196335,45.901897],[7.196665,45.902219],[7.197868,45.902882],[7.199771,45.903541],[7.200245,45.9039],[7.200575,45.904365],[7.200953,45.905639],[7.201042,45.906705],[7.200913,45.908105],[7.201087,45.910188],[7.201716,45.912468],[7.20154,45.915904],[7.201934,45.917283],[7.201521,45.91873],[7.201492,45.920096],[7.201207,45.921354],[7.201355,45.923792],[7.201621,45.924326],[7.203535,45.926336],[7.203923,45.927232],[7.204233,45.928448],[7.205566,45.929981],[7.206023,45.931215],[7.206573,45.931994],[7.207559,45.933953],[7.207846,45.935218],[7.208562,45.937146],[7.20845,45.939985],[7.209209,45.941666],[7.208818,45.943502],[7.208817,45.94423],[7.209011,45.945123],[7.209604,45.946505],[7.209586,45.947764],[7.20975,45.948828],[7.209249,45.951561],[7.209341,45.952631],[7.209776,45.954246],[7.209788,45.955339],[7.20961,45.956099],[7.208838,45.957919],[7.20867,45.959055],[7.208821,45.960242],[7.209591,45.962374],[7.209461,45.963856],[7.209591,45.96588],[7.208968,45.967654],[7.20877,45.970601],[7.207485,45.972906],[7.206514,45.973596],[7.204821,45.974055],[7.204333,45.974304],[7.203415,45.97519],[7.202433,45.975906],[7.200195,45.978145],[7.199077,45.978912],[7.19762,45.979674],[7.19723,45.980177],[7.196999,45.981236],[7.196613,45.981681],[7.195339,45.982324],[7.194149,45.983155],[7.191249,45.984576],[7.189928,45.986356],[7.188743,45.987229],[7.187838,45.988245],[7.187134,45.988679],[7.185906,45.990077],[7.184035,45.990965],[7.183979,45.991261],[7.184311,45.992304],[7.183632,45.993474],[7.179757,45.995269],[7.177761,45.995999],[7.17772,45.996164],[7.178443,45.996936],[7.178451,45.997278],[7.178312,45.997533],[7.176923,45.998299],[7.175121,46.001343],[7.17358,46.003257],[7.172021,46.004233],[7.171145,46.00518],[7.170184,46.005809],[7.16986,46.00621],[7.169754,46.0067],[7.169922,46.007135],[7.171001,46.007727],[7.171386,46.008085],[7.171481,46.008567],[7.171261,46.008944],[7.169868,46.010468],[7.169477,46.010521],[7.169409,46.010277],[7.170057,46.009833],[7.170263,46.00933],[7.169873,46.008053],[7.169677,46.007928],[7.169441,46.007981],[7.169409,46.008956],[7.168887,46.00975],[7.167903,46.011895],[7.167115,46.012479],[7.165948,46.01294],[7.16476,46.014704],[7.163515,46.015597],[7.162616,46.016024],[7.161075,46.016304],[7.161016,46.01656],[7.1617,46.017023],[7.161702,46.017267],[7.160889,46.017345],[7.159714,46.017784],[7.15922,46.018123],[7.156848,46.018745],[7.155692,46.019528],[7.153589,46.020514],[7.152602,46.021182],[7.150797,46.023563],[7.150638,46.025091],[7.150286,46.026211],[7.150398,46.027284],[7.150145,46.027665],[7.149669,46.02785],[7.149197,46.027823],[7.14885,46.02765],[7.148588,46.02731],[7.148559,46.026485],[7.148933,46.024708],[7.148795,46.023736],[7.148568,46.023338],[7.1481,46.023026],[7.147501,46.022938],[7.146863,46.023134],[7.146576,46.023446],[7.146572,46.024005],[7.147274,46.024958],[7.147507,46.025714],[7.147381,46.026871],[7.147522,46.02871],[7.147328,46.030778],[7.147473,46.032631],[7.146953,46.034786],[7.147203,46.036665],[7.146938,46.038407],[7.146989,46.038839],[7.147202,46.039174],[7.147043,46.039507],[7.147029,46.039966],[7.147337,46.040972],[7.148495,46.042987],[7.148789,46.044081],[7.148706,46.045261],[7.147981,46.047056],[7.147822,46.048072],[7.148092,46.049198],[7.149221,46.050872],[7.149555,46.051678],[7.149672,46.05265],[7.149622,46.053894],[7.149825,46.055425],[7.149688,46.056613],[7.148658,46.058765],[7.148307,46.059819],[7.148304,46.061449],[7.148482,46.062003],[7.149284,46.063101],[7.150147,46.063779],[7.151455,46.064527],[7.152452,46.065385],[7.152758,46.06594],[7.153114,46.067342],[7.15413,46.068402],[7.154184,46.068725],[7.153921,46.069287],[7.153888,46.070023],[7.154893,46.072177],[7.154013,46.073312],[7.153978,46.074652],[7.15405,46.074945],[7.155013,46.075994],[7.155036,46.076551],[7.154792,46.076989],[7.152996,46.078951],[7.153053,46.079053],[7.152947,46.079134],[7.149767,46.07933],[7.146045,46.07909],[7.145469,46.079175],[7.144362,46.078938],[7.143507,46.078478],[7.142874,46.078294],[7.141285,46.078084],[7.138107,46.07799],[7.134084,46.078204],[7.130616,46.079233],[7.128945,46.079419],[7.127882,46.079252],[7.12579,46.078399],[7.124574,46.078284],[7.123736,46.078416],[7.11978,46.079573],[7.117531,46.07986],[7.115421,46.0804],[7.113189,46.080589],[7.110518,46.081193],[7.107652,46.08135],[7.104788,46.081877],[7.096051,46.082303],[7.09456,46.082102],[7.092041,46.081104],[7.090997,46.080843],[7.087976,46.080906],[7.087022,46.080754],[7.086093,46.080244],[7.084943,46.078941],[7.083961,46.078515],[7.080368,46.078396],[7.078147,46.077809],[7.075415,46.077484],[7.074333,46.077011],[7.072453,46.075683],[7.071355,46.075322],[7.06781,46.074783],[7.066928,46.074387],[7.065408,46.073423],[7.064408,46.073111],[7.058921,46.072611],[7.056734,46.073213],[7.054254,46.073516],[7.053329,46.073804],[7.052499,46.074306],[7.05192,46.074996],[7.051644,46.07581],[7.051879,46.076862],[7.053454,46.079032],[7.053635,46.079449],[7.053561,46.081185],[7.052957,46.082452],[7.052972,46.08313],[7.053197,46.08349],[7.054219,46.08438],[7.054361,46.084737],[7.054443,46.086297],[7.055249,46.08769],[7.056,46.088422],[7.057112,46.088968],[7.05801,46.089114],[7.061478,46.088519],[7.063643,46.088361],[7.065969,46.088568],[7.067959,46.089043],[7.075504,46.092427],[7.077221,46.093623],[7.080039,46.096336],[7.081563,46.097313],[7.088758,46.099917],[7.091569,46.101323],[7.09339,46.102619],[7.094763,46.103919],[7.095952,46.105447],[7.096709,46.106835],[7.097261,46.108434],[7.097501,46.11019],[7.097406,46.111757],[7.096912,46.113639],[7.097083,46.114166],[7.097541,46.114661],[7.104123,46.117336],[7.107296,46.118925],[7.110358,46.120674],[7.15539,46.149511],[7.158865,46.151491],[7.161878,46.153016],[7.165212,46.154451],[7.168324,46.155546],[7.170894,46.156276],[7.174266,46.157018],[7.185256,46.158767],[7.190623,46.159878],[7.195415,46.161306],[7.199691,46.163156],[7.203924,46.165621],[7.217944,46.175053],[7.223678,46.178626],[7.229488,46.181786],[7.240702,46.187282],[7.244844,46.189637],[7.249155,46.192613],[7.259622,46.200976],[7.263378,46.203434],[7.26755,46.205697],[7.272161,46.207736],[7.276083,46.209152],[7.280569,46.210456],[7.285168,46.211481],[7.29003,46.212248],[7.294452,46.212678],[7.311659,46.213157],[7.315447,46.213457],[7.319249,46.213958],[7.325389,46.215208],[7.338563,46.218805],[7.34394,46.220114],[7.349823,46.221297],[7.360149,46.223083],[7.364462,46.224141],[7.367578,46.225303],[7.370864,46.227005],[7.38175,46.234889],[7.38503,46.23682],[7.388381,46.238434],[7.392468,46.239997],[7.396823,46.241254],[7.401352,46.242226],[7.41274,46.244195],[7.41814,46.245289],[7.423787,46.246811],[7.428613,46.24846],[7.433658,46.250578],[7.437987,46.252772],[7.441646,46.254953],[7.452947,46.262366],[7.456245,46.264081],[7.459493,46.265377],[7.462274,46.266247],[7.48148,46.271568],[7.492668,46.274457],[7.496459,46.275281],[7.508837,46.277572],[7.512412,46.278417],[7.514531,46.278492],[7.515285,46.27869],[7.515415,46.278887],[7.514972,46.279275],[7.513217,46.280129],[7.513412,46.280624],[7.514025,46.281038],[7.518551,46.2825],[7.519181,46.282521],[7.520029,46.282256],[7.520558,46.282242],[7.524349,46.283261],[7.531678,46.284434],[7.533921,46.284068],[7.534874,46.284052],[7.536795,46.284693],[7.538113,46.284733],[7.539388,46.284544],[7.539767,46.284747],[7.541044,46.28497],[7.539824,46.286277],[7.540197,46.286977],[7.540664,46.287415],[7.541495,46.287803],[7.541805,46.288359],[7.541687,46.288772],[7.541922,46.289106],[7.541356,46.289719],[7.541922,46.289106],[7.541687,46.288772],[7.541805,46.288359],[7.541495,46.287803],[7.540664,46.287415],[7.540197,46.286977],[7.539824,46.286277],[7.541044,46.28497],[7.54137,46.285071],[7.542094,46.285566],[7.542511,46.286652],[7.54326,46.287234],[7.54405,46.288333],[7.544516,46.289351],[7.544997,46.291556],[7.545258,46.292097],[7.545855,46.292802],[7.547276,46.293551],[7.549352,46.29617],[7.550418,46.296778],[7.553166,46.297616],[7.565413,46.302798],[7.566357,46.303541],[7.56757,46.305699],[7.568124,46.306186],[7.568592,46.306401],[7.581504,46.309767],[7.582116,46.310265],[7.585504,46.311807],[7.586431,46.312099],[7.587345,46.312167],[7.589566,46.31197],[7.592029,46.312133],[7.594612,46.31204],[7.595414,46.312144],[7.596536,46.312412],[7.598336,46.313085],[7.60201,46.314014],[7.604089,46.314199],[7.6078,46.314847],[7.616075,46.315927],[7.618977,46.316448],[7.621751,46.316518],[7.627441,46.315576],[7.628948,46.315073],[7.632131,46.31337],[7.633477,46.312841],[7.63484,46.31259],[7.63793,46.312549],[7.639345,46.312218],[7.639575,46.312116],[7.639515,46.311994],[7.639624,46.311903],[7.641475,46.311698],[7.643252,46.310921],[7.647124,46.310548],[7.649933,46.309418],[7.650865,46.308915],[7.650956,46.308732],[7.651147,46.308783],[7.651117,46.308932],[7.651378,46.309138],[7.651804,46.309205],[7.654695,46.308395],[7.66493,46.306051],[7.668557,46.305464],[7.671964,46.305176],[7.675782,46.305151],[7.679819,46.305464],[7.683472,46.306028],[7.69814,46.308718],[7.701063,46.309077],[7.706096,46.309364],[7.709919,46.309289],[7.71361,46.308994],[7.729165,46.306917],[7.734929,46.3058],[7.737778,46.304961],[7.737995,46.304814],[7.737962,46.304595],[7.738126,46.304527],[7.738271,46.304669],[7.74168,46.305592],[7.747511,46.306108],[7.751093,46.306557],[7.753706,46.305848],[7.754294,46.306164],[7.75741,46.307129],[7.759279,46.307462],[7.761354,46.307616],[7.764155,46.307461],[7.777877,46.305681],[7.785532,46.305215],[7.794767,46.305443],[7.813479,46.306311],[7.826896,46.307604],[7.830637,46.307476],[7.841809,46.306112],[7.848493,46.305088],[7.851448,46.304346],[7.859108,46.301865],[7.860192,46.301361],[7.860958,46.300817],[7.861567,46.300143],[7.861997,46.299317],[7.862301,46.296302],[7.862726,46.295164],[7.863411,46.294102],[7.872288,46.281298],[7.873079,46.280515],[7.874123,46.279772],[7.875257,46.279189],[7.87767,46.278457],[7.887774,46.276813],[7.890489,46.276569],[7.893406,46.276564],[7.898564,46.276957],[7.902981,46.277706],[7.905147,46.278285],[7.907158,46.279036],[7.908945,46.279984],[7.91061,46.281136],[7.912645,46.283018],[7.922769,46.294125],[7.92513,46.295997],[7.927117,46.297046],[7.932731,46.298988],[7.934282,46.29972],[7.937506,46.301571],[7.938965,46.302163],[7.940729,46.302648],[7.94342,46.30298],[7.946251,46.302894],[7.947852,46.302711],[7.950876,46.301977],[7.952634,46.301796],[7.953636,46.301834],[7.955767,46.30229],[7.963724,46.304804],[7.964432,46.305119],[7.964901,46.305567],[7.965063,46.306513],[7.965464,46.306803],[7.965233,46.307384],[7.966461,46.31037],[7.967122,46.311355],[7.968036,46.312217],[7.969496,46.313131],[7.970627,46.313555],[7.975236,46.314462],[7.976738,46.314901],[7.977767,46.315635],[7.97886,46.317137],[7.979526,46.31755],[7.981175,46.318104],[7.9838,46.319901],[7.988911,46.320475],[7.991289,46.320861],[8.001974,46.324278],[8.004479,46.324803],[8.008508,46.325301],[8.009636,46.32563],[8.010445,46.326013],[8.011479,46.326798],[8.01212,46.3278],[8.012247,46.330328],[8.012432,46.331541],[8.012713,46.332729],[8.01316,46.333656],[8.013706,46.334304],[8.015365,46.335604],[8.016958,46.337199],[8.018266,46.337913],[8.020702,46.338675],[8.021336,46.339049],[8.023446,46.340812],[8.023779,46.340635],[8.023446,46.340812],[8.025365,46.34243],[8.026126,46.343757],[8.026852,46.344512],[8.027913,46.345136],[8.031571,46.346554],[8.032357,46.347129],[8.033804,46.348696],[8.036416,46.349909],[8.037777,46.351162],[8.03971,46.352252],[8.041256,46.353568],[8.044048,46.354622],[8.045293,46.355449],[8.046889,46.356912],[8.049074,46.357666],[8.050248,46.358578],[8.050959,46.359536],[8.053024,46.360402],[8.053195,46.360678],[8.053297,46.36138],[8.053739,46.361752],[8.054626,46.362246],[8.059362,46.364021],[8.060496,46.364988],[8.063698,46.366162],[8.065048,46.366933],[8.066091,46.367303],[8.067258,46.367468],[8.067892,46.367732],[8.068178,46.367998],[8.068683,46.369109],[8.069136,46.369434],[8.069839,46.36956],[8.071194,46.369351],[8.071975,46.369446],[8.072459,46.369667],[8.073882,46.370719],[8.075323,46.371136],[8.076389,46.371643],[8.077199,46.371629],[8.07917,46.370862],[8.079727,46.370772],[8.081177,46.371359],[8.082466,46.371584],[8.083801,46.372141],[8.085049,46.372848],[8.086832,46.373574],[8.088299,46.374563],[8.089668,46.375228],[8.089839,46.375525],[8.089893,46.377367],[8.090993,46.378633],[8.091374,46.378902],[8.093311,46.378988],[8.094614,46.378675],[8.096124,46.377188],[8.096379,46.376433],[8.096658,46.376239],[8.099977,46.37651],[8.099944,46.376687],[8.098589,46.376712],[8.097116,46.376965],[8.096998,46.377077],[8.098861,46.377345],[8.100074,46.377883],[8.101401,46.378283],[8.101956,46.378572],[8.104593,46.380613],[8.106466,46.381048],[8.107733,46.381602],[8.110155,46.38335],[8.110815,46.384282],[8.1126,46.385942],[8.114286,46.387052],[8.115202,46.387402],[8.116991,46.387658],[8.118385,46.388009],[8.121687,46.389617],[8.121921,46.389884],[8.121975,46.390217],[8.121899,46.390535],[8.121282,46.391212],[8.121324,46.391489],[8.121525,46.391706],[8.123025,46.392159],[8.124192,46.39277],[8.125632,46.393193],[8.125976,46.393415],[8.12642,46.393958],[8.128968,46.395759],[8.130584,46.396275],[8.131954,46.396894],[8.132162,46.396869],[8.132207,46.397011],[8.134509,46.398625],[8.136795,46.39985],[8.137162,46.400279],[8.137529,46.401214],[8.138377,46.401846],[8.138554,46.402345],[8.137067,46.403819],[8.136973,46.404045],[8.137732,46.403579],[8.138951,46.403544],[8.140001,46.402935],[8.141596,46.403357],[8.142097,46.403932],[8.142725,46.404176],[8.14447,46.40525],[8.14715,46.408099],[8.148829,46.408984],[8.150041,46.410167],[8.152871,46.411558],[8.154004,46.412412],[8.15626,46.412983],[8.157692,46.413672],[8.159112,46.414747],[8.159703,46.415486],[8.16301,46.41705],[8.164197,46.417745],[8.165831,46.418969],[8.167924,46.419831],[8.16891,46.420564],[8.170333,46.422253],[8.172121,46.42344],[8.174207,46.425191],[8.174907,46.426062],[8.177476,46.427406],[8.179051,46.4287],[8.179555,46.429369],[8.181418,46.430797],[8.182204,46.431049],[8.183595,46.431753],[8.184711,46.432698],[8.185856,46.433336],[8.18716,46.433716],[8.187776,46.43435],[8.189203,46.435179],[8.190193,46.435477],[8.191688,46.435469],[8.192371,46.435639],[8.193924,46.436707],[8.195913,46.437451],[8.20014,46.439681],[8.201202,46.440496],[8.202537,46.441809],[8.202725,46.442299],[8.202768,46.44334],[8.203247,46.444132],[8.203646,46.44453],[8.204827,46.445135],[8.206457,46.446502],[8.208307,46.44854],[8.210382,46.450463],[8.210782,46.450959],[8.211109,46.451834],[8.212352,46.453087],[8.213635,46.453704],[8.214292,46.453875],[8.215303,46.453929],[8.216895,46.454629],[8.217017,46.45486],[8.216896,46.456142],[8.217103,46.456456],[8.217969,46.456766],[8.224545,46.457196],[8.226881,46.458027],[8.229567,46.459557],[8.231405,46.461052],[8.232205,46.462131],[8.232479,46.462645],[8.233212,46.465009],[8.233933,46.465897],[8.235255,46.466547],[8.238126,46.467129],[8.238921,46.467409],[8.24203,46.469529],[8.243113,46.469922],[8.244778,46.470782],[8.246983,46.472501],[8.248168,46.473237],[8.250583,46.475128],[8.251852,46.476689],[8.252454,46.477232],[8.254662,46.478386],[8.256403,46.479676],[8.262372,46.486271],[8.262347,46.486465],[8.261841,46.486718],[8.261882,46.486873],[8.262327,46.486952],[8.263025,46.487341],[8.264073,46.487363],[8.264873,46.487214],[8.266876,46.487405],[8.271542,46.488495],[8.274205,46.489568],[8.276844,46.491042],[8.278103,46.492058],[8.278966,46.493134],[8.280437,46.495694],[8.281045,46.495987],[8.28438,46.496652],[8.285699,46.497341],[8.286454,46.498173],[8.287443,46.499983],[8.288029,46.500491],[8.290314,46.501044],[8.292268,46.500916],[8.294777,46.501879],[8.29567,46.502487],[8.296649,46.504003],[8.297777,46.504898],[8.300657,46.50585],[8.305002,46.506485],[8.307236,46.507801],[8.308644,46.508344],[8.309984,46.508621],[8.310967,46.509699],[8.311894,46.510415],[8.318756,46.513747],[8.319782,46.513995],[8.32076,46.514043],[8.323412,46.513632],[8.323958,46.513725],[8.324415,46.513992],[8.325277,46.514563],[8.325248,46.515518],[8.325386,46.515868],[8.327562,46.517553],[8.328886,46.519649],[8.329337,46.521043],[8.329498,46.5226],[8.329748,46.523133],[8.330315,46.523732],[8.334378,46.525777],[8.337161,46.52745],[8.339454,46.528344],[8.342994,46.531649],[8.343851,46.532807],[8.345702,46.533235],[8.34722,46.534207],[8.348773,46.534462],[8.349483,46.535075],[8.349684,46.536061],[8.349974,46.536416],[8.351249,46.536905],[8.35393,46.538251],[8.355204,46.538653],[8.356517,46.539246],[8.358403,46.540791],[8.359642,46.54134],[8.359484,46.541442],[8.358403,46.541067],[8.355737,46.540511],[8.355148,46.540521],[8.353425,46.539369],[8.351525,46.538654],[8.35026,46.538324],[8.350115,46.538395],[8.351286,46.53892],[8.352895,46.539983],[8.35355,46.540757],[8.354325,46.54147],[8.354853,46.541778],[8.355307,46.542322],[8.357661,46.543043],[8.357874,46.543659],[8.357776,46.543808],[8.356707,46.543866],[8.355872,46.544526],[8.355059,46.544283],[8.35493,46.544402],[8.355253,46.544714],[8.356217,46.545248],[8.357367,46.545425],[8.358477,46.546053],[8.358646,46.546328],[8.3587,46.546932],[8.36037,46.548389],[8.360406,46.54884],[8.359712,46.54994],[8.358709,46.551942],[8.355938,46.555147],[8.355735,46.556619],[8.355537,46.556563],[8.355477,46.555442],[8.355227,46.555468],[8.35516,46.557487],[8.355476,46.557846],[8.355703,46.557914],[8.356519,46.557514],[8.356698,46.557549],[8.355944,46.558171],[8.356079,46.558885],[8.358083,46.560355],[8.359326,46.560737],[8.359911,46.561321],[8.361536,46.562257],[8.362172,46.56247],[8.362766,46.562263],[8.363022,46.562076],[8.36306,46.561883],[8.36141,46.560757],[8.35941,46.560349],[8.358405,46.560072],[8.358299,46.559927],[8.358495,46.559867],[8.359381,46.560201],[8.361494,46.560267],[8.363775,46.561378],[8.366285,46.561824],[8.368239,46.562743],[8.368607,46.562724],[8.36854,46.562555],[8.367991,46.562397],[8.366141,46.561318],[8.364167,46.561001],[8.365417,46.560972],[8.366739,46.561167],[8.368937,46.561898],[8.369804,46.562508],[8.371359,46.563258],[8.374925,46.56398],[8.376041,46.564016],[8.378917,46.56471],[8.38096,46.565596],[8.382463,46.566915],[8.383689,46.567425],[8.386121,46.568867],[8.38955,46.570162],[8.392332,46.570472],[8.39678,46.570503],[8.396801,46.570761],[8.396626,46.571022],[8.395623,46.571606],[8.393054,46.572067],[8.392155,46.572387],[8.391151,46.572416],[8.389161,46.572809],[8.389226,46.572945],[8.391218,46.572721],[8.392235,46.572801],[8.39478,46.572686],[8.395532,46.572517],[8.395727,46.572649],[8.395518,46.572799],[8.394273,46.572847],[8.390325,46.573446],[8.389418,46.574],[8.388558,46.574294],[8.388275,46.57465],[8.388003,46.575396],[8.386613,46.576267],[8.386606,46.576407],[8.386822,46.576434],[8.38855,46.575701],[8.3892,46.574977],[8.389906,46.574727],[8.390549,46.574292],[8.390731,46.574369],[8.389567,46.575295],[8.389197,46.575988],[8.388082,46.576768],[8.388159,46.576925],[8.388793,46.576488],[8.389645,46.576177],[8.391108,46.575182],[8.391781,46.574949],[8.392714,46.57484],[8.392897,46.574968],[8.391624,46.575323],[8.390845,46.575962],[8.390827,46.576143],[8.391077,46.576178],[8.392069,46.575579],[8.392871,46.575405],[8.395299,46.575471],[8.396842,46.575182],[8.399042,46.575264],[8.401724,46.574563],[8.403981,46.574525],[8.404361,46.574335],[8.405154,46.573532],[8.405757,46.573183],[8.408415,46.572643],[8.410058,46.571723],[8.410617,46.5717],[8.414357,46.572207],[8.415086,46.572595],[8.415846,46.573394],[8.416631,46.573769],[8.418806,46.574405],[8.419609,46.575118],[8.420505,46.575464],[8.421094,46.576005],[8.423523,46.577465],[8.424672,46.578354],[8.424906,46.578599],[8.424854,46.579021],[8.425053,46.5794],[8.42587,46.579852],[8.426112,46.580222],[8.426365,46.580247],[8.426431,46.580103],[8.425732,46.579557],[8.425742,46.579456],[8.426957,46.580259],[8.427046,46.580421],[8.426659,46.580953],[8.42748,46.581708],[8.427152,46.582633],[8.427194,46.582862],[8.427417,46.583075],[8.4284,46.583512],[8.428789,46.584382],[8.430034,46.585492],[8.430373,46.586162],[8.431401,46.587336],[8.432966,46.588089],[8.436402,46.587239],[8.43787,46.587312],[8.439957,46.587779],[8.44236,46.588041],[8.445523,46.58921],[8.45112,46.590705],[8.453497,46.591559],[8.453715,46.591718],[8.455151,46.593962],[8.456213,46.594675],[8.45708,46.594833],[8.457558,46.594762],[8.459201,46.59382],[8.461094,46.593047],[8.462137,46.592455],[8.463545,46.592387],[8.464541,46.59208],[8.466506,46.591961],[8.471233,46.591323],[8.472232,46.591007],[8.472499,46.590414],[8.473746,46.589806],[8.475727,46.589256],[8.477086,46.58904],[8.478744,46.589205],[8.479917,46.589861],[8.480241,46.589894],[8.480419,46.589776],[8.480408,46.589592],[8.479683,46.588791],[8.477721,46.587676],[8.477877,46.587541],[8.480326,46.587136],[8.482505,46.587405],[8.484103,46.588013],[8.486078,46.589313],[8.486083,46.589533],[8.485704,46.589852],[8.485832,46.590048],[8.487084,46.589839],[8.487161,46.58955],[8.486179,46.588063],[8.484689,46.586767],[8.484813,46.586639],[8.487267,46.587916],[8.488978,46.589337],[8.488964,46.589507],[8.488311,46.590151],[8.48822,46.590992],[8.48791,46.59149],[8.488144,46.59254],[8.488318,46.592519],[8.488408,46.591572],[8.488844,46.591219],[8.489196,46.590544],[8.490154,46.589671],[8.489934,46.588706],[8.489971,46.588226],[8.489398,46.587769],[8.489587,46.587644],[8.490578,46.588274],[8.490902,46.588618],[8.49069,46.589067],[8.490941,46.589977],[8.49086,46.590811],[8.491243,46.591641],[8.491445,46.591631],[8.49136,46.591142],[8.49178,46.590489],[8.491862,46.589953],[8.492408,46.589506],[8.492664,46.589563],[8.492753,46.590251],[8.493255,46.590673],[8.494013,46.590816],[8.494613,46.59068],[8.494606,46.590825],[8.493942,46.590989],[8.493665,46.591258],[8.49369,46.591891],[8.493998,46.592652],[8.494625,46.592891],[8.496905,46.594427],[8.497643,46.595494],[8.498322,46.595488],[8.499522,46.595881],[8.500192,46.596525],[8.501203,46.597041],[8.501579,46.597451],[8.50227,46.598929],[8.505182,46.600728],[8.506281,46.600978],[8.508669,46.601132],[8.514852,46.602583],[8.536681,46.610804],[8.537685,46.610951],[8.539535,46.610651],[8.540707,46.610783],[8.54613,46.61258],[8.548528,46.61315],[8.550509,46.613917],[8.553689,46.614823],[8.55583,46.615138],[8.557874,46.615879],[8.560464,46.616095],[8.564184,46.617925],[8.565404,46.617945],[8.566363,46.617656],[8.566448,46.617496],[8.565381,46.6172],[8.563475,46.617085],[8.563124,46.616714],[8.563386,46.616323],[8.564027,46.616252],[8.566066,46.616802],[8.56729,46.616647],[8.568544,46.616705],[8.569136,46.616559],[8.570932,46.615494],[8.5711,46.615096],[8.570961,46.614259],[8.571973,46.613441],[8.571974,46.613061],[8.571143,46.611564],[8.571305,46.611215],[8.571953,46.610697],[8.571997,46.610216],[8.571731,46.609945],[8.569787,46.608934],[8.568158,46.607872],[8.56593,46.60584],[8.565537,46.604441],[8.564349,46.602759],[8.563063,46.599749],[8.563006,46.599159],[8.563206,46.597444],[8.562334,46.596019],[8.562382,46.595054],[8.562081,46.594193],[8.562141,46.593972],[8.562779,46.593231],[8.56283,46.592754],[8.562695,46.592284],[8.561852,46.591482],[8.560782,46.591092],[8.560337,46.591097],[8.560121,46.59132],[8.560213,46.591522],[8.561536,46.59226],[8.561436,46.592568],[8.560955,46.592605],[8.559464,46.591573],[8.558057,46.590911],[8.557655,46.590395],[8.557688,46.589481],[8.557221,46.588885],[8.55691,46.588125],[8.557105,46.586784],[8.557646,46.585895],[8.557444,46.584742],[8.557572,46.584034],[8.557948,46.583486],[8.558942,46.582518],[8.5592,46.581964],[8.558762,46.57986],[8.558795,46.578916],[8.559003,46.578323],[8.560258,46.576192],[8.560802,46.574272],[8.560888,46.573557],[8.560823,46.571918],[8.560946,46.570125],[8.560437,46.567602],[8.560714,46.565561],[8.560664,46.564957],[8.560109,46.563745],[8.559169,46.562683],[8.558752,46.562023],[8.558637,46.561488],[8.55877,46.560873],[8.559516,46.560023],[8.561693,46.559063],[8.562848,46.558265],[8.563715,46.558017],[8.565168,46.558044],[8.566503,46.557471],[8.56706,46.556999],[8.567381,46.556527],[8.567359,46.556116],[8.566968,46.555437],[8.567395,46.554827],[8.569146,46.554143],[8.571368,46.552985],[8.571685,46.552713],[8.572762,46.550851],[8.572731,46.5506],[8.570214,46.549963],[8.569689,46.549619],[8.569232,46.549074],[8.569097,46.549139],[8.569305,46.549672],[8.568875,46.54978],[8.568738,46.549637],[8.568906,46.54925],[8.568778,46.548773],[8.568618,46.548767],[8.568441,46.549353],[8.568255,46.549444],[8.568011,46.54926],[8.568417,46.548574],[8.568259,46.548554],[8.568074,46.548899],[8.567805,46.54882],[8.568194,46.548428],[8.568071,46.548349],[8.567911,46.548524],[8.567784,46.548499],[8.567991,46.547891],[8.569114,46.547554],[8.569879,46.546403],[8.569728,46.546385],[8.569271,46.546985],[8.568725,46.54737],[8.567094,46.547598],[8.566773,46.548222],[8.566688,46.548142],[8.566836,46.547328],[8.567974,46.547],[8.568591,46.545937],[8.568444,46.54589],[8.568012,46.546374],[8.567758,46.546487],[8.567212,46.546456],[8.566657,46.546208],[8.567309,46.546203],[8.567833,46.545957],[8.567767,46.54586],[8.567365,46.546075],[8.56724,46.54603],[8.567686,46.545494],[8.568048,46.545304],[8.569181,46.54522],[8.570976,46.544506],[8.570859,46.5444],[8.568856,46.544857],[8.569432,46.54465],[8.569895,46.544298],[8.570762,46.544116],[8.570698,46.544025],[8.569243,46.544086],[8.570905,46.543722],[8.57083,46.543627],[8.570126,46.543812],[8.569991,46.543746],[8.572301,46.542619],[8.572221,46.542479],[8.571479,46.542845],[8.571285,46.542804],[8.572158,46.542335],[8.571551,46.542565],[8.571455,46.542539],[8.571511,46.542456],[8.572742,46.542059],[8.57321,46.541546],[8.573666,46.541435],[8.574109,46.541155],[8.578102,46.540738],[8.579153,46.540455],[8.579785,46.540048],[8.580053,46.53899],[8.57931,46.538323],[8.579009,46.537617],[8.579142,46.537207],[8.579711,46.536564],[8.57991,46.536081],[8.579943,46.535019],[8.580802,46.533394],[8.58075,46.532518],[8.580885,46.532535],[8.581171,46.533273],[8.581156,46.53368],[8.581324,46.533646],[8.581427,46.53265],[8.581002,46.53197],[8.581351,46.531992],[8.582045,46.5333],[8.582961,46.533434],[8.584533,46.534069],[8.584516,46.534344],[8.58374,46.534527],[8.58358,46.534848],[8.58398,46.535205],[8.584956,46.535433],[8.585299,46.534795],[8.585223,46.533803],[8.584992,46.53307],[8.584588,46.532495],[8.583209,46.531483],[8.579512,46.529443],[8.579405,46.529283],[8.579491,46.529112],[8.579934,46.529097],[8.580821,46.5298],[8.581699,46.530136],[8.585541,46.530599],[8.589363,46.531539],[8.590684,46.532042],[8.592212,46.532883],[8.593103,46.533146],[8.595076,46.533355],[8.597861,46.533196],[8.599866,46.533356],[8.600074,46.533179],[8.599902,46.532953],[8.598746,46.532822],[8.594588,46.531763],[8.593408,46.531325],[8.592547,46.530815],[8.5919,46.530257],[8.590813,46.52865],[8.589871,46.527801],[8.58834,46.527142],[8.586409,46.526889],[8.586194,46.526738],[8.586186,46.526545],[8.586577,46.526364],[8.589784,46.526635],[8.595167,46.528249],[8.596552,46.528385],[8.597229,46.528267],[8.597985,46.52795],[8.599787,46.526075],[8.601228,46.52533],[8.602329,46.52508],[8.60405,46.52497],[8.606227,46.525015],[8.606382,46.525145],[8.606206,46.525255],[8.603086,46.525172],[8.600912,46.525643],[8.600549,46.525598],[8.600337,46.525397],[8.601327,46.525034],[8.602815,46.524789],[8.602913,46.524615],[8.602676,46.524491],[8.5984,46.525303],[8.595866,46.525],[8.594672,46.525016],[8.591941,46.523917],[8.589735,46.523942],[8.588048,46.523511],[8.583841,46.522777],[8.582944,46.522434],[8.581517,46.522402],[8.580647,46.522103],[8.579701,46.522021],[8.577406,46.521146],[8.576835,46.521143],[8.575811,46.521366],[8.57496,46.521359],[8.571462,46.52078],[8.569554,46.520077],[8.56713,46.519695],[8.565981,46.519655],[8.564581,46.519293],[8.563126,46.519428],[8.560772,46.518346],[8.55906,46.517873],[8.557773,46.517171],[8.555305,46.517135],[8.55296,46.516635],[8.550318,46.516394],[8.549214,46.516047],[8.547846,46.515364],[8.546159,46.514922],[8.544763,46.514125],[8.541644,46.513458],[8.539823,46.513371],[8.537481,46.512197],[8.535325,46.511678],[8.534209,46.511185],[8.530979,46.510952],[8.528827,46.509984],[8.526332,46.509257],[8.523668,46.509019],[8.517232,46.506406],[8.513344,46.505592],[8.507097,46.502862],[8.50358,46.500854],[8.503321,46.500391],[8.503063,46.498936],[8.502495,46.498303],[8.50088,46.497521],[8.498111,46.497201],[8.494316,46.495635],[8.492636,46.494578],[8.491705,46.493709],[8.490646,46.493107],[8.489587,46.492004],[8.489023,46.491633],[8.481359,46.489339],[8.478294,46.487774],[8.475885,46.487207],[8.473863,46.485863],[8.470415,46.484884],[8.469854,46.484476],[8.46893,46.483343],[8.468351,46.482997],[8.467455,46.482817],[8.465785,46.482825],[8.464922,46.482589],[8.463267,46.481357],[8.460993,46.480583],[8.459317,46.478915],[8.456773,46.478121],[8.454574,46.476879],[8.452716,46.476275],[8.451429,46.475255],[8.450271,46.474664],[8.44987,46.47418],[8.449694,46.474195],[8.449647,46.474339],[8.449946,46.475035],[8.450416,46.475472],[8.450317,46.475614],[8.44853,46.474758],[8.446905,46.473776],[8.445866,46.473506],[8.442361,46.473672],[8.439602,46.473407],[8.435492,46.473419],[8.432839,46.473884],[8.43121,46.473959],[8.429006,46.474416],[8.427926,46.474481],[8.426316,46.474269],[8.425709,46.474028],[8.425506,46.473622],[8.425779,46.472867],[8.425572,46.472766],[8.424289,46.47412],[8.423618,46.475096],[8.423576,46.475514],[8.423886,46.475843],[8.426994,46.47639],[8.430095,46.476309],[8.432289,46.476484],[8.432461,46.476648],[8.431318,46.476727],[8.42974,46.477216],[8.427402,46.477648],[8.424652,46.477715],[8.421314,46.478853],[8.420122,46.479007],[8.418838,46.478936],[8.417706,46.478641],[8.415099,46.478636],[8.413463,46.478111],[8.412443,46.477533],[8.411043,46.477444],[8.41032,46.47758],[8.409595,46.478235],[8.409128,46.478426],[8.408055,46.4785],[8.406429,46.47886],[8.40566,46.478844],[8.405015,46.47868],[8.402646,46.477567],[8.402266,46.477254],[8.401895,46.476708],[8.401672,46.476656],[8.401124,46.477617],[8.401178,46.478162],[8.402269,46.479146],[8.403171,46.479385],[8.403249,46.479531],[8.403001,46.479592],[8.401431,46.479389],[8.401072,46.479137],[8.400661,46.478594],[8.400439,46.478661],[8.400477,46.478985],[8.400592,46.479374],[8.400883,46.479688],[8.402572,46.480266],[8.402616,46.480403],[8.40247,46.480462],[8.39983,46.480139],[8.399138,46.479931],[8.398817,46.479519],[8.398557,46.478158],[8.398286,46.477872],[8.397795,46.477653],[8.396432,46.477534],[8.394365,46.478124],[8.391372,46.478083],[8.390505,46.477927],[8.388111,46.477181],[8.387404,46.477125],[8.386959,46.477312],[8.386739,46.47761],[8.386839,46.479322],[8.385975,46.480577],[8.386129,46.481014],[8.387261,46.482349],[8.387097,46.482492],[8.386262,46.481732],[8.385411,46.481182],[8.383972,46.479186],[8.381215,46.477256],[8.380234,46.476336],[8.380201,46.475984],[8.380367,46.475393],[8.381323,46.473544],[8.381627,46.473224],[8.382421,46.472899],[8.382435,46.472731],[8.38083,46.473076],[8.379412,46.474785],[8.378326,46.475704],[8.378271,46.476615],[8.379154,46.478502],[8.37932,46.47907],[8.379117,46.479178],[8.378929,46.478723],[8.377981,46.477583],[8.377727,46.477641],[8.378044,46.478484],[8.377885,46.478623],[8.376974,46.477211],[8.37672,46.477327],[8.376746,46.477768],[8.377046,46.478137],[8.376989,46.478238],[8.376759,46.478198],[8.376222,46.477556],[8.376315,46.476842],[8.376236,46.475686],[8.375914,46.474372],[8.376299,46.473728],[8.37602,46.473777],[8.375802,46.474058],[8.37546,46.475475],[8.374965,46.476353],[8.374897,46.476714],[8.374695,46.476766],[8.374606,46.476674],[8.374794,46.476181],[8.374692,46.475415],[8.374774,46.473296],[8.372771,46.472051],[8.371559,46.471797],[8.371082,46.471823],[8.370287,46.472102],[8.37019,46.472239],[8.371399,46.472476],[8.372014,46.472906],[8.372257,46.473411],[8.372148,46.475109],[8.371356,46.475828],[8.370266,46.476218],[8.368603,46.477651],[8.3685,46.478225],[8.367761,46.478739],[8.367731,46.479146],[8.367289,46.479656],[8.367128,46.480168],[8.366824,46.480521],[8.366638,46.48242],[8.365689,46.483162],[8.365357,46.483578],[8.365136,46.483939],[8.365147,46.484406],[8.364883,46.484947],[8.364035,46.485655],[8.362937,46.486926],[8.361339,46.488044],[8.360249,46.488625],[8.359642,46.488738],[8.358493,46.488409],[8.357283,46.487687],[8.356629,46.48812],[8.355028,46.488678],[8.354333,46.489323],[8.353328,46.489847],[8.352835,46.490422],[8.352154,46.490726],[8.351083,46.491492],[8.35045,46.492347],[8.349629,46.492814],[8.349125,46.493302],[8.347877,46.494153],[8.347203,46.495223],[8.341942,46.498875],[8.340694,46.499622],[8.339223,46.50018],[8.337128,46.500672],[8.335425,46.500679],[8.333998,46.500392],[8.331586,46.499259],[8.330029,46.498941],[8.329763,46.49913],[8.330005,46.49959],[8.331248,46.500338],[8.331,46.50067],[8.330386,46.500482],[8.329666,46.500487],[8.328864,46.500717],[8.325851,46.500858],[8.325245,46.501005],[8.323904,46.501934],[8.323271,46.502552],[8.322077,46.503208],[8.321395,46.504827],[8.321391,46.505344],[8.320638,46.50573],[8.320028,46.506232],[8.319871,46.506072],[8.320604,46.505348],[8.320712,46.505051],[8.320578,46.504707],[8.319828,46.503872],[8.320076,46.503243],[8.320013,46.502698],[8.320486,46.501617],[8.320253,46.501396],[8.320033,46.501516],[8.320002,46.501948],[8.319647,46.502481],[8.318706,46.503486],[8.317602,46.503565],[8.316718,46.504182],[8.315446,46.504568],[8.310229,46.505403],[8.306905,46.506901],[8.306646,46.506731],[8.306905,46.506901],[8.306287,46.507204],[8.304804,46.506419],[8.300657,46.50585],[8.298377,46.505149],[8.296997,46.504372],[8.296649,46.504003],[8.295886,46.502715],[8.294777,46.501879],[8.292268,46.500916],[8.290314,46.501044],[8.288211,46.500577],[8.287567,46.50014],[8.286328,46.497985],[8.285434,46.497154],[8.284032,46.496552],[8.281045,46.495987],[8.28058,46.495789],[8.280243,46.495484],[8.278966,46.493134],[8.278103,46.492058],[8.277122,46.491229],[8.274985,46.48994],[8.271885,46.488604],[8.26852,46.487794]]}},{"type":"Feature","properties":{"kind":"route","id":"friday-san-bernardino","label":"Fri 11 · Long","title":"Gelmerbahn to Valbella via San Bernardino","color":"#5b637d","distanceMetres":333324,"start":"Hotel Landhaus","end":"Hotel Waldhaus am See"},"geometry":{"type":"LineString","coordinates":[[8.26852,46.487794],[8.272232,46.488729],[8.274764,46.489823],[8.276844,46.491042],[8.277707,46.491683],[8.278588,46.492603],[8.280437,46.495694],[8.281045,46.495987],[8.28438,46.496652],[8.285434,46.497154],[8.286328,46.497985],[8.287567,46.50014],[8.288211,46.500577],[8.290314,46.501044],[8.292268,46.500916],[8.294777,46.501879],[8.29567,46.502487],[8.296649,46.504003],[8.297777,46.504898],[8.300657,46.50585],[8.305002,46.506485],[8.307236,46.507801],[8.308644,46.508344],[8.309984,46.508621],[8.310967,46.509699],[8.311894,46.510415],[8.318756,46.513747],[8.320408,46.514044],[8.323412,46.513632],[8.324118,46.513811],[8.325277,46.514563],[8.325257,46.515609],[8.325453,46.515945],[8.327222,46.51722],[8.327692,46.517721],[8.329063,46.520014],[8.329337,46.521043],[8.329498,46.5226],[8.329748,46.523133],[8.330315,46.523732],[8.334378,46.525777],[8.337161,46.52745],[8.339454,46.528344],[8.342994,46.531649],[8.343851,46.532807],[8.345702,46.533235],[8.34722,46.534207],[8.348773,46.534462],[8.349483,46.535075],[8.349684,46.536061],[8.349974,46.536416],[8.351249,46.536905],[8.35393,46.538251],[8.355204,46.538653],[8.356517,46.539246],[8.358403,46.540791],[8.359624,46.541319],[8.359512,46.541447],[8.358403,46.541067],[8.355737,46.540511],[8.355148,46.540521],[8.353425,46.539369],[8.351525,46.538654],[8.35026,46.538324],[8.350115,46.538395],[8.351286,46.53892],[8.352895,46.539983],[8.35355,46.540757],[8.354325,46.54147],[8.354853,46.541778],[8.355307,46.542322],[8.357661,46.543043],[8.357874,46.543659],[8.357776,46.543808],[8.356707,46.543866],[8.355872,46.544526],[8.355059,46.544283],[8.35493,46.544402],[8.355253,46.544714],[8.356217,46.545248],[8.357367,46.545425],[8.358477,46.546053],[8.358646,46.546328],[8.3587,46.546932],[8.360353,46.548348],[8.360406,46.54884],[8.359712,46.54994],[8.358709,46.551942],[8.355938,46.555147],[8.355735,46.556619],[8.355537,46.556563],[8.355477,46.555442],[8.355235,46.555441],[8.355264,46.55665],[8.355122,46.557377],[8.355417,46.557792],[8.355656,46.557911],[8.356685,46.557537],[8.356688,46.557647],[8.35593,46.558206],[8.356144,46.558975],[8.358037,46.560327],[8.359361,46.560756],[8.359868,46.561292],[8.361453,46.562209],[8.361206,46.562515],[8.360981,46.562575],[8.36057,46.562116],[8.35872,46.561166],[8.356639,46.560707],[8.355581,46.560877],[8.354944,46.560802],[8.353949,46.560503],[8.353411,46.56008],[8.353244,46.560133],[8.353293,46.560279],[8.354832,46.561282],[8.357116,46.562275],[8.358323,46.562459],[8.358422,46.56259],[8.358254,46.562672],[8.357104,46.56259],[8.353825,46.561786],[8.353116,46.561395],[8.352685,46.560929],[8.352434,46.560966],[8.35347,46.561894],[8.357075,46.563543],[8.358406,46.563935],[8.358411,46.564058],[8.358224,46.56412],[8.35463,46.563235],[8.352968,46.562946],[8.351799,46.562174],[8.351607,46.56185],[8.351379,46.561902],[8.352624,46.563236],[8.354366,46.56393],[8.355515,46.564753],[8.357575,46.565775],[8.358577,46.567072],[8.359559,46.567642],[8.359436,46.567836],[8.356899,46.566171],[8.354407,46.565291],[8.350532,46.564147],[8.349612,46.563313],[8.348359,46.562813],[8.347754,46.561913],[8.347444,46.5617],[8.345127,46.561686],[8.343684,46.562423],[8.342007,46.562463],[8.340697,46.562821],[8.338649,46.562069],[8.33698,46.561117],[8.336593,46.56125],[8.336491,46.561614],[8.337601,46.562473],[8.33771,46.562795],[8.337688,46.563586],[8.338095,46.564419],[8.338214,46.565171],[8.338464,46.565534],[8.338994,46.56589],[8.338974,46.566028],[8.338693,46.56606],[8.336575,46.564814],[8.335907,46.564625],[8.335193,46.564675],[8.333675,46.565103],[8.332689,46.565109],[8.33254,46.565276],[8.332782,46.565389],[8.334888,46.565406],[8.335413,46.565526],[8.335733,46.56581],[8.335871,46.56645],[8.336079,46.566704],[8.338565,46.567839],[8.338594,46.56805],[8.33838,46.568086],[8.335465,46.567329],[8.334323,46.56675],[8.330337,46.566637],[8.330436,46.566848],[8.331495,46.566853],[8.333206,46.567262],[8.337304,46.569607],[8.338917,46.570222],[8.339415,46.570592],[8.339877,46.571333],[8.340212,46.572537],[8.340209,46.574207],[8.339761,46.57571],[8.339705,46.57632],[8.339509,46.57645],[8.339312,46.576354],[8.339544,46.575669],[8.339531,46.575302],[8.338719,46.574156],[8.337725,46.573677],[8.336593,46.573447],[8.336304,46.57351],[8.33638,46.573689],[8.33707,46.573777],[8.337461,46.573994],[8.338027,46.57504],[8.337958,46.575699],[8.337035,46.576639],[8.337078,46.576943],[8.337433,46.577446],[8.337436,46.577697],[8.336292,46.578684],[8.334606,46.579551],[8.333964,46.580469],[8.333177,46.581052],[8.332883,46.582424],[8.333173,46.583439],[8.333247,46.584363],[8.333021,46.584848],[8.33291,46.585663],[8.332151,46.586365],[8.331715,46.586977],[8.331108,46.587463],[8.331105,46.587697],[8.331505,46.588306],[8.331459,46.588659],[8.32952,46.589823],[8.328703,46.590512],[8.327643,46.590669],[8.326673,46.591088],[8.325759,46.591907],[8.324962,46.59223],[8.324959,46.59248],[8.325674,46.592933],[8.325767,46.593591],[8.326187,46.59403],[8.326121,46.594239],[8.325676,46.594255],[8.325378,46.593499],[8.324543,46.593082],[8.324321,46.592842],[8.324276,46.592535],[8.324493,46.591884],[8.324998,46.591269],[8.324778,46.591098],[8.324622,46.59118],[8.324068,46.592271],[8.323845,46.593156],[8.322815,46.594077],[8.322443,46.594576],[8.322437,46.59501],[8.323035,46.595808],[8.323852,46.596235],[8.325381,46.596598],[8.325637,46.596936],[8.325484,46.597356],[8.32447,46.598429],[8.322494,46.598879],[8.321515,46.599534],[8.317699,46.60597],[8.316101,46.607799],[8.315831,46.607822],[8.315774,46.607679],[8.316288,46.60721],[8.316745,46.606338],[8.316678,46.605996],[8.316328,46.605626],[8.315818,46.605415],[8.313695,46.605107],[8.313046,46.605151],[8.312322,46.605432],[8.311761,46.605954],[8.308255,46.610128],[8.308089,46.61054],[8.308109,46.611037],[8.3088,46.612024],[8.308869,46.612521],[8.308611,46.61294],[8.307815,46.61335],[8.307752,46.613804],[8.307815,46.61335],[8.307487,46.613642],[8.307087,46.614771],[8.306499,46.614984],[8.30535,46.614762],[8.303979,46.614864],[8.304159,46.61506],[8.304778,46.614861],[8.305134,46.614887],[8.30604,46.615331],[8.307121,46.615516],[8.306943,46.615687],[8.305423,46.615805],[8.304998,46.616055],[8.304856,46.616382],[8.305645,46.61836],[8.305546,46.620087],[8.306273,46.621391],[8.306551,46.622255],[8.306577,46.622868],[8.30633,46.623887],[8.306006,46.624358],[8.303992,46.625708],[8.303502,46.626248],[8.303301,46.626712],[8.303409,46.627429],[8.304072,46.628176],[8.304302,46.628693],[8.304208,46.629731],[8.304334,46.630762],[8.304211,46.631531],[8.304499,46.632254],[8.304534,46.632716],[8.304342,46.634249],[8.304002,46.635009],[8.303876,46.635869],[8.303353,46.636868],[8.303471,46.63814],[8.303377,46.638546],[8.303107,46.638942],[8.302251,46.639681],[8.301999,46.640167],[8.301638,46.6434],[8.301817,46.644884],[8.301567,46.645446],[8.299879,46.646621],[8.298798,46.64782],[8.296098,46.6497],[8.295541,46.649947],[8.294402,46.650117],[8.293856,46.650389],[8.293615,46.650723],[8.29328,46.651762],[8.292734,46.652542],[8.289198,46.655204],[8.28696,46.656262],[8.286718,46.656638],[8.286575,46.657864],[8.286284,46.658232],[8.285303,46.65894],[8.284648,46.659197],[8.283088,46.659107],[8.281516,46.659428],[8.280205,46.65997],[8.27834,46.661076],[8.277834,46.661118],[8.27671,46.660833],[8.276198,46.660923],[8.275885,46.661999],[8.275339,46.662675],[8.274104,46.66339],[8.272737,46.663852],[8.272849,46.664078],[8.274791,46.664764],[8.274889,46.664909],[8.274792,46.665079],[8.273705,46.665318],[8.270839,46.666359],[8.268962,46.667975],[8.267403,46.668177],[8.267312,46.668372],[8.26757,46.668549],[8.2687,46.668325],[8.269005,46.668467],[8.268759,46.669152],[8.268196,46.669657],[8.266637,46.67024],[8.264929,46.670466],[8.262351,46.671505],[8.261527,46.672449],[8.260704,46.672964],[8.259077,46.673683],[8.257508,46.674105],[8.256518,46.674617],[8.255785,46.675164],[8.254215,46.677651],[8.253424,46.678152],[8.252174,46.678489],[8.251163,46.679176],[8.250786,46.679708],[8.249024,46.681396],[8.247598,46.683392],[8.24624,46.683893],[8.243994,46.684223],[8.243588,46.684406],[8.243167,46.684985],[8.242432,46.685604],[8.24237,46.686181],[8.242632,46.686647],[8.24354,46.686916],[8.243899,46.687165],[8.244033,46.687536],[8.244004,46.687949],[8.243685,46.688396],[8.24252,46.68893],[8.24214,46.689866],[8.240324,46.691405],[8.239908,46.692003],[8.239747,46.692597],[8.239821,46.692982],[8.240184,46.693564],[8.240107,46.695036],[8.239875,46.695569],[8.23924,46.696176],[8.237725,46.696931],[8.235264,46.698834],[8.233468,46.700036],[8.230102,46.7036],[8.229833,46.704042],[8.229572,46.705231],[8.22921,46.70587],[8.229754,46.70611],[8.23023,46.706542],[8.232943,46.70661],[8.233722,46.706153],[8.235073,46.706153],[8.236602,46.707117],[8.236487,46.707312],[8.235805,46.707509],[8.235392,46.707848],[8.235258,46.708112],[8.235416,46.708358],[8.235843,46.708467],[8.238582,46.708462],[8.239296,46.708665],[8.239636,46.708597],[8.240301,46.708132],[8.240487,46.707774],[8.24048,46.707215],[8.240958,46.707057],[8.243079,46.709012],[8.243408,46.709071],[8.244474,46.708922],[8.244983,46.709019],[8.246779,46.709802],[8.248023,46.71096],[8.24919,46.711023],[8.250618,46.710735],[8.253568,46.710971],[8.254972,46.710937],[8.256275,46.711422],[8.257139,46.711918],[8.260489,46.712855],[8.261122,46.713172],[8.261915,46.713848],[8.263658,46.713951],[8.265215,46.714423],[8.266216,46.714288],[8.267219,46.71375],[8.267893,46.713659],[8.269622,46.714328],[8.271102,46.714175],[8.274043,46.714796],[8.276911,46.715812],[8.280306,46.716176],[8.280907,46.716422],[8.283352,46.717953],[8.289679,46.720296],[8.291534,46.720326],[8.291847,46.720086],[8.292296,46.719355],[8.292992,46.719176],[8.294246,46.719408],[8.295314,46.720303],[8.295901,46.720514],[8.297701,46.720675],[8.298031,46.720557],[8.298525,46.720092],[8.299113,46.719998],[8.300122,46.720497],[8.301093,46.720752],[8.302342,46.721375],[8.304375,46.721769],[8.304902,46.72169],[8.307084,46.720899],[8.308721,46.721075],[8.310091,46.721538],[8.311387,46.721677],[8.312154,46.721238],[8.3138,46.7208],[8.3148,46.720863],[8.315819,46.720614],[8.318123,46.720667],[8.318331,46.720824],[8.318216,46.72105],[8.317074,46.721241],[8.315785,46.721858],[8.315011,46.722029],[8.314753,46.722276],[8.314802,46.722529],[8.315132,46.722733],[8.316172,46.722899],[8.316867,46.723377],[8.318282,46.723583],[8.320617,46.724251],[8.321277,46.72417],[8.323838,46.723302],[8.324257,46.723333],[8.324732,46.723867],[8.325264,46.724221],[8.327095,46.724602],[8.328525,46.725383],[8.330902,46.727254],[8.33153,46.728019],[8.332202,46.72928],[8.333271,46.730023],[8.338358,46.732154],[8.341435,46.734043],[8.342506,46.734911],[8.343296,46.735171],[8.345157,46.735418],[8.348099,46.736624],[8.35362,46.738123],[8.356718,46.738078],[8.359415,46.738618],[8.362297,46.73836],[8.36519,46.73866],[8.366651,46.739094],[8.371236,46.739176],[8.372361,46.739325],[8.375096,46.739068],[8.37607,46.739228],[8.376444,46.739178],[8.376712,46.738987],[8.376784,46.738699],[8.376044,46.73811],[8.376053,46.737986],[8.376232,46.737926],[8.377659,46.738853],[8.377979,46.7394],[8.377902,46.739879],[8.378094,46.739963],[8.378266,46.739847],[8.378319,46.739005],[8.37798,46.738473],[8.377485,46.738055],[8.377542,46.73777],[8.378536,46.737439],[8.380731,46.737469],[8.381652,46.736866],[8.382695,46.736551],[8.383394,46.736514],[8.383591,46.736328],[8.383554,46.736116],[8.38291,46.735764],[8.383195,46.735647],[8.383958,46.736182],[8.384024,46.73677],[8.383784,46.736902],[8.382462,46.737007],[8.382312,46.737197],[8.382352,46.73798],[8.380881,46.73871],[8.380651,46.738949],[8.380659,46.739389],[8.381273,46.740154],[8.38178,46.741293],[8.381406,46.74196],[8.380687,46.742375],[8.380828,46.74255],[8.381872,46.741835],[8.382231,46.741421],[8.381792,46.739927],[8.381927,46.739667],[8.383281,46.739359],[8.38432,46.738611],[8.385115,46.738609],[8.386955,46.738142],[8.388051,46.738155],[8.388501,46.737921],[8.388617,46.737652],[8.388504,46.73736],[8.387845,46.737082],[8.386646,46.736261],[8.386284,46.735674],[8.386511,46.735287],[8.387979,46.734602],[8.389264,46.734611],[8.39228,46.735348],[8.394008,46.736023],[8.395557,46.736853],[8.395643,46.73706],[8.395546,46.737325],[8.393935,46.738494],[8.393546,46.739095],[8.392876,46.739487],[8.392211,46.739681],[8.39133,46.739714],[8.390595,46.739529],[8.390408,46.739649],[8.390598,46.739788],[8.392634,46.739935],[8.393885,46.739512],[8.394818,46.738698],[8.397022,46.737743],[8.398192,46.73746],[8.39895,46.736976],[8.399093,46.736602],[8.39845,46.735486],[8.399803,46.734827],[8.401338,46.734966],[8.402484,46.735523],[8.404734,46.735808],[8.407391,46.735172],[8.40833,46.734831],[8.40935,46.734209],[8.409419,46.733848],[8.409067,46.733042],[8.410041,46.73172],[8.410526,46.731483],[8.419141,46.731131],[8.420333,46.731247],[8.422179,46.731678],[8.423854,46.73184],[8.426947,46.730924],[8.42727,46.730949],[8.427367,46.731131],[8.427241,46.731268],[8.426223,46.731587],[8.425079,46.73214],[8.423588,46.732426],[8.415106,46.732172],[8.414472,46.732251],[8.4128,46.732956],[8.413068,46.733093],[8.414579,46.732476],[8.415461,46.732354],[8.418615,46.732761],[8.419673,46.733335],[8.420908,46.733705],[8.421888,46.733793],[8.422844,46.734129],[8.423867,46.734142],[8.425674,46.734484],[8.426354,46.734371],[8.429127,46.733163],[8.433886,46.732718],[8.434916,46.732519],[8.436595,46.731774],[8.438559,46.730139],[8.439608,46.729601],[8.440638,46.728817],[8.441343,46.727922],[8.441548,46.726822],[8.441725,46.72669],[8.441924,46.726799],[8.442069,46.727968],[8.441804,46.729399],[8.441474,46.729729],[8.439844,46.730337],[8.43978,46.730519],[8.439997,46.730562],[8.440734,46.730207],[8.44253,46.72987],[8.444095,46.729389],[8.444688,46.729636],[8.445592,46.72961],[8.446198,46.729807],[8.446665,46.729714],[8.447054,46.729345],[8.451394,46.731416],[8.451819,46.731828],[8.452058,46.734085],[8.452359,46.73484],[8.451988,46.735514],[8.452151,46.736261],[8.451883,46.736979],[8.451947,46.737219],[8.452481,46.737682],[8.45284,46.738217],[8.453459,46.738536],[8.454303,46.73926],[8.455776,46.739874],[8.457339,46.73996],[8.457315,46.7398],[8.456466,46.739815],[8.455893,46.739672],[8.455105,46.739131],[8.454409,46.738852],[8.454073,46.738347],[8.45417,46.737575],[8.453821,46.736829],[8.454404,46.735113],[8.454925,46.734466],[8.454648,46.733801],[8.454291,46.733361],[8.454359,46.733234],[8.454522,46.733247],[8.455346,46.73468],[8.455171,46.735446],[8.455282,46.736258],[8.455147,46.736893],[8.455271,46.737215],[8.456221,46.738146],[8.458725,46.739082],[8.460397,46.73999],[8.46066,46.740209],[8.460919,46.740691],[8.461828,46.741116],[8.462806,46.741984],[8.463028,46.742547],[8.463447,46.743056],[8.463242,46.744645],[8.463528,46.745057],[8.463743,46.745715],[8.464511,46.746385],[8.464872,46.747241],[8.465282,46.747503],[8.465831,46.747488],[8.46668,46.746936],[8.467611,46.746763],[8.468901,46.747175],[8.470207,46.747059],[8.472267,46.747269],[8.473501,46.747589],[8.474706,46.747598],[8.478266,46.746494],[8.479813,46.746171],[8.483273,46.745746],[8.484111,46.745517],[8.487271,46.745049],[8.489931,46.744765],[8.492008,46.744056],[8.493,46.743917],[8.493875,46.743469],[8.494776,46.743359],[8.495719,46.743055],[8.497151,46.742078],[8.498301,46.74168],[8.499931,46.740863],[8.500989,46.740854],[8.501898,46.740651],[8.503129,46.740881],[8.505453,46.742247],[8.506242,46.742857],[8.507548,46.743476],[8.508462,46.74369],[8.508758,46.743517],[8.509384,46.742461],[8.511138,46.740875],[8.512337,46.740174],[8.513074,46.739509],[8.515892,46.738581],[8.517795,46.737404],[8.520901,46.736285],[8.52413,46.735749],[8.525581,46.735712],[8.528527,46.735096],[8.531818,46.733922],[8.532858,46.733979],[8.534391,46.733761],[8.536376,46.733233],[8.538852,46.7329],[8.54007,46.732223],[8.541816,46.731687],[8.5437,46.730784],[8.545827,46.729275],[8.546638,46.728975],[8.547874,46.727916],[8.5515,46.726394],[8.552715,46.725144],[8.554331,46.724752],[8.554917,46.724373],[8.55537,46.723805],[8.55615,46.723414],[8.557099,46.7232],[8.558996,46.723255],[8.560039,46.722538],[8.56078,46.722262],[8.561489,46.722226],[8.562844,46.722408],[8.564325,46.721951],[8.565257,46.722035],[8.565724,46.721729],[8.566503,46.721629],[8.56719,46.721312],[8.568133,46.721078],[8.569232,46.720431],[8.570798,46.720187],[8.572787,46.718791],[8.575355,46.717984],[8.577726,46.716745],[8.580235,46.7164],[8.580814,46.716211],[8.58382,46.71411],[8.586216,46.712885],[8.587929,46.712513],[8.588815,46.712139],[8.591445,46.711565],[8.592801,46.711541],[8.594545,46.711121],[8.594837,46.710984],[8.595242,46.710406],[8.595835,46.710096],[8.597043,46.710004],[8.597981,46.709761],[8.598806,46.709879],[8.599663,46.710398],[8.60039,46.710598],[8.601619,46.711243],[8.602184,46.711667],[8.602437,46.711646],[8.602419,46.711492],[8.599599,46.709436],[8.598147,46.709235],[8.597432,46.709297],[8.596635,46.709031],[8.596407,46.708802],[8.59662,46.708538],[8.597908,46.708443],[8.598354,46.708223],[8.598357,46.708042],[8.597981,46.707615],[8.597893,46.70687],[8.598174,46.706508],[8.599241,46.705825],[8.598767,46.705006],[8.598711,46.703816],[8.598562,46.703346],[8.597655,46.702316],[8.596837,46.701069],[8.596285,46.699696],[8.596173,46.698934],[8.596618,46.696702],[8.596595,46.696111],[8.595812,46.69404],[8.594884,46.692883],[8.594844,46.692498],[8.59511,46.69178],[8.595095,46.691354],[8.594481,46.690153],[8.594315,46.689012],[8.593583,46.687883],[8.593605,46.687311],[8.594527,46.68541],[8.594525,46.684904],[8.594268,46.684254],[8.594556,46.683578],[8.594413,46.683236],[8.59329,46.682489],[8.593837,46.681668],[8.593949,46.680524],[8.593829,46.679375],[8.593399,46.677816],[8.593604,46.675941],[8.593616,46.674433],[8.592686,46.671229],[8.592171,46.671023],[8.592358,46.670929],[8.592515,46.670478],[8.592058,46.667617],[8.592462,46.666675],[8.592468,46.66611],[8.592163,46.665631],[8.5903,46.663799],[8.58943,46.662582],[8.585958,46.660777],[8.585919,46.659954],[8.584612,46.658298],[8.584873,46.658302],[8.585649,46.659082],[8.585862,46.659129],[8.585933,46.659017],[8.585314,46.658475],[8.584558,46.657315],[8.584117,46.656047],[8.583853,46.655668],[8.583583,46.65554],[8.583192,46.655563],[8.582583,46.656033],[8.582258,46.656526],[8.581991,46.656469],[8.583703,46.65448],[8.584701,46.653053],[8.584788,46.65263],[8.584552,46.651975],[8.585395,46.65117],[8.58572,46.650212],[8.586377,46.649827],[8.587571,46.64971],[8.58763,46.649486],[8.587407,46.649349],[8.586592,46.649507],[8.586653,46.649346],[8.587052,46.649141],[8.587611,46.649099],[8.58852,46.649249],[8.588704,46.649164],[8.588585,46.649041],[8.587498,46.648791],[8.587088,46.648834],[8.586512,46.649159],[8.586353,46.64909],[8.58645,46.648921],[8.587226,46.648571],[8.589561,46.648643],[8.590252,46.648401],[8.59075,46.648066],[8.590822,46.647646],[8.590253,46.645945],[8.590434,46.645634],[8.591307,46.644954],[8.592027,46.642074],[8.592085,46.64148],[8.591882,46.641015],[8.592077,46.640911],[8.59265,46.640941],[8.592923,46.640231],[8.594144,46.63912],[8.594565,46.638244],[8.595003,46.636803],[8.596306,46.634752],[8.596661,46.63497],[8.596742,46.63545],[8.597011,46.635517],[8.597141,46.63538],[8.596888,46.634936],[8.596937,46.634672],[8.597232,46.634458],[8.597745,46.634376],[8.598876,46.634637],[8.599958,46.635568],[8.600454,46.635592],[8.601561,46.635316],[8.602239,46.635593],[8.602289,46.636026],[8.601935,46.636352],[8.6001,46.636689],[8.599691,46.636873],[8.599601,46.637254],[8.600073,46.637523],[8.601465,46.63722],[8.603993,46.636243],[8.605398,46.636032],[8.60636,46.635427],[8.606784,46.635469],[8.606912,46.635716],[8.606718,46.635922],[8.604361,46.636752],[8.601902,46.63832],[8.601097,46.639141],[8.601073,46.6395],[8.601569,46.639603],[8.602459,46.638488],[8.60483,46.637392],[8.605737,46.637371],[8.606817,46.6378],[8.607508,46.637906],[8.609662,46.637429],[8.609763,46.637609],[8.60963,46.63774],[8.608705,46.637956],[8.607691,46.638522],[8.604173,46.639227],[8.60303,46.63965],[8.602935,46.639872],[8.603311,46.639979],[8.60438,46.639731],[8.605602,46.63963],[8.610383,46.639726],[8.611393,46.639982],[8.611577,46.640113],[8.611599,46.640318],[8.611359,46.640493],[8.610304,46.640502],[8.609168,46.64085],[8.607825,46.64068],[8.607615,46.640743],[8.607558,46.640898],[8.609731,46.641615],[8.612131,46.64173],[8.617615,46.642267],[8.619653,46.642721],[8.620824,46.643121],[8.625294,46.645192],[8.626806,46.646518],[8.631679,46.649985],[8.634037,46.652108],[8.635277,46.652906],[8.636925,46.65369],[8.637918,46.654814],[8.638655,46.655271],[8.641811,46.656053],[8.643906,46.656826],[8.64631,46.657178],[8.648072,46.657743],[8.650346,46.65783],[8.654928,46.659436],[8.664662,46.661729],[8.665735,46.6618],[8.668535,46.661592],[8.669419,46.661342],[8.670244,46.660916],[8.670973,46.660345],[8.671338,46.659829],[8.671129,46.658829],[8.67137,46.65891],[8.671522,46.659152],[8.67137,46.65891],[8.671129,46.658829],[8.671273,46.658621],[8.67331,46.65829],[8.6741,46.657194],[8.676388,46.65636],[8.677083,46.655866],[8.677111,46.655547],[8.676571,46.654911],[8.676662,46.654717],[8.677491,46.654561],[8.678133,46.654279],[8.678745,46.653919],[8.679375,46.653336],[8.679209,46.65329],[8.678154,46.653835],[8.677996,46.653805],[8.678028,46.653696],[8.679945,46.65274],[8.681714,46.652242],[8.681595,46.652168],[8.680815,46.652315],[8.679512,46.652182],[8.679432,46.652062],[8.681078,46.6519],[8.684109,46.65111],[8.683016,46.650902],[8.681147,46.651044],[8.681048,46.650915],[8.683815,46.650176],[8.685679,46.65022],[8.683529,46.649849],[8.683436,46.649772],[8.683508,46.64967],[8.684268,46.649814],[8.6861,46.649768],[8.687517,46.649977],[8.687534,46.649849],[8.686514,46.649616],[8.686163,46.649362],[8.686376,46.648754],[8.686665,46.648589],[8.68697,46.648623],[8.6879,46.649205],[8.691363,46.649029],[8.693106,46.649329],[8.693243,46.649456],[8.693132,46.649911],[8.693262,46.650122],[8.695733,46.650866],[8.69594,46.651093],[8.696004,46.651653],[8.696249,46.652018],[8.698446,46.653466],[8.699726,46.653832],[8.700902,46.653843],[8.70138,46.654065],[8.701837,46.654531],[8.702267,46.654669],[8.706363,46.654893],[8.708796,46.655238],[8.709393,46.655621],[8.710108,46.655868],[8.71123,46.656712],[8.71288,46.657352],[8.714584,46.658495],[8.717099,46.659766],[8.72011,46.661015],[8.723112,46.662015],[8.727786,46.662596],[8.733432,46.663859],[8.736935,46.664304],[8.739262,46.664458],[8.742731,46.665793],[8.74548,46.66725],[8.745682,46.667457],[8.745702,46.667786],[8.74598,46.668026],[8.745738,46.668373],[8.744542,46.66858],[8.744062,46.669032],[8.743932,46.67005],[8.744905,46.67212],[8.746507,46.672491],[8.747543,46.67292],[8.750673,46.675483],[8.751164,46.675742],[8.752526,46.676088],[8.754612,46.675799],[8.756973,46.676061],[8.757835,46.67628],[8.759806,46.677166],[8.760485,46.677632],[8.761307,46.678521],[8.761873,46.679407],[8.761848,46.680249],[8.762161,46.680498],[8.76272,46.68047],[8.763934,46.679812],[8.766543,46.679287],[8.768316,46.679071],[8.770339,46.679017],[8.7729,46.679248],[8.775066,46.680158],[8.77628,46.680884],[8.777981,46.681472],[8.780308,46.681537],[8.782213,46.680834],[8.783032,46.680743],[8.783478,46.681149],[8.783662,46.681934],[8.784062,46.682105],[8.784522,46.681958],[8.785587,46.680893],[8.78624,46.680685],[8.788714,46.681304],[8.79079,46.681059],[8.792668,46.681182],[8.795044,46.680682],[8.796698,46.680912],[8.798107,46.680942],[8.80295,46.680633],[8.804458,46.680679],[8.810419,46.681417],[8.813701,46.681378],[8.81807,46.681015],[8.820191,46.681139],[8.823123,46.681119],[8.825557,46.68136],[8.829941,46.682202],[8.831172,46.682759],[8.832332,46.683734],[8.835349,46.685691],[8.835442,46.68627],[8.834953,46.686755],[8.834103,46.687059],[8.831834,46.687275],[8.831451,46.68755],[8.83141,46.687868],[8.83174,46.688214],[8.833629,46.688803],[8.835439,46.689623],[8.836736,46.690514],[8.838188,46.691798],[8.838571,46.692344],[8.838668,46.693002],[8.838506,46.69353],[8.837906,46.694426],[8.837973,46.694717],[8.838651,46.694881],[8.842464,46.695236],[8.842538,46.696032],[8.84477,46.698654],[8.84436,46.700597],[8.844462,46.70084],[8.84477,46.700976],[8.846435,46.701134],[8.848314,46.702028],[8.848742,46.702398],[8.850041,46.704304],[8.852325,46.705089],[8.85158,46.704415],[8.851834,46.704214],[8.853279,46.704621],[8.853263,46.703992],[8.852769,46.703131],[8.85296,46.702726],[8.853394,46.702536],[8.854113,46.702839],[8.854594,46.702798],[8.857466,46.700908],[8.857669,46.700611],[8.857582,46.700333],[8.857289,46.70015],[8.855352,46.699774],[8.853074,46.698989],[8.852031,46.698058],[8.851764,46.697395],[8.851882,46.696815],[8.852321,46.696291],[8.854759,46.695161],[8.855374,46.69455],[8.854606,46.693367],[8.854901,46.692541],[8.855385,46.692015],[8.855389,46.691777],[8.854429,46.690927],[8.854098,46.690342],[8.853871,46.689391],[8.853338,46.688875],[8.85323,46.688613],[8.853669,46.687248],[8.85443,46.68622],[8.855222,46.685568],[8.855415,46.68526],[8.855382,46.684306],[8.854821,46.683432],[8.855002,46.682244],[8.855431,46.681595],[8.855389,46.681401],[8.855008,46.681146],[8.85488,46.680884],[8.855505,46.679461],[8.855204,46.678632],[8.855187,46.677773],[8.854763,46.676914],[8.854901,46.67572],[8.855292,46.67544],[8.855716,46.675601],[8.855764,46.675828],[8.855498,46.677043],[8.85568,46.677298],[8.856,46.677344],[8.856307,46.677169],[8.856859,46.676278],[8.858495,46.675743],[8.858858,46.67536],[8.858797,46.675114],[8.858576,46.674925],[8.857299,46.674632],[8.857049,46.674417],[8.857154,46.674174],[8.858556,46.672695],[8.858737,46.672192],[8.858879,46.669641],[8.858394,46.668003],[8.858476,46.666744],[8.858372,46.665912],[8.857752,46.664447],[8.857803,46.663382],[8.856931,46.66198],[8.856041,46.660172],[8.853891,46.657514],[8.853765,46.655536],[8.853288,46.654443],[8.852872,46.65404],[8.851499,46.653548],[8.851145,46.653146],[8.851535,46.651376],[8.851201,46.650159],[8.851315,46.649344],[8.85129,46.647011],[8.850784,46.645859],[8.849796,46.644838],[8.849309,46.643084],[8.848816,46.642097],[8.848804,46.641768],[8.849108,46.641007],[8.849039,46.640557],[8.848649,46.640116],[8.847557,46.639472],[8.847163,46.638925],[8.847147,46.63834],[8.847723,46.636997],[8.847421,46.636114],[8.847379,46.635227],[8.847226,46.634888],[8.846635,46.634373],[8.843693,46.633271],[8.838698,46.630855],[8.838006,46.630356],[8.836806,46.629133],[8.836605,46.628601],[8.836826,46.628151],[8.838246,46.626798],[8.838242,46.62647],[8.838037,46.626279],[8.837612,46.62617],[8.836242,46.626166],[8.834665,46.626643],[8.834098,46.626695],[8.830858,46.626132],[8.830013,46.625774],[8.82945,46.62536],[8.828746,46.624306],[8.828387,46.623975],[8.825619,46.622941],[8.824504,46.622151],[8.823953,46.62113],[8.823726,46.619387],[8.822709,46.614197],[8.822075,46.612224],[8.821718,46.610469],[8.820566,46.608825],[8.819388,46.605423],[8.818718,46.604282],[8.817479,46.602785],[8.817021,46.601402],[8.815772,46.600287],[8.81538,46.599385],[8.814945,46.598853],[8.813009,46.597906],[8.812452,46.597466],[8.812168,46.596972],[8.811891,46.595577],[8.811427,46.594976],[8.809199,46.593852],[8.807913,46.592857],[8.806401,46.59212],[8.80645,46.591909],[8.806824,46.591809],[8.808746,46.59282],[8.809132,46.592821],[8.809314,46.59261],[8.809126,46.592373],[8.807298,46.591444],[8.805763,46.590162],[8.805224,46.589533],[8.804377,46.588109],[8.803857,46.586567],[8.803237,46.581647],[8.802864,46.580774],[8.801676,46.578959],[8.801185,46.577091],[8.801122,46.574569],[8.801359,46.573573],[8.801057,46.57171],[8.801019,46.568802],[8.800779,46.567345],[8.801738,46.565512],[8.8019,46.564951],[8.801806,46.564429],[8.800996,46.563059],[8.800839,46.562295],[8.800931,46.560883],[8.801597,46.559825],[8.801758,46.559329],[8.801343,46.557391],[8.801458,46.55678],[8.803656,46.553659],[8.804154,46.553253],[8.80506,46.55296],[8.809113,46.552608],[8.809337,46.5524],[8.809453,46.551835],[8.809651,46.551537],[8.812529,46.549301],[8.815319,46.548067],[8.817241,46.547493],[8.81809,46.546984],[8.818338,46.546654],[8.81851,46.545131],[8.819706,46.543242],[8.820274,46.542719],[8.821894,46.541831],[8.8246,46.541075],[8.827266,46.540864],[8.828801,46.539952],[8.830413,46.539546],[8.834436,46.537648],[8.835378,46.537358],[8.835794,46.536728],[8.836109,46.536549],[8.837258,46.536793],[8.838504,46.536707],[8.841047,46.535564],[8.841845,46.535386],[8.843413,46.535318],[8.846942,46.534489],[8.847784,46.534099],[8.848392,46.533518],[8.849085,46.531897],[8.849591,46.528926],[8.849842,46.52818],[8.849317,46.526188],[8.849373,46.525821],[8.84968,46.52539],[8.850574,46.524789],[8.852512,46.523788],[8.85321,46.523245],[8.855811,46.521946],[8.857787,46.520268],[8.860606,46.518907],[8.864402,46.517839],[8.865646,46.517126],[8.8663,46.516896],[8.867126,46.516868],[8.872357,46.517303],[8.875125,46.517702],[8.877931,46.517401],[8.880308,46.516725],[8.881369,46.516805],[8.881978,46.517108],[8.88234,46.517497],[8.883283,46.519796],[8.884826,46.521521],[8.885509,46.52199],[8.886332,46.522249],[8.887123,46.522304],[8.890375,46.521671],[8.891363,46.5216],[8.894332,46.522022],[8.895347,46.522276],[8.898041,46.522373],[8.898702,46.522661],[8.899952,46.522952],[8.900596,46.523375],[8.900784,46.523652],[8.900797,46.524012],[8.900628,46.5243],[8.899663,46.524858],[8.899079,46.525356],[8.898984,46.525659],[8.899169,46.525987],[8.899717,46.526217],[8.902365,46.526494],[8.903053,46.526372],[8.903569,46.526075],[8.904153,46.525116],[8.90425,46.52476],[8.904048,46.523983],[8.904311,46.523238],[8.904167,46.522697],[8.90437,46.522487],[8.904598,46.522484],[8.904796,46.522689],[8.904982,46.523723],[8.904851,46.524606],[8.905399,46.524809],[8.905813,46.524531],[8.906466,46.522835],[8.906948,46.52258],[8.908996,46.523178],[8.909702,46.523267],[8.910388,46.523228],[8.913956,46.522438],[8.917156,46.52302],[8.917947,46.522945],[8.919438,46.52251],[8.921729,46.522523],[8.923381,46.52275],[8.924011,46.522602],[8.925124,46.52194],[8.928618,46.521204],[8.93064,46.520361],[8.932019,46.519145],[8.933447,46.518113],[8.934232,46.516184],[8.934578,46.515074],[8.934583,46.514549],[8.934766,46.514478],[8.93491,46.51458],[8.93459,46.51552],[8.934396,46.519018],[8.934067,46.519483],[8.932896,46.520212],[8.932744,46.520495],[8.93254,46.521997],[8.931172,46.523675],[8.9302,46.524194],[8.927341,46.524793],[8.925581,46.525854],[8.923537,46.526102],[8.923193,46.526336],[8.923136,46.526668],[8.923322,46.526928],[8.924293,46.527553],[8.925285,46.527976],[8.93103,46.527778],[8.933169,46.527889],[8.934173,46.52822],[8.934863,46.529005],[8.935996,46.529331],[8.936688,46.529763],[8.938131,46.529804],[8.938615,46.529418],[8.938984,46.528984],[8.939198,46.528396],[8.939596,46.528143],[8.940885,46.525532],[8.940988,46.524953],[8.940817,46.524295],[8.939081,46.522127],[8.938123,46.520687],[8.938004,46.520218],[8.93808,46.519461],[8.938273,46.519207],[8.939466,46.518573],[8.939843,46.518123],[8.940046,46.517062],[8.939735,46.516274],[8.939727,46.515836],[8.940351,46.514597],[8.942354,46.512626],[8.943425,46.510151],[8.945391,46.507811],[8.945854,46.506753],[8.94809,46.504903],[8.946934,46.50502],[8.946782,46.504898],[8.948347,46.504017],[8.948791,46.503391],[8.949795,46.503023],[8.950661,46.502368],[8.95163,46.499254],[8.952217,46.498372],[8.952342,46.497905],[8.952083,46.497242],[8.950566,46.495498],[8.95026,46.494675],[8.94997,46.490569],[8.951287,46.487003],[8.951369,46.484845],[8.951259,46.48422],[8.948081,46.479535],[8.946974,46.478282],[8.945891,46.477668],[8.945094,46.476678],[8.943488,46.47419],[8.942969,46.472712],[8.942358,46.471896],[8.942446,46.471097],[8.94176,46.469469],[8.941809,46.469185],[8.9422,46.468679],[8.941814,46.468078],[8.941749,46.466234],[8.941824,46.465087],[8.942125,46.463938],[8.942459,46.463384],[8.941959,46.462048],[8.942258,46.461501],[8.942252,46.460423],[8.942862,46.458167],[8.942985,46.457121],[8.942807,46.456334],[8.942148,46.455462],[8.941577,46.455183],[8.940206,46.454862],[8.939799,46.454563],[8.940293,46.453266],[8.940262,46.452939],[8.939883,46.45212],[8.939916,46.451673],[8.94085,46.450586],[8.941256,46.44956],[8.941916,46.448837],[8.942375,46.447545],[8.942961,46.446541],[8.944531,46.444768],[8.946077,46.44353],[8.947068,46.443074],[8.949591,46.442452],[8.950403,46.441338],[8.95299,46.439069],[8.956729,46.436512],[8.967175,46.430465],[8.967618,46.430819],[8.970292,46.429213],[8.970537,46.428963],[8.970134,46.428719],[8.970832,46.428014],[8.972622,46.426778],[8.973393,46.426534],[8.974873,46.426341],[8.975675,46.425754],[8.976023,46.424942],[8.975995,46.423407],[8.977155,46.421544],[8.977352,46.419946],[8.978092,46.418192],[8.978043,46.417488],[8.976973,46.414168],[8.977467,46.411055],[8.977972,46.41012],[8.980314,46.408662],[8.980724,46.40823],[8.980976,46.407718],[8.982209,46.403646],[8.982168,46.402805],[8.981541,46.400775],[8.981601,46.399638],[8.98201,46.398684],[8.983638,46.396683],[8.984562,46.394975],[8.986116,46.388314],[8.986087,46.387647],[8.985668,46.38698],[8.980042,46.382023],[8.978659,46.381412],[8.973381,46.379754],[8.971386,46.378852],[8.970456,46.378138],[8.970016,46.377436],[8.969491,46.375819],[8.968348,46.374287],[8.967904,46.372802],[8.967493,46.372064],[8.966612,46.371056],[8.963702,46.368408],[8.961927,46.366087],[8.961156,46.364606],[8.959275,46.360144],[8.958498,46.35895],[8.958081,46.358659],[8.958161,46.358346],[8.957531,46.356858],[8.957075,46.354917],[8.956836,46.354704],[8.956451,46.354639],[8.956129,46.354743],[8.955946,46.354961],[8.95608,46.355308],[8.956584,46.355448],[8.957551,46.354986],[8.961044,46.351767],[8.96427,46.348159],[8.968254,46.342908],[8.976915,46.33056],[8.978814,46.327557],[8.97981,46.325381],[8.980573,46.32285],[8.980974,46.320352],[8.981579,46.31391],[8.982012,46.311424],[8.982514,46.309483],[8.983737,46.306411],[8.987356,46.300153],[8.988885,46.29684],[8.989795,46.294316],[8.994356,46.279856],[8.994982,46.27844],[8.996188,46.276362],[8.998548,46.273386],[9.000898,46.271191],[9.006114,46.267182],[9.007596,46.265539],[9.008442,46.264235],[9.009259,46.262311],[9.009573,46.260816],[9.009643,46.259379],[9.00937,46.255795],[9.009657,46.253396],[9.010464,46.25099],[9.012006,46.248122],[9.013444,46.246117],[9.01478,46.244598],[9.017278,46.242438],[9.020257,46.240542],[9.025109,46.238244],[9.027413,46.236944],[9.029559,46.235317],[9.031261,46.233549],[9.032569,46.231621],[9.033498,46.22943],[9.03455,46.224359],[9.034983,46.221453],[9.035516,46.220748],[9.037531,46.219133],[9.038505,46.217929],[9.038628,46.217574],[9.038514,46.217272],[9.038194,46.217087],[9.037793,46.217077],[9.037426,46.217255],[9.037312,46.217598],[9.037435,46.218204],[9.037864,46.218978],[9.038826,46.219892],[9.040486,46.220686],[9.042598,46.221196],[9.048063,46.221683],[9.051247,46.22231],[9.066517,46.227269],[9.068291,46.227618],[9.0715,46.22802],[9.072893,46.228361],[9.078877,46.230917],[9.081426,46.231556],[9.084054,46.231622],[9.089537,46.230973],[9.091666,46.230888],[9.101944,46.231812],[9.105347,46.231873],[9.108424,46.231492],[9.12373,46.228499],[9.12677,46.228354],[9.130042,46.228758],[9.132132,46.22937],[9.133924,46.230153],[9.135074,46.230828],[9.136602,46.232046],[9.137496,46.233026],[9.138194,46.234048],[9.141341,46.240064],[9.142503,46.241457],[9.14353,46.242359],[9.145686,46.243674],[9.150376,46.245813],[9.152899,46.247227],[9.154662,46.248556],[9.157807,46.251468],[9.159337,46.25301],[9.160229,46.254101],[9.168507,46.266521],[9.169304,46.267524],[9.17056,46.268527],[9.173389,46.269955],[9.174111,46.270548],[9.174771,46.271354],[9.17524,46.272229],[9.1756,46.273349],[9.175742,46.275951],[9.176031,46.277064],[9.176556,46.27791],[9.178588,46.280135],[9.179515,46.281882],[9.181521,46.291458],[9.181909,46.292542],[9.182431,46.293521],[9.183222,46.294501],[9.187358,46.298163],[9.189353,46.300322],[9.201283,46.315215],[9.20684,46.322603],[9.207625,46.323941],[9.208212,46.325438],[9.208602,46.327301],[9.208821,46.33088],[9.209238,46.331969],[9.209708,46.332701],[9.210377,46.333487],[9.211923,46.33488],[9.216501,46.338552],[9.21746,46.339674],[9.217912,46.340846],[9.21795,46.341835],[9.217709,46.342758],[9.216685,46.345184],[9.216408,46.346583],[9.216516,46.348251],[9.216867,46.34944],[9.217872,46.351205],[9.21989,46.353536],[9.220528,46.354491],[9.220889,46.355376],[9.221396,46.357668],[9.221952,46.358724],[9.223019,46.359845],[9.225913,46.361849],[9.22659,46.362687],[9.227094,46.363967],[9.227288,46.365401],[9.227132,46.366892],[9.226498,46.368608],[9.225039,46.370904],[9.224871,46.371734],[9.225046,46.372563],[9.225549,46.373354],[9.226825,46.374526],[9.227843,46.37592],[9.230003,46.377834],[9.232837,46.382461],[9.233251,46.382609],[9.233534,46.382382],[9.233318,46.382185],[9.232975,46.382199],[9.232414,46.382824],[9.232726,46.38336],[9.232852,46.383909],[9.232577,46.384502],[9.23299,46.384902],[9.23326,46.385687],[9.233334,46.386629],[9.233926,46.387958],[9.233148,46.389347],[9.23322,46.390169],[9.233035,46.391408],[9.231343,46.395737],[9.230377,46.396811],[9.2303,46.397995],[9.229881,46.398522],[9.229971,46.398757],[9.230801,46.398966],[9.230851,46.399369],[9.230631,46.39977],[9.230366,46.399949],[9.228656,46.399929],[9.227602,46.400168],[9.227285,46.400394],[9.2274,46.400688],[9.228127,46.400879],[9.228893,46.401422],[9.228745,46.401516],[9.228131,46.401189],[9.227973,46.401236],[9.228763,46.40181],[9.228637,46.402437],[9.228827,46.403253],[9.228621,46.403248],[9.228102,46.401895],[9.227983,46.401982],[9.228021,46.402425],[9.22871,46.40393],[9.228597,46.404592],[9.229723,46.406052],[9.229862,46.406944],[9.228401,46.409302],[9.228426,46.410544],[9.229048,46.410908],[9.227979,46.410704],[9.227753,46.410516],[9.227645,46.41002],[9.227529,46.410099],[9.2275,46.410553],[9.227692,46.410903],[9.227781,46.411715],[9.227617,46.411678],[9.227307,46.41101],[9.227136,46.411019],[9.227239,46.411298],[9.227104,46.412104],[9.227216,46.412556],[9.226471,46.413935],[9.226779,46.414571],[9.226724,46.414685],[9.226501,46.414711],[9.226293,46.414499],[9.226076,46.414112],[9.226089,46.413575],[9.225885,46.413607],[9.225757,46.414984],[9.225304,46.415819],[9.22575,46.416047],[9.226047,46.416735],[9.226006,46.417429],[9.226238,46.418371],[9.225608,46.419219],[9.225443,46.420154],[9.225427,46.421287],[9.224446,46.423626],[9.223865,46.426422],[9.223562,46.426688],[9.222542,46.427135],[9.219426,46.427807],[9.21833,46.428462],[9.216159,46.429403],[9.215504,46.429808],[9.213693,46.431863],[9.213874,46.431917],[9.215324,46.431551],[9.214472,46.432374],[9.214544,46.432502],[9.2163,46.432056],[9.215838,46.432414],[9.215193,46.433571],[9.214587,46.433992],[9.214495,46.434185],[9.21445,46.434825],[9.214609,46.434942],[9.215934,46.434431],[9.215704,46.434803],[9.2158,46.43556],[9.215618,46.435674],[9.214272,46.43572],[9.213192,46.435523],[9.213056,46.435311],[9.21326,46.434717],[9.213105,46.434669],[9.212768,46.435556],[9.212869,46.435951],[9.212749,46.436543],[9.212115,46.437565],[9.211941,46.4375],[9.212312,46.436777],[9.212331,46.436463],[9.21196,46.43599],[9.212027,46.435724],[9.211939,46.435667],[9.211809,46.435732],[9.211723,46.436099],[9.211999,46.436501],[9.21199,46.43676],[9.211014,46.437874],[9.210874,46.437775],[9.211436,46.436993],[9.211369,46.436822],[9.210705,46.436991],[9.210325,46.437395],[9.20947,46.437568],[9.207324,46.437467],[9.207387,46.437346],[9.209483,46.437179],[9.208285,46.437117],[9.207632,46.436541],[9.207139,46.436633],[9.20819,46.435801],[9.207481,46.435358],[9.206532,46.435131],[9.205781,46.434633],[9.205563,46.434274],[9.205397,46.434294],[9.205592,46.435191],[9.205336,46.436045],[9.20509,46.436001],[9.204961,46.435562],[9.204981,46.434999],[9.204807,46.434951],[9.204008,46.436187],[9.203801,46.437519],[9.203279,46.438043],[9.203503,46.439447],[9.203061,46.440503],[9.203039,46.441279],[9.201692,46.444413],[9.201081,46.446683],[9.200531,46.447218],[9.200617,46.447403],[9.20127,46.447734],[9.200461,46.448581],[9.199216,46.451935],[9.199031,46.452717],[9.197925,46.455201],[9.195662,46.457348],[9.193519,46.458746],[9.193126,46.459396],[9.19325,46.460007],[9.192984,46.460723],[9.191852,46.462744],[9.190948,46.463148],[9.189962,46.462786],[9.188514,46.462795],[9.187886,46.463285],[9.187759,46.464026],[9.187572,46.464299],[9.186685,46.46485],[9.185432,46.465399],[9.185558,46.465558],[9.186278,46.465408],[9.186842,46.465467],[9.187159,46.465878],[9.187414,46.466697],[9.187142,46.467393],[9.186585,46.46808],[9.186385,46.46889],[9.186398,46.469393],[9.186272,46.469392],[9.186215,46.469107],[9.186088,46.469072],[9.185601,46.469619],[9.183135,46.470223],[9.181992,46.471058],[9.180493,46.471478],[9.180411,46.472216],[9.180631,46.472713],[9.18043,46.473151],[9.180473,46.473311],[9.180851,46.473349],[9.182245,46.472632],[9.182328,46.472805],[9.18152,46.47343],[9.181703,46.473574],[9.18271,46.473815],[9.182754,46.474034],[9.181847,46.474025],[9.181727,46.474171],[9.181885,46.474459],[9.181799,46.474555],[9.180964,46.474286],[9.181293,46.474909],[9.18129,46.475152],[9.181013,46.475563],[9.180384,46.475968],[9.179624,46.475961],[9.178006,46.476519],[9.177085,46.476377],[9.177104,46.476496],[9.177966,46.476919],[9.176789,46.476858],[9.176402,46.476984],[9.172889,46.479814],[9.171998,46.481111],[9.170872,46.482376],[9.169783,46.483161],[9.16996,46.483219],[9.171388,46.482455],[9.171901,46.481941],[9.172397,46.481675],[9.172542,46.481889],[9.172282,46.482362],[9.172349,46.482446],[9.174442,46.482254],[9.174156,46.482507],[9.173297,46.482819],[9.172638,46.483667],[9.173611,46.483214],[9.174185,46.483339],[9.174181,46.483545],[9.173287,46.484481],[9.172939,46.484679],[9.171422,46.48487],[9.170762,46.484795],[9.171598,46.485385],[9.170457,46.485106],[9.170484,46.485217],[9.171157,46.48551],[9.170139,46.486315],[9.16974,46.486432],[9.168852,46.486388],[9.168249,46.486628],[9.168421,46.486946],[9.168426,46.487352],[9.16878,46.487651],[9.168984,46.487682],[9.169457,46.487467],[9.170327,46.487417],[9.170889,46.487639],[9.171112,46.488049],[9.170553,46.491603],[9.170401,46.491988],[9.169502,46.492876],[9.169581,46.493625],[9.169157,46.494568],[9.169191,46.494939],[9.170647,46.49592],[9.171194,46.497261],[9.170991,46.497753],[9.171261,46.498007],[9.172563,46.498114],[9.174423,46.496955],[9.174571,46.496977],[9.175653,46.498938],[9.177256,46.500916],[9.178025,46.50261],[9.178731,46.503407],[9.178868,46.504328],[9.178693,46.504967],[9.178708,46.505416],[9.179017,46.505871],[9.17911,46.506829],[9.179233,46.50684],[9.179368,46.506456],[9.179521,46.506426],[9.179396,46.507465],[9.180001,46.507381],[9.179625,46.507615],[9.179461,46.507952],[9.179791,46.50924],[9.179954,46.509163],[9.179913,46.50877],[9.180169,46.50916],[9.18008,46.50999],[9.180208,46.510023],[9.180308,46.509796],[9.180429,46.50979],[9.181475,46.511494],[9.181754,46.513299],[9.183076,46.514513],[9.18202,46.515322],[9.183321,46.514765],[9.183676,46.514814],[9.183853,46.515119],[9.183917,46.515706],[9.184359,46.516379],[9.184328,46.516958],[9.1846,46.517281],[9.185702,46.518035],[9.186484,46.518344],[9.186941,46.51874],[9.188099,46.519147],[9.188984,46.519811],[9.189995,46.520225],[9.189059,46.52005],[9.186206,46.518942],[9.186732,46.519397],[9.187291,46.519535],[9.188423,46.520277],[9.189418,46.520679],[9.189289,46.520733],[9.187019,46.519995],[9.189272,46.521126],[9.189176,46.521201],[9.18784,46.520603],[9.186888,46.520423],[9.187836,46.520853],[9.188908,46.521547],[9.188805,46.521618],[9.187841,46.521193],[9.188725,46.521803],[9.188672,46.521883],[9.187588,46.521341],[9.188581,46.522074],[9.187763,46.521773],[9.187053,46.521257],[9.184937,46.520652],[9.184936,46.52078],[9.18588,46.521192],[9.183233,46.520543],[9.185977,46.521891],[9.183219,46.521184],[9.181789,46.52109],[9.181637,46.52122],[9.18284,46.521749],[9.183182,46.522731],[9.184008,46.52339],[9.185589,46.524177],[9.186844,46.524485],[9.186918,46.525258],[9.18669,46.525314],[9.186641,46.525458],[9.187124,46.525931],[9.18806,46.527402],[9.188406,46.527737],[9.193696,46.530088],[9.195519,46.53041],[9.197332,46.530372],[9.198608,46.530487],[9.199789,46.530352],[9.200637,46.530402],[9.202244,46.530759],[9.204343,46.530927],[9.205865,46.531602],[9.206879,46.531791],[9.207922,46.531727],[9.209525,46.53136],[9.210757,46.531412],[9.213082,46.532259],[9.215618,46.532667],[9.217068,46.53308],[9.223712,46.535964],[9.227003,46.53716],[9.228712,46.537586],[9.231793,46.537892],[9.237778,46.537643],[9.242055,46.538334],[9.243564,46.53822],[9.243664,46.538332],[9.245238,46.538379],[9.247704,46.538764],[9.25064,46.538696],[9.251489,46.538861],[9.254018,46.539695],[9.256579,46.539514],[9.257848,46.539602],[9.261412,46.540653],[9.26386,46.541118],[9.266155,46.541277],[9.272322,46.541166],[9.273946,46.541318],[9.278064,46.542304],[9.282657,46.544173],[9.287371,46.545234],[9.289037,46.545234],[9.292937,46.544456],[9.295606,46.544364],[9.29725,46.544702],[9.302187,46.546704],[9.303532,46.547038],[9.307778,46.547148],[9.311391,46.546768],[9.312886,46.546976],[9.314003,46.547428],[9.317538,46.549579],[9.319394,46.550414],[9.327148,46.552542],[9.328119,46.553144],[9.329469,46.554338],[9.330437,46.554841],[9.335787,46.556097],[9.337185,46.556602],[9.341212,46.558692],[9.342562,46.559717],[9.345198,46.560215],[9.348098,46.560982],[9.34867,46.561495],[9.348976,46.56284],[9.349338,46.56331],[9.35183,46.564263],[9.353434,46.565028],[9.355137,46.565538],[9.358235,46.565939],[9.361418,46.56711],[9.366053,46.567863],[9.36726,46.568421],[9.369417,46.569947],[9.371451,46.570675],[9.376579,46.571289],[9.378404,46.571155],[9.380644,46.570694],[9.381302,46.57034],[9.381771,46.569792],[9.382472,46.567108],[9.382759,46.566507],[9.383406,46.565973],[9.384402,46.565648],[9.38517,46.565628],[9.385993,46.565795],[9.386724,46.566198],[9.388217,46.567387],[9.389121,46.56772],[9.390211,46.56787],[9.391703,46.56768],[9.395904,46.566218],[9.400787,46.565811],[9.402272,46.565881],[9.403517,46.566291],[9.404404,46.566895],[9.405708,46.568847],[9.406803,46.56962],[9.413979,46.571695],[9.415283,46.572355],[9.415872,46.57296],[9.416131,46.573459],[9.416247,46.57392],[9.41625,46.575003],[9.416438,46.575482],[9.417495,46.576701],[9.417932,46.578087],[9.418423,46.578601],[9.41894,46.578903],[9.42085,46.579644],[9.422467,46.57989],[9.423591,46.579684],[9.426131,46.57849],[9.426912,46.578493],[9.427626,46.578771],[9.428013,46.579179],[9.428126,46.579789],[9.426233,46.587882],[9.426195,46.588533],[9.426539,46.589371],[9.427573,46.590529],[9.427907,46.591216],[9.427819,46.592085],[9.426995,46.593434],[9.427013,46.594239],[9.427443,46.594858],[9.429596,46.597042],[9.430526,46.598289],[9.431105,46.599463],[9.431096,46.600507],[9.430423,46.60213],[9.430226,46.603006],[9.430248,46.603885],[9.430436,46.604654],[9.43121,46.606022],[9.433357,46.608153],[9.433974,46.609436],[9.434008,46.610817],[9.433118,46.613217],[9.432921,46.614096],[9.432947,46.614894],[9.433364,46.616718],[9.432977,46.618951],[9.433131,46.620201],[9.434311,46.622323],[9.43471,46.624072],[9.435011,46.624793],[9.437699,46.62826],[9.438374,46.629495],[9.438612,46.630374],[9.438671,46.631203],[9.438264,46.633387],[9.438319,46.634377],[9.438844,46.635576],[9.440113,46.637079],[9.440517,46.63776],[9.440734,46.638486],[9.44087,46.639878],[9.441152,46.640631],[9.44169,46.641347],[9.442429,46.641954],[9.445927,46.643632],[9.447462,46.644984],[9.448222,46.646439],[9.448371,46.647933],[9.448574,46.648644],[9.449701,46.650484],[9.450735,46.651437],[9.451118,46.651972],[9.452263,46.655023],[9.452179,46.655757],[9.451514,46.656531],[9.45089,46.656848],[9.449264,46.657328],[9.448674,46.657736],[9.448402,46.658166],[9.448199,46.659308],[9.447943,46.659911],[9.447465,46.660474],[9.446213,46.661528],[9.445721,46.662555],[9.445733,46.663387],[9.446113,46.664154],[9.446505,46.664568],[9.44782,46.665407],[9.448707,46.666197],[9.449862,46.667669],[9.450126,46.668274],[9.450142,46.669344],[9.449915,46.670372],[9.447958,46.674011],[9.447971,46.674616],[9.448467,46.676149],[9.448567,46.676838],[9.44845,46.67782],[9.44813,46.678689],[9.447354,46.679806],[9.445809,46.681043],[9.444651,46.681612],[9.441271,46.682734],[9.43936,46.68382],[9.438072,46.685195],[9.437745,46.685808],[9.437451,46.686785],[9.43742,46.687731],[9.437605,46.688607],[9.438004,46.689449],[9.438699,46.690357],[9.439592,46.691159],[9.44402,46.694377],[9.446525,46.696626],[9.446921,46.696663],[9.449909,46.695821],[9.451671,46.695498],[9.453092,46.69547],[9.454442,46.695614],[9.455746,46.695933],[9.457226,46.696568],[9.459977,46.69857],[9.460883,46.699093],[9.461958,46.699519],[9.464363,46.699909],[9.466788,46.699665],[9.469124,46.698868],[9.470801,46.698147],[9.471257,46.697773],[9.471763,46.696821],[9.472051,46.696645],[9.473938,46.696324],[9.475797,46.696521],[9.477879,46.696234],[9.479498,46.695382],[9.47967,46.694973],[9.479707,46.694395],[9.479877,46.694134],[9.480893,46.693857],[9.481704,46.693339],[9.482954,46.693361],[9.484322,46.692834],[9.485113,46.692662],[9.486693,46.692966],[9.489974,46.692642],[9.492302,46.69293],[9.492855,46.692842],[9.494584,46.691343],[9.495324,46.691136],[9.496732,46.691077],[9.497739,46.690644],[9.497996,46.690407],[9.498559,46.68938],[9.500083,46.688039],[9.501155,46.687413],[9.502479,46.687145],[9.504752,46.687141],[9.505675,46.686744],[9.506502,46.686066],[9.507118,46.685865],[9.507734,46.685865],[9.509128,46.68625],[9.510065,46.686156],[9.512323,46.68478],[9.513471,46.68427],[9.522222,46.681628],[9.523369,46.681404],[9.525686,46.681242],[9.52641,46.681042],[9.526889,46.680751],[9.528212,46.67953],[9.52878,46.679244],[9.529553,46.679206],[9.531278,46.679729],[9.532344,46.679832],[9.534558,46.679432],[9.541366,46.678672],[9.542272,46.678236],[9.543433,46.676918],[9.544411,46.676164],[9.54914,46.673723],[9.551023,46.673139],[9.553081,46.673038],[9.557474,46.673844],[9.558886,46.673781],[9.560202,46.673469],[9.561475,46.672888],[9.563764,46.67149],[9.565797,46.669274],[9.56914,46.66771],[9.570467,46.66686],[9.571239,46.665403],[9.571332,46.66495],[9.571209,46.664447],[9.571335,46.66426],[9.573893,46.663146],[9.575838,46.66264],[9.576535,46.662683],[9.576689,46.662274],[9.576203,46.66202],[9.575687,46.661932],[9.576392,46.661376],[9.576122,46.661143],[9.575949,46.66122],[9.576212,46.661514],[9.575687,46.661932],[9.576203,46.66202],[9.576689,46.662274],[9.576535,46.662683],[9.575838,46.66264],[9.573893,46.663146],[9.571335,46.66426],[9.571209,46.664447],[9.57131,46.664803],[9.575081,46.664023],[9.576988,46.663984],[9.578102,46.663515],[9.578939,46.663524],[9.579381,46.663247],[9.579606,46.663376],[9.579596,46.663608],[9.578804,46.664012],[9.579899,46.664339],[9.580699,46.664184],[9.581882,46.664478],[9.582699,46.664417],[9.584783,46.664551],[9.586245,46.664271],[9.587181,46.664669],[9.588834,46.664703],[9.590124,46.664903],[9.590266,46.665221],[9.589991,46.665459],[9.588824,46.665456],[9.587363,46.665731],[9.586792,46.665693],[9.585599,46.66603],[9.58496,46.666668],[9.582505,46.667701],[9.579672,46.669228],[9.579444,46.66955],[9.579258,46.670193],[9.578934,46.670494],[9.577245,46.670773],[9.573737,46.672111],[9.573412,46.67247],[9.573629,46.673052],[9.57351,46.673211],[9.572517,46.673092],[9.571282,46.673446],[9.570693,46.67403],[9.570587,46.674896],[9.567603,46.676272],[9.567236,46.676961],[9.567173,46.677385],[9.566425,46.678485],[9.5665,46.678694],[9.567418,46.679153],[9.567653,46.679728],[9.567556,46.68025],[9.564705,46.682969],[9.563433,46.684512],[9.562987,46.688634],[9.56228,46.689534],[9.561951,46.689728],[9.561966,46.689901],[9.560008,46.692354],[9.557849,46.698598],[9.560397,46.705839],[9.559154,46.70933],[9.559608,46.713567],[9.558775,46.714692],[9.559192,46.718523],[9.558754,46.719486],[9.558672,46.721342],[9.558904,46.72249],[9.558688,46.723035],[9.557944,46.724061],[9.557687,46.725934],[9.55785,46.726854],[9.557781,46.727601],[9.557618,46.728385],[9.557207,46.729218],[9.556523,46.729876],[9.553898,46.731539],[9.553273,46.732406],[9.552449,46.733209],[9.551844,46.73428],[9.552203,46.734976],[9.552203,46.735608],[9.553012,46.73792],[9.552927,46.738851],[9.553051,46.739132],[9.553734,46.739402],[9.555393,46.739246],[9.555794,46.739426],[9.556026,46.739723],[9.556002,46.740085],[9.55545,46.741071],[9.555456,46.741499],[9.556039,46.743083],[9.556725,46.744089],[9.556418,46.744754],[9.55559,46.74468]]}},{"type":"Feature","properties":{"kind":"route","id":"saturday-ascona","label":"Sat 12","title":"Valbella to Ascona","color":"#836036","distanceMetres":240523.3,"start":"Hotel Waldhaus am See","end":"Hotel Ascona"},"geometry":{"type":"LineString","coordinates":[[9.55559,46.74468],[9.556418,46.744754],[9.556725,46.744089],[9.556039,46.743083],[9.555456,46.741499],[9.55545,46.741071],[9.556002,46.740085],[9.556026,46.739723],[9.555794,46.739426],[9.555393,46.739246],[9.553734,46.739402],[9.553051,46.739132],[9.552927,46.738851],[9.553012,46.73792],[9.552203,46.735608],[9.552203,46.734976],[9.551844,46.73428],[9.552449,46.733209],[9.553273,46.732406],[9.553898,46.731539],[9.556947,46.729531],[9.557356,46.728946],[9.557714,46.728041],[9.557852,46.726998],[9.557687,46.725934],[9.557944,46.724061],[9.558773,46.722895],[9.558915,46.722377],[9.558672,46.721342],[9.558754,46.719486],[9.559192,46.718523],[9.558775,46.714692],[9.559606,46.713639],[9.559154,46.70933],[9.560397,46.705839],[9.557888,46.698945],[9.557856,46.698502],[9.560092,46.69218],[9.562987,46.688634],[9.563392,46.684599],[9.56463,46.683047],[9.567556,46.68025],[9.567653,46.679728],[9.567418,46.679153],[9.5665,46.678694],[9.566425,46.678485],[9.567173,46.677385],[9.567514,46.676356],[9.570587,46.674896],[9.570693,46.67403],[9.571282,46.673446],[9.572517,46.673092],[9.57351,46.673211],[9.573629,46.673052],[9.573412,46.67247],[9.573737,46.672111],[9.577245,46.670773],[9.578934,46.670494],[9.579258,46.670193],[9.579444,46.66955],[9.579672,46.669228],[9.582505,46.667701],[9.58496,46.666668],[9.585641,46.66601],[9.586792,46.665693],[9.587363,46.665731],[9.588824,46.665456],[9.58988,46.665485],[9.590266,46.665221],[9.590228,46.664982],[9.590014,46.664862],[9.587181,46.664669],[9.586245,46.664271],[9.584783,46.664551],[9.582699,46.664417],[9.581882,46.664478],[9.580699,46.664184],[9.579899,46.664339],[9.578804,46.664012],[9.579596,46.663608],[9.579606,46.663376],[9.579381,46.663247],[9.578939,46.663524],[9.578102,46.663515],[9.576988,46.663984],[9.575081,46.664023],[9.57131,46.664803],[9.571208,46.664481],[9.571479,46.664183],[9.573893,46.663146],[9.575838,46.66264],[9.577146,46.662664],[9.578924,46.661843],[9.579107,46.661564],[9.579859,46.661186],[9.581796,46.66087],[9.582274,46.660561],[9.583124,46.659498],[9.58306,46.659088],[9.582612,46.658756],[9.578134,46.657553],[9.577083,46.657116],[9.575938,46.656246],[9.574895,46.655656],[9.574625,46.654704],[9.57504,46.654263],[9.576094,46.653979],[9.576422,46.653736],[9.57652,46.652577],[9.577153,46.651378],[9.577136,46.651013],[9.576854,46.650413],[9.576926,46.650166],[9.577227,46.649965],[9.578329,46.649684],[9.579774,46.648865],[9.579792,46.648437],[9.579933,46.648293],[9.580691,46.648153],[9.581087,46.647354],[9.58331,46.645758],[9.583868,46.644746],[9.584976,46.643724],[9.584947,46.643388],[9.584357,46.642675],[9.584297,46.64244],[9.584569,46.642259],[9.585205,46.642328],[9.585473,46.642206],[9.585562,46.641581],[9.585831,46.64108],[9.585813,46.640718],[9.585226,46.639437],[9.585178,46.638556],[9.586356,46.635169],[9.586618,46.632803],[9.587058,46.631487],[9.587649,46.630632],[9.587491,46.630361],[9.587134,46.630254],[9.585796,46.630727],[9.585228,46.630601],[9.58473,46.629614],[9.584214,46.628952],[9.584096,46.628571],[9.584154,46.628165],[9.586153,46.625561],[9.587434,46.62487],[9.587948,46.624056],[9.589483,46.622789],[9.589683,46.62235],[9.589702,46.621556],[9.589894,46.621055],[9.590711,46.619627],[9.591739,46.618269],[9.592528,46.6166],[9.593392,46.615718],[9.593624,46.615264],[9.593649,46.614773],[9.593489,46.614348],[9.592258,46.612802],[9.591938,46.612137],[9.591562,46.61],[9.591648,46.609415],[9.591485,46.608863],[9.591728,46.608032],[9.591706,46.607053],[9.593386,46.600936],[9.594106,46.600077],[9.59696,46.597374],[9.596414,46.597192],[9.594556,46.597538],[9.593588,46.597543],[9.591802,46.598351],[9.591688,46.5982],[9.592255,46.59765],[9.592185,46.597067],[9.591892,46.596933],[9.592193,46.596086],[9.592367,46.59611],[9.592058,46.596906],[9.592367,46.59611],[9.592193,46.596086],[9.591892,46.596933],[9.592185,46.597067],[9.592244,46.597716],[9.591688,46.5982],[9.591802,46.598351],[9.593588,46.597543],[9.594556,46.597538],[9.596414,46.597192],[9.59696,46.597374],[9.598271,46.596501],[9.606827,46.592537],[9.609038,46.590818],[9.610136,46.589017],[9.612985,46.585806],[9.615466,46.584083],[9.615881,46.583668],[9.618314,46.582289],[9.620222,46.580239],[9.622811,46.578557],[9.624474,46.577097],[9.625471,46.576705],[9.625403,46.576427],[9.624421,46.576099],[9.622607,46.574716],[9.623047,46.574136],[9.622713,46.573065],[9.623356,46.572549],[9.623865,46.571186],[9.623711,46.57078],[9.623125,46.570164],[9.622687,46.569162],[9.622643,46.568195],[9.621647,46.567278],[9.621629,46.566936],[9.622053,46.565245],[9.621304,46.563854],[9.621563,46.563357],[9.622411,46.562835],[9.623236,46.562906],[9.623761,46.562725],[9.62407,46.561991],[9.624557,46.561306],[9.625269,46.542674],[9.624414,46.538466],[9.624017,46.53728],[9.624117,46.535714],[9.624031,46.535219],[9.61977,46.526977],[9.619708,46.526233],[9.620478,46.525562],[9.621204,46.524511],[9.621126,46.524365],[9.62052,46.524116],[9.620666,46.523089],[9.621006,46.522482],[9.621672,46.522039],[9.622198,46.521337],[9.622643,46.521136],[9.623978,46.52106],[9.625308,46.520748],[9.626032,46.519951],[9.625984,46.519715],[9.625559,46.519275],[9.625754,46.518956],[9.628611,46.51862],[9.629188,46.518333],[9.629256,46.518085],[9.628964,46.517479],[9.629009,46.517138],[9.62936,46.516858],[9.630223,46.516608],[9.630381,46.516303],[9.630205,46.516135],[9.62923,46.515889],[9.628696,46.515573],[9.627979,46.514388],[9.628015,46.514117],[9.629553,46.513298],[9.630617,46.513394],[9.63124,46.513305],[9.631433,46.513433],[9.631283,46.513563],[9.629486,46.51396],[9.629367,46.5143],[9.629682,46.514494],[9.630034,46.514457],[9.63113,46.513955],[9.631937,46.51396],[9.632261,46.5138],[9.63356,46.512424],[9.633601,46.512192],[9.63336,46.511737],[9.633556,46.511034],[9.634439,46.51036],[9.634849,46.509671],[9.635754,46.508952],[9.636542,46.508617],[9.637114,46.508101],[9.637874,46.507655],[9.639813,46.505719],[9.640235,46.504848],[9.640692,46.504281],[9.641164,46.503066],[9.640862,46.502552],[9.640608,46.501676],[9.641249,46.500882],[9.641865,46.497554],[9.642262,46.497148],[9.6445,46.495626],[9.645515,46.494354],[9.644569,46.492978],[9.644514,46.491411],[9.644154,46.491181],[9.643297,46.491002],[9.642977,46.490816],[9.642816,46.490556],[9.642786,46.489782],[9.64191,46.489415],[9.641688,46.489108],[9.641865,46.488095],[9.641477,46.48685],[9.641503,46.485944],[9.641125,46.485183],[9.641048,46.484568],[9.641451,46.483903],[9.64139,46.483067],[9.641718,46.482197],[9.641625,46.480351],[9.642005,46.47964],[9.642679,46.479099],[9.645229,46.478278],[9.645525,46.477915],[9.645791,46.476923],[9.64734,46.473973],[9.647823,46.473582],[9.649171,46.473268],[9.649515,46.473025],[9.649621,46.472773],[9.649545,46.47199],[9.650052,46.469079],[9.650376,46.468696],[9.650513,46.467665],[9.651566,46.466789],[9.652867,46.466543],[9.653166,46.466376],[9.653328,46.466114],[9.653466,46.464917],[9.654839,46.463364],[9.655355,46.463079],[9.658163,46.463306],[9.658395,46.463651],[9.658167,46.464443],[9.658393,46.464578],[9.659762,46.463952],[9.662918,46.462822],[9.666501,46.46229],[9.674089,46.462029],[9.676065,46.462162],[9.677912,46.462463],[9.679739,46.462451],[9.681593,46.462151],[9.682894,46.462183],[9.683757,46.461968],[9.68398,46.462055],[9.684008,46.462187],[9.683449,46.462512],[9.68353,46.462739],[9.684718,46.463192],[9.685879,46.463857],[9.686591,46.464013],[9.686651,46.464166],[9.686198,46.464499],[9.686233,46.464683],[9.686522,46.464738],[9.687021,46.464602],[9.687561,46.464163],[9.687842,46.464237],[9.687841,46.464436],[9.687273,46.465161],[9.687334,46.465332],[9.687735,46.465294],[9.688329,46.464625],[9.688614,46.464526],[9.688814,46.46473],[9.688356,46.465354],[9.688484,46.465584],[9.688813,46.465515],[9.689338,46.46494],[9.689597,46.464885],[9.689781,46.465011],[9.690083,46.465703],[9.690509,46.466057],[9.694103,46.466853],[9.695363,46.466852],[9.696691,46.466524],[9.699995,46.464395],[9.701381,46.463969],[9.702618,46.463991],[9.705769,46.464793],[9.706163,46.465184],[9.705831,46.465999],[9.706001,46.466181],[9.70631,46.46611],[9.707588,46.46522],[9.70785,46.465206],[9.707976,46.465285],[9.707962,46.465449],[9.707075,46.466404],[9.7071,46.466596],[9.70741,46.466642],[9.707873,46.46631],[9.708146,46.466294],[9.708282,46.466439],[9.708334,46.467112],[9.70885,46.46756],[9.712321,46.468523],[9.714155,46.469386],[9.714878,46.469597],[9.71487,46.469794],[9.714165,46.469924],[9.714133,46.470161],[9.715857,46.471272],[9.716571,46.472188],[9.71687,46.472061],[9.716914,46.471396],[9.716637,46.470357],[9.717208,46.469822],[9.717761,46.469804],[9.718062,46.470083],[9.718411,46.470797],[9.719579,46.472115],[9.720651,46.47318],[9.720923,46.473282],[9.721278,46.473205],[9.721449,46.473018],[9.721767,46.47251],[9.721796,46.472015],[9.72194,46.471797],[9.722867,46.47098],[9.72343,46.470808],[9.725177,46.471063],[9.72649,46.472084],[9.726936,46.472246],[9.729933,46.4722],[9.731816,46.471571],[9.733048,46.471681],[9.734528,46.472245],[9.735961,46.47197],[9.737794,46.472445],[9.749279,46.472487],[9.749811,46.4723],[9.75062,46.471236],[9.751284,46.47087],[9.753601,46.47091],[9.754721,46.470461],[9.75545,46.470528],[9.756989,46.470073],[9.75802,46.470201],[9.760411,46.46928],[9.762441,46.469154],[9.76427,46.468877],[9.767994,46.467964],[9.770524,46.466496],[9.773862,46.465174],[9.77513,46.464382],[9.775962,46.463614],[9.776443,46.463403],[9.777741,46.463244],[9.779135,46.462718],[9.781366,46.462638],[9.782822,46.462752],[9.785321,46.462613],[9.787082,46.462016],[9.787779,46.46214],[9.789748,46.4631],[9.792833,46.465272],[9.794108,46.466388],[9.794332,46.466441],[9.794599,46.466277],[9.794626,46.465693],[9.794945,46.464838],[9.79408,46.463541],[9.793923,46.462423],[9.794139,46.462333],[9.7944,46.463226],[9.795196,46.464858],[9.79536,46.466309],[9.795964,46.467069],[9.796634,46.467432],[9.797364,46.467615],[9.800072,46.46755],[9.800687,46.46777],[9.801355,46.468231],[9.801735,46.468276],[9.801909,46.468132],[9.801878,46.467922],[9.801545,46.46733],[9.800881,46.466923],[9.799475,46.466434],[9.79889,46.466107],[9.798484,46.465731],[9.797869,46.464593],[9.79749,46.463657],[9.797392,46.462777],[9.797955,46.460704],[9.797914,46.460089],[9.798027,46.459738],[9.797753,46.458819],[9.797036,46.457959],[9.795851,46.457249],[9.794823,46.456924],[9.791905,46.456404],[9.791634,46.456473],[9.791585,46.456315],[9.79181,46.45616],[9.792099,46.456301],[9.793273,46.456393],[9.793012,46.45578],[9.792009,46.455665],[9.791542,46.45531],[9.791534,46.455098],[9.792215,46.454929],[9.793059,46.455388],[9.793012,46.45578],[9.793273,46.456393],[9.792099,46.456301],[9.79181,46.45616],[9.791905,46.456404],[9.79168,46.456489],[9.791585,46.456315],[9.79042,46.45564],[9.787758,46.452834],[9.78635,46.451569],[9.785171,46.450119],[9.784302,46.449404],[9.783127,46.447805],[9.782108,46.447489],[9.780745,46.446327],[9.779759,46.445839],[9.779116,46.445164],[9.777886,46.444842],[9.776709,46.444305],[9.775346,46.442963],[9.774705,46.442508],[9.766411,46.439113],[9.766082,46.439],[9.765841,46.439074],[9.765759,46.438906],[9.764241,46.438265],[9.763188,46.437942],[9.761448,46.437739],[9.760557,46.437506],[9.758485,46.436562],[9.756346,46.435914],[9.754102,46.434771],[9.752062,46.434188],[9.749494,46.433008],[9.748103,46.432684],[9.746004,46.432811],[9.744835,46.432657],[9.744084,46.43234],[9.742802,46.431505],[9.740997,46.431089],[9.739406,46.430446],[9.738115,46.429454],[9.736723,46.428742],[9.735023,46.428807],[9.734663,46.428719],[9.733052,46.427317],[9.730469,46.425876],[9.728883,46.425205],[9.726736,46.423562],[9.726352,46.422618],[9.7264,46.42092],[9.726609,46.420193],[9.7275,46.419248],[9.727471,46.418929],[9.727159,46.41865],[9.72556,46.417954],[9.718863,46.415867],[9.717681,46.415192],[9.716024,46.414763],[9.713949,46.413908],[9.712014,46.412448],[9.711094,46.41194],[9.709839,46.411509],[9.708776,46.410866],[9.705274,46.410238],[9.704511,46.409913],[9.704264,46.410012],[9.70368,46.40986],[9.703081,46.409318],[9.702212,46.408819],[9.701376,46.407945],[9.699893,46.407024],[9.698921,46.406693],[9.696929,46.406397],[9.696429,46.406184],[9.695166,46.405291],[9.694702,46.40456],[9.694769,46.404319],[9.695452,46.403682],[9.695628,46.403288],[9.695558,46.40181],[9.695257,46.40102],[9.695826,46.400006],[9.694771,46.398633],[9.694892,46.397797],[9.694658,46.396792],[9.694878,46.396098],[9.69478,46.395938],[9.693866,46.396169],[9.693526,46.395747],[9.693553,46.396142],[9.693392,46.396205],[9.69326,46.395866],[9.692797,46.395738],[9.692651,46.395156],[9.692198,46.394743],[9.692012,46.394769],[9.692232,46.395015],[9.69212,46.395111],[9.691549,46.394531],[9.691112,46.394425],[9.690204,46.394465],[9.690145,46.394544],[9.69029,46.394618],[9.690884,46.394599],[9.691446,46.394794],[9.691346,46.394893],[9.690919,46.394722],[9.690187,46.394914],[9.691001,46.394948],[9.69182,46.395948],[9.690604,46.395348],[9.689567,46.395309],[9.68944,46.395404],[9.690302,46.39548],[9.690766,46.395716],[9.691304,46.39633],[9.691339,46.397081],[9.691188,46.397032],[9.691087,46.396455],[9.690225,46.3959],[9.690179,46.39598],[9.690659,46.396386],[9.690785,46.39679],[9.690691,46.396973],[9.688992,46.397819],[9.687955,46.398149],[9.687076,46.398871],[9.686781,46.39884],[9.686739,46.398618],[9.688194,46.397377],[9.688157,46.397139],[9.687807,46.397125],[9.687083,46.397571],[9.686161,46.397836],[9.684728,46.398516],[9.682732,46.398677],[9.681857,46.39848],[9.679057,46.397324],[9.677353,46.395751],[9.676992,46.394962],[9.676741,46.394789],[9.675359,46.394427],[9.673138,46.394393],[9.672318,46.394209],[9.671073,46.39459],[9.670912,46.394495],[9.670923,46.394361],[9.671484,46.394127],[9.671492,46.393923],[9.669628,46.393792],[9.66876,46.393459],[9.666842,46.391748],[9.665545,46.390299],[9.661228,46.38198],[9.660582,46.377368],[9.659838,46.375162],[9.659355,46.374189],[9.659376,46.373795],[9.659751,46.372924],[9.65965,46.372064],[9.659718,46.37154],[9.65853,46.370419],[9.65798,46.369633],[9.657848,46.368954],[9.65729,46.367801],[9.6573,46.366689],[9.656689,46.365385],[9.656273,46.365361],[9.655103,46.366445],[9.65444,46.366748],[9.654078,46.366726],[9.65388,46.366481],[9.653201,46.364098],[9.65274,46.363645],[9.651971,46.363186],[9.651657,46.36265],[9.651362,46.362724],[9.651362,46.363655],[9.650268,46.36405],[9.650015,46.363416],[9.648944,46.362503],[9.648933,46.362014],[9.648702,46.361616],[9.647912,46.360875],[9.647634,46.360903],[9.647526,46.361424],[9.646829,46.362084],[9.646468,46.362151],[9.646076,46.361279],[9.645631,46.360861],[9.645188,46.35992],[9.644632,46.359368],[9.644086,46.358271],[9.643774,46.358316],[9.642838,46.359538],[9.642415,46.359498],[9.641444,46.359039],[9.641102,46.358286],[9.638247,46.356327],[9.637292,46.355872],[9.634144,46.354781],[9.629427,46.351883],[9.627914,46.351198],[9.623448,46.350039],[9.620348,46.350068],[9.608949,46.348795],[9.605718,46.348945],[9.604758,46.348842],[9.603541,46.348357],[9.602335,46.347305],[9.601567,46.346883],[9.600611,46.346635],[9.598478,46.346577],[9.597613,46.34637],[9.594431,46.344251],[9.592691,46.343756],[9.590588,46.343395],[9.58826,46.341949],[9.584837,46.341211],[9.58181,46.340789],[9.578844,46.339916],[9.578192,46.339904],[9.577085,46.340238],[9.575952,46.33989],[9.574939,46.339975],[9.572311,46.339789],[9.570264,46.339162],[9.569379,46.339045],[9.567243,46.339146],[9.563662,46.339615],[9.561474,46.339115],[9.560532,46.338713],[9.558502,46.337361],[9.557531,46.337076],[9.556255,46.336986],[9.552652,46.337088],[9.550046,46.336223],[9.548775,46.336055],[9.54753,46.33613],[9.545329,46.336518],[9.544351,46.336523],[9.543574,46.33636],[9.542398,46.335849],[9.537913,46.334461],[9.536304,46.33437],[9.533216,46.334601],[9.532516,46.334411],[9.531332,46.333621],[9.530792,46.333484],[9.529297,46.33349],[9.526962,46.333206],[9.525289,46.333821],[9.523657,46.333842],[9.522007,46.334231],[9.520742,46.334296],[9.519542,46.334086],[9.516916,46.333049],[9.514636,46.332989],[9.512069,46.332325],[9.510751,46.332273],[9.51017,46.332354],[9.509696,46.332572],[9.509274,46.332558],[9.507161,46.331891],[9.504382,46.331585],[9.503215,46.331679],[9.501118,46.331528],[9.498815,46.33115],[9.49718,46.331105],[9.495625,46.331349],[9.493265,46.331124],[9.491742,46.331363],[9.491406,46.331171],[9.49104,46.330475],[9.49043,46.330261],[9.489343,46.330318],[9.487263,46.331003],[9.486352,46.330418],[9.484637,46.330071],[9.483936,46.329518],[9.483542,46.329682],[9.483272,46.330426],[9.48245,46.330996],[9.482098,46.331047],[9.478698,46.329788],[9.476991,46.328783],[9.475009,46.328423],[9.473942,46.32856],[9.472277,46.328481],[9.470127,46.327698],[9.468778,46.327894],[9.467899,46.32772],[9.46612,46.327759],[9.464997,46.327339],[9.464423,46.326872],[9.463776,46.32661],[9.461684,46.326781],[9.460223,46.326329],[9.458861,46.326215],[9.457865,46.32555],[9.457227,46.325352],[9.454988,46.325628],[9.454216,46.326421],[9.453411,46.326774],[9.451718,46.327953],[9.449692,46.328133],[9.448695,46.328055],[9.446669,46.328166],[9.444113,46.328633],[9.442553,46.329203],[9.4419,46.329288],[9.440473,46.329258],[9.438455,46.328701],[9.433756,46.328364],[9.429926,46.326528],[9.427936,46.326153],[9.424017,46.326141],[9.423552,46.326266],[9.422468,46.326923],[9.420483,46.327348],[9.41672,46.327132],[9.413912,46.32731],[9.412845,46.32716],[9.41156,46.327352],[9.410075,46.32732],[9.408818,46.326927],[9.40835,46.326056],[9.407549,46.32552],[9.405833,46.325067],[9.398737,46.322233],[9.398125,46.321791],[9.397586,46.321002],[9.392557,46.32097],[9.389128,46.321494],[9.387723,46.322171],[9.386018,46.322638],[9.384347,46.323559],[9.380537,46.324331],[9.379577,46.32483],[9.378161,46.32527],[9.375969,46.326937],[9.37573,46.327584],[9.374543,46.329683],[9.373832,46.330482],[9.372706,46.332364],[9.372423,46.333169],[9.371618,46.333989],[9.371076,46.33416],[9.370346,46.334626],[9.370465,46.334666],[9.371085,46.334298],[9.371128,46.334381],[9.370551,46.334979],[9.371438,46.334707],[9.370363,46.335787],[9.369551,46.336389],[9.369578,46.336568],[9.37014,46.337166],[9.369774,46.338443],[9.369995,46.338481],[9.371096,46.337945],[9.371238,46.337987],[9.370464,46.338817],[9.370378,46.339064],[9.370513,46.340422],[9.370772,46.340969],[9.370334,46.342073],[9.370949,46.343048],[9.370959,46.34331],[9.370588,46.344108],[9.369682,46.344806],[9.369326,46.345264],[9.369107,46.345832],[9.368539,46.346261],[9.368235,46.347216],[9.36778,46.347783],[9.367585,46.348519],[9.367617,46.349363],[9.367148,46.350396],[9.367197,46.350939],[9.366971,46.351691],[9.367191,46.351649],[9.367662,46.350391],[9.367881,46.350469],[9.367813,46.351144],[9.367133,46.352882],[9.366111,46.353093],[9.366264,46.353276],[9.366752,46.353113],[9.366899,46.353206],[9.366216,46.353619],[9.366141,46.3544],[9.365707,46.354774],[9.365549,46.355427],[9.364863,46.356496],[9.364526,46.357318],[9.364653,46.358222],[9.363929,46.358801],[9.363556,46.359488],[9.364157,46.361373],[9.364388,46.361388],[9.364282,46.361107],[9.364367,46.361021],[9.364677,46.361267],[9.364564,46.36172],[9.364817,46.362307],[9.364808,46.362663],[9.364203,46.363128],[9.364364,46.363193],[9.364998,46.362945],[9.365191,46.362997],[9.363785,46.363811],[9.363562,46.364067],[9.363622,46.36581],[9.363767,46.36591],[9.363959,46.365837],[9.36384,46.365211],[9.363961,46.365088],[9.364179,46.365139],[9.364252,46.365692],[9.364568,46.36615],[9.364597,46.366446],[9.36423,46.366732],[9.362118,46.367333],[9.360822,46.368075],[9.36094,46.368202],[9.362105,46.367916],[9.361144,46.368974],[9.359686,46.36916],[9.359234,46.369331],[9.359847,46.369294],[9.360058,46.369432],[9.359442,46.369874],[9.359085,46.370577],[9.359063,46.370906],[9.359353,46.371735],[9.359999,46.372798],[9.360005,46.373354],[9.360803,46.374022],[9.360848,46.374244],[9.360628,46.374461],[9.359871,46.374771],[9.358826,46.375734],[9.358009,46.376802],[9.357889,46.377183],[9.356699,46.378155],[9.355909,46.379142],[9.35543,46.382863],[9.355515,46.384489],[9.354675,46.385239],[9.354091,46.386833],[9.352932,46.388917],[9.352703,46.391626],[9.352989,46.39277],[9.352669,46.393588],[9.35293,46.395207],[9.352555,46.398074],[9.353003,46.39999],[9.354733,46.402526],[9.354748,46.402881],[9.35415,46.403509],[9.351766,46.405356],[9.352046,46.406268],[9.351325,46.407048],[9.350931,46.409626],[9.350703,46.41022],[9.349315,46.410823],[9.348519,46.411477],[9.347337,46.411774],[9.346456,46.412407],[9.345333,46.413965],[9.34443,46.414871],[9.34382,46.41647],[9.343694,46.417113],[9.343918,46.417672],[9.343604,46.418207],[9.343907,46.418685],[9.343212,46.419842],[9.343119,46.42041],[9.343286,46.420619],[9.343234,46.420242],[9.343359,46.419991],[9.343956,46.419429],[9.344041,46.419498],[9.343686,46.419805],[9.343591,46.420447],[9.3437,46.420444],[9.343732,46.42007],[9.344045,46.419695],[9.344244,46.419641],[9.344037,46.419861],[9.343935,46.420327],[9.344247,46.419815],[9.344368,46.419824],[9.344212,46.420145],[9.344233,46.420624],[9.343916,46.420995],[9.344013,46.422201],[9.344144,46.4222],[9.344109,46.421526],[9.344243,46.422159],[9.344641,46.422714],[9.344384,46.423049],[9.344447,46.423368],[9.344496,46.423001],[9.344861,46.422751],[9.344448,46.422037],[9.344638,46.422114],[9.345042,46.422729],[9.344743,46.423018],[9.344948,46.423289],[9.344755,46.424114],[9.345156,46.424364],[9.345208,46.424535],[9.344888,46.425379],[9.344773,46.42674],[9.34347,46.427639],[9.343449,46.427808],[9.343843,46.428133],[9.343882,46.428494],[9.343603,46.43016],[9.343256,46.430744],[9.342578,46.431187],[9.342314,46.431841],[9.342502,46.431869],[9.343154,46.431424],[9.344264,46.431323],[9.344916,46.431009],[9.345134,46.431064],[9.34324,46.432273],[9.342504,46.433533],[9.341964,46.434923],[9.342282,46.435709],[9.343219,46.436643],[9.343716,46.436923],[9.343905,46.437403],[9.344295,46.437749],[9.344063,46.437064],[9.344236,46.437063],[9.34503,46.438228],[9.345444,46.440001],[9.344351,46.441234],[9.343426,46.442939],[9.342429,46.444383],[9.341051,46.445968],[9.34026,46.446659],[9.339168,46.448561],[9.33929,46.448615],[9.340292,46.447814],[9.34034,46.448613],[9.339982,46.449553],[9.340446,46.449533],[9.340941,46.448976],[9.341075,46.448992],[9.341261,46.449962],[9.340605,46.451476],[9.340373,46.451695],[9.339722,46.451691],[9.338522,46.45287],[9.339145,46.452848],[9.339486,46.453155],[9.339437,46.453337],[9.3372,46.454608],[9.336384,46.455484],[9.336892,46.456389],[9.338166,46.458003],[9.338445,46.459027],[9.339736,46.460059],[9.340799,46.461246],[9.344113,46.463673],[9.344773,46.464558],[9.346854,46.465954],[9.347972,46.467185],[9.349591,46.468298],[9.350114,46.469355],[9.350398,46.469215],[9.350093,46.468096],[9.350378,46.468068],[9.351433,46.470045],[9.351612,46.471079],[9.351526,46.472465],[9.351778,46.473919],[9.351656,46.474805],[9.351853,46.476187],[9.352166,46.476708],[9.352478,46.477718],[9.353216,46.478414],[9.353684,46.479162],[9.35401,46.480226],[9.354369,46.480635],[9.355402,46.481345],[9.355669,46.481802],[9.355692,46.482196],[9.355385,46.482614],[9.353283,46.484366],[9.350949,46.486014],[9.349856,46.486623],[9.347239,46.487553],[9.34624,46.487519],[9.344922,46.487245],[9.344438,46.487302],[9.344003,46.487485],[9.341401,46.489262],[9.33955,46.489904],[9.338631,46.489929],[9.337569,46.489353],[9.337169,46.489313],[9.334393,46.490405],[9.335561,46.490581],[9.335015,46.490651],[9.333827,46.491121],[9.3318,46.492249],[9.331813,46.492436],[9.332296,46.492538],[9.331398,46.492905],[9.330751,46.49365],[9.330624,46.494283],[9.331787,46.493738],[9.331407,46.494143],[9.331087,46.495777],[9.330527,46.496542],[9.331336,46.496097],[9.331412,46.496181],[9.330341,46.497295],[9.330086,46.497991],[9.330511,46.497596],[9.330641,46.497639],[9.330055,46.499044],[9.329773,46.500269],[9.328994,46.501831],[9.329062,46.501999],[9.330032,46.502429],[9.330051,46.502559],[9.329782,46.502816],[9.329809,46.502976],[9.330745,46.503823],[9.330421,46.504681],[9.330446,46.505445],[9.33015,46.506],[9.330215,46.506485],[9.329429,46.508224],[9.328957,46.508923],[9.328006,46.509416],[9.327418,46.509554],[9.326815,46.51023],[9.32578,46.510969],[9.326012,46.511216],[9.326401,46.511288],[9.326568,46.511198],[9.326609,46.510864],[9.326752,46.510848],[9.326752,46.511362],[9.326558,46.511751],[9.327468,46.512207],[9.328049,46.511358],[9.329037,46.51092],[9.328874,46.511178],[9.328449,46.511432],[9.328217,46.511798],[9.328114,46.51215],[9.328234,46.512589],[9.328482,46.512062],[9.329095,46.511748],[9.329737,46.511115],[9.329875,46.511131],[9.329614,46.511589],[9.32953,46.512074],[9.329113,46.512532],[9.329045,46.513092],[9.328706,46.513613],[9.329095,46.514019],[9.328729,46.514539],[9.328932,46.515126],[9.328623,46.515525],[9.328631,46.515866],[9.328457,46.516141],[9.328605,46.516143],[9.328939,46.515609],[9.329391,46.515275],[9.329034,46.516249],[9.329853,46.515465],[9.329451,46.516422],[9.330484,46.515671],[9.330585,46.51575],[9.330149,46.516493],[9.330956,46.516007],[9.331039,46.51607],[9.330611,46.516745],[9.331081,46.516517],[9.331783,46.5164],[9.331191,46.517398],[9.329461,46.523334],[9.329498,46.523581],[9.330143,46.524306],[9.33022,46.524612],[9.329212,46.527186],[9.328341,46.527867],[9.328437,46.528796],[9.327682,46.529876],[9.32746,46.530871],[9.326797,46.532168],[9.326638,46.533196],[9.326697,46.534552],[9.326262,46.534718],[9.326435,46.535878],[9.325679,46.538019],[9.324628,46.539225],[9.324229,46.540156],[9.324365,46.540664],[9.324633,46.541062],[9.325518,46.541829],[9.326128,46.542063],[9.32618,46.542274],[9.325512,46.542603],[9.324846,46.542704],[9.324568,46.54342],[9.323324,46.544281],[9.322576,46.544199],[9.321844,46.543833],[9.320102,46.544185],[9.320229,46.54429],[9.321549,46.544333],[9.322721,46.545471],[9.323654,46.545717],[9.323441,46.545814],[9.321528,46.545576],[9.320389,46.545649],[9.320378,46.545824],[9.321631,46.546056],[9.322808,46.546754],[9.320154,46.546658],[9.321832,46.547365],[9.322896,46.54765],[9.323913,46.548154],[9.323901,46.548322],[9.323332,46.548836],[9.323365,46.552388],[9.322577,46.552268],[9.320156,46.551328],[9.319452,46.550584],[9.318884,46.550212],[9.317246,46.549416],[9.313754,46.5473],[9.312341,46.546852],[9.310929,46.54678],[9.307429,46.547157],[9.303532,46.547038],[9.302187,46.546704],[9.29725,46.544702],[9.295606,46.544364],[9.292937,46.544456],[9.289037,46.545234],[9.287371,46.545234],[9.282657,46.544173],[9.278064,46.542304],[9.273946,46.541318],[9.272322,46.541166],[9.266155,46.541277],[9.26386,46.541118],[9.261412,46.540653],[9.257848,46.539602],[9.256579,46.539514],[9.254018,46.539695],[9.251489,46.538861],[9.25064,46.538696],[9.247849,46.53877],[9.245182,46.538464],[9.24246,46.53852],[9.237673,46.53794],[9.235086,46.538069],[9.231351,46.538717],[9.229835,46.53869],[9.228322,46.538221],[9.225278,46.536435],[9.222543,46.535381],[9.21719,46.533018],[9.215812,46.532635],[9.213124,46.5322],[9.210808,46.531355],[9.209697,46.531245],[9.207787,46.531675],[9.206768,46.531716],[9.203662,46.530722],[9.203319,46.530823],[9.202376,46.530773],[9.200174,46.530363],[9.198608,46.530487],[9.197332,46.530372],[9.195705,46.530417],[9.194029,46.530185],[9.188406,46.527737],[9.18806,46.527402],[9.187124,46.525931],[9.186641,46.525458],[9.18669,46.525314],[9.186918,46.525258],[9.186844,46.524485],[9.185589,46.524177],[9.184008,46.52339],[9.183182,46.522731],[9.18284,46.521749],[9.181637,46.52122],[9.181789,46.52109],[9.183219,46.521184],[9.185977,46.521891],[9.183233,46.520543],[9.18588,46.521192],[9.184936,46.52078],[9.184937,46.520652],[9.187053,46.521257],[9.187763,46.521773],[9.188581,46.522074],[9.187588,46.521341],[9.188672,46.521883],[9.188725,46.521803],[9.187841,46.521193],[9.188805,46.521618],[9.188908,46.521547],[9.187836,46.520853],[9.186888,46.520423],[9.18784,46.520603],[9.189176,46.521201],[9.189272,46.521126],[9.187019,46.519995],[9.189289,46.520733],[9.189418,46.520679],[9.188423,46.520277],[9.187291,46.519535],[9.186732,46.519397],[9.186206,46.518942],[9.189059,46.52005],[9.189995,46.520225],[9.188984,46.519811],[9.188099,46.519147],[9.186941,46.51874],[9.186484,46.518344],[9.185702,46.518035],[9.1846,46.517281],[9.184328,46.516958],[9.184359,46.516379],[9.183917,46.515706],[9.183853,46.515119],[9.183676,46.514814],[9.183321,46.514765],[9.18202,46.515322],[9.183076,46.514513],[9.181754,46.513299],[9.181475,46.511494],[9.180429,46.50979],[9.180308,46.509796],[9.180208,46.510023],[9.18008,46.50999],[9.180169,46.50916],[9.179913,46.50877],[9.179954,46.509163],[9.179791,46.50924],[9.179461,46.507952],[9.179625,46.507615],[9.180001,46.507381],[9.179396,46.507465],[9.179521,46.506426],[9.179368,46.506456],[9.179233,46.50684],[9.17911,46.506829],[9.179017,46.505871],[9.178708,46.505416],[9.178693,46.504967],[9.178868,46.504328],[9.178731,46.503407],[9.178025,46.50261],[9.177256,46.500916],[9.175653,46.498938],[9.174571,46.496977],[9.174423,46.496955],[9.172563,46.498114],[9.171261,46.498007],[9.170991,46.497753],[9.171194,46.497261],[9.170647,46.49592],[9.169191,46.494939],[9.169157,46.494568],[9.169581,46.493625],[9.169502,46.492876],[9.170401,46.491988],[9.170553,46.491603],[9.171112,46.488049],[9.170889,46.487639],[9.170327,46.487417],[9.169457,46.487467],[9.168984,46.487682],[9.16878,46.487651],[9.168426,46.487352],[9.168421,46.486946],[9.168241,46.486655],[9.168852,46.486388],[9.16974,46.486432],[9.170139,46.486315],[9.171157,46.48551],[9.170484,46.485217],[9.170457,46.485106],[9.171598,46.485385],[9.170762,46.484795],[9.171422,46.48487],[9.172939,46.484679],[9.173287,46.484481],[9.174181,46.483545],[9.174185,46.483339],[9.173611,46.483214],[9.172638,46.483667],[9.173297,46.482819],[9.174156,46.482507],[9.174442,46.482254],[9.172349,46.482446],[9.172282,46.482362],[9.172542,46.481889],[9.172397,46.481675],[9.171901,46.481941],[9.171388,46.482455],[9.16996,46.483219],[9.169783,46.483161],[9.170872,46.482376],[9.171998,46.481111],[9.172889,46.479814],[9.176402,46.476984],[9.176789,46.476858],[9.177966,46.476919],[9.177104,46.476496],[9.177085,46.476377],[9.178006,46.476519],[9.179624,46.475961],[9.180384,46.475968],[9.181013,46.475563],[9.18129,46.475152],[9.181293,46.474909],[9.180964,46.474286],[9.181799,46.474555],[9.181885,46.474459],[9.181727,46.474171],[9.181847,46.474025],[9.182754,46.474034],[9.18271,46.473815],[9.181703,46.473574],[9.18152,46.47343],[9.182328,46.472805],[9.182245,46.472632],[9.180851,46.473349],[9.180473,46.473311],[9.18043,46.473151],[9.180631,46.472713],[9.180411,46.472216],[9.180493,46.471478],[9.181992,46.471058],[9.183135,46.470223],[9.185601,46.469619],[9.186088,46.469072],[9.186215,46.469107],[9.186272,46.469392],[9.186398,46.469393],[9.186385,46.46889],[9.186585,46.46808],[9.187142,46.467393],[9.187414,46.466697],[9.187159,46.465878],[9.186842,46.465467],[9.186278,46.465408],[9.185558,46.465558],[9.185432,46.465399],[9.186685,46.46485],[9.187572,46.464299],[9.187759,46.464026],[9.187886,46.463285],[9.188514,46.462795],[9.189962,46.462786],[9.190948,46.463148],[9.191852,46.462744],[9.192984,46.460723],[9.19325,46.460007],[9.193126,46.459396],[9.193519,46.458746],[9.195662,46.457348],[9.197925,46.455201],[9.199031,46.452717],[9.199216,46.451935],[9.200461,46.448581],[9.20127,46.447734],[9.200587,46.447381],[9.200544,46.447174],[9.200765,46.446936],[9.201683,46.44702],[9.200765,46.446936],[9.201081,46.446683],[9.201692,46.444413],[9.202298,46.4429],[9.202631,46.442418],[9.203074,46.441159],[9.203061,46.440503],[9.203503,46.439447],[9.203259,46.438101],[9.203801,46.437519],[9.204008,46.436187],[9.204807,46.434951],[9.204981,46.434999],[9.204961,46.435562],[9.20509,46.436001],[9.205336,46.436045],[9.205592,46.435191],[9.205397,46.434294],[9.205563,46.434274],[9.205781,46.434633],[9.206532,46.435131],[9.207481,46.435358],[9.20819,46.435801],[9.207139,46.436633],[9.207632,46.436541],[9.208285,46.437117],[9.209483,46.437179],[9.207387,46.437346],[9.207324,46.437467],[9.20947,46.437568],[9.210325,46.437395],[9.210705,46.436991],[9.211369,46.436822],[9.211436,46.436993],[9.210874,46.437775],[9.211014,46.437874],[9.21199,46.43676],[9.211999,46.436501],[9.211723,46.436099],[9.211809,46.435732],[9.211939,46.435667],[9.212027,46.435724],[9.21196,46.43599],[9.212331,46.436463],[9.212312,46.436777],[9.211941,46.4375],[9.212115,46.437565],[9.212749,46.436543],[9.212869,46.435951],[9.212768,46.435556],[9.213105,46.434669],[9.21326,46.434717],[9.213056,46.435311],[9.213192,46.435523],[9.214272,46.43572],[9.215618,46.435674],[9.2158,46.43556],[9.215704,46.434803],[9.215934,46.434431],[9.214609,46.434942],[9.21445,46.434825],[9.214495,46.434185],[9.214587,46.433992],[9.215193,46.433571],[9.215838,46.432414],[9.2163,46.432056],[9.214544,46.432502],[9.214472,46.432374],[9.215324,46.431551],[9.213874,46.431917],[9.213693,46.431863],[9.215504,46.429808],[9.216159,46.429403],[9.21833,46.428462],[9.219426,46.427807],[9.222542,46.427135],[9.223562,46.426688],[9.223865,46.426422],[9.224446,46.423626],[9.225427,46.421287],[9.225443,46.420154],[9.225608,46.419219],[9.226238,46.418371],[9.226006,46.417429],[9.226047,46.416735],[9.22575,46.416047],[9.225304,46.415819],[9.225757,46.414984],[9.225885,46.413607],[9.226089,46.413575],[9.226076,46.414112],[9.226293,46.414499],[9.226501,46.414711],[9.226724,46.414685],[9.226779,46.414571],[9.226471,46.413935],[9.227216,46.412556],[9.227104,46.412104],[9.227239,46.411298],[9.227136,46.411019],[9.227307,46.41101],[9.227617,46.411678],[9.227781,46.411715],[9.227692,46.410903],[9.2275,46.410553],[9.227529,46.410099],[9.227645,46.41002],[9.227753,46.410516],[9.227979,46.410704],[9.229048,46.410908],[9.228426,46.410544],[9.228401,46.409302],[9.229862,46.406944],[9.229723,46.406052],[9.228597,46.404592],[9.22871,46.40393],[9.228021,46.402425],[9.227983,46.401982],[9.228102,46.401895],[9.228621,46.403248],[9.228827,46.403253],[9.228637,46.402437],[9.228763,46.40181],[9.227973,46.401236],[9.228131,46.401189],[9.228745,46.401516],[9.228893,46.401422],[9.228127,46.400879],[9.2274,46.400688],[9.227285,46.400394],[9.227602,46.400168],[9.228656,46.399929],[9.230232,46.399985],[9.230727,46.399637],[9.230859,46.399035],[9.230629,46.398853],[9.229971,46.398757],[9.229881,46.398522],[9.2303,46.397995],[9.230377,46.396811],[9.231343,46.395737],[9.233035,46.391408],[9.23322,46.390169],[9.233148,46.389347],[9.233847,46.388159],[9.23392,46.387816],[9.233334,46.386629],[9.23326,46.385687],[9.23299,46.384902],[9.232577,46.384502],[9.232849,46.383965],[9.232744,46.383412],[9.231891,46.381876],[9.231807,46.38166],[9.231931,46.381486],[9.23137,46.380202],[9.229873,46.377787],[9.227717,46.375886],[9.226839,46.374655],[9.225355,46.373239],[9.224899,46.372389],[9.224787,46.371731],[9.224956,46.370897],[9.226416,46.368585],[9.227121,46.366581],[9.227175,46.364851],[9.226735,46.363261],[9.226319,46.362502],[9.225708,46.361808],[9.223202,46.360118],[9.221848,46.358775],[9.221278,46.357705],[9.220771,46.355436],[9.2204,46.354527],[9.219762,46.353562],[9.217529,46.350925],[9.216624,46.349145],[9.216296,46.347613],[9.21636,46.345972],[9.216821,46.344436],[9.217698,46.342404],[9.217833,46.341701],[9.217708,46.340564],[9.217335,46.339705],[9.216392,46.338605],[9.211831,46.334928],[9.20988,46.333088],[9.209134,46.33199],[9.208699,46.330898],[9.208569,46.330143],[9.208475,46.327356],[9.208267,46.3261],[9.207503,46.32398],[9.206718,46.322632],[9.2007,46.314663],[9.189259,46.300391],[9.187254,46.298215],[9.183111,46.294548],[9.182323,46.293563],[9.181787,46.292582],[9.181256,46.290922],[9.179388,46.281894],[9.17848,46.280185],[9.176554,46.27809],[9.175931,46.277142],[9.175641,46.276176],[9.175446,46.273252],[9.175113,46.272252],[9.174642,46.271374],[9.174132,46.270727],[9.173328,46.270041],[9.170351,46.268518],[9.169475,46.267856],[9.168829,46.267152],[9.160081,46.254133],[9.158745,46.252537],[9.15567,46.24959],[9.153929,46.248091],[9.152494,46.247084],[9.150348,46.245905],[9.14518,46.24352],[9.143426,46.24241],[9.142227,46.241326],[9.141389,46.240327],[9.140748,46.239317],[9.138194,46.234048],[9.137102,46.232565],[9.1361,46.231598],[9.133924,46.230153],[9.131605,46.229181],[9.129295,46.228615],[9.125902,46.228342],[9.122656,46.228663],[9.10901,46.231467],[9.106052,46.231906],[9.102798,46.231951],[9.091367,46.230969],[9.08957,46.231052],[9.084042,46.231707],[9.081901,46.231698],[9.080144,46.231401],[9.078839,46.230999],[9.072838,46.228438],[9.071082,46.22803],[9.067725,46.227618],[9.065632,46.227114],[9.051259,46.222405],[9.047751,46.221715],[9.042109,46.221197],[9.041141,46.220991],[9.039547,46.220418],[9.038009,46.219399],[9.037023,46.218177],[9.036585,46.216838],[9.036637,46.214954],[9.036462,46.214016],[9.035643,46.212556],[9.034623,46.211606],[9.033679,46.210978],[9.032405,46.21037],[9.027205,46.208873],[9.019317,46.205543],[9.017913,46.204655],[9.016777,46.203716],[9.012761,46.199362],[9.011253,46.197542],[9.009776,46.195495],[9.003074,46.185137],[9.001712,46.183231],[8.999517,46.180701],[8.994562,46.175882],[8.992478,46.173226],[8.991278,46.170967],[8.990606,46.169279],[8.990275,46.167659],[8.990071,46.164818],[8.989759,46.164316],[8.988864,46.163563],[8.988721,46.162734],[8.988543,46.162451],[8.987919,46.16205],[8.965124,46.153126],[8.963473,46.152564],[8.962023,46.152232],[8.959793,46.15182],[8.957342,46.15165],[8.940181,46.152315],[8.938572,46.152138],[8.929774,46.150212],[8.928708,46.150059],[8.928533,46.150164],[8.928404,46.15005],[8.913395,46.152435],[8.912948,46.152512],[8.912837,46.152643],[8.912637,46.152557],[8.907203,46.153427],[8.898349,46.153825],[8.893835,46.153158],[8.893174,46.153138],[8.892091,46.153346],[8.891329,46.153722],[8.891001,46.154132],[8.886176,46.163821],[8.885885,46.164652],[8.88583,46.167133],[8.885664,46.168009],[8.885751,46.1682],[8.885546,46.16842],[8.884297,46.168219],[8.872265,46.168389],[8.869816,46.168596],[8.867221,46.169076],[8.863541,46.170268],[8.858461,46.172792],[8.856301,46.17372],[8.850606,46.175342],[8.848077,46.17622],[8.837616,46.181024],[8.833881,46.182475],[8.831575,46.182994],[8.829235,46.183347],[8.813887,46.185291],[8.811494,46.185454],[8.809554,46.18537],[8.807684,46.185091],[8.804716,46.184184],[8.803206,46.183439],[8.797283,46.17963],[8.793044,46.175764],[8.792519,46.175123],[8.791579,46.173515],[8.790313,46.169653],[8.789573,46.168215],[8.787344,46.165724],[8.784835,46.163683],[8.781987,46.162259],[8.780338,46.161588],[8.779157,46.161286],[8.778108,46.161194],[8.776478,46.161337],[8.774361,46.161795],[8.774181,46.161966],[8.774353,46.162165],[8.774711,46.162092],[8.775028,46.161513],[8.774934,46.160835],[8.774526,46.160531],[8.774263,46.160611],[8.773974,46.161287],[8.773575,46.161475],[8.772218,46.161628],[8.769093,46.161575],[8.769164,46.161438],[8.769692,46.161413],[8.770016,46.161123],[8.769788,46.160844],[8.769778,46.1602],[8.769273,46.159659],[8.769259,46.159382]]}},{"type":"Feature","properties":{"kind":"route","id":"sunday-return","label":"Sun 13","title":"Ascona to the Lugano car return","color":"#263d45","distanceMetres":42573.5,"start":"Hotel Ascona","end":"Europcar / AMAG Lugano"},"geometry":{"type":"LineString","coordinates":[[8.769259,46.159382],[8.769273,46.159659],[8.769778,46.1602],[8.769788,46.160844],[8.770016,46.161123],[8.769692,46.161413],[8.769164,46.161438],[8.769093,46.161575],[8.772218,46.161628],[8.773653,46.16146],[8.774019,46.16123],[8.774406,46.16046],[8.77513,46.160282],[8.775254,46.160361],[8.775184,46.160779],[8.775583,46.161232],[8.778152,46.161067],[8.779589,46.16128],[8.781067,46.161774],[8.785461,46.163611],[8.789573,46.168215],[8.790313,46.169653],[8.791579,46.173515],[8.792519,46.175123],[8.793044,46.175764],[8.797283,46.17963],[8.803206,46.183439],[8.805398,46.184447],[8.808582,46.185251],[8.810482,46.185441],[8.812664,46.18541],[8.829235,46.183347],[8.831575,46.182994],[8.833881,46.182475],[8.837616,46.181024],[8.847835,46.17622],[8.850331,46.175334],[8.856298,46.173612],[8.858569,46.172617],[8.863254,46.170271],[8.864939,46.169623],[8.867173,46.168979],[8.869257,46.16857],[8.871478,46.168339],[8.885016,46.168063],[8.885485,46.16779],[8.885805,46.167327],[8.885841,46.16516],[8.885983,46.164293],[8.888063,46.159853],[8.891057,46.154037],[8.89144,46.153608],[8.892454,46.153022],[8.893428,46.153077],[8.898096,46.153821],[8.906989,46.153446],[8.912588,46.152566],[8.912752,46.152431],[8.912995,46.152505],[8.922131,46.151025],[8.922763,46.150914],[8.922886,46.150789],[8.923062,46.150875],[8.928555,46.149954],[8.938139,46.152037],[8.939494,46.152184],[8.94602,46.15205],[8.946975,46.15172],[8.94772,46.151282],[8.949555,46.149022],[8.950676,46.148514],[8.950921,46.148205],[8.950851,46.14793],[8.950593,46.147743],[8.949362,46.147673],[8.948673,46.147854],[8.948539,46.147687],[8.950259,46.147231],[8.950329,46.14706],[8.947991,46.147512],[8.944844,46.14725],[8.941854,46.146478],[8.936165,46.145761],[8.9347,46.145442],[8.933536,46.145383],[8.932814,46.145197],[8.932691,46.145048],[8.932932,46.14488],[8.933886,46.145007],[8.935889,46.144823],[8.940717,46.145131],[8.941372,46.144896],[8.94139,46.144731],[8.941216,46.14462],[8.93978,46.144688],[8.938551,46.144411],[8.937108,46.143832],[8.936415,46.143691],[8.932826,46.143684],[8.930917,46.143495],[8.929242,46.143152],[8.923378,46.142837],[8.921961,46.142916],[8.919308,46.14271],[8.917844,46.142763],[8.912538,46.143279],[8.910963,46.143563],[8.908371,46.143147],[8.905488,46.143256],[8.904981,46.14313],[8.90456,46.142828],[8.904381,46.14247],[8.90439,46.14204],[8.904516,46.141673],[8.905146,46.140787],[8.905867,46.139997],[8.910624,46.136422],[8.913334,46.135129],[8.914756,46.134271],[8.916659,46.13277],[8.917586,46.131854],[8.91769,46.131364],[8.917149,46.130621],[8.917088,46.130291],[8.917965,46.129325],[8.918107,46.12694],[8.918431,46.125865],[8.918876,46.124966],[8.919267,46.124365],[8.920394,46.123145],[8.923864,46.120534],[8.925318,46.11893],[8.929889,46.111189],[8.930541,46.109743],[8.931114,46.107774],[8.931326,46.106079],[8.931264,46.104085],[8.930982,46.10259],[8.930422,46.100888],[8.929552,46.099095],[8.925293,46.093179],[8.923617,46.090369],[8.92252,46.088076],[8.921478,46.08529],[8.920965,46.082522],[8.921181,46.080639],[8.921985,46.07888],[8.92323,46.077382],[8.926017,46.074876],[8.92717,46.073684],[8.928152,46.072161],[8.928746,46.07034],[8.928807,46.069133],[8.928685,46.068059],[8.927851,46.064416],[8.927699,46.063065],[8.92771,46.061653],[8.928123,46.057999],[8.928015,46.055906],[8.927623,46.054359],[8.927228,46.053362],[8.925248,46.049658],[8.924927,46.048592],[8.924803,46.047555],[8.924945,46.045998],[8.925464,46.044508],[8.926152,46.043357],[8.928259,46.040742],[8.928742,46.039313],[8.928784,46.038414],[8.928627,46.037617],[8.927488,46.035144],[8.927177,46.034061],[8.927177,46.032974],[8.927523,46.031833],[8.928488,46.030237],[8.930422,46.028422],[8.930619,46.027899],[8.930464,46.027474],[8.93083,46.027273],[8.931963,46.02782],[8.935566,46.028739],[8.941825,46.029844],[8.957259,46.032277],[8.959777,46.032457],[8.962524,46.032299],[8.963881,46.032086],[8.965724,46.031439],[8.966715,46.030805],[8.966884,46.030336],[8.967578,46.029738],[8.967276,46.029388],[8.96571,46.028262],[8.965568,46.026472],[8.963348,46.0248],[8.961262,46.024864],[8.960663,46.024672],[8.958785,46.021735],[8.956795,46.018284],[8.960991,46.017727]]}}]}
