<?xml version="1.0" encoding="UTF-8"?>
<gpx version="1.1" creator="Fondue Tour 2026" xmlns="http://www.topografix.com/GPX/1/1" xmlns:xsi="http://www.w3.org/2001/XMLSchema-instance" xsi:schemaLocation="http://www.topografix.com/GPX/1/1 http://www.topografix.com/GPX/1/1/gpx.xsd">
  <metadata><name>Fri 11 · Long · Gelmerbahn to Valbella via San Bernardino · from Grimsel Pass</name><desc>Fondue Tour 2026 roadbook route. Verify live pass status before departure.</desc></metadata>
  <rte>
    <name>Fri 11 · Long · Gelmerbahn to Valbella via San Bernardino · from Grimsel Pass stops</name>
    <rtept lat="46.5614" lon="8.33758"><name>Grimsel Pass</name></rtept>
    <rtept lat="46.6136385" lon="8.3085363"><name>Gelmerbahn</name></rtept>
    <rtept lat="46.7424683" lon="8.3806647"><name>Gschletterkurve</name></rtept>
    <rtept lat="46.7330611" lon="8.4127499"><name>Susten viewpoint</name></rtept>
    <rtept lat="46.7293696" lon="8.4470234"><name>Susten Pass</name></rtept>
    <rtept lat="46.6587706" lon="8.6714017"><name>Ustria Alpsu</name></rtept>
    <rtept lat="46.60218" lon="8.8172"><name>Garviel da Medel</name></rtept>
    <rtept lat="46.42895" lon="8.97053"><name>Motto · Blenio</name></rtept>
    <rtept lat="46.4109835" lon="9.2288448"><name>Mesocco</name></rtept>
    <rtept lat="46.4361286" lon="9.2051555"><name>San Bernardino village</name></rtept>
    <rtept lat="46.4959" lon="9.17079"><name>San Bernardino Pass</name></rtept>
    <rtept lat="46.6626282" lon="9.5765123"><name>Albula Pass</name></rtept>
    <rtept lat="46.6896395" lon="9.5619604"><name>Migrol Lantsch/Lenz</name></rtept>
    <rtept lat="46.7445648" lon="9.5555085"><name>Hotel Waldhaus am See</name></rtept>
  </rte>
  <trk>
    <name>Fri 11 · Long · Gelmerbahn to Valbella via San Bernardino · from Grimsel Pass</name>
    <trkseg>
      <trkpt lat="46.561117" lon="8.33698" />
      <trkpt lat="46.56125" lon="8.336593" />
      <trkpt lat="46.561614" lon="8.336491" />
      <trkpt lat="46.562473" lon="8.337601" />
      <trkpt lat="46.562795" lon="8.33771" />
      <trkpt lat="46.563586" lon="8.337688" />
      <trkpt lat="46.564419" lon="8.338095" />
      <trkpt lat="46.565171" lon="8.338214" />
      <trkpt lat="46.565534" lon="8.338464" />
      <trkpt lat="46.56589" lon="8.338994" />
      <trkpt lat="46.566028" lon="8.338974" />
      <trkpt lat="46.56606" lon="8.338693" />
      <trkpt lat="46.564814" lon="8.336575" />
      <trkpt lat="46.564625" lon="8.335907" />
      <trkpt lat="46.564675" lon="8.335193" />
      <trkpt lat="46.565103" lon="8.333675" />
      <trkpt lat="46.565109" lon="8.332689" />
      <trkpt lat="46.565276" lon="8.33254" />
      <trkpt lat="46.565389" lon="8.332782" />
      <trkpt lat="46.565406" lon="8.334888" />
      <trkpt lat="46.565526" lon="8.335413" />
      <trkpt lat="46.56581" lon="8.335733" />
      <trkpt lat="46.56645" lon="8.335871" />
      <trkpt lat="46.566704" lon="8.336079" />
      <trkpt lat="46.567839" lon="8.338565" />
      <trkpt lat="46.56805" lon="8.338594" />
      <trkpt lat="46.568086" lon="8.33838" />
      <trkpt lat="46.567329" lon="8.335465" />
      <trkpt lat="46.56675" lon="8.334323" />
      <trkpt lat="46.566637" lon="8.330337" />
      <trkpt lat="46.566848" lon="8.330436" />
      <trkpt lat="46.566853" lon="8.331495" />
      <trkpt lat="46.567262" lon="8.333206" />
      <trkpt lat="46.569607" lon="8.337304" />
      <trkpt lat="46.570222" lon="8.338917" />
      <trkpt lat="46.570592" lon="8.339415" />
      <trkpt lat="46.571333" lon="8.339877" />
      <trkpt lat="46.572537" lon="8.340212" />
      <trkpt lat="46.574207" lon="8.340209" />
      <trkpt lat="46.57571" lon="8.339761" />
      <trkpt lat="46.57632" lon="8.339705" />
      <trkpt lat="46.57645" lon="8.339509" />
      <trkpt lat="46.576354" lon="8.339312" />
      <trkpt lat="46.575669" lon="8.339544" />
      <trkpt lat="46.575302" lon="8.339531" />
      <trkpt lat="46.574156" lon="8.338719" />
      <trkpt lat="46.573677" lon="8.337725" />
      <trkpt lat="46.573447" lon="8.336593" />
      <trkpt lat="46.57351" lon="8.336304" />
      <trkpt lat="46.573689" lon="8.33638" />
      <trkpt lat="46.573777" lon="8.33707" />
      <trkpt lat="46.573994" lon="8.337461" />
      <trkpt lat="46.57504" lon="8.338027" />
      <trkpt lat="46.575699" lon="8.337958" />
      <trkpt lat="46.576639" lon="8.337035" />
      <trkpt lat="46.576943" lon="8.337078" />
      <trkpt lat="46.577446" lon="8.337433" />
      <trkpt lat="46.577697" lon="8.337436" />
      <trkpt lat="46.578684" lon="8.336292" />
      <trkpt lat="46.579551" lon="8.334606" />
      <trkpt lat="46.580469" lon="8.333964" />
      <trkpt lat="46.581052" lon="8.333177" />
      <trkpt lat="46.582424" lon="8.332883" />
      <trkpt lat="46.583439" lon="8.333173" />
      <trkpt lat="46.584363" lon="8.333247" />
      <trkpt lat="46.584848" lon="8.333021" />
      <trkpt lat="46.585663" lon="8.33291" />
      <trkpt lat="46.586365" lon="8.332151" />
      <trkpt lat="46.586977" lon="8.331715" />
      <trkpt lat="46.587463" lon="8.331108" />
      <trkpt lat="46.587697" lon="8.331105" />
      <trkpt lat="46.588306" lon="8.331505" />
      <trkpt lat="46.588659" lon="8.331459" />
      <trkpt lat="46.589823" lon="8.32952" />
      <trkpt lat="46.590512" lon="8.328703" />
      <trkpt lat="46.590669" lon="8.327643" />
      <trkpt lat="46.591088" lon="8.326673" />
      <trkpt lat="46.591907" lon="8.325759" />
      <trkpt lat="46.59223" lon="8.324962" />
      <trkpt lat="46.59248" lon="8.324959" />
      <trkpt lat="46.592933" lon="8.325674" />
      <trkpt lat="46.593591" lon="8.325767" />
      <trkpt lat="46.59403" lon="8.326187" />
      <trkpt lat="46.594239" lon="8.326121" />
      <trkpt lat="46.594255" lon="8.325676" />
      <trkpt lat="46.593499" lon="8.325378" />
      <trkpt lat="46.593082" lon="8.324543" />
      <trkpt lat="46.592842" lon="8.324321" />
      <trkpt lat="46.592535" lon="8.324276" />
      <trkpt lat="46.591884" lon="8.324493" />
      <trkpt lat="46.591269" lon="8.324998" />
      <trkpt lat="46.591098" lon="8.324778" />
      <trkpt lat="46.59118" lon="8.324622" />
      <trkpt lat="46.592271" lon="8.324068" />
      <trkpt lat="46.593156" lon="8.323845" />
      <trkpt lat="46.594077" lon="8.322815" />
      <trkpt lat="46.594576" lon="8.322443" />
      <trkpt lat="46.59501" lon="8.322437" />
      <trkpt lat="46.595808" lon="8.323035" />
      <trkpt lat="46.596235" lon="8.323852" />
      <trkpt lat="46.596598" lon="8.325381" />
      <trkpt lat="46.596936" lon="8.325637" />
      <trkpt lat="46.597356" lon="8.325484" />
      <trkpt lat="46.598429" lon="8.32447" />
      <trkpt lat="46.598879" lon="8.322494" />
      <trkpt lat="46.599534" lon="8.321515" />
      <trkpt lat="46.60597" lon="8.317699" />
      <trkpt lat="46.607799" lon="8.316101" />
      <trkpt lat="46.607822" lon="8.315831" />
      <trkpt lat="46.607679" lon="8.315774" />
      <trkpt lat="46.60721" lon="8.316288" />
      <trkpt lat="46.606338" lon="8.316745" />
      <trkpt lat="46.605996" lon="8.316678" />
      <trkpt lat="46.605626" lon="8.316328" />
      <trkpt lat="46.605415" lon="8.315818" />
      <trkpt lat="46.605107" lon="8.313695" />
      <trkpt lat="46.605151" lon="8.313046" />
      <trkpt lat="46.605432" lon="8.312322" />
      <trkpt lat="46.605954" lon="8.311761" />
      <trkpt lat="46.610128" lon="8.308255" />
      <trkpt lat="46.61054" lon="8.308089" />
      <trkpt lat="46.611037" lon="8.308109" />
      <trkpt lat="46.612024" lon="8.3088" />
      <trkpt lat="46.612521" lon="8.308869" />
      <trkpt lat="46.61294" lon="8.308611" />
      <trkpt lat="46.61335" lon="8.307815" />
      <trkpt lat="46.613804" lon="8.307752" />
      <trkpt lat="46.61335" lon="8.307815" />
      <trkpt lat="46.613642" lon="8.307487" />
      <trkpt lat="46.614771" lon="8.307087" />
      <trkpt lat="46.614984" lon="8.306499" />
      <trkpt lat="46.614762" lon="8.30535" />
      <trkpt lat="46.614864" lon="8.303979" />
      <trkpt lat="46.61506" lon="8.304159" />
      <trkpt lat="46.614861" lon="8.304778" />
      <trkpt lat="46.614887" lon="8.305134" />
      <trkpt lat="46.615331" lon="8.30604" />
      <trkpt lat="46.615516" lon="8.307121" />
      <trkpt lat="46.615687" lon="8.306943" />
      <trkpt lat="46.615805" lon="8.305423" />
      <trkpt lat="46.616055" lon="8.304998" />
      <trkpt lat="46.616382" lon="8.304856" />
      <trkpt lat="46.61836" lon="8.305645" />
      <trkpt lat="46.620087" lon="8.305546" />
      <trkpt lat="46.621391" lon="8.306273" />
      <trkpt lat="46.622255" lon="8.306551" />
      <trkpt lat="46.622868" lon="8.306577" />
      <trkpt lat="46.623887" lon="8.30633" />
      <trkpt lat="46.624358" lon="8.306006" />
      <trkpt lat="46.625708" lon="8.303992" />
      <trkpt lat="46.626248" lon="8.303502" />
      <trkpt lat="46.626712" lon="8.303301" />
      <trkpt lat="46.627429" lon="8.303409" />
      <trkpt lat="46.628176" lon="8.304072" />
      <trkpt lat="46.628693" lon="8.304302" />
      <trkpt lat="46.629731" lon="8.304208" />
      <trkpt lat="46.630762" lon="8.304334" />
      <trkpt lat="46.631531" lon="8.304211" />
      <trkpt lat="46.632254" lon="8.304499" />
      <trkpt lat="46.632716" lon="8.304534" />
      <trkpt lat="46.634249" lon="8.304342" />
      <trkpt lat="46.635009" lon="8.304002" />
      <trkpt lat="46.635869" lon="8.303876" />
      <trkpt lat="46.636868" lon="8.303353" />
      <trkpt lat="46.63814" lon="8.303471" />
      <trkpt lat="46.638546" lon="8.303377" />
      <trkpt lat="46.638942" lon="8.303107" />
      <trkpt lat="46.639681" lon="8.302251" />
      <trkpt lat="46.640167" lon="8.301999" />
      <trkpt lat="46.6434" lon="8.301638" />
      <trkpt lat="46.644884" lon="8.301817" />
      <trkpt lat="46.645446" lon="8.301567" />
      <trkpt lat="46.646621" lon="8.299879" />
      <trkpt lat="46.64782" lon="8.298798" />
      <trkpt lat="46.6497" lon="8.296098" />
      <trkpt lat="46.649947" lon="8.295541" />
      <trkpt lat="46.650117" lon="8.294402" />
      <trkpt lat="46.650389" lon="8.293856" />
      <trkpt lat="46.650723" lon="8.293615" />
      <trkpt lat="46.651762" lon="8.29328" />
      <trkpt lat="46.652542" lon="8.292734" />
      <trkpt lat="46.655204" lon="8.289198" />
      <trkpt lat="46.656262" lon="8.28696" />
      <trkpt lat="46.656638" lon="8.286718" />
      <trkpt lat="46.657864" lon="8.286575" />
      <trkpt lat="46.658232" lon="8.286284" />
      <trkpt lat="46.65894" lon="8.285303" />
      <trkpt lat="46.659197" lon="8.284648" />
      <trkpt lat="46.659107" lon="8.283088" />
      <trkpt lat="46.659428" lon="8.281516" />
      <trkpt lat="46.65997" lon="8.280205" />
      <trkpt lat="46.661076" lon="8.27834" />
      <trkpt lat="46.661118" lon="8.277834" />
      <trkpt lat="46.660833" lon="8.27671" />
      <trkpt lat="46.660923" lon="8.276198" />
      <trkpt lat="46.661999" lon="8.275885" />
      <trkpt lat="46.662675" lon="8.275339" />
      <trkpt lat="46.66339" lon="8.274104" />
      <trkpt lat="46.663852" lon="8.272737" />
      <trkpt lat="46.664078" lon="8.272849" />
      <trkpt lat="46.664764" lon="8.274791" />
      <trkpt lat="46.664909" lon="8.274889" />
      <trkpt lat="46.665079" lon="8.274792" />
      <trkpt lat="46.665318" lon="8.273705" />
      <trkpt lat="46.666359" lon="8.270839" />
      <trkpt lat="46.667975" lon="8.268962" />
      <trkpt lat="46.668177" lon="8.267403" />
      <trkpt lat="46.668372" lon="8.267312" />
      <trkpt lat="46.668549" lon="8.26757" />
      <trkpt lat="46.668325" lon="8.2687" />
      <trkpt lat="46.668467" lon="8.269005" />
      <trkpt lat="46.669152" lon="8.268759" />
      <trkpt lat="46.669657" lon="8.268196" />
      <trkpt lat="46.67024" lon="8.266637" />
      <trkpt lat="46.670466" lon="8.264929" />
      <trkpt lat="46.671505" lon="8.262351" />
      <trkpt lat="46.672449" lon="8.261527" />
      <trkpt lat="46.672964" lon="8.260704" />
      <trkpt lat="46.673683" lon="8.259077" />
      <trkpt lat="46.674105" lon="8.257508" />
      <trkpt lat="46.674617" lon="8.256518" />
      <trkpt lat="46.675164" lon="8.255785" />
      <trkpt lat="46.677651" lon="8.254215" />
      <trkpt lat="46.678152" lon="8.253424" />
      <trkpt lat="46.678489" lon="8.252174" />
      <trkpt lat="46.679176" lon="8.251163" />
      <trkpt lat="46.679708" lon="8.250786" />
      <trkpt lat="46.681396" lon="8.249024" />
      <trkpt lat="46.683392" lon="8.247598" />
      <trkpt lat="46.683893" lon="8.24624" />
      <trkpt lat="46.684223" lon="8.243994" />
      <trkpt lat="46.684406" lon="8.243588" />
      <trkpt lat="46.684985" lon="8.243167" />
      <trkpt lat="46.685604" lon="8.242432" />
      <trkpt lat="46.686181" lon="8.24237" />
      <trkpt lat="46.686647" lon="8.242632" />
      <trkpt lat="46.686916" lon="8.24354" />
      <trkpt lat="46.687165" lon="8.243899" />
      <trkpt lat="46.687536" lon="8.244033" />
      <trkpt lat="46.687949" lon="8.244004" />
      <trkpt lat="46.688396" lon="8.243685" />
      <trkpt lat="46.68893" lon="8.24252" />
      <trkpt lat="46.689866" lon="8.24214" />
      <trkpt lat="46.691405" lon="8.240324" />
      <trkpt lat="46.692003" lon="8.239908" />
      <trkpt lat="46.692597" lon="8.239747" />
      <trkpt lat="46.692982" lon="8.239821" />
      <trkpt lat="46.693564" lon="8.240184" />
      <trkpt lat="46.695036" lon="8.240107" />
      <trkpt lat="46.695569" lon="8.239875" />
      <trkpt lat="46.696176" lon="8.23924" />
      <trkpt lat="46.696931" lon="8.237725" />
      <trkpt lat="46.698834" lon="8.235264" />
      <trkpt lat="46.700036" lon="8.233468" />
      <trkpt lat="46.7036" lon="8.230102" />
      <trkpt lat="46.704042" lon="8.229833" />
      <trkpt lat="46.705231" lon="8.229572" />
      <trkpt lat="46.70587" lon="8.22921" />
      <trkpt lat="46.70611" lon="8.229754" />
      <trkpt lat="46.706542" lon="8.23023" />
      <trkpt lat="46.70661" lon="8.232943" />
      <trkpt lat="46.706153" lon="8.233722" />
      <trkpt lat="46.706153" lon="8.235073" />
      <trkpt lat="46.707117" lon="8.236602" />
      <trkpt lat="46.707312" lon="8.236487" />
      <trkpt lat="46.707509" lon="8.235805" />
      <trkpt lat="46.707848" lon="8.235392" />
      <trkpt lat="46.708112" lon="8.235258" />
      <trkpt lat="46.708358" lon="8.235416" />
      <trkpt lat="46.708467" lon="8.235843" />
      <trkpt lat="46.708462" lon="8.238582" />
      <trkpt lat="46.708665" lon="8.239296" />
      <trkpt lat="46.708597" lon="8.239636" />
      <trkpt lat="46.708132" lon="8.240301" />
      <trkpt lat="46.707774" lon="8.240487" />
      <trkpt lat="46.707215" lon="8.24048" />
      <trkpt lat="46.707057" lon="8.240958" />
      <trkpt lat="46.709012" lon="8.243079" />
      <trkpt lat="46.709071" lon="8.243408" />
      <trkpt lat="46.708922" lon="8.244474" />
      <trkpt lat="46.709019" lon="8.244983" />
      <trkpt lat="46.709802" lon="8.246779" />
      <trkpt lat="46.71096" lon="8.248023" />
      <trkpt lat="46.711023" lon="8.24919" />
      <trkpt lat="46.710735" lon="8.250618" />
      <trkpt lat="46.710971" lon="8.253568" />
      <trkpt lat="46.710937" lon="8.254972" />
      <trkpt lat="46.711422" lon="8.256275" />
      <trkpt lat="46.711918" lon="8.257139" />
      <trkpt lat="46.712855" lon="8.260489" />
      <trkpt lat="46.713172" lon="8.261122" />
      <trkpt lat="46.713848" lon="8.261915" />
      <trkpt lat="46.713951" lon="8.263658" />
      <trkpt lat="46.714423" lon="8.265215" />
      <trkpt lat="46.714288" lon="8.266216" />
      <trkpt lat="46.71375" lon="8.267219" />
      <trkpt lat="46.713659" lon="8.267893" />
      <trkpt lat="46.714328" lon="8.269622" />
      <trkpt lat="46.714175" lon="8.271102" />
      <trkpt lat="46.714796" lon="8.274043" />
      <trkpt lat="46.715812" lon="8.276911" />
      <trkpt lat="46.716176" lon="8.280306" />
      <trkpt lat="46.716422" lon="8.280907" />
      <trkpt lat="46.717953" lon="8.283352" />
      <trkpt lat="46.720296" lon="8.289679" />
      <trkpt lat="46.720326" lon="8.291534" />
      <trkpt lat="46.720086" lon="8.291847" />
      <trkpt lat="46.719355" lon="8.292296" />
      <trkpt lat="46.719176" lon="8.292992" />
      <trkpt lat="46.719408" lon="8.294246" />
      <trkpt lat="46.720303" lon="8.295314" />
      <trkpt lat="46.720514" lon="8.295901" />
      <trkpt lat="46.720675" lon="8.297701" />
      <trkpt lat="46.720557" lon="8.298031" />
      <trkpt lat="46.720092" lon="8.298525" />
      <trkpt lat="46.719998" lon="8.299113" />
      <trkpt lat="46.720497" lon="8.300122" />
      <trkpt lat="46.720752" lon="8.301093" />
      <trkpt lat="46.721375" lon="8.302342" />
      <trkpt lat="46.721769" lon="8.304375" />
      <trkpt lat="46.72169" lon="8.304902" />
      <trkpt lat="46.720899" lon="8.307084" />
      <trkpt lat="46.721075" lon="8.308721" />
      <trkpt lat="46.721538" lon="8.310091" />
      <trkpt lat="46.721677" lon="8.311387" />
      <trkpt lat="46.721238" lon="8.312154" />
      <trkpt lat="46.7208" lon="8.3138" />
      <trkpt lat="46.720863" lon="8.3148" />
      <trkpt lat="46.720614" lon="8.315819" />
      <trkpt lat="46.720667" lon="8.318123" />
      <trkpt lat="46.720824" lon="8.318331" />
      <trkpt lat="46.72105" lon="8.318216" />
      <trkpt lat="46.721241" lon="8.317074" />
      <trkpt lat="46.721858" lon="8.315785" />
      <trkpt lat="46.722029" lon="8.315011" />
      <trkpt lat="46.722276" lon="8.314753" />
      <trkpt lat="46.722529" lon="8.314802" />
      <trkpt lat="46.722733" lon="8.315132" />
      <trkpt lat="46.722899" lon="8.316172" />
      <trkpt lat="46.723377" lon="8.316867" />
      <trkpt lat="46.723583" lon="8.318282" />
      <trkpt lat="46.724251" lon="8.320617" />
      <trkpt lat="46.72417" lon="8.321277" />
      <trkpt lat="46.723302" lon="8.323838" />
      <trkpt lat="46.723333" lon="8.324257" />
      <trkpt lat="46.723867" lon="8.324732" />
      <trkpt lat="46.724221" lon="8.325264" />
      <trkpt lat="46.724602" lon="8.327095" />
      <trkpt lat="46.725383" lon="8.328525" />
      <trkpt lat="46.727254" lon="8.330902" />
      <trkpt lat="46.728019" lon="8.33153" />
      <trkpt lat="46.72928" lon="8.332202" />
      <trkpt lat="46.730023" lon="8.333271" />
      <trkpt lat="46.732154" lon="8.338358" />
      <trkpt lat="46.734043" lon="8.341435" />
      <trkpt lat="46.734911" lon="8.342506" />
      <trkpt lat="46.735171" lon="8.343296" />
      <trkpt lat="46.735418" lon="8.345157" />
      <trkpt lat="46.736624" lon="8.348099" />
      <trkpt lat="46.738123" lon="8.35362" />
      <trkpt lat="46.738078" lon="8.356718" />
      <trkpt lat="46.738618" lon="8.359415" />
      <trkpt lat="46.73836" lon="8.362297" />
      <trkpt lat="46.73866" lon="8.36519" />
      <trkpt lat="46.739094" lon="8.366651" />
      <trkpt lat="46.739176" lon="8.371236" />
      <trkpt lat="46.739325" lon="8.372361" />
      <trkpt lat="46.739068" lon="8.375096" />
      <trkpt lat="46.739228" lon="8.37607" />
      <trkpt lat="46.739178" lon="8.376444" />
      <trkpt lat="46.738987" lon="8.376712" />
      <trkpt lat="46.738699" lon="8.376784" />
      <trkpt lat="46.73811" lon="8.376044" />
      <trkpt lat="46.737986" lon="8.376053" />
      <trkpt lat="46.737926" lon="8.376232" />
      <trkpt lat="46.738853" lon="8.377659" />
      <trkpt lat="46.7394" lon="8.377979" />
      <trkpt lat="46.739879" lon="8.377902" />
      <trkpt lat="46.739963" lon="8.378094" />
      <trkpt lat="46.739847" lon="8.378266" />
      <trkpt lat="46.739005" lon="8.378319" />
      <trkpt lat="46.738473" lon="8.37798" />
      <trkpt lat="46.738055" lon="8.377485" />
      <trkpt lat="46.73777" lon="8.377542" />
      <trkpt lat="46.737439" lon="8.378536" />
      <trkpt lat="46.737469" lon="8.380731" />
      <trkpt lat="46.736866" lon="8.381652" />
      <trkpt lat="46.736551" lon="8.382695" />
      <trkpt lat="46.736514" lon="8.383394" />
      <trkpt lat="46.736328" lon="8.383591" />
      <trkpt lat="46.736116" lon="8.383554" />
      <trkpt lat="46.735764" lon="8.38291" />
      <trkpt lat="46.735647" lon="8.383195" />
      <trkpt lat="46.736182" lon="8.383958" />
      <trkpt lat="46.73677" lon="8.384024" />
      <trkpt lat="46.736902" lon="8.383784" />
      <trkpt lat="46.737007" lon="8.382462" />
      <trkpt lat="46.737197" lon="8.382312" />
      <trkpt lat="46.73798" lon="8.382352" />
      <trkpt lat="46.73871" lon="8.380881" />
      <trkpt lat="46.738949" lon="8.380651" />
      <trkpt lat="46.739389" lon="8.380659" />
      <trkpt lat="46.740154" lon="8.381273" />
      <trkpt lat="46.741293" lon="8.38178" />
      <trkpt lat="46.74196" lon="8.381406" />
      <trkpt lat="46.742375" lon="8.380687" />
      <trkpt lat="46.74255" lon="8.380828" />
      <trkpt lat="46.741835" lon="8.381872" />
      <trkpt lat="46.741421" lon="8.382231" />
      <trkpt lat="46.739927" lon="8.381792" />
      <trkpt lat="46.739667" lon="8.381927" />
      <trkpt lat="46.739359" lon="8.383281" />
      <trkpt lat="46.738611" lon="8.38432" />
      <trkpt lat="46.738609" lon="8.385115" />
      <trkpt lat="46.738142" lon="8.386955" />
      <trkpt lat="46.738155" lon="8.388051" />
      <trkpt lat="46.737921" lon="8.388501" />
      <trkpt lat="46.737652" lon="8.388617" />
      <trkpt lat="46.73736" lon="8.388504" />
      <trkpt lat="46.737082" lon="8.387845" />
      <trkpt lat="46.736261" lon="8.386646" />
      <trkpt lat="46.735674" lon="8.386284" />
      <trkpt lat="46.735287" lon="8.386511" />
      <trkpt lat="46.734602" lon="8.387979" />
      <trkpt lat="46.734611" lon="8.389264" />
      <trkpt lat="46.735348" lon="8.39228" />
      <trkpt lat="46.736023" lon="8.394008" />
      <trkpt lat="46.736853" lon="8.395557" />
      <trkpt lat="46.73706" lon="8.395643" />
      <trkpt lat="46.737325" lon="8.395546" />
      <trkpt lat="46.738494" lon="8.393935" />
      <trkpt lat="46.739095" lon="8.393546" />
      <trkpt lat="46.739487" lon="8.392876" />
      <trkpt lat="46.739681" lon="8.392211" />
      <trkpt lat="46.739714" lon="8.39133" />
      <trkpt lat="46.739529" lon="8.390595" />
      <trkpt lat="46.739649" lon="8.390408" />
      <trkpt lat="46.739788" lon="8.390598" />
      <trkpt lat="46.739935" lon="8.392634" />
      <trkpt lat="46.739512" lon="8.393885" />
      <trkpt lat="46.738698" lon="8.394818" />
      <trkpt lat="46.737743" lon="8.397022" />
      <trkpt lat="46.73746" lon="8.398192" />
      <trkpt lat="46.736976" lon="8.39895" />
      <trkpt lat="46.736602" lon="8.399093" />
      <trkpt lat="46.735486" lon="8.39845" />
      <trkpt lat="46.734827" lon="8.399803" />
      <trkpt lat="46.734966" lon="8.401338" />
      <trkpt lat="46.735523" lon="8.402484" />
      <trkpt lat="46.735808" lon="8.404734" />
      <trkpt lat="46.735172" lon="8.407391" />
      <trkpt lat="46.734831" lon="8.40833" />
      <trkpt lat="46.734209" lon="8.40935" />
      <trkpt lat="46.733848" lon="8.409419" />
      <trkpt lat="46.733042" lon="8.409067" />
      <trkpt lat="46.73172" lon="8.410041" />
      <trkpt lat="46.731483" lon="8.410526" />
      <trkpt lat="46.731131" lon="8.419141" />
      <trkpt lat="46.731247" lon="8.420333" />
      <trkpt lat="46.731678" lon="8.422179" />
      <trkpt lat="46.73184" lon="8.423854" />
      <trkpt lat="46.730924" lon="8.426947" />
      <trkpt lat="46.730949" lon="8.42727" />
      <trkpt lat="46.731131" lon="8.427367" />
      <trkpt lat="46.731268" lon="8.427241" />
      <trkpt lat="46.731587" lon="8.426223" />
      <trkpt lat="46.73214" lon="8.425079" />
      <trkpt lat="46.732426" lon="8.423588" />
      <trkpt lat="46.732172" lon="8.415106" />
      <trkpt lat="46.732251" lon="8.414472" />
      <trkpt lat="46.732956" lon="8.4128" />
      <trkpt lat="46.733093" lon="8.413068" />
      <trkpt lat="46.732476" lon="8.414579" />
      <trkpt lat="46.732354" lon="8.415461" />
      <trkpt lat="46.732761" lon="8.418615" />
      <trkpt lat="46.733335" lon="8.419673" />
      <trkpt lat="46.733705" lon="8.420908" />
      <trkpt lat="46.733793" lon="8.421888" />
      <trkpt lat="46.734129" lon="8.422844" />
      <trkpt lat="46.734142" lon="8.423867" />
      <trkpt lat="46.734484" lon="8.425674" />
      <trkpt lat="46.734371" lon="8.426354" />
      <trkpt lat="46.733163" lon="8.429127" />
      <trkpt lat="46.732718" lon="8.433886" />
      <trkpt lat="46.732519" lon="8.434916" />
      <trkpt lat="46.731774" lon="8.436595" />
      <trkpt lat="46.730139" lon="8.438559" />
      <trkpt lat="46.729601" lon="8.439608" />
      <trkpt lat="46.728817" lon="8.440638" />
      <trkpt lat="46.727922" lon="8.441343" />
      <trkpt lat="46.726822" lon="8.441548" />
      <trkpt lat="46.72669" lon="8.441725" />
      <trkpt lat="46.726799" lon="8.441924" />
      <trkpt lat="46.727968" lon="8.442069" />
      <trkpt lat="46.729399" lon="8.441804" />
      <trkpt lat="46.729729" lon="8.441474" />
      <trkpt lat="46.730337" lon="8.439844" />
      <trkpt lat="46.730519" lon="8.43978" />
      <trkpt lat="46.730562" lon="8.439997" />
      <trkpt lat="46.730207" lon="8.440734" />
      <trkpt lat="46.72987" lon="8.44253" />
      <trkpt lat="46.729389" lon="8.444095" />
      <trkpt lat="46.729636" lon="8.444688" />
      <trkpt lat="46.72961" lon="8.445592" />
      <trkpt lat="46.729807" lon="8.446198" />
      <trkpt lat="46.729714" lon="8.446665" />
      <trkpt lat="46.729345" lon="8.447054" />
      <trkpt lat="46.731416" lon="8.451394" />
      <trkpt lat="46.731828" lon="8.451819" />
      <trkpt lat="46.734085" lon="8.452058" />
      <trkpt lat="46.73484" lon="8.452359" />
      <trkpt lat="46.735514" lon="8.451988" />
      <trkpt lat="46.736261" lon="8.452151" />
      <trkpt lat="46.736979" lon="8.451883" />
      <trkpt lat="46.737219" lon="8.451947" />
      <trkpt lat="46.737682" lon="8.452481" />
      <trkpt lat="46.738217" lon="8.45284" />
      <trkpt lat="46.738536" lon="8.453459" />
      <trkpt lat="46.73926" lon="8.454303" />
      <trkpt lat="46.739874" lon="8.455776" />
      <trkpt lat="46.73996" lon="8.457339" />
      <trkpt lat="46.7398" lon="8.457315" />
      <trkpt lat="46.739815" lon="8.456466" />
      <trkpt lat="46.739672" lon="8.455893" />
      <trkpt lat="46.739131" lon="8.455105" />
      <trkpt lat="46.738852" lon="8.454409" />
      <trkpt lat="46.738347" lon="8.454073" />
      <trkpt lat="46.737575" lon="8.45417" />
      <trkpt lat="46.736829" lon="8.453821" />
      <trkpt lat="46.735113" lon="8.454404" />
      <trkpt lat="46.734466" lon="8.454925" />
      <trkpt lat="46.733801" lon="8.454648" />
      <trkpt lat="46.733361" lon="8.454291" />
      <trkpt lat="46.733234" lon="8.454359" />
      <trkpt lat="46.733247" lon="8.454522" />
      <trkpt lat="46.73468" lon="8.455346" />
      <trkpt lat="46.735446" lon="8.455171" />
      <trkpt lat="46.736258" lon="8.455282" />
      <trkpt lat="46.736893" lon="8.455147" />
      <trkpt lat="46.737215" lon="8.455271" />
      <trkpt lat="46.738146" lon="8.456221" />
      <trkpt lat="46.739082" lon="8.458725" />
      <trkpt lat="46.73999" lon="8.460397" />
      <trkpt lat="46.740209" lon="8.46066" />
      <trkpt lat="46.740691" lon="8.460919" />
      <trkpt lat="46.741116" lon="8.461828" />
      <trkpt lat="46.741984" lon="8.462806" />
      <trkpt lat="46.742547" lon="8.463028" />
      <trkpt lat="46.743056" lon="8.463447" />
      <trkpt lat="46.744645" lon="8.463242" />
      <trkpt lat="46.745057" lon="8.463528" />
      <trkpt lat="46.745715" lon="8.463743" />
      <trkpt lat="46.746385" lon="8.464511" />
      <trkpt lat="46.747241" lon="8.464872" />
      <trkpt lat="46.747503" lon="8.465282" />
      <trkpt lat="46.747488" lon="8.465831" />
      <trkpt lat="46.746936" lon="8.46668" />
      <trkpt lat="46.746763" lon="8.467611" />
      <trkpt lat="46.747175" lon="8.468901" />
      <trkpt lat="46.747059" lon="8.470207" />
      <trkpt lat="46.747269" lon="8.472267" />
      <trkpt lat="46.747589" lon="8.473501" />
      <trkpt lat="46.747598" lon="8.474706" />
      <trkpt lat="46.746494" lon="8.478266" />
      <trkpt lat="46.746171" lon="8.479813" />
      <trkpt lat="46.745746" lon="8.483273" />
      <trkpt lat="46.745517" lon="8.484111" />
      <trkpt lat="46.745049" lon="8.487271" />
      <trkpt lat="46.744765" lon="8.489931" />
      <trkpt lat="46.744056" lon="8.492008" />
      <trkpt lat="46.743917" lon="8.493" />
      <trkpt lat="46.743469" lon="8.493875" />
      <trkpt lat="46.743359" lon="8.494776" />
      <trkpt lat="46.743055" lon="8.495719" />
      <trkpt lat="46.742078" lon="8.497151" />
      <trkpt lat="46.74168" lon="8.498301" />
      <trkpt lat="46.740863" lon="8.499931" />
      <trkpt lat="46.740854" lon="8.500989" />
      <trkpt lat="46.740651" lon="8.501898" />
      <trkpt lat="46.740881" lon="8.503129" />
      <trkpt lat="46.742247" lon="8.505453" />
      <trkpt lat="46.742857" lon="8.506242" />
      <trkpt lat="46.743476" lon="8.507548" />
      <trkpt lat="46.74369" lon="8.508462" />
      <trkpt lat="46.743517" lon="8.508758" />
      <trkpt lat="46.742461" lon="8.509384" />
      <trkpt lat="46.740875" lon="8.511138" />
      <trkpt lat="46.740174" lon="8.512337" />
      <trkpt lat="46.739509" lon="8.513074" />
      <trkpt lat="46.738581" lon="8.515892" />
      <trkpt lat="46.737404" lon="8.517795" />
      <trkpt lat="46.736285" lon="8.520901" />
      <trkpt lat="46.735749" lon="8.52413" />
      <trkpt lat="46.735712" lon="8.525581" />
      <trkpt lat="46.735096" lon="8.528527" />
      <trkpt lat="46.733922" lon="8.531818" />
      <trkpt lat="46.733979" lon="8.532858" />
      <trkpt lat="46.733761" lon="8.534391" />
      <trkpt lat="46.733233" lon="8.536376" />
      <trkpt lat="46.7329" lon="8.538852" />
      <trkpt lat="46.732223" lon="8.54007" />
      <trkpt lat="46.731687" lon="8.541816" />
      <trkpt lat="46.730784" lon="8.5437" />
      <trkpt lat="46.729275" lon="8.545827" />
      <trkpt lat="46.728975" lon="8.546638" />
      <trkpt lat="46.727916" lon="8.547874" />
      <trkpt lat="46.726394" lon="8.5515" />
      <trkpt lat="46.725144" lon="8.552715" />
      <trkpt lat="46.724752" lon="8.554331" />
      <trkpt lat="46.724373" lon="8.554917" />
      <trkpt lat="46.723805" lon="8.55537" />
      <trkpt lat="46.723414" lon="8.55615" />
      <trkpt lat="46.7232" lon="8.557099" />
      <trkpt lat="46.723255" lon="8.558996" />
      <trkpt lat="46.722538" lon="8.560039" />
      <trkpt lat="46.722262" lon="8.56078" />
      <trkpt lat="46.722226" lon="8.561489" />
      <trkpt lat="46.722408" lon="8.562844" />
      <trkpt lat="46.721951" lon="8.564325" />
      <trkpt lat="46.722035" lon="8.565257" />
      <trkpt lat="46.721729" lon="8.565724" />
      <trkpt lat="46.721629" lon="8.566503" />
      <trkpt lat="46.721312" lon="8.56719" />
      <trkpt lat="46.721078" lon="8.568133" />
      <trkpt lat="46.720431" lon="8.569232" />
      <trkpt lat="46.720187" lon="8.570798" />
      <trkpt lat="46.718791" lon="8.572787" />
      <trkpt lat="46.717984" lon="8.575355" />
      <trkpt lat="46.716745" lon="8.577726" />
      <trkpt lat="46.7164" lon="8.580235" />
      <trkpt lat="46.716211" lon="8.580814" />
      <trkpt lat="46.71411" lon="8.58382" />
      <trkpt lat="46.712885" lon="8.586216" />
      <trkpt lat="46.712513" lon="8.587929" />
      <trkpt lat="46.712139" lon="8.588815" />
      <trkpt lat="46.711565" lon="8.591445" />
      <trkpt lat="46.711541" lon="8.592801" />
      <trkpt lat="46.711121" lon="8.594545" />
      <trkpt lat="46.710984" lon="8.594837" />
      <trkpt lat="46.710406" lon="8.595242" />
      <trkpt lat="46.710096" lon="8.595835" />
      <trkpt lat="46.710004" lon="8.597043" />
      <trkpt lat="46.709761" lon="8.597981" />
      <trkpt lat="46.709879" lon="8.598806" />
      <trkpt lat="46.710398" lon="8.599663" />
      <trkpt lat="46.710598" lon="8.60039" />
      <trkpt lat="46.711243" lon="8.601619" />
      <trkpt lat="46.711667" lon="8.602184" />
      <trkpt lat="46.711646" lon="8.602437" />
      <trkpt lat="46.711492" lon="8.602419" />
      <trkpt lat="46.709436" lon="8.599599" />
      <trkpt lat="46.709235" lon="8.598147" />
      <trkpt lat="46.709297" lon="8.597432" />
      <trkpt lat="46.709031" lon="8.596635" />
      <trkpt lat="46.708802" lon="8.596407" />
      <trkpt lat="46.708538" lon="8.59662" />
      <trkpt lat="46.708443" lon="8.597908" />
      <trkpt lat="46.708223" lon="8.598354" />
      <trkpt lat="46.708042" lon="8.598357" />
      <trkpt lat="46.707615" lon="8.597981" />
      <trkpt lat="46.70687" lon="8.597893" />
      <trkpt lat="46.706508" lon="8.598174" />
      <trkpt lat="46.705825" lon="8.599241" />
      <trkpt lat="46.705006" lon="8.598767" />
      <trkpt lat="46.703816" lon="8.598711" />
      <trkpt lat="46.703346" lon="8.598562" />
      <trkpt lat="46.702316" lon="8.597655" />
      <trkpt lat="46.701069" lon="8.596837" />
      <trkpt lat="46.699696" lon="8.596285" />
      <trkpt lat="46.698934" lon="8.596173" />
      <trkpt lat="46.696702" lon="8.596618" />
      <trkpt lat="46.696111" lon="8.596595" />
      <trkpt lat="46.69404" lon="8.595812" />
      <trkpt lat="46.692883" lon="8.594884" />
      <trkpt lat="46.692498" lon="8.594844" />
      <trkpt lat="46.69178" lon="8.59511" />
      <trkpt lat="46.691354" lon="8.595095" />
      <trkpt lat="46.690153" lon="8.594481" />
      <trkpt lat="46.689012" lon="8.594315" />
      <trkpt lat="46.687883" lon="8.593583" />
      <trkpt lat="46.687311" lon="8.593605" />
      <trkpt lat="46.68541" lon="8.594527" />
      <trkpt lat="46.684904" lon="8.594525" />
      <trkpt lat="46.684254" lon="8.594268" />
      <trkpt lat="46.683578" lon="8.594556" />
      <trkpt lat="46.683236" lon="8.594413" />
      <trkpt lat="46.682489" lon="8.59329" />
      <trkpt lat="46.681668" lon="8.593837" />
      <trkpt lat="46.680524" lon="8.593949" />
      <trkpt lat="46.679375" lon="8.593829" />
      <trkpt lat="46.677816" lon="8.593399" />
      <trkpt lat="46.675941" lon="8.593604" />
      <trkpt lat="46.674433" lon="8.593616" />
      <trkpt lat="46.671229" lon="8.592686" />
      <trkpt lat="46.671023" lon="8.592171" />
      <trkpt lat="46.670929" lon="8.592358" />
      <trkpt lat="46.670478" lon="8.592515" />
      <trkpt lat="46.667617" lon="8.592058" />
      <trkpt lat="46.666675" lon="8.592462" />
      <trkpt lat="46.66611" lon="8.592468" />
      <trkpt lat="46.665631" lon="8.592163" />
      <trkpt lat="46.663799" lon="8.5903" />
      <trkpt lat="46.662582" lon="8.58943" />
      <trkpt lat="46.660777" lon="8.585958" />
      <trkpt lat="46.659954" lon="8.585919" />
      <trkpt lat="46.658298" lon="8.584612" />
      <trkpt lat="46.658302" lon="8.584873" />
      <trkpt lat="46.659082" lon="8.585649" />
      <trkpt lat="46.659129" lon="8.585862" />
      <trkpt lat="46.659017" lon="8.585933" />
      <trkpt lat="46.658475" lon="8.585314" />
      <trkpt lat="46.657315" lon="8.584558" />
      <trkpt lat="46.656047" lon="8.584117" />
      <trkpt lat="46.655668" lon="8.583853" />
      <trkpt lat="46.65554" lon="8.583583" />
      <trkpt lat="46.655563" lon="8.583192" />
      <trkpt lat="46.656033" lon="8.582583" />
      <trkpt lat="46.656526" lon="8.582258" />
      <trkpt lat="46.656469" lon="8.581991" />
      <trkpt lat="46.65448" lon="8.583703" />
      <trkpt lat="46.653053" lon="8.584701" />
      <trkpt lat="46.65263" lon="8.584788" />
      <trkpt lat="46.651975" lon="8.584552" />
      <trkpt lat="46.65117" lon="8.585395" />
      <trkpt lat="46.650212" lon="8.58572" />
      <trkpt lat="46.649827" lon="8.586377" />
      <trkpt lat="46.64971" lon="8.587571" />
      <trkpt lat="46.649486" lon="8.58763" />
      <trkpt lat="46.649349" lon="8.587407" />
      <trkpt lat="46.649507" lon="8.586592" />
      <trkpt lat="46.649346" lon="8.586653" />
      <trkpt lat="46.649141" lon="8.587052" />
      <trkpt lat="46.649099" lon="8.587611" />
      <trkpt lat="46.649249" lon="8.58852" />
      <trkpt lat="46.649164" lon="8.588704" />
      <trkpt lat="46.649041" lon="8.588585" />
      <trkpt lat="46.648791" lon="8.587498" />
      <trkpt lat="46.648834" lon="8.587088" />
      <trkpt lat="46.649159" lon="8.586512" />
      <trkpt lat="46.64909" lon="8.586353" />
      <trkpt lat="46.648921" lon="8.58645" />
      <trkpt lat="46.648571" lon="8.587226" />
      <trkpt lat="46.648643" lon="8.589561" />
      <trkpt lat="46.648401" lon="8.590252" />
      <trkpt lat="46.648066" lon="8.59075" />
      <trkpt lat="46.647646" lon="8.590822" />
      <trkpt lat="46.645945" lon="8.590253" />
      <trkpt lat="46.645634" lon="8.590434" />
      <trkpt lat="46.644954" lon="8.591307" />
      <trkpt lat="46.642074" lon="8.592027" />
      <trkpt lat="46.64148" lon="8.592085" />
      <trkpt lat="46.641015" lon="8.591882" />
      <trkpt lat="46.640911" lon="8.592077" />
      <trkpt lat="46.640941" lon="8.59265" />
      <trkpt lat="46.640231" lon="8.592923" />
      <trkpt lat="46.63912" lon="8.594144" />
      <trkpt lat="46.638244" lon="8.594565" />
      <trkpt lat="46.636803" lon="8.595003" />
      <trkpt lat="46.634752" lon="8.596306" />
      <trkpt lat="46.63497" lon="8.596661" />
      <trkpt lat="46.63545" lon="8.596742" />
      <trkpt lat="46.635517" lon="8.597011" />
      <trkpt lat="46.63538" lon="8.597141" />
      <trkpt lat="46.634936" lon="8.596888" />
      <trkpt lat="46.634672" lon="8.596937" />
      <trkpt lat="46.634458" lon="8.597232" />
      <trkpt lat="46.634376" lon="8.597745" />
      <trkpt lat="46.634637" lon="8.598876" />
      <trkpt lat="46.635568" lon="8.599958" />
      <trkpt lat="46.635592" lon="8.600454" />
      <trkpt lat="46.635316" lon="8.601561" />
      <trkpt lat="46.635593" lon="8.602239" />
      <trkpt lat="46.636026" lon="8.602289" />
      <trkpt lat="46.636352" lon="8.601935" />
      <trkpt lat="46.636689" lon="8.6001" />
      <trkpt lat="46.636873" lon="8.599691" />
      <trkpt lat="46.637254" lon="8.599601" />
      <trkpt lat="46.637523" lon="8.600073" />
      <trkpt lat="46.63722" lon="8.601465" />
      <trkpt lat="46.636243" lon="8.603993" />
      <trkpt lat="46.636032" lon="8.605398" />
      <trkpt lat="46.635427" lon="8.60636" />
      <trkpt lat="46.635469" lon="8.606784" />
      <trkpt lat="46.635716" lon="8.606912" />
      <trkpt lat="46.635922" lon="8.606718" />
      <trkpt lat="46.636752" lon="8.604361" />
      <trkpt lat="46.63832" lon="8.601902" />
      <trkpt lat="46.639141" lon="8.601097" />
      <trkpt lat="46.6395" lon="8.601073" />
      <trkpt lat="46.639603" lon="8.601569" />
      <trkpt lat="46.638488" lon="8.602459" />
      <trkpt lat="46.637392" lon="8.60483" />
      <trkpt lat="46.637371" lon="8.605737" />
      <trkpt lat="46.6378" lon="8.606817" />
      <trkpt lat="46.637906" lon="8.607508" />
      <trkpt lat="46.637429" lon="8.609662" />
      <trkpt lat="46.637609" lon="8.609763" />
      <trkpt lat="46.63774" lon="8.60963" />
      <trkpt lat="46.637956" lon="8.608705" />
      <trkpt lat="46.638522" lon="8.607691" />
      <trkpt lat="46.639227" lon="8.604173" />
      <trkpt lat="46.63965" lon="8.60303" />
      <trkpt lat="46.639872" lon="8.602935" />
      <trkpt lat="46.639979" lon="8.603311" />
      <trkpt lat="46.639731" lon="8.60438" />
      <trkpt lat="46.63963" lon="8.605602" />
      <trkpt lat="46.639726" lon="8.610383" />
      <trkpt lat="46.639982" lon="8.611393" />
      <trkpt lat="46.640113" lon="8.611577" />
      <trkpt lat="46.640318" lon="8.611599" />
      <trkpt lat="46.640493" lon="8.611359" />
      <trkpt lat="46.640502" lon="8.610304" />
      <trkpt lat="46.64085" lon="8.609168" />
      <trkpt lat="46.64068" lon="8.607825" />
      <trkpt lat="46.640743" lon="8.607615" />
      <trkpt lat="46.640898" lon="8.607558" />
      <trkpt lat="46.641615" lon="8.609731" />
      <trkpt lat="46.64173" lon="8.612131" />
      <trkpt lat="46.642267" lon="8.617615" />
      <trkpt lat="46.642721" lon="8.619653" />
      <trkpt lat="46.643121" lon="8.620824" />
      <trkpt lat="46.645192" lon="8.625294" />
      <trkpt lat="46.646518" lon="8.626806" />
      <trkpt lat="46.649985" lon="8.631679" />
      <trkpt lat="46.652108" lon="8.634037" />
      <trkpt lat="46.652906" lon="8.635277" />
      <trkpt lat="46.65369" lon="8.636925" />
      <trkpt lat="46.654814" lon="8.637918" />
      <trkpt lat="46.655271" lon="8.638655" />
      <trkpt lat="46.656053" lon="8.641811" />
      <trkpt lat="46.656826" lon="8.643906" />
      <trkpt lat="46.657178" lon="8.64631" />
      <trkpt lat="46.657743" lon="8.648072" />
      <trkpt lat="46.65783" lon="8.650346" />
      <trkpt lat="46.659436" lon="8.654928" />
      <trkpt lat="46.661729" lon="8.664662" />
      <trkpt lat="46.6618" lon="8.665735" />
      <trkpt lat="46.661592" lon="8.668535" />
      <trkpt lat="46.661342" lon="8.669419" />
      <trkpt lat="46.660916" lon="8.670244" />
      <trkpt lat="46.660345" lon="8.670973" />
      <trkpt lat="46.659829" lon="8.671338" />
      <trkpt lat="46.658829" lon="8.671129" />
      <trkpt lat="46.65891" lon="8.67137" />
      <trkpt lat="46.659152" lon="8.671522" />
      <trkpt lat="46.65891" lon="8.67137" />
      <trkpt lat="46.658829" lon="8.671129" />
      <trkpt lat="46.658621" lon="8.671273" />
      <trkpt lat="46.65829" lon="8.67331" />
      <trkpt lat="46.657194" lon="8.6741" />
      <trkpt lat="46.65636" lon="8.676388" />
      <trkpt lat="46.655866" lon="8.677083" />
      <trkpt lat="46.655547" lon="8.677111" />
      <trkpt lat="46.654911" lon="8.676571" />
      <trkpt lat="46.654717" lon="8.676662" />
      <trkpt lat="46.654561" lon="8.677491" />
      <trkpt lat="46.654279" lon="8.678133" />
      <trkpt lat="46.653919" lon="8.678745" />
      <trkpt lat="46.653336" lon="8.679375" />
      <trkpt lat="46.65329" lon="8.679209" />
      <trkpt lat="46.653835" lon="8.678154" />
      <trkpt lat="46.653805" lon="8.677996" />
      <trkpt lat="46.653696" lon="8.678028" />
      <trkpt lat="46.65274" lon="8.679945" />
      <trkpt lat="46.652242" lon="8.681714" />
      <trkpt lat="46.652168" lon="8.681595" />
      <trkpt lat="46.652315" lon="8.680815" />
      <trkpt lat="46.652182" lon="8.679512" />
      <trkpt lat="46.652062" lon="8.679432" />
      <trkpt lat="46.6519" lon="8.681078" />
      <trkpt lat="46.65111" lon="8.684109" />
      <trkpt lat="46.650902" lon="8.683016" />
      <trkpt lat="46.651044" lon="8.681147" />
      <trkpt lat="46.650915" lon="8.681048" />
      <trkpt lat="46.650176" lon="8.683815" />
      <trkpt lat="46.65022" lon="8.685679" />
      <trkpt lat="46.649849" lon="8.683529" />
      <trkpt lat="46.649772" lon="8.683436" />
      <trkpt lat="46.64967" lon="8.683508" />
      <trkpt lat="46.649814" lon="8.684268" />
      <trkpt lat="46.649768" lon="8.6861" />
      <trkpt lat="46.649977" lon="8.687517" />
      <trkpt lat="46.649849" lon="8.687534" />
      <trkpt lat="46.649616" lon="8.686514" />
      <trkpt lat="46.649362" lon="8.686163" />
      <trkpt lat="46.648754" lon="8.686376" />
      <trkpt lat="46.648589" lon="8.686665" />
      <trkpt lat="46.648623" lon="8.68697" />
      <trkpt lat="46.649205" lon="8.6879" />
      <trkpt lat="46.649029" lon="8.691363" />
      <trkpt lat="46.649329" lon="8.693106" />
      <trkpt lat="46.649456" lon="8.693243" />
      <trkpt lat="46.649911" lon="8.693132" />
      <trkpt lat="46.650122" lon="8.693262" />
      <trkpt lat="46.650866" lon="8.695733" />
      <trkpt lat="46.651093" lon="8.69594" />
      <trkpt lat="46.651653" lon="8.696004" />
      <trkpt lat="46.652018" lon="8.696249" />
      <trkpt lat="46.653466" lon="8.698446" />
      <trkpt lat="46.653832" lon="8.699726" />
      <trkpt lat="46.653843" lon="8.700902" />
      <trkpt lat="46.654065" lon="8.70138" />
      <trkpt lat="46.654531" lon="8.701837" />
      <trkpt lat="46.654669" lon="8.702267" />
      <trkpt lat="46.654893" lon="8.706363" />
      <trkpt lat="46.655238" lon="8.708796" />
      <trkpt lat="46.655621" lon="8.709393" />
      <trkpt lat="46.655868" lon="8.710108" />
      <trkpt lat="46.656712" lon="8.71123" />
      <trkpt lat="46.657352" lon="8.71288" />
      <trkpt lat="46.658495" lon="8.714584" />
      <trkpt lat="46.659766" lon="8.717099" />
      <trkpt lat="46.661015" lon="8.72011" />
      <trkpt lat="46.662015" lon="8.723112" />
      <trkpt lat="46.662596" lon="8.727786" />
      <trkpt lat="46.663859" lon="8.733432" />
      <trkpt lat="46.664304" lon="8.736935" />
      <trkpt lat="46.664458" lon="8.739262" />
      <trkpt lat="46.665793" lon="8.742731" />
      <trkpt lat="46.66725" lon="8.74548" />
      <trkpt lat="46.667457" lon="8.745682" />
      <trkpt lat="46.667786" lon="8.745702" />
      <trkpt lat="46.668026" lon="8.74598" />
      <trkpt lat="46.668373" lon="8.745738" />
      <trkpt lat="46.66858" lon="8.744542" />
      <trkpt lat="46.669032" lon="8.744062" />
      <trkpt lat="46.67005" lon="8.743932" />
      <trkpt lat="46.67212" lon="8.744905" />
      <trkpt lat="46.672491" lon="8.746507" />
      <trkpt lat="46.67292" lon="8.747543" />
      <trkpt lat="46.675483" lon="8.750673" />
      <trkpt lat="46.675742" lon="8.751164" />
      <trkpt lat="46.676088" lon="8.752526" />
      <trkpt lat="46.675799" lon="8.754612" />
      <trkpt lat="46.676061" lon="8.756973" />
      <trkpt lat="46.67628" lon="8.757835" />
      <trkpt lat="46.677166" lon="8.759806" />
      <trkpt lat="46.677632" lon="8.760485" />
      <trkpt lat="46.678521" lon="8.761307" />
      <trkpt lat="46.679407" lon="8.761873" />
      <trkpt lat="46.680249" lon="8.761848" />
      <trkpt lat="46.680498" lon="8.762161" />
      <trkpt lat="46.68047" lon="8.76272" />
      <trkpt lat="46.679812" lon="8.763934" />
      <trkpt lat="46.679287" lon="8.766543" />
      <trkpt lat="46.679071" lon="8.768316" />
      <trkpt lat="46.679017" lon="8.770339" />
      <trkpt lat="46.679248" lon="8.7729" />
      <trkpt lat="46.680158" lon="8.775066" />
      <trkpt lat="46.680884" lon="8.77628" />
      <trkpt lat="46.681472" lon="8.777981" />
      <trkpt lat="46.681537" lon="8.780308" />
      <trkpt lat="46.680834" lon="8.782213" />
      <trkpt lat="46.680743" lon="8.783032" />
      <trkpt lat="46.681149" lon="8.783478" />
      <trkpt lat="46.681934" lon="8.783662" />
      <trkpt lat="46.682105" lon="8.784062" />
      <trkpt lat="46.681958" lon="8.784522" />
      <trkpt lat="46.680893" lon="8.785587" />
      <trkpt lat="46.680685" lon="8.78624" />
      <trkpt lat="46.681304" lon="8.788714" />
      <trkpt lat="46.681059" lon="8.79079" />
      <trkpt lat="46.681182" lon="8.792668" />
      <trkpt lat="46.680682" lon="8.795044" />
      <trkpt lat="46.680912" lon="8.796698" />
      <trkpt lat="46.680942" lon="8.798107" />
      <trkpt lat="46.680633" lon="8.80295" />
      <trkpt lat="46.680679" lon="8.804458" />
      <trkpt lat="46.681417" lon="8.810419" />
      <trkpt lat="46.681378" lon="8.813701" />
      <trkpt lat="46.681015" lon="8.81807" />
      <trkpt lat="46.681139" lon="8.820191" />
      <trkpt lat="46.681119" lon="8.823123" />
      <trkpt lat="46.68136" lon="8.825557" />
      <trkpt lat="46.682202" lon="8.829941" />
      <trkpt lat="46.682759" lon="8.831172" />
      <trkpt lat="46.683734" lon="8.832332" />
      <trkpt lat="46.685691" lon="8.835349" />
      <trkpt lat="46.68627" lon="8.835442" />
      <trkpt lat="46.686755" lon="8.834953" />
      <trkpt lat="46.687059" lon="8.834103" />
      <trkpt lat="46.687275" lon="8.831834" />
      <trkpt lat="46.68755" lon="8.831451" />
      <trkpt lat="46.687868" lon="8.83141" />
      <trkpt lat="46.688214" lon="8.83174" />
      <trkpt lat="46.688803" lon="8.833629" />
      <trkpt lat="46.689623" lon="8.835439" />
      <trkpt lat="46.690514" lon="8.836736" />
      <trkpt lat="46.691798" lon="8.838188" />
      <trkpt lat="46.692344" lon="8.838571" />
      <trkpt lat="46.693002" lon="8.838668" />
      <trkpt lat="46.69353" lon="8.838506" />
      <trkpt lat="46.694426" lon="8.837906" />
      <trkpt lat="46.694717" lon="8.837973" />
      <trkpt lat="46.694881" lon="8.838651" />
      <trkpt lat="46.695236" lon="8.842464" />
      <trkpt lat="46.696032" lon="8.842538" />
      <trkpt lat="46.698654" lon="8.84477" />
      <trkpt lat="46.700597" lon="8.84436" />
      <trkpt lat="46.70084" lon="8.844462" />
      <trkpt lat="46.700976" lon="8.84477" />
      <trkpt lat="46.701134" lon="8.846435" />
      <trkpt lat="46.702028" lon="8.848314" />
      <trkpt lat="46.702398" lon="8.848742" />
      <trkpt lat="46.704304" lon="8.850041" />
      <trkpt lat="46.705089" lon="8.852325" />
      <trkpt lat="46.704415" lon="8.85158" />
      <trkpt lat="46.704214" lon="8.851834" />
      <trkpt lat="46.704621" lon="8.853279" />
      <trkpt lat="46.703992" lon="8.853263" />
      <trkpt lat="46.703131" lon="8.852769" />
      <trkpt lat="46.702726" lon="8.85296" />
      <trkpt lat="46.702536" lon="8.853394" />
      <trkpt lat="46.702839" lon="8.854113" />
      <trkpt lat="46.702798" lon="8.854594" />
      <trkpt lat="46.700908" lon="8.857466" />
      <trkpt lat="46.700611" lon="8.857669" />
      <trkpt lat="46.700333" lon="8.857582" />
      <trkpt lat="46.70015" lon="8.857289" />
      <trkpt lat="46.699774" lon="8.855352" />
      <trkpt lat="46.698989" lon="8.853074" />
      <trkpt lat="46.698058" lon="8.852031" />
      <trkpt lat="46.697395" lon="8.851764" />
      <trkpt lat="46.696815" lon="8.851882" />
      <trkpt lat="46.696291" lon="8.852321" />
      <trkpt lat="46.695161" lon="8.854759" />
      <trkpt lat="46.69455" lon="8.855374" />
      <trkpt lat="46.693367" lon="8.854606" />
      <trkpt lat="46.692541" lon="8.854901" />
      <trkpt lat="46.692015" lon="8.855385" />
      <trkpt lat="46.691777" lon="8.855389" />
      <trkpt lat="46.690927" lon="8.854429" />
      <trkpt lat="46.690342" lon="8.854098" />
      <trkpt lat="46.689391" lon="8.853871" />
      <trkpt lat="46.688875" lon="8.853338" />
      <trkpt lat="46.688613" lon="8.85323" />
      <trkpt lat="46.687248" lon="8.853669" />
      <trkpt lat="46.68622" lon="8.85443" />
      <trkpt lat="46.685568" lon="8.855222" />
      <trkpt lat="46.68526" lon="8.855415" />
      <trkpt lat="46.684306" lon="8.855382" />
      <trkpt lat="46.683432" lon="8.854821" />
      <trkpt lat="46.682244" lon="8.855002" />
      <trkpt lat="46.681595" lon="8.855431" />
      <trkpt lat="46.681401" lon="8.855389" />
      <trkpt lat="46.681146" lon="8.855008" />
      <trkpt lat="46.680884" lon="8.85488" />
      <trkpt lat="46.679461" lon="8.855505" />
      <trkpt lat="46.678632" lon="8.855204" />
      <trkpt lat="46.677773" lon="8.855187" />
      <trkpt lat="46.676914" lon="8.854763" />
      <trkpt lat="46.67572" lon="8.854901" />
      <trkpt lat="46.67544" lon="8.855292" />
      <trkpt lat="46.675601" lon="8.855716" />
      <trkpt lat="46.675828" lon="8.855764" />
      <trkpt lat="46.677043" lon="8.855498" />
      <trkpt lat="46.677298" lon="8.85568" />
      <trkpt lat="46.677344" lon="8.856" />
      <trkpt lat="46.677169" lon="8.856307" />
      <trkpt lat="46.676278" lon="8.856859" />
      <trkpt lat="46.675743" lon="8.858495" />
      <trkpt lat="46.67536" lon="8.858858" />
      <trkpt lat="46.675114" lon="8.858797" />
      <trkpt lat="46.674925" lon="8.858576" />
      <trkpt lat="46.674632" lon="8.857299" />
      <trkpt lat="46.674417" lon="8.857049" />
      <trkpt lat="46.674174" lon="8.857154" />
      <trkpt lat="46.672695" lon="8.858556" />
      <trkpt lat="46.672192" lon="8.858737" />
      <trkpt lat="46.669641" lon="8.858879" />
      <trkpt lat="46.668003" lon="8.858394" />
      <trkpt lat="46.666744" lon="8.858476" />
      <trkpt lat="46.665912" lon="8.858372" />
      <trkpt lat="46.664447" lon="8.857752" />
      <trkpt lat="46.663382" lon="8.857803" />
      <trkpt lat="46.66198" lon="8.856931" />
      <trkpt lat="46.660172" lon="8.856041" />
      <trkpt lat="46.657514" lon="8.853891" />
      <trkpt lat="46.655536" lon="8.853765" />
      <trkpt lat="46.654443" lon="8.853288" />
      <trkpt lat="46.65404" lon="8.852872" />
      <trkpt lat="46.653548" lon="8.851499" />
      <trkpt lat="46.653146" lon="8.851145" />
      <trkpt lat="46.651376" lon="8.851535" />
      <trkpt lat="46.650159" lon="8.851201" />
      <trkpt lat="46.649344" lon="8.851315" />
      <trkpt lat="46.647011" lon="8.85129" />
      <trkpt lat="46.645859" lon="8.850784" />
      <trkpt lat="46.644838" lon="8.849796" />
      <trkpt lat="46.643084" lon="8.849309" />
      <trkpt lat="46.642097" lon="8.848816" />
      <trkpt lat="46.641768" lon="8.848804" />
      <trkpt lat="46.641007" lon="8.849108" />
      <trkpt lat="46.640557" lon="8.849039" />
      <trkpt lat="46.640116" lon="8.848649" />
      <trkpt lat="46.639472" lon="8.847557" />
      <trkpt lat="46.638925" lon="8.847163" />
      <trkpt lat="46.63834" lon="8.847147" />
      <trkpt lat="46.636997" lon="8.847723" />
      <trkpt lat="46.636114" lon="8.847421" />
      <trkpt lat="46.635227" lon="8.847379" />
      <trkpt lat="46.634888" lon="8.847226" />
      <trkpt lat="46.634373" lon="8.846635" />
      <trkpt lat="46.633271" lon="8.843693" />
      <trkpt lat="46.630855" lon="8.838698" />
      <trkpt lat="46.630356" lon="8.838006" />
      <trkpt lat="46.629133" lon="8.836806" />
      <trkpt lat="46.628601" lon="8.836605" />
      <trkpt lat="46.628151" lon="8.836826" />
      <trkpt lat="46.626798" lon="8.838246" />
      <trkpt lat="46.62647" lon="8.838242" />
      <trkpt lat="46.626279" lon="8.838037" />
      <trkpt lat="46.62617" lon="8.837612" />
      <trkpt lat="46.626166" lon="8.836242" />
      <trkpt lat="46.626643" lon="8.834665" />
      <trkpt lat="46.626695" lon="8.834098" />
      <trkpt lat="46.626132" lon="8.830858" />
      <trkpt lat="46.625774" lon="8.830013" />
      <trkpt lat="46.62536" lon="8.82945" />
      <trkpt lat="46.624306" lon="8.828746" />
      <trkpt lat="46.623975" lon="8.828387" />
      <trkpt lat="46.622941" lon="8.825619" />
      <trkpt lat="46.622151" lon="8.824504" />
      <trkpt lat="46.62113" lon="8.823953" />
      <trkpt lat="46.619387" lon="8.823726" />
      <trkpt lat="46.614197" lon="8.822709" />
      <trkpt lat="46.612224" lon="8.822075" />
      <trkpt lat="46.610469" lon="8.821718" />
      <trkpt lat="46.608825" lon="8.820566" />
      <trkpt lat="46.605423" lon="8.819388" />
      <trkpt lat="46.604282" lon="8.818718" />
      <trkpt lat="46.602785" lon="8.817479" />
      <trkpt lat="46.601402" lon="8.817021" />
      <trkpt lat="46.600287" lon="8.815772" />
      <trkpt lat="46.599385" lon="8.81538" />
      <trkpt lat="46.598853" lon="8.814945" />
      <trkpt lat="46.597906" lon="8.813009" />
      <trkpt lat="46.597466" lon="8.812452" />
      <trkpt lat="46.596972" lon="8.812168" />
      <trkpt lat="46.595577" lon="8.811891" />
      <trkpt lat="46.594976" lon="8.811427" />
      <trkpt lat="46.593852" lon="8.809199" />
      <trkpt lat="46.592857" lon="8.807913" />
      <trkpt lat="46.59212" lon="8.806401" />
      <trkpt lat="46.591909" lon="8.80645" />
      <trkpt lat="46.591809" lon="8.806824" />
      <trkpt lat="46.59282" lon="8.808746" />
      <trkpt lat="46.592821" lon="8.809132" />
      <trkpt lat="46.59261" lon="8.809314" />
      <trkpt lat="46.592373" lon="8.809126" />
      <trkpt lat="46.591444" lon="8.807298" />
      <trkpt lat="46.590162" lon="8.805763" />
      <trkpt lat="46.589533" lon="8.805224" />
      <trkpt lat="46.588109" lon="8.804377" />
      <trkpt lat="46.586567" lon="8.803857" />
      <trkpt lat="46.581647" lon="8.803237" />
      <trkpt lat="46.580774" lon="8.802864" />
      <trkpt lat="46.578959" lon="8.801676" />
      <trkpt lat="46.577091" lon="8.801185" />
      <trkpt lat="46.574569" lon="8.801122" />
      <trkpt lat="46.573573" lon="8.801359" />
      <trkpt lat="46.57171" lon="8.801057" />
      <trkpt lat="46.568802" lon="8.801019" />
      <trkpt lat="46.567345" lon="8.800779" />
      <trkpt lat="46.565512" lon="8.801738" />
      <trkpt lat="46.564951" lon="8.8019" />
      <trkpt lat="46.564429" lon="8.801806" />
      <trkpt lat="46.563059" lon="8.800996" />
      <trkpt lat="46.562295" lon="8.800839" />
      <trkpt lat="46.560883" lon="8.800931" />
      <trkpt lat="46.559825" lon="8.801597" />
      <trkpt lat="46.559329" lon="8.801758" />
      <trkpt lat="46.557391" lon="8.801343" />
      <trkpt lat="46.55678" lon="8.801458" />
      <trkpt lat="46.553659" lon="8.803656" />
      <trkpt lat="46.553253" lon="8.804154" />
      <trkpt lat="46.55296" lon="8.80506" />
      <trkpt lat="46.552608" lon="8.809113" />
      <trkpt lat="46.5524" lon="8.809337" />
      <trkpt lat="46.551835" lon="8.809453" />
      <trkpt lat="46.551537" lon="8.809651" />
      <trkpt lat="46.549301" lon="8.812529" />
      <trkpt lat="46.548067" lon="8.815319" />
      <trkpt lat="46.547493" lon="8.817241" />
      <trkpt lat="46.546984" lon="8.81809" />
      <trkpt lat="46.546654" lon="8.818338" />
      <trkpt lat="46.545131" lon="8.81851" />
      <trkpt lat="46.543242" lon="8.819706" />
      <trkpt lat="46.542719" lon="8.820274" />
      <trkpt lat="46.541831" lon="8.821894" />
      <trkpt lat="46.541075" lon="8.8246" />
      <trkpt lat="46.540864" lon="8.827266" />
      <trkpt lat="46.539952" lon="8.828801" />
      <trkpt lat="46.539546" lon="8.830413" />
      <trkpt lat="46.537648" lon="8.834436" />
      <trkpt lat="46.537358" lon="8.835378" />
      <trkpt lat="46.536728" lon="8.835794" />
      <trkpt lat="46.536549" lon="8.836109" />
      <trkpt lat="46.536793" lon="8.837258" />
      <trkpt lat="46.536707" lon="8.838504" />
      <trkpt lat="46.535564" lon="8.841047" />
      <trkpt lat="46.535386" lon="8.841845" />
      <trkpt lat="46.535318" lon="8.843413" />
      <trkpt lat="46.534489" lon="8.846942" />
      <trkpt lat="46.534099" lon="8.847784" />
      <trkpt lat="46.533518" lon="8.848392" />
      <trkpt lat="46.531897" lon="8.849085" />
      <trkpt lat="46.528926" lon="8.849591" />
      <trkpt lat="46.52818" lon="8.849842" />
      <trkpt lat="46.526188" lon="8.849317" />
      <trkpt lat="46.525821" lon="8.849373" />
      <trkpt lat="46.52539" lon="8.84968" />
      <trkpt lat="46.524789" lon="8.850574" />
      <trkpt lat="46.523788" lon="8.852512" />
      <trkpt lat="46.523245" lon="8.85321" />
      <trkpt lat="46.521946" lon="8.855811" />
      <trkpt lat="46.520268" lon="8.857787" />
      <trkpt lat="46.518907" lon="8.860606" />
      <trkpt lat="46.517839" lon="8.864402" />
      <trkpt lat="46.517126" lon="8.865646" />
      <trkpt lat="46.516896" lon="8.8663" />
      <trkpt lat="46.516868" lon="8.867126" />
      <trkpt lat="46.517303" lon="8.872357" />
      <trkpt lat="46.517702" lon="8.875125" />
      <trkpt lat="46.517401" lon="8.877931" />
      <trkpt lat="46.516725" lon="8.880308" />
      <trkpt lat="46.516805" lon="8.881369" />
      <trkpt lat="46.517108" lon="8.881978" />
      <trkpt lat="46.517497" lon="8.88234" />
      <trkpt lat="46.519796" lon="8.883283" />
      <trkpt lat="46.521521" lon="8.884826" />
      <trkpt lat="46.52199" lon="8.885509" />
      <trkpt lat="46.522249" lon="8.886332" />
      <trkpt lat="46.522304" lon="8.887123" />
      <trkpt lat="46.521671" lon="8.890375" />
      <trkpt lat="46.5216" lon="8.891363" />
      <trkpt lat="46.522022" lon="8.894332" />
      <trkpt lat="46.522276" lon="8.895347" />
      <trkpt lat="46.522373" lon="8.898041" />
      <trkpt lat="46.522661" lon="8.898702" />
      <trkpt lat="46.522952" lon="8.899952" />
      <trkpt lat="46.523375" lon="8.900596" />
      <trkpt lat="46.523652" lon="8.900784" />
      <trkpt lat="46.524012" lon="8.900797" />
      <trkpt lat="46.5243" lon="8.900628" />
      <trkpt lat="46.524858" lon="8.899663" />
      <trkpt lat="46.525356" lon="8.899079" />
      <trkpt lat="46.525659" lon="8.898984" />
      <trkpt lat="46.525987" lon="8.899169" />
      <trkpt lat="46.526217" lon="8.899717" />
      <trkpt lat="46.526494" lon="8.902365" />
      <trkpt lat="46.526372" lon="8.903053" />
      <trkpt lat="46.526075" lon="8.903569" />
      <trkpt lat="46.525116" lon="8.904153" />
      <trkpt lat="46.52476" lon="8.90425" />
      <trkpt lat="46.523983" lon="8.904048" />
      <trkpt lat="46.523238" lon="8.904311" />
      <trkpt lat="46.522697" lon="8.904167" />
      <trkpt lat="46.522487" lon="8.90437" />
      <trkpt lat="46.522484" lon="8.904598" />
      <trkpt lat="46.522689" lon="8.904796" />
      <trkpt lat="46.523723" lon="8.904982" />
      <trkpt lat="46.524606" lon="8.904851" />
      <trkpt lat="46.524809" lon="8.905399" />
      <trkpt lat="46.524531" lon="8.905813" />
      <trkpt lat="46.522835" lon="8.906466" />
      <trkpt lat="46.52258" lon="8.906948" />
      <trkpt lat="46.523178" lon="8.908996" />
      <trkpt lat="46.523267" lon="8.909702" />
      <trkpt lat="46.523228" lon="8.910388" />
      <trkpt lat="46.522438" lon="8.913956" />
      <trkpt lat="46.52302" lon="8.917156" />
      <trkpt lat="46.522945" lon="8.917947" />
      <trkpt lat="46.52251" lon="8.919438" />
      <trkpt lat="46.522523" lon="8.921729" />
      <trkpt lat="46.52275" lon="8.923381" />
      <trkpt lat="46.522602" lon="8.924011" />
      <trkpt lat="46.52194" lon="8.925124" />
      <trkpt lat="46.521204" lon="8.928618" />
      <trkpt lat="46.520361" lon="8.93064" />
      <trkpt lat="46.519145" lon="8.932019" />
      <trkpt lat="46.518113" lon="8.933447" />
      <trkpt lat="46.516184" lon="8.934232" />
      <trkpt lat="46.515074" lon="8.934578" />
      <trkpt lat="46.514549" lon="8.934583" />
      <trkpt lat="46.514478" lon="8.934766" />
      <trkpt lat="46.51458" lon="8.93491" />
      <trkpt lat="46.51552" lon="8.93459" />
      <trkpt lat="46.519018" lon="8.934396" />
      <trkpt lat="46.519483" lon="8.934067" />
      <trkpt lat="46.520212" lon="8.932896" />
      <trkpt lat="46.520495" lon="8.932744" />
      <trkpt lat="46.521997" lon="8.93254" />
      <trkpt lat="46.523675" lon="8.931172" />
      <trkpt lat="46.524194" lon="8.9302" />
      <trkpt lat="46.524793" lon="8.927341" />
      <trkpt lat="46.525854" lon="8.925581" />
      <trkpt lat="46.526102" lon="8.923537" />
      <trkpt lat="46.526336" lon="8.923193" />
      <trkpt lat="46.526668" lon="8.923136" />
      <trkpt lat="46.526928" lon="8.923322" />
      <trkpt lat="46.527553" lon="8.924293" />
      <trkpt lat="46.527976" lon="8.925285" />
      <trkpt lat="46.527778" lon="8.93103" />
      <trkpt lat="46.527889" lon="8.933169" />
      <trkpt lat="46.52822" lon="8.934173" />
      <trkpt lat="46.529005" lon="8.934863" />
      <trkpt lat="46.529331" lon="8.935996" />
      <trkpt lat="46.529763" lon="8.936688" />
      <trkpt lat="46.529804" lon="8.938131" />
      <trkpt lat="46.529418" lon="8.938615" />
      <trkpt lat="46.528984" lon="8.938984" />
      <trkpt lat="46.528396" lon="8.939198" />
      <trkpt lat="46.528143" lon="8.939596" />
      <trkpt lat="46.525532" lon="8.940885" />
      <trkpt lat="46.524953" lon="8.940988" />
      <trkpt lat="46.524295" lon="8.940817" />
      <trkpt lat="46.522127" lon="8.939081" />
      <trkpt lat="46.520687" lon="8.938123" />
      <trkpt lat="46.520218" lon="8.938004" />
      <trkpt lat="46.519461" lon="8.93808" />
      <trkpt lat="46.519207" lon="8.938273" />
      <trkpt lat="46.518573" lon="8.939466" />
      <trkpt lat="46.518123" lon="8.939843" />
      <trkpt lat="46.517062" lon="8.940046" />
      <trkpt lat="46.516274" lon="8.939735" />
      <trkpt lat="46.515836" lon="8.939727" />
      <trkpt lat="46.514597" lon="8.940351" />
      <trkpt lat="46.512626" lon="8.942354" />
      <trkpt lat="46.510151" lon="8.943425" />
      <trkpt lat="46.507811" lon="8.945391" />
      <trkpt lat="46.506753" lon="8.945854" />
      <trkpt lat="46.504903" lon="8.94809" />
      <trkpt lat="46.50502" lon="8.946934" />
      <trkpt lat="46.504898" lon="8.946782" />
      <trkpt lat="46.504017" lon="8.948347" />
      <trkpt lat="46.503391" lon="8.948791" />
      <trkpt lat="46.503023" lon="8.949795" />
      <trkpt lat="46.502368" lon="8.950661" />
      <trkpt lat="46.499254" lon="8.95163" />
      <trkpt lat="46.498372" lon="8.952217" />
      <trkpt lat="46.497905" lon="8.952342" />
      <trkpt lat="46.497242" lon="8.952083" />
      <trkpt lat="46.495498" lon="8.950566" />
      <trkpt lat="46.494675" lon="8.95026" />
      <trkpt lat="46.490569" lon="8.94997" />
      <trkpt lat="46.487003" lon="8.951287" />
      <trkpt lat="46.484845" lon="8.951369" />
      <trkpt lat="46.48422" lon="8.951259" />
      <trkpt lat="46.479535" lon="8.948081" />
      <trkpt lat="46.478282" lon="8.946974" />
      <trkpt lat="46.477668" lon="8.945891" />
      <trkpt lat="46.476678" lon="8.945094" />
      <trkpt lat="46.47419" lon="8.943488" />
      <trkpt lat="46.472712" lon="8.942969" />
      <trkpt lat="46.471896" lon="8.942358" />
      <trkpt lat="46.471097" lon="8.942446" />
      <trkpt lat="46.469469" lon="8.94176" />
      <trkpt lat="46.469185" lon="8.941809" />
      <trkpt lat="46.468679" lon="8.9422" />
      <trkpt lat="46.468078" lon="8.941814" />
      <trkpt lat="46.466234" lon="8.941749" />
      <trkpt lat="46.465087" lon="8.941824" />
      <trkpt lat="46.463938" lon="8.942125" />
      <trkpt lat="46.463384" lon="8.942459" />
      <trkpt lat="46.462048" lon="8.941959" />
      <trkpt lat="46.461501" lon="8.942258" />
      <trkpt lat="46.460423" lon="8.942252" />
      <trkpt lat="46.458167" lon="8.942862" />
      <trkpt lat="46.457121" lon="8.942985" />
      <trkpt lat="46.456334" lon="8.942807" />
      <trkpt lat="46.455462" lon="8.942148" />
      <trkpt lat="46.455183" lon="8.941577" />
      <trkpt lat="46.454862" lon="8.940206" />
      <trkpt lat="46.454563" lon="8.939799" />
      <trkpt lat="46.453266" lon="8.940293" />
      <trkpt lat="46.452939" lon="8.940262" />
      <trkpt lat="46.45212" lon="8.939883" />
      <trkpt lat="46.451673" lon="8.939916" />
      <trkpt lat="46.450586" lon="8.94085" />
      <trkpt lat="46.44956" lon="8.941256" />
      <trkpt lat="46.448837" lon="8.941916" />
      <trkpt lat="46.447545" lon="8.942375" />
      <trkpt lat="46.446541" lon="8.942961" />
      <trkpt lat="46.444768" lon="8.944531" />
      <trkpt lat="46.44353" lon="8.946077" />
      <trkpt lat="46.443074" lon="8.947068" />
      <trkpt lat="46.442452" lon="8.949591" />
      <trkpt lat="46.441338" lon="8.950403" />
      <trkpt lat="46.439069" lon="8.95299" />
      <trkpt lat="46.436512" lon="8.956729" />
      <trkpt lat="46.430465" lon="8.967175" />
      <trkpt lat="46.430819" lon="8.967618" />
      <trkpt lat="46.429213" lon="8.970292" />
      <trkpt lat="46.428963" lon="8.970537" />
      <trkpt lat="46.428719" lon="8.970134" />
      <trkpt lat="46.428014" lon="8.970832" />
      <trkpt lat="46.426778" lon="8.972622" />
      <trkpt lat="46.426534" lon="8.973393" />
      <trkpt lat="46.426341" lon="8.974873" />
      <trkpt lat="46.425754" lon="8.975675" />
      <trkpt lat="46.424942" lon="8.976023" />
      <trkpt lat="46.423407" lon="8.975995" />
      <trkpt lat="46.421544" lon="8.977155" />
      <trkpt lat="46.419946" lon="8.977352" />
      <trkpt lat="46.418192" lon="8.978092" />
      <trkpt lat="46.417488" lon="8.978043" />
      <trkpt lat="46.414168" lon="8.976973" />
      <trkpt lat="46.411055" lon="8.977467" />
      <trkpt lat="46.41012" lon="8.977972" />
      <trkpt lat="46.408662" lon="8.980314" />
      <trkpt lat="46.40823" lon="8.980724" />
      <trkpt lat="46.407718" lon="8.980976" />
      <trkpt lat="46.403646" lon="8.982209" />
      <trkpt lat="46.402805" lon="8.982168" />
      <trkpt lat="46.400775" lon="8.981541" />
      <trkpt lat="46.399638" lon="8.981601" />
      <trkpt lat="46.398684" lon="8.98201" />
      <trkpt lat="46.396683" lon="8.983638" />
      <trkpt lat="46.394975" lon="8.984562" />
      <trkpt lat="46.388314" lon="8.986116" />
      <trkpt lat="46.387647" lon="8.986087" />
      <trkpt lat="46.38698" lon="8.985668" />
      <trkpt lat="46.382023" lon="8.980042" />
      <trkpt lat="46.381412" lon="8.978659" />
      <trkpt lat="46.379754" lon="8.973381" />
      <trkpt lat="46.378852" lon="8.971386" />
      <trkpt lat="46.378138" lon="8.970456" />
      <trkpt lat="46.377436" lon="8.970016" />
      <trkpt lat="46.375819" lon="8.969491" />
      <trkpt lat="46.374287" lon="8.968348" />
      <trkpt lat="46.372802" lon="8.967904" />
      <trkpt lat="46.372064" lon="8.967493" />
      <trkpt lat="46.371056" lon="8.966612" />
      <trkpt lat="46.368408" lon="8.963702" />
      <trkpt lat="46.366087" lon="8.961927" />
      <trkpt lat="46.364606" lon="8.961156" />
      <trkpt lat="46.360144" lon="8.959275" />
      <trkpt lat="46.35895" lon="8.958498" />
      <trkpt lat="46.358659" lon="8.958081" />
      <trkpt lat="46.358346" lon="8.958161" />
      <trkpt lat="46.356858" lon="8.957531" />
      <trkpt lat="46.354917" lon="8.957075" />
      <trkpt lat="46.354704" lon="8.956836" />
      <trkpt lat="46.354639" lon="8.956451" />
      <trkpt lat="46.354743" lon="8.956129" />
      <trkpt lat="46.354961" lon="8.955946" />
      <trkpt lat="46.355308" lon="8.95608" />
      <trkpt lat="46.355448" lon="8.956584" />
      <trkpt lat="46.354986" lon="8.957551" />
      <trkpt lat="46.351767" lon="8.961044" />
      <trkpt lat="46.348159" lon="8.96427" />
      <trkpt lat="46.342908" lon="8.968254" />
      <trkpt lat="46.33056" lon="8.976915" />
      <trkpt lat="46.327557" lon="8.978814" />
      <trkpt lat="46.325381" lon="8.97981" />
      <trkpt lat="46.32285" lon="8.980573" />
      <trkpt lat="46.320352" lon="8.980974" />
      <trkpt lat="46.31391" lon="8.981579" />
      <trkpt lat="46.311424" lon="8.982012" />
      <trkpt lat="46.309483" lon="8.982514" />
      <trkpt lat="46.306411" lon="8.983737" />
      <trkpt lat="46.300153" lon="8.987356" />
      <trkpt lat="46.29684" lon="8.988885" />
      <trkpt lat="46.294316" lon="8.989795" />
      <trkpt lat="46.279856" lon="8.994356" />
      <trkpt lat="46.27844" lon="8.994982" />
      <trkpt lat="46.276362" lon="8.996188" />
      <trkpt lat="46.273386" lon="8.998548" />
      <trkpt lat="46.271191" lon="9.000898" />
      <trkpt lat="46.267182" lon="9.006114" />
      <trkpt lat="46.265539" lon="9.007596" />
      <trkpt lat="46.264235" lon="9.008442" />
      <trkpt lat="46.262311" lon="9.009259" />
      <trkpt lat="46.260816" lon="9.009573" />
      <trkpt lat="46.259379" lon="9.009643" />
      <trkpt lat="46.255795" lon="9.00937" />
      <trkpt lat="46.253396" lon="9.009657" />
      <trkpt lat="46.25099" lon="9.010464" />
      <trkpt lat="46.248122" lon="9.012006" />
      <trkpt lat="46.246117" lon="9.013444" />
      <trkpt lat="46.244598" lon="9.01478" />
      <trkpt lat="46.242438" lon="9.017278" />
      <trkpt lat="46.240542" lon="9.020257" />
      <trkpt lat="46.238244" lon="9.025109" />
      <trkpt lat="46.236944" lon="9.027413" />
      <trkpt lat="46.235317" lon="9.029559" />
      <trkpt lat="46.233549" lon="9.031261" />
      <trkpt lat="46.231621" lon="9.032569" />
      <trkpt lat="46.22943" lon="9.033498" />
      <trkpt lat="46.224359" lon="9.03455" />
      <trkpt lat="46.221453" lon="9.034983" />
      <trkpt lat="46.220748" lon="9.035516" />
      <trkpt lat="46.219133" lon="9.037531" />
      <trkpt lat="46.217929" lon="9.038505" />
      <trkpt lat="46.217574" lon="9.038628" />
      <trkpt lat="46.217272" lon="9.038514" />
      <trkpt lat="46.217087" lon="9.038194" />
      <trkpt lat="46.217077" lon="9.037793" />
      <trkpt lat="46.217255" lon="9.037426" />
      <trkpt lat="46.217598" lon="9.037312" />
      <trkpt lat="46.218204" lon="9.037435" />
      <trkpt lat="46.218978" lon="9.037864" />
      <trkpt lat="46.219892" lon="9.038826" />
      <trkpt lat="46.220686" lon="9.040486" />
      <trkpt lat="46.221196" lon="9.042598" />
      <trkpt lat="46.221683" lon="9.048063" />
      <trkpt lat="46.22231" lon="9.051247" />
      <trkpt lat="46.227269" lon="9.066517" />
      <trkpt lat="46.227618" lon="9.068291" />
      <trkpt lat="46.22802" lon="9.0715" />
      <trkpt lat="46.228361" lon="9.072893" />
      <trkpt lat="46.230917" lon="9.078877" />
      <trkpt lat="46.231556" lon="9.081426" />
      <trkpt lat="46.231622" lon="9.084054" />
      <trkpt lat="46.230973" lon="9.089537" />
      <trkpt lat="46.230888" lon="9.091666" />
      <trkpt lat="46.231812" lon="9.101944" />
      <trkpt lat="46.231873" lon="9.105347" />
      <trkpt lat="46.231492" lon="9.108424" />
      <trkpt lat="46.228499" lon="9.12373" />
      <trkpt lat="46.228354" lon="9.12677" />
      <trkpt lat="46.228758" lon="9.130042" />
      <trkpt lat="46.22937" lon="9.132132" />
      <trkpt lat="46.230153" lon="9.133924" />
      <trkpt lat="46.230828" lon="9.135074" />
      <trkpt lat="46.232046" lon="9.136602" />
      <trkpt lat="46.233026" lon="9.137496" />
      <trkpt lat="46.234048" lon="9.138194" />
      <trkpt lat="46.240064" lon="9.141341" />
      <trkpt lat="46.241457" lon="9.142503" />
      <trkpt lat="46.242359" lon="9.14353" />
      <trkpt lat="46.243674" lon="9.145686" />
      <trkpt lat="46.245813" lon="9.150376" />
      <trkpt lat="46.247227" lon="9.152899" />
      <trkpt lat="46.248556" lon="9.154662" />
      <trkpt lat="46.251468" lon="9.157807" />
      <trkpt lat="46.25301" lon="9.159337" />
      <trkpt lat="46.254101" lon="9.160229" />
      <trkpt lat="46.266521" lon="9.168507" />
      <trkpt lat="46.267524" lon="9.169304" />
      <trkpt lat="46.268527" lon="9.17056" />
      <trkpt lat="46.269955" lon="9.173389" />
      <trkpt lat="46.270548" lon="9.174111" />
      <trkpt lat="46.271354" lon="9.174771" />
      <trkpt lat="46.272229" lon="9.17524" />
      <trkpt lat="46.273349" lon="9.1756" />
      <trkpt lat="46.275951" lon="9.175742" />
      <trkpt lat="46.277064" lon="9.176031" />
      <trkpt lat="46.27791" lon="9.176556" />
      <trkpt lat="46.280135" lon="9.178588" />
      <trkpt lat="46.281882" lon="9.179515" />
      <trkpt lat="46.291458" lon="9.181521" />
      <trkpt lat="46.292542" lon="9.181909" />
      <trkpt lat="46.293521" lon="9.182431" />
      <trkpt lat="46.294501" lon="9.183222" />
      <trkpt lat="46.298163" lon="9.187358" />
      <trkpt lat="46.300322" lon="9.189353" />
      <trkpt lat="46.315215" lon="9.201283" />
      <trkpt lat="46.322603" lon="9.20684" />
      <trkpt lat="46.323941" lon="9.207625" />
      <trkpt lat="46.325438" lon="9.208212" />
      <trkpt lat="46.327301" lon="9.208602" />
      <trkpt lat="46.33088" lon="9.208821" />
      <trkpt lat="46.331969" lon="9.209238" />
      <trkpt lat="46.332701" lon="9.209708" />
      <trkpt lat="46.333487" lon="9.210377" />
      <trkpt lat="46.33488" lon="9.211923" />
      <trkpt lat="46.338552" lon="9.216501" />
      <trkpt lat="46.339674" lon="9.21746" />
      <trkpt lat="46.340846" lon="9.217912" />
      <trkpt lat="46.341835" lon="9.21795" />
      <trkpt lat="46.342758" lon="9.217709" />
      <trkpt lat="46.345184" lon="9.216685" />
      <trkpt lat="46.346583" lon="9.216408" />
      <trkpt lat="46.348251" lon="9.216516" />
      <trkpt lat="46.34944" lon="9.216867" />
      <trkpt lat="46.351205" lon="9.217872" />
      <trkpt lat="46.353536" lon="9.21989" />
      <trkpt lat="46.354491" lon="9.220528" />
      <trkpt lat="46.355376" lon="9.220889" />
      <trkpt lat="46.357668" lon="9.221396" />
      <trkpt lat="46.358724" lon="9.221952" />
      <trkpt lat="46.359845" lon="9.223019" />
      <trkpt lat="46.361849" lon="9.225913" />
      <trkpt lat="46.362687" lon="9.22659" />
      <trkpt lat="46.363967" lon="9.227094" />
      <trkpt lat="46.365401" lon="9.227288" />
      <trkpt lat="46.366892" lon="9.227132" />
      <trkpt lat="46.368608" lon="9.226498" />
      <trkpt lat="46.370904" lon="9.225039" />
      <trkpt lat="46.371734" lon="9.224871" />
      <trkpt lat="46.372563" lon="9.225046" />
      <trkpt lat="46.373354" lon="9.225549" />
      <trkpt lat="46.374526" lon="9.226825" />
      <trkpt lat="46.37592" lon="9.227843" />
      <trkpt lat="46.377834" lon="9.230003" />
      <trkpt lat="46.382461" lon="9.232837" />
      <trkpt lat="46.382609" lon="9.233251" />
      <trkpt lat="46.382382" lon="9.233534" />
      <trkpt lat="46.382185" lon="9.233318" />
      <trkpt lat="46.382199" lon="9.232975" />
      <trkpt lat="46.382824" lon="9.232414" />
      <trkpt lat="46.38336" lon="9.232726" />
      <trkpt lat="46.383909" lon="9.232852" />
      <trkpt lat="46.384502" lon="9.232577" />
      <trkpt lat="46.384902" lon="9.23299" />
      <trkpt lat="46.385687" lon="9.23326" />
      <trkpt lat="46.386629" lon="9.233334" />
      <trkpt lat="46.387958" lon="9.233926" />
      <trkpt lat="46.389347" lon="9.233148" />
      <trkpt lat="46.390169" lon="9.23322" />
      <trkpt lat="46.391408" lon="9.233035" />
      <trkpt lat="46.395737" lon="9.231343" />
      <trkpt lat="46.396811" lon="9.230377" />
      <trkpt lat="46.397995" lon="9.2303" />
      <trkpt lat="46.398522" lon="9.229881" />
      <trkpt lat="46.398757" lon="9.229971" />
      <trkpt lat="46.398966" lon="9.230801" />
      <trkpt lat="46.399369" lon="9.230851" />
      <trkpt lat="46.39977" lon="9.230631" />
      <trkpt lat="46.399949" lon="9.230366" />
      <trkpt lat="46.399929" lon="9.228656" />
      <trkpt lat="46.400168" lon="9.227602" />
      <trkpt lat="46.400394" lon="9.227285" />
      <trkpt lat="46.400688" lon="9.2274" />
      <trkpt lat="46.400879" lon="9.228127" />
      <trkpt lat="46.401422" lon="9.228893" />
      <trkpt lat="46.401516" lon="9.228745" />
      <trkpt lat="46.401189" lon="9.228131" />
      <trkpt lat="46.401236" lon="9.227973" />
      <trkpt lat="46.40181" lon="9.228763" />
      <trkpt lat="46.402437" lon="9.228637" />
      <trkpt lat="46.403253" lon="9.228827" />
      <trkpt lat="46.403248" lon="9.228621" />
      <trkpt lat="46.401895" lon="9.228102" />
      <trkpt lat="46.401982" lon="9.227983" />
      <trkpt lat="46.402425" lon="9.228021" />
      <trkpt lat="46.40393" lon="9.22871" />
      <trkpt lat="46.404592" lon="9.228597" />
      <trkpt lat="46.406052" lon="9.229723" />
      <trkpt lat="46.406944" lon="9.229862" />
      <trkpt lat="46.409302" lon="9.228401" />
      <trkpt lat="46.410544" lon="9.228426" />
      <trkpt lat="46.410908" lon="9.229048" />
      <trkpt lat="46.410704" lon="9.227979" />
      <trkpt lat="46.410516" lon="9.227753" />
      <trkpt lat="46.41002" lon="9.227645" />
      <trkpt lat="46.410099" lon="9.227529" />
      <trkpt lat="46.410553" lon="9.2275" />
      <trkpt lat="46.410903" lon="9.227692" />
      <trkpt lat="46.411715" lon="9.227781" />
      <trkpt lat="46.411678" lon="9.227617" />
      <trkpt lat="46.41101" lon="9.227307" />
      <trkpt lat="46.411019" lon="9.227136" />
      <trkpt lat="46.411298" lon="9.227239" />
      <trkpt lat="46.412104" lon="9.227104" />
      <trkpt lat="46.412556" lon="9.227216" />
      <trkpt lat="46.413935" lon="9.226471" />
      <trkpt lat="46.414571" lon="9.226779" />
      <trkpt lat="46.414685" lon="9.226724" />
      <trkpt lat="46.414711" lon="9.226501" />
      <trkpt lat="46.414499" lon="9.226293" />
      <trkpt lat="46.414112" lon="9.226076" />
      <trkpt lat="46.413575" lon="9.226089" />
      <trkpt lat="46.413607" lon="9.225885" />
      <trkpt lat="46.414984" lon="9.225757" />
      <trkpt lat="46.415819" lon="9.225304" />
      <trkpt lat="46.416047" lon="9.22575" />
      <trkpt lat="46.416735" lon="9.226047" />
      <trkpt lat="46.417429" lon="9.226006" />
      <trkpt lat="46.418371" lon="9.226238" />
      <trkpt lat="46.419219" lon="9.225608" />
      <trkpt lat="46.420154" lon="9.225443" />
      <trkpt lat="46.421287" lon="9.225427" />
      <trkpt lat="46.423626" lon="9.224446" />
      <trkpt lat="46.426422" lon="9.223865" />
      <trkpt lat="46.426688" lon="9.223562" />
      <trkpt lat="46.427135" lon="9.222542" />
      <trkpt lat="46.427807" lon="9.219426" />
      <trkpt lat="46.428462" lon="9.21833" />
      <trkpt lat="46.429403" lon="9.216159" />
      <trkpt lat="46.429808" lon="9.215504" />
      <trkpt lat="46.431863" lon="9.213693" />
      <trkpt lat="46.431917" lon="9.213874" />
      <trkpt lat="46.431551" lon="9.215324" />
      <trkpt lat="46.432374" lon="9.214472" />
      <trkpt lat="46.432502" lon="9.214544" />
      <trkpt lat="46.432056" lon="9.2163" />
      <trkpt lat="46.432414" lon="9.215838" />
      <trkpt lat="46.433571" lon="9.215193" />
      <trkpt lat="46.433992" lon="9.214587" />
      <trkpt lat="46.434185" lon="9.214495" />
      <trkpt lat="46.434825" lon="9.21445" />
      <trkpt lat="46.434942" lon="9.214609" />
      <trkpt lat="46.434431" lon="9.215934" />
      <trkpt lat="46.434803" lon="9.215704" />
      <trkpt lat="46.43556" lon="9.2158" />
      <trkpt lat="46.435674" lon="9.215618" />
      <trkpt lat="46.43572" lon="9.214272" />
      <trkpt lat="46.435523" lon="9.213192" />
      <trkpt lat="46.435311" lon="9.213056" />
      <trkpt lat="46.434717" lon="9.21326" />
      <trkpt lat="46.434669" lon="9.213105" />
      <trkpt lat="46.435556" lon="9.212768" />
      <trkpt lat="46.435951" lon="9.212869" />
      <trkpt lat="46.436543" lon="9.212749" />
      <trkpt lat="46.437565" lon="9.212115" />
      <trkpt lat="46.4375" lon="9.211941" />
      <trkpt lat="46.436777" lon="9.212312" />
      <trkpt lat="46.436463" lon="9.212331" />
      <trkpt lat="46.43599" lon="9.21196" />
      <trkpt lat="46.435724" lon="9.212027" />
      <trkpt lat="46.435667" lon="9.211939" />
      <trkpt lat="46.435732" lon="9.211809" />
      <trkpt lat="46.436099" lon="9.211723" />
      <trkpt lat="46.436501" lon="9.211999" />
      <trkpt lat="46.43676" lon="9.21199" />
      <trkpt lat="46.437874" lon="9.211014" />
      <trkpt lat="46.437775" lon="9.210874" />
      <trkpt lat="46.436993" lon="9.211436" />
      <trkpt lat="46.436822" lon="9.211369" />
      <trkpt lat="46.436991" lon="9.210705" />
      <trkpt lat="46.437395" lon="9.210325" />
      <trkpt lat="46.437568" lon="9.20947" />
      <trkpt lat="46.437467" lon="9.207324" />
      <trkpt lat="46.437346" lon="9.207387" />
      <trkpt lat="46.437179" lon="9.209483" />
      <trkpt lat="46.437117" lon="9.208285" />
      <trkpt lat="46.436541" lon="9.207632" />
      <trkpt lat="46.436633" lon="9.207139" />
      <trkpt lat="46.435801" lon="9.20819" />
      <trkpt lat="46.435358" lon="9.207481" />
      <trkpt lat="46.435131" lon="9.206532" />
      <trkpt lat="46.434633" lon="9.205781" />
      <trkpt lat="46.434274" lon="9.205563" />
      <trkpt lat="46.434294" lon="9.205397" />
      <trkpt lat="46.435191" lon="9.205592" />
      <trkpt lat="46.436045" lon="9.205336" />
      <trkpt lat="46.436001" lon="9.20509" />
      <trkpt lat="46.435562" lon="9.204961" />
      <trkpt lat="46.434999" lon="9.204981" />
      <trkpt lat="46.434951" lon="9.204807" />
      <trkpt lat="46.436187" lon="9.204008" />
      <trkpt lat="46.437519" lon="9.203801" />
      <trkpt lat="46.438043" lon="9.203279" />
      <trkpt lat="46.439447" lon="9.203503" />
      <trkpt lat="46.440503" lon="9.203061" />
      <trkpt lat="46.441279" lon="9.203039" />
      <trkpt lat="46.444413" lon="9.201692" />
      <trkpt lat="46.446683" lon="9.201081" />
      <trkpt lat="46.447218" lon="9.200531" />
      <trkpt lat="46.447403" lon="9.200617" />
      <trkpt lat="46.447734" lon="9.20127" />
      <trkpt lat="46.448581" lon="9.200461" />
      <trkpt lat="46.451935" lon="9.199216" />
      <trkpt lat="46.452717" lon="9.199031" />
      <trkpt lat="46.455201" lon="9.197925" />
      <trkpt lat="46.457348" lon="9.195662" />
      <trkpt lat="46.458746" lon="9.193519" />
      <trkpt lat="46.459396" lon="9.193126" />
      <trkpt lat="46.460007" lon="9.19325" />
      <trkpt lat="46.460723" lon="9.192984" />
      <trkpt lat="46.462744" lon="9.191852" />
      <trkpt lat="46.463148" lon="9.190948" />
      <trkpt lat="46.462786" lon="9.189962" />
      <trkpt lat="46.462795" lon="9.188514" />
      <trkpt lat="46.463285" lon="9.187886" />
      <trkpt lat="46.464026" lon="9.187759" />
      <trkpt lat="46.464299" lon="9.187572" />
      <trkpt lat="46.46485" lon="9.186685" />
      <trkpt lat="46.465399" lon="9.185432" />
      <trkpt lat="46.465558" lon="9.185558" />
      <trkpt lat="46.465408" lon="9.186278" />
      <trkpt lat="46.465467" lon="9.186842" />
      <trkpt lat="46.465878" lon="9.187159" />
      <trkpt lat="46.466697" lon="9.187414" />
      <trkpt lat="46.467393" lon="9.187142" />
      <trkpt lat="46.46808" lon="9.186585" />
      <trkpt lat="46.46889" lon="9.186385" />
      <trkpt lat="46.469393" lon="9.186398" />
      <trkpt lat="46.469392" lon="9.186272" />
      <trkpt lat="46.469107" lon="9.186215" />
      <trkpt lat="46.469072" lon="9.186088" />
      <trkpt lat="46.469619" lon="9.185601" />
      <trkpt lat="46.470223" lon="9.183135" />
      <trkpt lat="46.471058" lon="9.181992" />
      <trkpt lat="46.471478" lon="9.180493" />
      <trkpt lat="46.472216" lon="9.180411" />
      <trkpt lat="46.472713" lon="9.180631" />
      <trkpt lat="46.473151" lon="9.18043" />
      <trkpt lat="46.473311" lon="9.180473" />
      <trkpt lat="46.473349" lon="9.180851" />
      <trkpt lat="46.472632" lon="9.182245" />
      <trkpt lat="46.472805" lon="9.182328" />
      <trkpt lat="46.47343" lon="9.18152" />
      <trkpt lat="46.473574" lon="9.181703" />
      <trkpt lat="46.473815" lon="9.18271" />
      <trkpt lat="46.474034" lon="9.182754" />
      <trkpt lat="46.474025" lon="9.181847" />
      <trkpt lat="46.474171" lon="9.181727" />
      <trkpt lat="46.474459" lon="9.181885" />
      <trkpt lat="46.474555" lon="9.181799" />
      <trkpt lat="46.474286" lon="9.180964" />
      <trkpt lat="46.474909" lon="9.181293" />
      <trkpt lat="46.475152" lon="9.18129" />
      <trkpt lat="46.475563" lon="9.181013" />
      <trkpt lat="46.475968" lon="9.180384" />
      <trkpt lat="46.475961" lon="9.179624" />
      <trkpt lat="46.476519" lon="9.178006" />
      <trkpt lat="46.476377" lon="9.177085" />
      <trkpt lat="46.476496" lon="9.177104" />
      <trkpt lat="46.476919" lon="9.177966" />
      <trkpt lat="46.476858" lon="9.176789" />
      <trkpt lat="46.476984" lon="9.176402" />
      <trkpt lat="46.479814" lon="9.172889" />
      <trkpt lat="46.481111" lon="9.171998" />
      <trkpt lat="46.482376" lon="9.170872" />
      <trkpt lat="46.483161" lon="9.169783" />
      <trkpt lat="46.483219" lon="9.16996" />
      <trkpt lat="46.482455" lon="9.171388" />
      <trkpt lat="46.481941" lon="9.171901" />
      <trkpt lat="46.481675" lon="9.172397" />
      <trkpt lat="46.481889" lon="9.172542" />
      <trkpt lat="46.482362" lon="9.172282" />
      <trkpt lat="46.482446" lon="9.172349" />
      <trkpt lat="46.482254" lon="9.174442" />
      <trkpt lat="46.482507" lon="9.174156" />
      <trkpt lat="46.482819" lon="9.173297" />
      <trkpt lat="46.483667" lon="9.172638" />
      <trkpt lat="46.483214" lon="9.173611" />
      <trkpt lat="46.483339" lon="9.174185" />
      <trkpt lat="46.483545" lon="9.174181" />
      <trkpt lat="46.484481" lon="9.173287" />
      <trkpt lat="46.484679" lon="9.172939" />
      <trkpt lat="46.48487" lon="9.171422" />
      <trkpt lat="46.484795" lon="9.170762" />
      <trkpt lat="46.485385" lon="9.171598" />
      <trkpt lat="46.485106" lon="9.170457" />
      <trkpt lat="46.485217" lon="9.170484" />
      <trkpt lat="46.48551" lon="9.171157" />
      <trkpt lat="46.486315" lon="9.170139" />
      <trkpt lat="46.486432" lon="9.16974" />
      <trkpt lat="46.486388" lon="9.168852" />
      <trkpt lat="46.486628" lon="9.168249" />
      <trkpt lat="46.486946" lon="9.168421" />
      <trkpt lat="46.487352" lon="9.168426" />
      <trkpt lat="46.487651" lon="9.16878" />
      <trkpt lat="46.487682" lon="9.168984" />
      <trkpt lat="46.487467" lon="9.169457" />
      <trkpt lat="46.487417" lon="9.170327" />
      <trkpt lat="46.487639" lon="9.170889" />
      <trkpt lat="46.488049" lon="9.171112" />
      <trkpt lat="46.491603" lon="9.170553" />
      <trkpt lat="46.491988" lon="9.170401" />
      <trkpt lat="46.492876" lon="9.169502" />
      <trkpt lat="46.493625" lon="9.169581" />
      <trkpt lat="46.494568" lon="9.169157" />
      <trkpt lat="46.494939" lon="9.169191" />
      <trkpt lat="46.49592" lon="9.170647" />
      <trkpt lat="46.497261" lon="9.171194" />
      <trkpt lat="46.497753" lon="9.170991" />
      <trkpt lat="46.498007" lon="9.171261" />
      <trkpt lat="46.498114" lon="9.172563" />
      <trkpt lat="46.496955" lon="9.174423" />
      <trkpt lat="46.496977" lon="9.174571" />
      <trkpt lat="46.498938" lon="9.175653" />
      <trkpt lat="46.500916" lon="9.177256" />
      <trkpt lat="46.50261" lon="9.178025" />
      <trkpt lat="46.503407" lon="9.178731" />
      <trkpt lat="46.504328" lon="9.178868" />
      <trkpt lat="46.504967" lon="9.178693" />
      <trkpt lat="46.505416" lon="9.178708" />
      <trkpt lat="46.505871" lon="9.179017" />
      <trkpt lat="46.506829" lon="9.17911" />
      <trkpt lat="46.50684" lon="9.179233" />
      <trkpt lat="46.506456" lon="9.179368" />
      <trkpt lat="46.506426" lon="9.179521" />
      <trkpt lat="46.507465" lon="9.179396" />
      <trkpt lat="46.507381" lon="9.180001" />
      <trkpt lat="46.507615" lon="9.179625" />
      <trkpt lat="46.507952" lon="9.179461" />
      <trkpt lat="46.50924" lon="9.179791" />
      <trkpt lat="46.509163" lon="9.179954" />
      <trkpt lat="46.50877" lon="9.179913" />
      <trkpt lat="46.50916" lon="9.180169" />
      <trkpt lat="46.50999" lon="9.18008" />
      <trkpt lat="46.510023" lon="9.180208" />
      <trkpt lat="46.509796" lon="9.180308" />
      <trkpt lat="46.50979" lon="9.180429" />
      <trkpt lat="46.511494" lon="9.181475" />
      <trkpt lat="46.513299" lon="9.181754" />
      <trkpt lat="46.514513" lon="9.183076" />
      <trkpt lat="46.515322" lon="9.18202" />
      <trkpt lat="46.514765" lon="9.183321" />
      <trkpt lat="46.514814" lon="9.183676" />
      <trkpt lat="46.515119" lon="9.183853" />
      <trkpt lat="46.515706" lon="9.183917" />
      <trkpt lat="46.516379" lon="9.184359" />
      <trkpt lat="46.516958" lon="9.184328" />
      <trkpt lat="46.517281" lon="9.1846" />
      <trkpt lat="46.518035" lon="9.185702" />
      <trkpt lat="46.518344" lon="9.186484" />
      <trkpt lat="46.51874" lon="9.186941" />
      <trkpt lat="46.519147" lon="9.188099" />
      <trkpt lat="46.519811" lon="9.188984" />
      <trkpt lat="46.520225" lon="9.189995" />
      <trkpt lat="46.52005" lon="9.189059" />
      <trkpt lat="46.518942" lon="9.186206" />
      <trkpt lat="46.519397" lon="9.186732" />
      <trkpt lat="46.519535" lon="9.187291" />
      <trkpt lat="46.520277" lon="9.188423" />
      <trkpt lat="46.520679" lon="9.189418" />
      <trkpt lat="46.520733" lon="9.189289" />
      <trkpt lat="46.519995" lon="9.187019" />
      <trkpt lat="46.521126" lon="9.189272" />
      <trkpt lat="46.521201" lon="9.189176" />
      <trkpt lat="46.520603" lon="9.18784" />
      <trkpt lat="46.520423" lon="9.186888" />
      <trkpt lat="46.520853" lon="9.187836" />
      <trkpt lat="46.521547" lon="9.188908" />
      <trkpt lat="46.521618" lon="9.188805" />
      <trkpt lat="46.521193" lon="9.187841" />
      <trkpt lat="46.521803" lon="9.188725" />
      <trkpt lat="46.521883" lon="9.188672" />
      <trkpt lat="46.521341" lon="9.187588" />
      <trkpt lat="46.522074" lon="9.188581" />
      <trkpt lat="46.521773" lon="9.187763" />
      <trkpt lat="46.521257" lon="9.187053" />
      <trkpt lat="46.520652" lon="9.184937" />
      <trkpt lat="46.52078" lon="9.184936" />
      <trkpt lat="46.521192" lon="9.18588" />
      <trkpt lat="46.520543" lon="9.183233" />
      <trkpt lat="46.521891" lon="9.185977" />
      <trkpt lat="46.521184" lon="9.183219" />
      <trkpt lat="46.52109" lon="9.181789" />
      <trkpt lat="46.52122" lon="9.181637" />
      <trkpt lat="46.521749" lon="9.18284" />
      <trkpt lat="46.522731" lon="9.183182" />
      <trkpt lat="46.52339" lon="9.184008" />
      <trkpt lat="46.524177" lon="9.185589" />
      <trkpt lat="46.524485" lon="9.186844" />
      <trkpt lat="46.525258" lon="9.186918" />
      <trkpt lat="46.525314" lon="9.18669" />
      <trkpt lat="46.525458" lon="9.186641" />
      <trkpt lat="46.525931" lon="9.187124" />
      <trkpt lat="46.527402" lon="9.18806" />
      <trkpt lat="46.527737" lon="9.188406" />
      <trkpt lat="46.530088" lon="9.193696" />
      <trkpt lat="46.53041" lon="9.195519" />
      <trkpt lat="46.530372" lon="9.197332" />
      <trkpt lat="46.530487" lon="9.198608" />
      <trkpt lat="46.530352" lon="9.199789" />
      <trkpt lat="46.530402" lon="9.200637" />
      <trkpt lat="46.530759" lon="9.202244" />
      <trkpt lat="46.530927" lon="9.204343" />
      <trkpt lat="46.531602" lon="9.205865" />
      <trkpt lat="46.531791" lon="9.206879" />
      <trkpt lat="46.531727" lon="9.207922" />
      <trkpt lat="46.53136" lon="9.209525" />
      <trkpt lat="46.531412" lon="9.210757" />
      <trkpt lat="46.532259" lon="9.213082" />
      <trkpt lat="46.532667" lon="9.215618" />
      <trkpt lat="46.53308" lon="9.217068" />
      <trkpt lat="46.535964" lon="9.223712" />
      <trkpt lat="46.53716" lon="9.227003" />
      <trkpt lat="46.537586" lon="9.228712" />
      <trkpt lat="46.537892" lon="9.231793" />
      <trkpt lat="46.537643" lon="9.237778" />
      <trkpt lat="46.538334" lon="9.242055" />
      <trkpt lat="46.53822" lon="9.243564" />
      <trkpt lat="46.538332" lon="9.243664" />
      <trkpt lat="46.538379" lon="9.245238" />
      <trkpt lat="46.538764" lon="9.247704" />
      <trkpt lat="46.538696" lon="9.25064" />
      <trkpt lat="46.538861" lon="9.251489" />
      <trkpt lat="46.539695" lon="9.254018" />
      <trkpt lat="46.539514" lon="9.256579" />
      <trkpt lat="46.539602" lon="9.257848" />
      <trkpt lat="46.540653" lon="9.261412" />
      <trkpt lat="46.541118" lon="9.26386" />
      <trkpt lat="46.541277" lon="9.266155" />
      <trkpt lat="46.541166" lon="9.272322" />
      <trkpt lat="46.541318" lon="9.273946" />
      <trkpt lat="46.542304" lon="9.278064" />
      <trkpt lat="46.544173" lon="9.282657" />
      <trkpt lat="46.545234" lon="9.287371" />
      <trkpt lat="46.545234" lon="9.289037" />
      <trkpt lat="46.544456" lon="9.292937" />
      <trkpt lat="46.544364" lon="9.295606" />
      <trkpt lat="46.544702" lon="9.29725" />
      <trkpt lat="46.546704" lon="9.302187" />
      <trkpt lat="46.547038" lon="9.303532" />
      <trkpt lat="46.547148" lon="9.307778" />
      <trkpt lat="46.546768" lon="9.311391" />
      <trkpt lat="46.546976" lon="9.312886" />
      <trkpt lat="46.547428" lon="9.314003" />
      <trkpt lat="46.549579" lon="9.317538" />
      <trkpt lat="46.550414" lon="9.319394" />
      <trkpt lat="46.552542" lon="9.327148" />
      <trkpt lat="46.553144" lon="9.328119" />
      <trkpt lat="46.554338" lon="9.329469" />
      <trkpt lat="46.554841" lon="9.330437" />
      <trkpt lat="46.556097" lon="9.335787" />
      <trkpt lat="46.556602" lon="9.337185" />
      <trkpt lat="46.558692" lon="9.341212" />
      <trkpt lat="46.559717" lon="9.342562" />
      <trkpt lat="46.560215" lon="9.345198" />
      <trkpt lat="46.560982" lon="9.348098" />
      <trkpt lat="46.561495" lon="9.34867" />
      <trkpt lat="46.56284" lon="9.348976" />
      <trkpt lat="46.56331" lon="9.349338" />
      <trkpt lat="46.564263" lon="9.35183" />
      <trkpt lat="46.565028" lon="9.353434" />
      <trkpt lat="46.565538" lon="9.355137" />
      <trkpt lat="46.565939" lon="9.358235" />
      <trkpt lat="46.56711" lon="9.361418" />
      <trkpt lat="46.567863" lon="9.366053" />
      <trkpt lat="46.568421" lon="9.36726" />
      <trkpt lat="46.569947" lon="9.369417" />
      <trkpt lat="46.570675" lon="9.371451" />
      <trkpt lat="46.571289" lon="9.376579" />
      <trkpt lat="46.571155" lon="9.378404" />
      <trkpt lat="46.570694" lon="9.380644" />
      <trkpt lat="46.57034" lon="9.381302" />
      <trkpt lat="46.569792" lon="9.381771" />
      <trkpt lat="46.567108" lon="9.382472" />
      <trkpt lat="46.566507" lon="9.382759" />
      <trkpt lat="46.565973" lon="9.383406" />
      <trkpt lat="46.565648" lon="9.384402" />
      <trkpt lat="46.565628" lon="9.38517" />
      <trkpt lat="46.565795" lon="9.385993" />
      <trkpt lat="46.566198" lon="9.386724" />
      <trkpt lat="46.567387" lon="9.388217" />
      <trkpt lat="46.56772" lon="9.389121" />
      <trkpt lat="46.56787" lon="9.390211" />
      <trkpt lat="46.56768" lon="9.391703" />
      <trkpt lat="46.566218" lon="9.395904" />
      <trkpt lat="46.565811" lon="9.400787" />
      <trkpt lat="46.565881" lon="9.402272" />
      <trkpt lat="46.566291" lon="9.403517" />
      <trkpt lat="46.566895" lon="9.404404" />
      <trkpt lat="46.568847" lon="9.405708" />
      <trkpt lat="46.56962" lon="9.406803" />
      <trkpt lat="46.571695" lon="9.413979" />
      <trkpt lat="46.572355" lon="9.415283" />
      <trkpt lat="46.57296" lon="9.415872" />
      <trkpt lat="46.573459" lon="9.416131" />
      <trkpt lat="46.57392" lon="9.416247" />
      <trkpt lat="46.575003" lon="9.41625" />
      <trkpt lat="46.575482" lon="9.416438" />
      <trkpt lat="46.576701" lon="9.417495" />
      <trkpt lat="46.578087" lon="9.417932" />
      <trkpt lat="46.578601" lon="9.418423" />
      <trkpt lat="46.578903" lon="9.41894" />
      <trkpt lat="46.579644" lon="9.42085" />
      <trkpt lat="46.57989" lon="9.422467" />
      <trkpt lat="46.579684" lon="9.423591" />
      <trkpt lat="46.57849" lon="9.426131" />
      <trkpt lat="46.578493" lon="9.426912" />
      <trkpt lat="46.578771" lon="9.427626" />
      <trkpt lat="46.579179" lon="9.428013" />
      <trkpt lat="46.579789" lon="9.428126" />
      <trkpt lat="46.587882" lon="9.426233" />
      <trkpt lat="46.588533" lon="9.426195" />
      <trkpt lat="46.589371" lon="9.426539" />
      <trkpt lat="46.590529" lon="9.427573" />
      <trkpt lat="46.591216" lon="9.427907" />
      <trkpt lat="46.592085" lon="9.427819" />
      <trkpt lat="46.593434" lon="9.426995" />
      <trkpt lat="46.594239" lon="9.427013" />
      <trkpt lat="46.594858" lon="9.427443" />
      <trkpt lat="46.597042" lon="9.429596" />
      <trkpt lat="46.598289" lon="9.430526" />
      <trkpt lat="46.599463" lon="9.431105" />
      <trkpt lat="46.600507" lon="9.431096" />
      <trkpt lat="46.60213" lon="9.430423" />
      <trkpt lat="46.603006" lon="9.430226" />
      <trkpt lat="46.603885" lon="9.430248" />
      <trkpt lat="46.604654" lon="9.430436" />
      <trkpt lat="46.606022" lon="9.43121" />
      <trkpt lat="46.608153" lon="9.433357" />
      <trkpt lat="46.609436" lon="9.433974" />
      <trkpt lat="46.610817" lon="9.434008" />
      <trkpt lat="46.613217" lon="9.433118" />
      <trkpt lat="46.614096" lon="9.432921" />
      <trkpt lat="46.614894" lon="9.432947" />
      <trkpt lat="46.616718" lon="9.433364" />
      <trkpt lat="46.618951" lon="9.432977" />
      <trkpt lat="46.620201" lon="9.433131" />
      <trkpt lat="46.622323" lon="9.434311" />
      <trkpt lat="46.624072" lon="9.43471" />
      <trkpt lat="46.624793" lon="9.435011" />
      <trkpt lat="46.62826" lon="9.437699" />
      <trkpt lat="46.629495" lon="9.438374" />
      <trkpt lat="46.630374" lon="9.438612" />
      <trkpt lat="46.631203" lon="9.438671" />
      <trkpt lat="46.633387" lon="9.438264" />
      <trkpt lat="46.634377" lon="9.438319" />
      <trkpt lat="46.635576" lon="9.438844" />
      <trkpt lat="46.637079" lon="9.440113" />
      <trkpt lat="46.63776" lon="9.440517" />
      <trkpt lat="46.638486" lon="9.440734" />
      <trkpt lat="46.639878" lon="9.44087" />
      <trkpt lat="46.640631" lon="9.441152" />
      <trkpt lat="46.641347" lon="9.44169" />
      <trkpt lat="46.641954" lon="9.442429" />
      <trkpt lat="46.643632" lon="9.445927" />
      <trkpt lat="46.644984" lon="9.447462" />
      <trkpt lat="46.646439" lon="9.448222" />
      <trkpt lat="46.647933" lon="9.448371" />
      <trkpt lat="46.648644" lon="9.448574" />
      <trkpt lat="46.650484" lon="9.449701" />
      <trkpt lat="46.651437" lon="9.450735" />
      <trkpt lat="46.651972" lon="9.451118" />
      <trkpt lat="46.655023" lon="9.452263" />
      <trkpt lat="46.655757" lon="9.452179" />
      <trkpt lat="46.656531" lon="9.451514" />
      <trkpt lat="46.656848" lon="9.45089" />
      <trkpt lat="46.657328" lon="9.449264" />
      <trkpt lat="46.657736" lon="9.448674" />
      <trkpt lat="46.658166" lon="9.448402" />
      <trkpt lat="46.659308" lon="9.448199" />
      <trkpt lat="46.659911" lon="9.447943" />
      <trkpt lat="46.660474" lon="9.447465" />
      <trkpt lat="46.661528" lon="9.446213" />
      <trkpt lat="46.662555" lon="9.445721" />
      <trkpt lat="46.663387" lon="9.445733" />
      <trkpt lat="46.664154" lon="9.446113" />
      <trkpt lat="46.664568" lon="9.446505" />
      <trkpt lat="46.665407" lon="9.44782" />
      <trkpt lat="46.666197" lon="9.448707" />
      <trkpt lat="46.667669" lon="9.449862" />
      <trkpt lat="46.668274" lon="9.450126" />
      <trkpt lat="46.669344" lon="9.450142" />
      <trkpt lat="46.670372" lon="9.449915" />
      <trkpt lat="46.674011" lon="9.447958" />
      <trkpt lat="46.674616" lon="9.447971" />
      <trkpt lat="46.676149" lon="9.448467" />
      <trkpt lat="46.676838" lon="9.448567" />
      <trkpt lat="46.67782" lon="9.44845" />
      <trkpt lat="46.678689" lon="9.44813" />
      <trkpt lat="46.679806" lon="9.447354" />
      <trkpt lat="46.681043" lon="9.445809" />
      <trkpt lat="46.681612" lon="9.444651" />
      <trkpt lat="46.682734" lon="9.441271" />
      <trkpt lat="46.68382" lon="9.43936" />
      <trkpt lat="46.685195" lon="9.438072" />
      <trkpt lat="46.685808" lon="9.437745" />
      <trkpt lat="46.686785" lon="9.437451" />
      <trkpt lat="46.687731" lon="9.43742" />
      <trkpt lat="46.688607" lon="9.437605" />
      <trkpt lat="46.689449" lon="9.438004" />
      <trkpt lat="46.690357" lon="9.438699" />
      <trkpt lat="46.691159" lon="9.439592" />
      <trkpt lat="46.694377" lon="9.44402" />
      <trkpt lat="46.696626" lon="9.446525" />
      <trkpt lat="46.696663" lon="9.446921" />
      <trkpt lat="46.695821" lon="9.449909" />
      <trkpt lat="46.695498" lon="9.451671" />
      <trkpt lat="46.69547" lon="9.453092" />
      <trkpt lat="46.695614" lon="9.454442" />
      <trkpt lat="46.695933" lon="9.455746" />
      <trkpt lat="46.696568" lon="9.457226" />
      <trkpt lat="46.69857" lon="9.459977" />
      <trkpt lat="46.699093" lon="9.460883" />
      <trkpt lat="46.699519" lon="9.461958" />
      <trkpt lat="46.699909" lon="9.464363" />
      <trkpt lat="46.699665" lon="9.466788" />
      <trkpt lat="46.698868" lon="9.469124" />
      <trkpt lat="46.698147" lon="9.470801" />
      <trkpt lat="46.697773" lon="9.471257" />
      <trkpt lat="46.696821" lon="9.471763" />
      <trkpt lat="46.696645" lon="9.472051" />
      <trkpt lat="46.696324" lon="9.473938" />
      <trkpt lat="46.696521" lon="9.475797" />
      <trkpt lat="46.696234" lon="9.477879" />
      <trkpt lat="46.695382" lon="9.479498" />
      <trkpt lat="46.694973" lon="9.47967" />
      <trkpt lat="46.694395" lon="9.479707" />
      <trkpt lat="46.694134" lon="9.479877" />
      <trkpt lat="46.693857" lon="9.480893" />
      <trkpt lat="46.693339" lon="9.481704" />
      <trkpt lat="46.693361" lon="9.482954" />
      <trkpt lat="46.692834" lon="9.484322" />
      <trkpt lat="46.692662" lon="9.485113" />
      <trkpt lat="46.692966" lon="9.486693" />
      <trkpt lat="46.692642" lon="9.489974" />
      <trkpt lat="46.69293" lon="9.492302" />
      <trkpt lat="46.692842" lon="9.492855" />
      <trkpt lat="46.691343" lon="9.494584" />
      <trkpt lat="46.691136" lon="9.495324" />
      <trkpt lat="46.691077" lon="9.496732" />
      <trkpt lat="46.690644" lon="9.497739" />
      <trkpt lat="46.690407" lon="9.497996" />
      <trkpt lat="46.68938" lon="9.498559" />
      <trkpt lat="46.688039" lon="9.500083" />
      <trkpt lat="46.687413" lon="9.501155" />
      <trkpt lat="46.687145" lon="9.502479" />
      <trkpt lat="46.687141" lon="9.504752" />
      <trkpt lat="46.686744" lon="9.505675" />
      <trkpt lat="46.686066" lon="9.506502" />
      <trkpt lat="46.685865" lon="9.507118" />
      <trkpt lat="46.685865" lon="9.507734" />
      <trkpt lat="46.68625" lon="9.509128" />
      <trkpt lat="46.686156" lon="9.510065" />
      <trkpt lat="46.68478" lon="9.512323" />
      <trkpt lat="46.68427" lon="9.513471" />
      <trkpt lat="46.681628" lon="9.522222" />
      <trkpt lat="46.681404" lon="9.523369" />
      <trkpt lat="46.681242" lon="9.525686" />
      <trkpt lat="46.681042" lon="9.52641" />
      <trkpt lat="46.680751" lon="9.526889" />
      <trkpt lat="46.67953" lon="9.528212" />
      <trkpt lat="46.679244" lon="9.52878" />
      <trkpt lat="46.679206" lon="9.529553" />
      <trkpt lat="46.679729" lon="9.531278" />
      <trkpt lat="46.679832" lon="9.532344" />
      <trkpt lat="46.679432" lon="9.534558" />
      <trkpt lat="46.678672" lon="9.541366" />
      <trkpt lat="46.678236" lon="9.542272" />
      <trkpt lat="46.676918" lon="9.543433" />
      <trkpt lat="46.676164" lon="9.544411" />
      <trkpt lat="46.673723" lon="9.54914" />
      <trkpt lat="46.673139" lon="9.551023" />
      <trkpt lat="46.673038" lon="9.553081" />
      <trkpt lat="46.673844" lon="9.557474" />
      <trkpt lat="46.673781" lon="9.558886" />
      <trkpt lat="46.673469" lon="9.560202" />
      <trkpt lat="46.672888" lon="9.561475" />
      <trkpt lat="46.67149" lon="9.563764" />
      <trkpt lat="46.669274" lon="9.565797" />
      <trkpt lat="46.66771" lon="9.56914" />
      <trkpt lat="46.66686" lon="9.570467" />
      <trkpt lat="46.665403" lon="9.571239" />
      <trkpt lat="46.66495" lon="9.571332" />
      <trkpt lat="46.664447" lon="9.571209" />
      <trkpt lat="46.66426" lon="9.571335" />
      <trkpt lat="46.663146" lon="9.573893" />
      <trkpt lat="46.66264" lon="9.575838" />
      <trkpt lat="46.662683" lon="9.576535" />
      <trkpt lat="46.662274" lon="9.576689" />
      <trkpt lat="46.66202" lon="9.576203" />
      <trkpt lat="46.661932" lon="9.575687" />
      <trkpt lat="46.661376" lon="9.576392" />
      <trkpt lat="46.661143" lon="9.576122" />
      <trkpt lat="46.66122" lon="9.575949" />
      <trkpt lat="46.661514" lon="9.576212" />
      <trkpt lat="46.661932" lon="9.575687" />
      <trkpt lat="46.66202" lon="9.576203" />
      <trkpt lat="46.662274" lon="9.576689" />
      <trkpt lat="46.662683" lon="9.576535" />
      <trkpt lat="46.66264" lon="9.575838" />
      <trkpt lat="46.663146" lon="9.573893" />
      <trkpt lat="46.66426" lon="9.571335" />
      <trkpt lat="46.664447" lon="9.571209" />
      <trkpt lat="46.664803" lon="9.57131" />
      <trkpt lat="46.664023" lon="9.575081" />
      <trkpt lat="46.663984" lon="9.576988" />
      <trkpt lat="46.663515" lon="9.578102" />
      <trkpt lat="46.663524" lon="9.578939" />
      <trkpt lat="46.663247" lon="9.579381" />
      <trkpt lat="46.663376" lon="9.579606" />
      <trkpt lat="46.663608" lon="9.579596" />
      <trkpt lat="46.664012" lon="9.578804" />
      <trkpt lat="46.664339" lon="9.579899" />
      <trkpt lat="46.664184" lon="9.580699" />
      <trkpt lat="46.664478" lon="9.581882" />
      <trkpt lat="46.664417" lon="9.582699" />
      <trkpt lat="46.664551" lon="9.584783" />
      <trkpt lat="46.664271" lon="9.586245" />
      <trkpt lat="46.664669" lon="9.587181" />
      <trkpt lat="46.664703" lon="9.588834" />
      <trkpt lat="46.664903" lon="9.590124" />
      <trkpt lat="46.665221" lon="9.590266" />
      <trkpt lat="46.665459" lon="9.589991" />
      <trkpt lat="46.665456" lon="9.588824" />
      <trkpt lat="46.665731" lon="9.587363" />
      <trkpt lat="46.665693" lon="9.586792" />
      <trkpt lat="46.66603" lon="9.585599" />
      <trkpt lat="46.666668" lon="9.58496" />
      <trkpt lat="46.667701" lon="9.582505" />
      <trkpt lat="46.669228" lon="9.579672" />
      <trkpt lat="46.66955" lon="9.579444" />
      <trkpt lat="46.670193" lon="9.579258" />
      <trkpt lat="46.670494" lon="9.578934" />
      <trkpt lat="46.670773" lon="9.577245" />
      <trkpt lat="46.672111" lon="9.573737" />
      <trkpt lat="46.67247" lon="9.573412" />
      <trkpt lat="46.673052" lon="9.573629" />
      <trkpt lat="46.673211" lon="9.57351" />
      <trkpt lat="46.673092" lon="9.572517" />
      <trkpt lat="46.673446" lon="9.571282" />
      <trkpt lat="46.67403" lon="9.570693" />
      <trkpt lat="46.674896" lon="9.570587" />
      <trkpt lat="46.676272" lon="9.567603" />
      <trkpt lat="46.676961" lon="9.567236" />
      <trkpt lat="46.677385" lon="9.567173" />
      <trkpt lat="46.678485" lon="9.566425" />
      <trkpt lat="46.678694" lon="9.5665" />
      <trkpt lat="46.679153" lon="9.567418" />
      <trkpt lat="46.679728" lon="9.567653" />
      <trkpt lat="46.68025" lon="9.567556" />
      <trkpt lat="46.682969" lon="9.564705" />
      <trkpt lat="46.684512" lon="9.563433" />
      <trkpt lat="46.688634" lon="9.562987" />
      <trkpt lat="46.689534" lon="9.56228" />
      <trkpt lat="46.689728" lon="9.561951" />
      <trkpt lat="46.689901" lon="9.561966" />
      <trkpt lat="46.692354" lon="9.560008" />
      <trkpt lat="46.698598" lon="9.557849" />
      <trkpt lat="46.705839" lon="9.560397" />
      <trkpt lat="46.70933" lon="9.559154" />
      <trkpt lat="46.713567" lon="9.559608" />
      <trkpt lat="46.714692" lon="9.558775" />
      <trkpt lat="46.718523" lon="9.559192" />
      <trkpt lat="46.719486" lon="9.558754" />
      <trkpt lat="46.721342" lon="9.558672" />
      <trkpt lat="46.72249" lon="9.558904" />
      <trkpt lat="46.723035" lon="9.558688" />
      <trkpt lat="46.724061" lon="9.557944" />
      <trkpt lat="46.725934" lon="9.557687" />
      <trkpt lat="46.726854" lon="9.55785" />
      <trkpt lat="46.727601" lon="9.557781" />
      <trkpt lat="46.728385" lon="9.557618" />
      <trkpt lat="46.729218" lon="9.557207" />
      <trkpt lat="46.729876" lon="9.556523" />
      <trkpt lat="46.731539" lon="9.553898" />
      <trkpt lat="46.732406" lon="9.553273" />
      <trkpt lat="46.733209" lon="9.552449" />
      <trkpt lat="46.73428" lon="9.551844" />
      <trkpt lat="46.734976" lon="9.552203" />
      <trkpt lat="46.735608" lon="9.552203" />
      <trkpt lat="46.73792" lon="9.553012" />
      <trkpt lat="46.738851" lon="9.552927" />
      <trkpt lat="46.739132" lon="9.553051" />
      <trkpt lat="46.739402" lon="9.553734" />
      <trkpt lat="46.739246" lon="9.555393" />
      <trkpt lat="46.739426" lon="9.555794" />
      <trkpt lat="46.739723" lon="9.556026" />
      <trkpt lat="46.740085" lon="9.556002" />
      <trkpt lat="46.741071" lon="9.55545" />
      <trkpt lat="46.741499" lon="9.555456" />
      <trkpt lat="46.743083" lon="9.556039" />
      <trkpt lat="46.744089" lon="9.556725" />
      <trkpt lat="46.744754" lon="9.556418" />
      <trkpt lat="46.74468" lon="9.55559" />
    </trkseg>
  </trk>
</gpx>
