<?xml version="1.0" encoding="UTF-8"?>
<gpx version="1.1" creator="Fondue Tour 2026" xmlns="http://www.topografix.com/GPX/1/1" xmlns:xsi="http://www.w3.org/2001/XMLSchema-instance" xsi:schemaLocation="http://www.topografix.com/GPX/1/1 http://www.topografix.com/GPX/1/1/gpx.xsd">
  <metadata><name>Thu 10 · La Thuile to the Furka–Tremola loop · from Chalet Eden · La Thuile</name><desc>Fondue Tour 2026 roadbook route. Verify live pass status before departure.</desc></metadata>
  <rte>
    <name>Thu 10 · La Thuile to the Furka–Tremola loop · from Chalet Eden · La Thuile stops</name>
    <rtept lat="45.7081906" lon="6.9511927"><name>Chalet Eden · La Thuile</name></rtept>
    <rtept lat="45.732847" lon="7.2990344"><name>ENI Aosta</name></rtept>
    <rtept lat="45.8706294" lon="7.1573899"><name>Saint-Rhémy viewpoint</name></rtept>
    <rtept lat="45.8689158" lon="7.1705651"><name>Great St Bernard Hospice</name></rtept>
    <rtept lat="46.2873758" lon="7.5409741"><name>Lac de Géronde</name></rtept>
    <rtept lat="46.340697" lon="8.023908"><name>Restaurant Z’Matt</name></rtept>
    <rtept lat="46.410532" lon="8.1509586"><name>Hängebrücke Fürgangen</name></rtept>
    <rtept lat="46.4879271" lon="8.268457"><name>Hotel Landhaus</name></rtept>
    <rtept lat="46.576739" lon="8.38835"><name>Belvedere Furka</name></rtept>
    <rtept lat="46.5716026" lon="8.4093321"><name>Furka photo point</name></rtept>
    <rtept lat="46.5496678" lon="8.5686232"><name>Parcheggio Tremola</name></rtept>
    <rtept lat="46.47819" lon="8.3864176"><name>Nufenenpass</name></rtept>
    <rtept lat="46.5068152" lon="8.3066168"><name>Agrola Ulrichen</name></rtept>
    <rtept lat="46.4879271" lon="8.268457"><name>Hotel Landhaus</name></rtept>
  </rte>
  <trk>
    <name>Thu 10 · La Thuile to the Furka–Tremola loop · from Chalet Eden · La Thuile</name>
    <trkseg>
      <trkpt lat="45.7083" lon="6.951439" />
      <trkpt lat="45.708818" lon="6.950993" />
      <trkpt lat="45.709635" lon="6.949731" />
      <trkpt lat="45.710131" lon="6.949251" />
      <trkpt lat="45.711885" lon="6.949503" />
      <trkpt lat="45.712525" lon="6.949373" />
      <trkpt lat="45.714203" lon="6.948953" />
      <trkpt lat="45.715655" lon="6.948321" />
      <trkpt lat="45.716417" lon="6.948267" />
      <trkpt lat="45.717088" lon="6.947967" />
      <trkpt lat="45.717672" lon="6.947467" />
      <trkpt lat="45.717812" lon="6.947697" />
      <trkpt lat="45.71862" lon="6.94721" />
      <trkpt lat="45.720314" lon="6.947671" />
      <trkpt lat="45.722078" lon="6.947337" />
      <trkpt lat="45.722483" lon="6.947719" />
      <trkpt lat="45.725527" lon="6.951638" />
      <trkpt lat="45.726915" lon="6.953669" />
      <trkpt lat="45.728052" lon="6.954992" />
      <trkpt lat="45.728704" lon="6.957406" />
      <trkpt lat="45.729033" lon="6.958037" />
      <trkpt lat="45.729171" lon="6.957943" />
      <trkpt lat="45.728868" lon="6.957204" />
      <trkpt lat="45.728853" lon="6.955874" />
      <trkpt lat="45.729062" lon="6.956282" />
      <trkpt lat="45.729223" lon="6.957179" />
      <trkpt lat="45.729657" lon="6.957873" />
      <trkpt lat="45.730283" lon="6.958576" />
      <trkpt lat="45.731376" lon="6.959476" />
      <trkpt lat="45.73195" lon="6.959612" />
      <trkpt lat="45.73261" lon="6.960069" />
      <trkpt lat="45.733117" lon="6.960129" />
      <trkpt lat="45.734134" lon="6.960584" />
      <trkpt lat="45.735647" lon="6.961464" />
      <trkpt lat="45.735782" lon="6.961302" />
      <trkpt lat="45.735754" lon="6.961101" />
      <trkpt lat="45.73517" lon="6.960868" />
      <trkpt lat="45.735005" lon="6.960667" />
      <trkpt lat="45.735176" lon="6.959714" />
      <trkpt lat="45.735882" lon="6.959804" />
      <trkpt lat="45.736616" lon="6.960204" />
      <trkpt lat="45.737131" lon="6.95999" />
      <trkpt lat="45.737464" lon="6.960031" />
      <trkpt lat="45.739038" lon="6.961863" />
      <trkpt lat="45.739606" lon="6.963151" />
      <trkpt lat="45.74113" lon="6.963848" />
      <trkpt lat="45.742619" lon="6.96524" />
      <trkpt lat="45.74313" lon="6.966038" />
      <trkpt lat="45.74341" lon="6.966801" />
      <trkpt lat="45.743912" lon="6.967478" />
      <trkpt lat="45.745088" lon="6.967915" />
      <trkpt lat="45.746617" lon="6.969022" />
      <trkpt lat="45.747983" lon="6.971098" />
      <trkpt lat="45.748715" lon="6.971868" />
      <trkpt lat="45.749643" lon="6.972245" />
      <trkpt lat="45.750039" lon="6.972707" />
      <trkpt lat="45.750454" lon="6.973847" />
      <trkpt lat="45.752346" lon="6.977014" />
      <trkpt lat="45.753718" lon="6.978618" />
      <trkpt lat="45.754194" lon="6.979433" />
      <trkpt lat="45.754845" lon="6.979964" />
      <trkpt lat="45.755943" lon="6.982535" />
      <trkpt lat="45.756538" lon="6.982853" />
      <trkpt lat="45.757158" lon="6.98389" />
      <trkpt lat="45.757436" lon="6.983965" />
      <trkpt lat="45.758867" lon="6.983319" />
      <trkpt lat="45.759268" lon="6.982368" />
      <trkpt lat="45.760368" lon="6.98176" />
      <trkpt lat="45.760387" lon="6.981958" />
      <trkpt lat="45.759788" lon="6.982209" />
      <trkpt lat="45.759405" lon="6.982671" />
      <trkpt lat="45.759271" lon="6.984617" />
      <trkpt lat="45.759545" lon="6.983071" />
      <trkpt lat="45.759833" lon="6.982603" />
      <trkpt lat="45.760651" lon="6.982337" />
      <trkpt lat="45.761401" lon="6.981676" />
      <trkpt lat="45.761506" lon="6.981769" />
      <trkpt lat="45.761451" lon="6.981908" />
      <trkpt lat="45.761183" lon="6.982032" />
      <trkpt lat="45.760652" lon="6.982739" />
      <trkpt lat="45.760147" lon="6.983014" />
      <trkpt lat="45.759737" lon="6.984242" />
      <trkpt lat="45.759729" lon="6.984673" />
      <trkpt lat="45.760003" lon="6.983692" />
      <trkpt lat="45.760452" lon="6.983327" />
      <trkpt lat="45.760795" lon="6.983279" />
      <trkpt lat="45.760962" lon="6.982947" />
      <trkpt lat="45.761331" lon="6.982719" />
      <trkpt lat="45.761706" lon="6.982205" />
      <trkpt lat="45.761746" lon="6.982401" />
      <trkpt lat="45.76111" lon="6.983084" />
      <trkpt lat="45.760933" lon="6.983624" />
      <trkpt lat="45.760577" lon="6.983799" />
      <trkpt lat="45.760549" lon="6.983977" />
      <trkpt lat="45.760903" lon="6.98388" />
      <trkpt lat="45.761215" lon="6.983322" />
      <trkpt lat="45.761886" lon="6.982772" />
      <trkpt lat="45.761947" lon="6.982926" />
      <trkpt lat="45.761305" lon="6.983533" />
      <trkpt lat="45.761103" lon="6.984107" />
      <trkpt lat="45.760709" lon="6.984339" />
      <trkpt lat="45.760716" lon="6.984515" />
      <trkpt lat="45.762202" lon="6.983364" />
      <trkpt lat="45.76285" lon="6.983141" />
      <trkpt lat="45.763938" lon="6.983351" />
      <trkpt lat="45.765626" lon="6.983256" />
      <trkpt lat="45.766229" lon="6.983007" />
      <trkpt lat="45.766289" lon="6.98308" />
      <trkpt lat="45.764684" lon="6.984904" />
      <trkpt lat="45.763939" lon="6.986514" />
      <trkpt lat="45.763485" lon="6.989012" />
      <trkpt lat="45.762609" lon="6.990007" />
      <trkpt lat="45.762371" lon="6.990598" />
      <trkpt lat="45.762382" lon="6.991248" />
      <trkpt lat="45.762802" lon="6.992695" />
      <trkpt lat="45.762675" lon="6.994951" />
      <trkpt lat="45.763495" lon="6.997329" />
      <trkpt lat="45.763591" lon="6.998336" />
      <trkpt lat="45.763194" lon="6.9998" />
      <trkpt lat="45.76249" lon="7.001506" />
      <trkpt lat="45.762503" lon="7.003347" />
      <trkpt lat="45.762326" lon="7.004706" />
      <trkpt lat="45.76141" lon="7.007858" />
      <trkpt lat="45.761555" lon="7.00986" />
      <trkpt lat="45.761447" lon="7.011235" />
      <trkpt lat="45.760695" lon="7.014862" />
      <trkpt lat="45.760388" lon="7.0172" />
      <trkpt lat="45.760688" lon="7.020635" />
      <trkpt lat="45.760288" lon="7.023156" />
      <trkpt lat="45.760189" lon="7.026142" />
      <trkpt lat="45.760336" lon="7.028655" />
      <trkpt lat="45.759737" lon="7.030401" />
      <trkpt lat="45.759436" lon="7.030592" />
      <trkpt lat="45.759463" lon="7.03114" />
      <trkpt lat="45.758359" lon="7.035534" />
      <trkpt lat="45.757857" lon="7.036395" />
      <trkpt lat="45.756022" lon="7.038613" />
      <trkpt lat="45.753813" lon="7.043641" />
      <trkpt lat="45.753494" lon="7.04384" />
      <trkpt lat="45.753485" lon="7.044369" />
      <trkpt lat="45.750685" lon="7.050624" />
      <trkpt lat="45.750535" lon="7.050757" />
      <trkpt lat="45.750071" lon="7.050792" />
      <trkpt lat="45.747353" lon="7.050596" />
      <trkpt lat="45.746542" lon="7.051006" />
      <trkpt lat="45.746044" lon="7.051922" />
      <trkpt lat="45.745377" lon="7.055194" />
      <trkpt lat="45.744539" lon="7.057967" />
      <trkpt lat="45.74362" lon="7.059554" />
      <trkpt lat="45.742953" lon="7.06037" />
      <trkpt lat="45.742184" lon="7.061026" />
      <trkpt lat="45.74144" lon="7.061481" />
      <trkpt lat="45.739376" lon="7.062366" />
      <trkpt lat="45.738455" lon="7.062997" />
      <trkpt lat="45.73762" lon="7.063887" />
      <trkpt lat="45.73717" lon="7.064649" />
      <trkpt lat="45.736579" lon="7.066097" />
      <trkpt lat="45.73635" lon="7.067186" />
      <trkpt lat="45.736289" lon="7.069239" />
      <trkpt lat="45.736676" lon="7.071221" />
      <trkpt lat="45.738151" lon="7.075984" />
      <trkpt lat="45.738395" lon="7.07754" />
      <trkpt lat="45.738529" lon="7.080023" />
      <trkpt lat="45.73832" lon="7.082148" />
      <trkpt lat="45.737871" lon="7.084315" />
      <trkpt lat="45.736717" lon="7.087094" />
      <trkpt lat="45.736403" lon="7.087791" />
      <trkpt lat="45.734636" lon="7.090023" />
      <trkpt lat="45.726054" lon="7.097319" />
      <trkpt lat="45.724956" lon="7.098655" />
      <trkpt lat="45.72415" lon="7.100364" />
      <trkpt lat="45.722185" lon="7.107569" />
      <trkpt lat="45.720705" lon="7.112231" />
      <trkpt lat="45.719402" lon="7.115278" />
      <trkpt lat="45.718323" lon="7.117413" />
      <trkpt lat="45.717274" lon="7.119323" />
      <trkpt lat="45.714684" lon="7.123141" />
      <trkpt lat="45.707855" lon="7.130875" />
      <trkpt lat="45.706044" lon="7.133271" />
      <trkpt lat="45.704936" lon="7.135438" />
      <trkpt lat="45.702463" lon="7.142905" />
      <trkpt lat="45.699848" lon="7.151209" />
      <trkpt lat="45.699074" lon="7.153984" />
      <trkpt lat="45.698237" lon="7.158054" />
      <trkpt lat="45.697641" lon="7.16558" />
      <trkpt lat="45.698158" lon="7.188307" />
      <trkpt lat="45.698065" lon="7.190878" />
      <trkpt lat="45.697437" lon="7.19444" />
      <trkpt lat="45.695528" lon="7.200208" />
      <trkpt lat="45.694936" lon="7.202531" />
      <trkpt lat="45.694561" lon="7.204977" />
      <trkpt lat="45.694378" lon="7.20731" />
      <trkpt lat="45.694396" lon="7.209467" />
      <trkpt lat="45.694835" lon="7.212943" />
      <trkpt lat="45.69555" lon="7.215728" />
      <trkpt lat="45.696165" lon="7.21754" />
      <trkpt lat="45.705825" lon="7.238159" />
      <trkpt lat="45.706591" lon="7.240242" />
      <trkpt lat="45.706802" lon="7.241153" />
      <trkpt lat="45.706731" lon="7.241642" />
      <trkpt lat="45.706441" lon="7.242188" />
      <trkpt lat="45.706514" lon="7.242651" />
      <trkpt lat="45.707129" lon="7.243518" />
      <trkpt lat="45.708491" lon="7.244616" />
      <trkpt lat="45.710901" lon="7.247312" />
      <trkpt lat="45.711098" lon="7.247714" />
      <trkpt lat="45.711078" lon="7.250839" />
      <trkpt lat="45.711614" lon="7.251949" />
      <trkpt lat="45.711784" lon="7.254691" />
      <trkpt lat="45.711971" lon="7.255491" />
      <trkpt lat="45.712353" lon="7.255983" />
      <trkpt lat="45.713206" lon="7.256251" />
      <trkpt lat="45.713569" lon="7.256536" />
      <trkpt lat="45.717936" lon="7.261947" />
      <trkpt lat="45.718416" lon="7.262687" />
      <trkpt lat="45.71874" lon="7.26292" />
      <trkpt lat="45.720901" lon="7.265415" />
      <trkpt lat="45.721327" lon="7.266205" />
      <trkpt lat="45.721862" lon="7.267705" />
      <trkpt lat="45.723487" lon="7.270223" />
      <trkpt lat="45.723897" lon="7.271383" />
      <trkpt lat="45.724145" lon="7.274002" />
      <trkpt lat="45.724496" lon="7.275219" />
      <trkpt lat="45.729066" lon="7.282794" />
      <trkpt lat="45.729365" lon="7.283475" />
      <trkpt lat="45.729351" lon="7.283974" />
      <trkpt lat="45.729666" lon="7.28449" />
      <trkpt lat="45.729741" lon="7.284875" />
      <trkpt lat="45.729586" lon="7.287886" />
      <trkpt lat="45.72981" lon="7.288595" />
      <trkpt lat="45.730313" lon="7.28929" />
      <trkpt lat="45.732175" lon="7.29543" />
      <trkpt lat="45.733196" lon="7.302365" />
      <trkpt lat="45.733201" lon="7.303069" />
      <trkpt lat="45.733346" lon="7.30318" />
      <trkpt lat="45.733677" lon="7.303043" />
      <trkpt lat="45.736452" lon="7.30399" />
      <trkpt lat="45.736937" lon="7.304369" />
      <trkpt lat="45.738375" lon="7.307416" />
      <trkpt lat="45.738833" lon="7.310076" />
      <trkpt lat="45.738806" lon="7.311035" />
      <trkpt lat="45.739734" lon="7.31053" />
      <trkpt lat="45.739908" lon="7.310529" />
      <trkpt lat="45.740225" lon="7.310817" />
      <trkpt lat="45.741505" lon="7.312944" />
      <trkpt lat="45.741453" lon="7.314389" />
      <trkpt lat="45.741741" lon="7.314356" />
      <trkpt lat="45.74239" lon="7.315" />
      <trkpt lat="45.742751" lon="7.315902" />
      <trkpt lat="45.74345" lon="7.316323" />
      <trkpt lat="45.7443" lon="7.317744" />
      <trkpt lat="45.744697" lon="7.319467" />
      <trkpt lat="45.744806" lon="7.322188" />
      <trkpt lat="45.745342" lon="7.322306" />
      <trkpt lat="45.747038" lon="7.32121" />
      <trkpt lat="45.747184" lon="7.31998" />
      <trkpt lat="45.746942" lon="7.318951" />
      <trkpt lat="45.747166" lon="7.318101" />
      <trkpt lat="45.746954" lon="7.317023" />
      <trkpt lat="45.747049" lon="7.316827" />
      <trkpt lat="45.747233" lon="7.316816" />
      <trkpt lat="45.747361" lon="7.316999" />
      <trkpt lat="45.748549" lon="7.319167" />
      <trkpt lat="45.748927" lon="7.319352" />
      <trkpt lat="45.749754" lon="7.319032" />
      <trkpt lat="45.750234" lon="7.318558" />
      <trkpt lat="45.750622" lon="7.31878" />
      <trkpt lat="45.75192" lon="7.317743" />
      <trkpt lat="45.752772" lon="7.317784" />
      <trkpt lat="45.753371" lon="7.317529" />
      <trkpt lat="45.753832" lon="7.317713" />
      <trkpt lat="45.754378" lon="7.317326" />
      <trkpt lat="45.756437" lon="7.316934" />
      <trkpt lat="45.758858" lon="7.315533" />
      <trkpt lat="45.761457" lon="7.314909" />
      <trkpt lat="45.762103" lon="7.314635" />
      <trkpt lat="45.76462" lon="7.312067" />
      <trkpt lat="45.766174" lon="7.311591" />
      <trkpt lat="45.770691" lon="7.308629" />
      <trkpt lat="45.772558" lon="7.307843" />
      <trkpt lat="45.773287" lon="7.307662" />
      <trkpt lat="45.773552" lon="7.307133" />
      <trkpt lat="45.773453" lon="7.306847" />
      <trkpt lat="45.773234" lon="7.306734" />
      <trkpt lat="45.771801" lon="7.307327" />
      <trkpt lat="45.770487" lon="7.307674" />
      <trkpt lat="45.770227" lon="7.30756" />
      <trkpt lat="45.770156" lon="7.307143" />
      <trkpt lat="45.770378" lon="7.306879" />
      <trkpt lat="45.771159" lon="7.307012" />
      <trkpt lat="45.771687" lon="7.306659" />
      <trkpt lat="45.772121" lon="7.305355" />
      <trkpt lat="45.772006" lon="7.30413" />
      <trkpt lat="45.77225" lon="7.303246" />
      <trkpt lat="45.772672" lon="7.302717" />
      <trkpt lat="45.773591" lon="7.302194" />
      <trkpt lat="45.774082" lon="7.301606" />
      <trkpt lat="45.774645" lon="7.301612" />
      <trkpt lat="45.774853" lon="7.301464" />
      <trkpt lat="45.775247" lon="7.29967" />
      <trkpt lat="45.776688" lon="7.29892" />
      <trkpt lat="45.777329" lon="7.297518" />
      <trkpt lat="45.77752" lon="7.297649" />
      <trkpt lat="45.777799" lon="7.298196" />
      <trkpt lat="45.77793" lon="7.298258" />
      <trkpt lat="45.778058" lon="7.298155" />
      <trkpt lat="45.778309" lon="7.297537" />
      <trkpt lat="45.778425" lon="7.295934" />
      <trkpt lat="45.778748" lon="7.295437" />
      <trkpt lat="45.779886" lon="7.295006" />
      <trkpt lat="45.780976" lon="7.295478" />
      <trkpt lat="45.781241" lon="7.296005" />
      <trkpt lat="45.78107" lon="7.297199" />
      <trkpt lat="45.781145" lon="7.297614" />
      <trkpt lat="45.781448" lon="7.297959" />
      <trkpt lat="45.781747" lon="7.297975" />
      <trkpt lat="45.782822" lon="7.29748" />
      <trkpt lat="45.783898" lon="7.296178" />
      <trkpt lat="45.787936" lon="7.294875" />
      <trkpt lat="45.790551" lon="7.293215" />
      <trkpt lat="45.791031" lon="7.292744" />
      <trkpt lat="45.791234" lon="7.29185" />
      <trkpt lat="45.790759" lon="7.288409" />
      <trkpt lat="45.791327" lon="7.286332" />
      <trkpt lat="45.791164" lon="7.284875" />
      <trkpt lat="45.791413" lon="7.284631" />
      <trkpt lat="45.791749" lon="7.284895" />
      <trkpt lat="45.79241" lon="7.286093" />
      <trkpt lat="45.792721" lon="7.287361" />
      <trkpt lat="45.79292" lon="7.287535" />
      <trkpt lat="45.793168" lon="7.28755" />
      <trkpt lat="45.793416" lon="7.28732" />
      <trkpt lat="45.795904" lon="7.2833" />
      <trkpt lat="45.796661" lon="7.280887" />
      <trkpt lat="45.797831" lon="7.278858" />
      <trkpt lat="45.799125" lon="7.275017" />
      <trkpt lat="45.799929" lon="7.273931" />
      <trkpt lat="45.800682" lon="7.272592" />
      <trkpt lat="45.80124" lon="7.270425" />
      <trkpt lat="45.8018" lon="7.269042" />
      <trkpt lat="45.803348" lon="7.261115" />
      <trkpt lat="45.804309" lon="7.257188" />
      <trkpt lat="45.804854" lon="7.255693" />
      <trkpt lat="45.806499" lon="7.252602" />
      <trkpt lat="45.807396" lon="7.250517" />
      <trkpt lat="45.80784" lon="7.248994" />
      <trkpt lat="45.807782" lon="7.246819" />
      <trkpt lat="45.807932" lon="7.245657" />
      <trkpt lat="45.810298" lon="7.239864" />
      <trkpt lat="45.810529" lon="7.239444" />
      <trkpt lat="45.811167" lon="7.238812" />
      <trkpt lat="45.812972" lon="7.237791" />
      <trkpt lat="45.815775" lon="7.237855" />
      <trkpt lat="45.816276" lon="7.237689" />
      <trkpt lat="45.816758" lon="7.237203" />
      <trkpt lat="45.81896" lon="7.231957" />
      <trkpt lat="45.819285" lon="7.230085" />
      <trkpt lat="45.820572" lon="7.229851" />
      <trkpt lat="45.821213" lon="7.229141" />
      <trkpt lat="45.821311" lon="7.229402" />
      <trkpt lat="45.820945" lon="7.230269" />
      <trkpt lat="45.821048" lon="7.230468" />
      <trkpt lat="45.82122" lon="7.23033" />
      <trkpt lat="45.82151" lon="7.229226" />
      <trkpt lat="45.822508" lon="7.222988" />
      <trkpt lat="45.82478" lon="7.218965" />
      <trkpt lat="45.824637" lon="7.21636" />
      <trkpt lat="45.825012" lon="7.214788" />
      <trkpt lat="45.824474" lon="7.213042" />
      <trkpt lat="45.824225" lon="7.210727" />
      <trkpt lat="45.82389" lon="7.209205" />
      <trkpt lat="45.823955" lon="7.2081" />
      <trkpt lat="45.823053" lon="7.20458" />
      <trkpt lat="45.823037" lon="7.203543" />
      <trkpt lat="45.822752" lon="7.202185" />
      <trkpt lat="45.822679" lon="7.199953" />
      <trkpt lat="45.822422" lon="7.199291" />
      <trkpt lat="45.822132" lon="7.19755" />
      <trkpt lat="45.822219" lon="7.193771" />
      <trkpt lat="45.822406" lon="7.193154" />
      <trkpt lat="45.822675" lon="7.190915" />
      <trkpt lat="45.82303" lon="7.189756" />
      <trkpt lat="45.824083" lon="7.187767" />
      <trkpt lat="45.824213" lon="7.18781" />
      <trkpt lat="45.824593" lon="7.187572" />
      <trkpt lat="45.825472" lon="7.187639" />
      <trkpt lat="45.827007" lon="7.187508" />
      <trkpt lat="45.827092" lon="7.187629" />
      <trkpt lat="45.827011" lon="7.187755" />
      <trkpt lat="45.826374" lon="7.187656" />
      <trkpt lat="45.825488" lon="7.187939" />
      <trkpt lat="45.824959" lon="7.187946" />
      <trkpt lat="45.824544" lon="7.188143" />
      <trkpt lat="45.824593" lon="7.188364" />
      <trkpt lat="45.824968" lon="7.188072" />
      <trkpt lat="45.827775" lon="7.188324" />
      <trkpt lat="45.829886" lon="7.187898" />
      <trkpt lat="45.831934" lon="7.18779" />
      <trkpt lat="45.832982" lon="7.18654" />
      <trkpt lat="45.833469" lon="7.185714" />
      <trkpt lat="45.83452" lon="7.184798" />
      <trkpt lat="45.834531" lon="7.184975" />
      <trkpt lat="45.833507" lon="7.185966" />
      <trkpt lat="45.833058" lon="7.187352" />
      <trkpt lat="45.833186" lon="7.18748" />
      <trkpt lat="45.833351" lon="7.186742" />
      <trkpt lat="45.833683" lon="7.186154" />
      <trkpt lat="45.837386" lon="7.183624" />
      <trkpt lat="45.837818" lon="7.183108" />
      <trkpt lat="45.838804" lon="7.182463" />
      <trkpt lat="45.839365" lon="7.181748" />
      <trkpt lat="45.840727" lon="7.180523" />
      <trkpt lat="45.841567" lon="7.180147" />
      <trkpt lat="45.842696" lon="7.179917" />
      <trkpt lat="45.842916" lon="7.179594" />
      <trkpt lat="45.843119" lon="7.1788" />
      <trkpt lat="45.843784" lon="7.177624" />
      <trkpt lat="45.845106" lon="7.176315" />
      <trkpt lat="45.84566" lon="7.175929" />
      <trkpt lat="45.845667" lon="7.175635" />
      <trkpt lat="45.845343" lon="7.175262" />
      <trkpt lat="45.84521" lon="7.175282" />
      <trkpt lat="45.843698" lon="7.176886" />
      <trkpt lat="45.843005" lon="7.177039" />
      <trkpt lat="45.841067" lon="7.17813" />
      <trkpt lat="45.840822" lon="7.178044" />
      <trkpt lat="45.840923" lon="7.177837" />
      <trkpt lat="45.841335" lon="7.177823" />
      <trkpt lat="45.842964" lon="7.176191" />
      <trkpt lat="45.844325" lon="7.174134" />
      <trkpt lat="45.84509" lon="7.172314" />
      <trkpt lat="45.846124" lon="7.170431" />
      <trkpt lat="45.84655" lon="7.168774" />
      <trkpt lat="45.847307" lon="7.167207" />
      <trkpt lat="45.84743" lon="7.165307" />
      <trkpt lat="45.847776" lon="7.164803" />
      <trkpt lat="45.849034" lon="7.161432" />
      <trkpt lat="45.849824" lon="7.160424" />
      <trkpt lat="45.850291" lon="7.158962" />
      <trkpt lat="45.850542" lon="7.157326" />
      <trkpt lat="45.850737" lon="7.156766" />
      <trkpt lat="45.851617" lon="7.155315" />
      <trkpt lat="45.85214" lon="7.153833" />
      <trkpt lat="45.852521" lon="7.15345" />
      <trkpt lat="45.852488" lon="7.15263" />
      <trkpt lat="45.852668" lon="7.152394" />
      <trkpt lat="45.853209" lon="7.152408" />
      <trkpt lat="45.853543" lon="7.15217" />
      <trkpt lat="45.854471" lon="7.150443" />
      <trkpt lat="45.855044" lon="7.150717" />
      <trkpt lat="45.855714" lon="7.151341" />
      <trkpt lat="45.855862" lon="7.151241" />
      <trkpt lat="45.85613" lon="7.150515" />
      <trkpt lat="45.856302" lon="7.150512" />
      <trkpt lat="45.856559" lon="7.151475" />
      <trkpt lat="45.856548" lon="7.15298" />
      <trkpt lat="45.857034" lon="7.154023" />
      <trkpt lat="45.857059" lon="7.154774" />
      <trkpt lat="45.857194" lon="7.154784" />
      <trkpt lat="45.85718" lon="7.153669" />
      <trkpt lat="45.856883" lon="7.152925" />
      <trkpt lat="45.857074" lon="7.151667" />
      <trkpt lat="45.857132" lon="7.150091" />
      <trkpt lat="45.856984" lon="7.14884" />
      <trkpt lat="45.857015" lon="7.147806" />
      <trkpt lat="45.856549" lon="7.145695" />
      <trkpt lat="45.855759" lon="7.144881" />
      <trkpt lat="45.855299" lon="7.144596" />
      <trkpt lat="45.855336" lon="7.144402" />
      <trkpt lat="45.856132" lon="7.144905" />
      <trkpt lat="45.856919" lon="7.14521" />
      <trkpt lat="45.857716" lon="7.146674" />
      <trkpt lat="45.858519" lon="7.151956" />
      <trkpt lat="45.85854" lon="7.153187" />
      <trkpt lat="45.859194" lon="7.154247" />
      <trkpt lat="45.85971" lon="7.154567" />
      <trkpt lat="45.859942" lon="7.154876" />
      <trkpt lat="45.860954" lon="7.155457" />
      <trkpt lat="45.861358" lon="7.155916" />
      <trkpt lat="45.861428" lon="7.156268" />
      <trkpt lat="45.861223" lon="7.157185" />
      <trkpt lat="45.860553" lon="7.157848" />
      <trkpt lat="45.860438" lon="7.158118" />
      <trkpt lat="45.860837" lon="7.158741" />
      <trkpt lat="45.861158" lon="7.158749" />
      <trkpt lat="45.861713" lon="7.159025" />
      <trkpt lat="45.861725" lon="7.159371" />
      <trkpt lat="45.861196" lon="7.16009" />
      <trkpt lat="45.861299" lon="7.160458" />
      <trkpt lat="45.861948" lon="7.160855" />
      <trkpt lat="45.862504" lon="7.160823" />
      <trkpt lat="45.863071" lon="7.160229" />
      <trkpt lat="45.863138" lon="7.15948" />
      <trkpt lat="45.863876" lon="7.159383" />
      <trkpt lat="45.864227" lon="7.159147" />
      <trkpt lat="45.865149" lon="7.159256" />
      <trkpt lat="45.865371" lon="7.159139" />
      <trkpt lat="45.86551" lon="7.158309" />
      <trkpt lat="45.864385" lon="7.157309" />
      <trkpt lat="45.86405" lon="7.156227" />
      <trkpt lat="45.863823" lon="7.155819" />
      <trkpt lat="45.863545" lon="7.155626" />
      <trkpt lat="45.863536" lon="7.155441" />
      <trkpt lat="45.863629" lon="7.155352" />
      <trkpt lat="45.863898" lon="7.155433" />
      <trkpt lat="45.864302" lon="7.155682" />
      <trkpt lat="45.864461" lon="7.155126" />
      <trkpt lat="45.864296" lon="7.154322" />
      <trkpt lat="45.864734" lon="7.154191" />
      <trkpt lat="45.86539" lon="7.15363" />
      <trkpt lat="45.866546" lon="7.151446" />
      <trkpt lat="45.866654" lon="7.151415" />
      <trkpt lat="45.866887" lon="7.151642" />
      <trkpt lat="45.867375" lon="7.15151" />
      <trkpt lat="45.867853" lon="7.151986" />
      <trkpt lat="45.867746" lon="7.152929" />
      <trkpt lat="45.86802" lon="7.153919" />
      <trkpt lat="45.868306" lon="7.154078" />
      <trkpt lat="45.869243" lon="7.153783" />
      <trkpt lat="45.869179" lon="7.156578" />
      <trkpt lat="45.869493" lon="7.156913" />
      <trkpt lat="45.870309" lon="7.156883" />
      <trkpt lat="45.87056" lon="7.157491" />
      <trkpt lat="45.870599" lon="7.157981" />
      <trkpt lat="45.870447" lon="7.158492" />
      <trkpt lat="45.868943" lon="7.16136" />
      <trkpt lat="45.868781" lon="7.161497" />
      <trkpt lat="45.868024" lon="7.161583" />
      <trkpt lat="45.867827" lon="7.161841" />
      <trkpt lat="45.867458" lon="7.162695" />
      <trkpt lat="45.867082" lon="7.16412" />
      <trkpt lat="45.867338" lon="7.164853" />
      <trkpt lat="45.868022" lon="7.165278" />
      <trkpt lat="45.868656" lon="7.165273" />
      <trkpt lat="45.869059" lon="7.165683" />
      <trkpt lat="45.869197" lon="7.166075" />
      <trkpt lat="45.869281" lon="7.167149" />
      <trkpt lat="45.869593" lon="7.16857" />
      <trkpt lat="45.869391" lon="7.169778" />
      <trkpt lat="45.869009" lon="7.170482" />
      <trkpt lat="45.868919" lon="7.171035" />
      <trkpt lat="45.869372" lon="7.172186" />
      <trkpt lat="45.86937" lon="7.173096" />
      <trkpt lat="45.869833" lon="7.173998" />
      <trkpt lat="45.870158" lon="7.175648" />
      <trkpt lat="45.870646" lon="7.176407" />
      <trkpt lat="45.870813" lon="7.177116" />
      <trkpt lat="45.871722" lon="7.178069" />
      <trkpt lat="45.871736" lon="7.178376" />
      <trkpt lat="45.871568" lon="7.17837" />
      <trkpt lat="45.870809" lon="7.177641" />
      <trkpt lat="45.870388" lon="7.17702" />
      <trkpt lat="45.870304" lon="7.177135" />
      <trkpt lat="45.870954" lon="7.178236" />
      <trkpt lat="45.87193" lon="7.179503" />
      <trkpt lat="45.872099" lon="7.179527" />
      <trkpt lat="45.872697" lon="7.17903" />
      <trkpt lat="45.873079" lon="7.179173" />
      <trkpt lat="45.873764" lon="7.179088" />
      <trkpt lat="45.874297" lon="7.179339" />
      <trkpt lat="45.874648" lon="7.179105" />
      <trkpt lat="45.87505" lon="7.179317" />
      <trkpt lat="45.875601" lon="7.179303" />
      <trkpt lat="45.876199" lon="7.179974" />
      <trkpt lat="45.87673" lon="7.180043" />
      <trkpt lat="45.876769" lon="7.18021" />
      <trkpt lat="45.876201" lon="7.180178" />
      <trkpt lat="45.875608" lon="7.179872" />
      <trkpt lat="45.875175" lon="7.180093" />
      <trkpt lat="45.874575" lon="7.180072" />
      <trkpt lat="45.873956" lon="7.1806" />
      <trkpt lat="45.873917" lon="7.180851" />
      <trkpt lat="45.874364" lon="7.180921" />
      <trkpt lat="45.874801" lon="7.181204" />
      <trkpt lat="45.875901" lon="7.181589" />
      <trkpt lat="45.877642" lon="7.183047" />
      <trkpt lat="45.878469" lon="7.182912" />
      <trkpt lat="45.879533" lon="7.182436" />
      <trkpt lat="45.879705" lon="7.18253" />
      <trkpt lat="45.880044" lon="7.183169" />
      <trkpt lat="45.880476" lon="7.182587" />
      <trkpt lat="45.880729" lon="7.183999" />
      <trkpt lat="45.881675" lon="7.184373" />
      <trkpt lat="45.8828" lon="7.185429" />
      <trkpt lat="45.884242" lon="7.185277" />
      <trkpt lat="45.884778" lon="7.185385" />
      <trkpt lat="45.885073" lon="7.185724" />
      <trkpt lat="45.886216" lon="7.188168" />
      <trkpt lat="45.886315" lon="7.188109" />
      <trkpt lat="45.886233" lon="7.187078" />
      <trkpt lat="45.886631" lon="7.187793" />
      <trkpt lat="45.887473" lon="7.18873" />
      <trkpt lat="45.888105" lon="7.188807" />
      <trkpt lat="45.889554" lon="7.188665" />
      <trkpt lat="45.890251" lon="7.187947" />
      <trkpt lat="45.890945" lon="7.187542" />
      <trkpt lat="45.891642" lon="7.186898" />
      <trkpt lat="45.893056" lon="7.186438" />
      <trkpt lat="45.894634" lon="7.186455" />
      <trkpt lat="45.897401" lon="7.187244" />
      <trkpt lat="45.898099" lon="7.187557" />
      <trkpt lat="45.89861" lon="7.188557" />
      <trkpt lat="45.898994" lon="7.190017" />
      <trkpt lat="45.898825" lon="7.191105" />
      <trkpt lat="45.898515" lon="7.191501" />
      <trkpt lat="45.897998" lon="7.193432" />
      <trkpt lat="45.898221" lon="7.194565" />
      <trkpt lat="45.898588" lon="7.195247" />
      <trkpt lat="45.898969" lon="7.19561" />
      <trkpt lat="45.899368" lon="7.195713" />
      <trkpt lat="45.9008" lon="7.195696" />
      <trkpt lat="45.90132" lon="7.195897" />
      <trkpt lat="45.901897" lon="7.196335" />
      <trkpt lat="45.902219" lon="7.196665" />
      <trkpt lat="45.902882" lon="7.197868" />
      <trkpt lat="45.903541" lon="7.199771" />
      <trkpt lat="45.9039" lon="7.200245" />
      <trkpt lat="45.904365" lon="7.200575" />
      <trkpt lat="45.905639" lon="7.200953" />
      <trkpt lat="45.906705" lon="7.201042" />
      <trkpt lat="45.908105" lon="7.200913" />
      <trkpt lat="45.910188" lon="7.201087" />
      <trkpt lat="45.912468" lon="7.201716" />
      <trkpt lat="45.915904" lon="7.20154" />
      <trkpt lat="45.917283" lon="7.201934" />
      <trkpt lat="45.91873" lon="7.201521" />
      <trkpt lat="45.920096" lon="7.201492" />
      <trkpt lat="45.921354" lon="7.201207" />
      <trkpt lat="45.923792" lon="7.201355" />
      <trkpt lat="45.924326" lon="7.201621" />
      <trkpt lat="45.926336" lon="7.203535" />
      <trkpt lat="45.927232" lon="7.203923" />
      <trkpt lat="45.928448" lon="7.204233" />
      <trkpt lat="45.929981" lon="7.205566" />
      <trkpt lat="45.931215" lon="7.206023" />
      <trkpt lat="45.931994" lon="7.206573" />
      <trkpt lat="45.933953" lon="7.207559" />
      <trkpt lat="45.935218" lon="7.207846" />
      <trkpt lat="45.937146" lon="7.208562" />
      <trkpt lat="45.939985" lon="7.20845" />
      <trkpt lat="45.941666" lon="7.209209" />
      <trkpt lat="45.943502" lon="7.208818" />
      <trkpt lat="45.94423" lon="7.208817" />
      <trkpt lat="45.945123" lon="7.209011" />
      <trkpt lat="45.946505" lon="7.209604" />
      <trkpt lat="45.947764" lon="7.209586" />
      <trkpt lat="45.948828" lon="7.20975" />
      <trkpt lat="45.951561" lon="7.209249" />
      <trkpt lat="45.952631" lon="7.209341" />
      <trkpt lat="45.954246" lon="7.209776" />
      <trkpt lat="45.955339" lon="7.209788" />
      <trkpt lat="45.956099" lon="7.20961" />
      <trkpt lat="45.957919" lon="7.208838" />
      <trkpt lat="45.959055" lon="7.20867" />
      <trkpt lat="45.960242" lon="7.208821" />
      <trkpt lat="45.962374" lon="7.209591" />
      <trkpt lat="45.963856" lon="7.209461" />
      <trkpt lat="45.96588" lon="7.209591" />
      <trkpt lat="45.967654" lon="7.208968" />
      <trkpt lat="45.970601" lon="7.20877" />
      <trkpt lat="45.972906" lon="7.207485" />
      <trkpt lat="45.973596" lon="7.206514" />
      <trkpt lat="45.974055" lon="7.204821" />
      <trkpt lat="45.974304" lon="7.204333" />
      <trkpt lat="45.97519" lon="7.203415" />
      <trkpt lat="45.975906" lon="7.202433" />
      <trkpt lat="45.978145" lon="7.200195" />
      <trkpt lat="45.978912" lon="7.199077" />
      <trkpt lat="45.979674" lon="7.19762" />
      <trkpt lat="45.980177" lon="7.19723" />
      <trkpt lat="45.981236" lon="7.196999" />
      <trkpt lat="45.981681" lon="7.196613" />
      <trkpt lat="45.982324" lon="7.195339" />
      <trkpt lat="45.983155" lon="7.194149" />
      <trkpt lat="45.984576" lon="7.191249" />
      <trkpt lat="45.986356" lon="7.189928" />
      <trkpt lat="45.987229" lon="7.188743" />
      <trkpt lat="45.988245" lon="7.187838" />
      <trkpt lat="45.988679" lon="7.187134" />
      <trkpt lat="45.990077" lon="7.185906" />
      <trkpt lat="45.990965" lon="7.184035" />
      <trkpt lat="45.991261" lon="7.183979" />
      <trkpt lat="45.992304" lon="7.184311" />
      <trkpt lat="45.993474" lon="7.183632" />
      <trkpt lat="45.995269" lon="7.179757" />
      <trkpt lat="45.995999" lon="7.177761" />
      <trkpt lat="45.996164" lon="7.17772" />
      <trkpt lat="45.996936" lon="7.178443" />
      <trkpt lat="45.997278" lon="7.178451" />
      <trkpt lat="45.997533" lon="7.178312" />
      <trkpt lat="45.998299" lon="7.176923" />
      <trkpt lat="46.001343" lon="7.175121" />
      <trkpt lat="46.003257" lon="7.17358" />
      <trkpt lat="46.004233" lon="7.172021" />
      <trkpt lat="46.00518" lon="7.171145" />
      <trkpt lat="46.005809" lon="7.170184" />
      <trkpt lat="46.00621" lon="7.16986" />
      <trkpt lat="46.0067" lon="7.169754" />
      <trkpt lat="46.007135" lon="7.169922" />
      <trkpt lat="46.007727" lon="7.171001" />
      <trkpt lat="46.008085" lon="7.171386" />
      <trkpt lat="46.008567" lon="7.171481" />
      <trkpt lat="46.008944" lon="7.171261" />
      <trkpt lat="46.010468" lon="7.169868" />
      <trkpt lat="46.010521" lon="7.169477" />
      <trkpt lat="46.010277" lon="7.169409" />
      <trkpt lat="46.009833" lon="7.170057" />
      <trkpt lat="46.00933" lon="7.170263" />
      <trkpt lat="46.008053" lon="7.169873" />
      <trkpt lat="46.007928" lon="7.169677" />
      <trkpt lat="46.007981" lon="7.169441" />
      <trkpt lat="46.008956" lon="7.169409" />
      <trkpt lat="46.00975" lon="7.168887" />
      <trkpt lat="46.011895" lon="7.167903" />
      <trkpt lat="46.012479" lon="7.167115" />
      <trkpt lat="46.01294" lon="7.165948" />
      <trkpt lat="46.014704" lon="7.16476" />
      <trkpt lat="46.015597" lon="7.163515" />
      <trkpt lat="46.016024" lon="7.162616" />
      <trkpt lat="46.016304" lon="7.161075" />
      <trkpt lat="46.01656" lon="7.161016" />
      <trkpt lat="46.017023" lon="7.1617" />
      <trkpt lat="46.017267" lon="7.161702" />
      <trkpt lat="46.017345" lon="7.160889" />
      <trkpt lat="46.017784" lon="7.159714" />
      <trkpt lat="46.018123" lon="7.15922" />
      <trkpt lat="46.018745" lon="7.156848" />
      <trkpt lat="46.019528" lon="7.155692" />
      <trkpt lat="46.020514" lon="7.153589" />
      <trkpt lat="46.021182" lon="7.152602" />
      <trkpt lat="46.023563" lon="7.150797" />
      <trkpt lat="46.025091" lon="7.150638" />
      <trkpt lat="46.026211" lon="7.150286" />
      <trkpt lat="46.027284" lon="7.150398" />
      <trkpt lat="46.027665" lon="7.150145" />
      <trkpt lat="46.02785" lon="7.149669" />
      <trkpt lat="46.027823" lon="7.149197" />
      <trkpt lat="46.02765" lon="7.14885" />
      <trkpt lat="46.02731" lon="7.148588" />
      <trkpt lat="46.026485" lon="7.148559" />
      <trkpt lat="46.024708" lon="7.148933" />
      <trkpt lat="46.023736" lon="7.148795" />
      <trkpt lat="46.023338" lon="7.148568" />
      <trkpt lat="46.023026" lon="7.1481" />
      <trkpt lat="46.022938" lon="7.147501" />
      <trkpt lat="46.023134" lon="7.146863" />
      <trkpt lat="46.023446" lon="7.146576" />
      <trkpt lat="46.024005" lon="7.146572" />
      <trkpt lat="46.024958" lon="7.147274" />
      <trkpt lat="46.025714" lon="7.147507" />
      <trkpt lat="46.026871" lon="7.147381" />
      <trkpt lat="46.02871" lon="7.147522" />
      <trkpt lat="46.030778" lon="7.147328" />
      <trkpt lat="46.032631" lon="7.147473" />
      <trkpt lat="46.034786" lon="7.146953" />
      <trkpt lat="46.036665" lon="7.147203" />
      <trkpt lat="46.038407" lon="7.146938" />
      <trkpt lat="46.038839" lon="7.146989" />
      <trkpt lat="46.039174" lon="7.147202" />
      <trkpt lat="46.039507" lon="7.147043" />
      <trkpt lat="46.039966" lon="7.147029" />
      <trkpt lat="46.040972" lon="7.147337" />
      <trkpt lat="46.042987" lon="7.148495" />
      <trkpt lat="46.044081" lon="7.148789" />
      <trkpt lat="46.045261" lon="7.148706" />
      <trkpt lat="46.047056" lon="7.147981" />
      <trkpt lat="46.048072" lon="7.147822" />
      <trkpt lat="46.049198" lon="7.148092" />
      <trkpt lat="46.050872" lon="7.149221" />
      <trkpt lat="46.051678" lon="7.149555" />
      <trkpt lat="46.05265" lon="7.149672" />
      <trkpt lat="46.053894" lon="7.149622" />
      <trkpt lat="46.055425" lon="7.149825" />
      <trkpt lat="46.056613" lon="7.149688" />
      <trkpt lat="46.058765" lon="7.148658" />
      <trkpt lat="46.059819" lon="7.148307" />
      <trkpt lat="46.061449" lon="7.148304" />
      <trkpt lat="46.062003" lon="7.148482" />
      <trkpt lat="46.063101" lon="7.149284" />
      <trkpt lat="46.063779" lon="7.150147" />
      <trkpt lat="46.064527" lon="7.151455" />
      <trkpt lat="46.065385" lon="7.152452" />
      <trkpt lat="46.06594" lon="7.152758" />
      <trkpt lat="46.067342" lon="7.153114" />
      <trkpt lat="46.068402" lon="7.15413" />
      <trkpt lat="46.068725" lon="7.154184" />
      <trkpt lat="46.069287" lon="7.153921" />
      <trkpt lat="46.070023" lon="7.153888" />
      <trkpt lat="46.072177" lon="7.154893" />
      <trkpt lat="46.073312" lon="7.154013" />
      <trkpt lat="46.074652" lon="7.153978" />
      <trkpt lat="46.074945" lon="7.15405" />
      <trkpt lat="46.075994" lon="7.155013" />
      <trkpt lat="46.076551" lon="7.155036" />
      <trkpt lat="46.076989" lon="7.154792" />
      <trkpt lat="46.078951" lon="7.152996" />
      <trkpt lat="46.079053" lon="7.153053" />
      <trkpt lat="46.079134" lon="7.152947" />
      <trkpt lat="46.07933" lon="7.149767" />
      <trkpt lat="46.07909" lon="7.146045" />
      <trkpt lat="46.079175" lon="7.145469" />
      <trkpt lat="46.078938" lon="7.144362" />
      <trkpt lat="46.078478" lon="7.143507" />
      <trkpt lat="46.078294" lon="7.142874" />
      <trkpt lat="46.078084" lon="7.141285" />
      <trkpt lat="46.07799" lon="7.138107" />
      <trkpt lat="46.078204" lon="7.134084" />
      <trkpt lat="46.079233" lon="7.130616" />
      <trkpt lat="46.079419" lon="7.128945" />
      <trkpt lat="46.079252" lon="7.127882" />
      <trkpt lat="46.078399" lon="7.12579" />
      <trkpt lat="46.078284" lon="7.124574" />
      <trkpt lat="46.078416" lon="7.123736" />
      <trkpt lat="46.079573" lon="7.11978" />
      <trkpt lat="46.07986" lon="7.117531" />
      <trkpt lat="46.0804" lon="7.115421" />
      <trkpt lat="46.080589" lon="7.113189" />
      <trkpt lat="46.081193" lon="7.110518" />
      <trkpt lat="46.08135" lon="7.107652" />
      <trkpt lat="46.081877" lon="7.104788" />
      <trkpt lat="46.082303" lon="7.096051" />
      <trkpt lat="46.082102" lon="7.09456" />
      <trkpt lat="46.081104" lon="7.092041" />
      <trkpt lat="46.080843" lon="7.090997" />
      <trkpt lat="46.080906" lon="7.087976" />
      <trkpt lat="46.080754" lon="7.087022" />
      <trkpt lat="46.080244" lon="7.086093" />
      <trkpt lat="46.078941" lon="7.084943" />
      <trkpt lat="46.078515" lon="7.083961" />
      <trkpt lat="46.078396" lon="7.080368" />
      <trkpt lat="46.077809" lon="7.078147" />
      <trkpt lat="46.077484" lon="7.075415" />
      <trkpt lat="46.077011" lon="7.074333" />
      <trkpt lat="46.075683" lon="7.072453" />
      <trkpt lat="46.075322" lon="7.071355" />
      <trkpt lat="46.074783" lon="7.06781" />
      <trkpt lat="46.074387" lon="7.066928" />
      <trkpt lat="46.073423" lon="7.065408" />
      <trkpt lat="46.073111" lon="7.064408" />
      <trkpt lat="46.072611" lon="7.058921" />
      <trkpt lat="46.073213" lon="7.056734" />
      <trkpt lat="46.073516" lon="7.054254" />
      <trkpt lat="46.073804" lon="7.053329" />
      <trkpt lat="46.074306" lon="7.052499" />
      <trkpt lat="46.074996" lon="7.05192" />
      <trkpt lat="46.07581" lon="7.051644" />
      <trkpt lat="46.076862" lon="7.051879" />
      <trkpt lat="46.079032" lon="7.053454" />
      <trkpt lat="46.079449" lon="7.053635" />
      <trkpt lat="46.081185" lon="7.053561" />
      <trkpt lat="46.082452" lon="7.052957" />
      <trkpt lat="46.08313" lon="7.052972" />
      <trkpt lat="46.08349" lon="7.053197" />
      <trkpt lat="46.08438" lon="7.054219" />
      <trkpt lat="46.084737" lon="7.054361" />
      <trkpt lat="46.086297" lon="7.054443" />
      <trkpt lat="46.08769" lon="7.055249" />
      <trkpt lat="46.088422" lon="7.056" />
      <trkpt lat="46.088968" lon="7.057112" />
      <trkpt lat="46.089114" lon="7.05801" />
      <trkpt lat="46.088519" lon="7.061478" />
      <trkpt lat="46.088361" lon="7.063643" />
      <trkpt lat="46.088568" lon="7.065969" />
      <trkpt lat="46.089043" lon="7.067959" />
      <trkpt lat="46.092427" lon="7.075504" />
      <trkpt lat="46.093623" lon="7.077221" />
      <trkpt lat="46.096336" lon="7.080039" />
      <trkpt lat="46.097313" lon="7.081563" />
      <trkpt lat="46.099917" lon="7.088758" />
      <trkpt lat="46.101323" lon="7.091569" />
      <trkpt lat="46.102619" lon="7.09339" />
      <trkpt lat="46.103919" lon="7.094763" />
      <trkpt lat="46.105447" lon="7.095952" />
      <trkpt lat="46.106835" lon="7.096709" />
      <trkpt lat="46.108434" lon="7.097261" />
      <trkpt lat="46.11019" lon="7.097501" />
      <trkpt lat="46.111757" lon="7.097406" />
      <trkpt lat="46.113639" lon="7.096912" />
      <trkpt lat="46.114166" lon="7.097083" />
      <trkpt lat="46.114661" lon="7.097541" />
      <trkpt lat="46.117336" lon="7.104123" />
      <trkpt lat="46.118925" lon="7.107296" />
      <trkpt lat="46.120674" lon="7.110358" />
      <trkpt lat="46.149511" lon="7.15539" />
      <trkpt lat="46.151491" lon="7.158865" />
      <trkpt lat="46.153016" lon="7.161878" />
      <trkpt lat="46.154451" lon="7.165212" />
      <trkpt lat="46.155546" lon="7.168324" />
      <trkpt lat="46.156276" lon="7.170894" />
      <trkpt lat="46.157018" lon="7.174266" />
      <trkpt lat="46.158767" lon="7.185256" />
      <trkpt lat="46.159878" lon="7.190623" />
      <trkpt lat="46.161306" lon="7.195415" />
      <trkpt lat="46.163156" lon="7.199691" />
      <trkpt lat="46.165621" lon="7.203924" />
      <trkpt lat="46.175053" lon="7.217944" />
      <trkpt lat="46.178626" lon="7.223678" />
      <trkpt lat="46.181786" lon="7.229488" />
      <trkpt lat="46.187282" lon="7.240702" />
      <trkpt lat="46.189637" lon="7.244844" />
      <trkpt lat="46.192613" lon="7.249155" />
      <trkpt lat="46.200976" lon="7.259622" />
      <trkpt lat="46.203434" lon="7.263378" />
      <trkpt lat="46.205697" lon="7.26755" />
      <trkpt lat="46.207736" lon="7.272161" />
      <trkpt lat="46.209152" lon="7.276083" />
      <trkpt lat="46.210456" lon="7.280569" />
      <trkpt lat="46.211481" lon="7.285168" />
      <trkpt lat="46.212248" lon="7.29003" />
      <trkpt lat="46.212678" lon="7.294452" />
      <trkpt lat="46.213157" lon="7.311659" />
      <trkpt lat="46.213457" lon="7.315447" />
      <trkpt lat="46.213958" lon="7.319249" />
      <trkpt lat="46.215208" lon="7.325389" />
      <trkpt lat="46.218805" lon="7.338563" />
      <trkpt lat="46.220114" lon="7.34394" />
      <trkpt lat="46.221297" lon="7.349823" />
      <trkpt lat="46.223083" lon="7.360149" />
      <trkpt lat="46.224141" lon="7.364462" />
      <trkpt lat="46.225303" lon="7.367578" />
      <trkpt lat="46.227005" lon="7.370864" />
      <trkpt lat="46.234889" lon="7.38175" />
      <trkpt lat="46.23682" lon="7.38503" />
      <trkpt lat="46.238434" lon="7.388381" />
      <trkpt lat="46.239997" lon="7.392468" />
      <trkpt lat="46.241254" lon="7.396823" />
      <trkpt lat="46.242226" lon="7.401352" />
      <trkpt lat="46.244195" lon="7.41274" />
      <trkpt lat="46.245289" lon="7.41814" />
      <trkpt lat="46.246811" lon="7.423787" />
      <trkpt lat="46.24846" lon="7.428613" />
      <trkpt lat="46.250578" lon="7.433658" />
      <trkpt lat="46.252772" lon="7.437987" />
      <trkpt lat="46.254953" lon="7.441646" />
      <trkpt lat="46.262366" lon="7.452947" />
      <trkpt lat="46.264081" lon="7.456245" />
      <trkpt lat="46.265377" lon="7.459493" />
      <trkpt lat="46.266247" lon="7.462274" />
      <trkpt lat="46.271568" lon="7.48148" />
      <trkpt lat="46.274457" lon="7.492668" />
      <trkpt lat="46.275281" lon="7.496459" />
      <trkpt lat="46.277572" lon="7.508837" />
      <trkpt lat="46.278417" lon="7.512412" />
      <trkpt lat="46.278492" lon="7.514531" />
      <trkpt lat="46.27869" lon="7.515285" />
      <trkpt lat="46.278887" lon="7.515415" />
      <trkpt lat="46.279275" lon="7.514972" />
      <trkpt lat="46.280129" lon="7.513217" />
      <trkpt lat="46.280624" lon="7.513412" />
      <trkpt lat="46.281038" lon="7.514025" />
      <trkpt lat="46.2825" lon="7.518551" />
      <trkpt lat="46.282521" lon="7.519181" />
      <trkpt lat="46.282256" lon="7.520029" />
      <trkpt lat="46.282242" lon="7.520558" />
      <trkpt lat="46.283261" lon="7.524349" />
      <trkpt lat="46.284434" lon="7.531678" />
      <trkpt lat="46.284068" lon="7.533921" />
      <trkpt lat="46.284052" lon="7.534874" />
      <trkpt lat="46.284693" lon="7.536795" />
      <trkpt lat="46.284733" lon="7.538113" />
      <trkpt lat="46.284544" lon="7.539388" />
      <trkpt lat="46.284747" lon="7.539767" />
      <trkpt lat="46.28497" lon="7.541044" />
      <trkpt lat="46.286277" lon="7.539824" />
      <trkpt lat="46.286977" lon="7.540197" />
      <trkpt lat="46.287415" lon="7.540664" />
      <trkpt lat="46.287803" lon="7.541495" />
      <trkpt lat="46.288359" lon="7.541805" />
      <trkpt lat="46.288772" lon="7.541687" />
      <trkpt lat="46.289106" lon="7.541922" />
      <trkpt lat="46.289719" lon="7.541356" />
      <trkpt lat="46.289106" lon="7.541922" />
      <trkpt lat="46.288772" lon="7.541687" />
      <trkpt lat="46.288359" lon="7.541805" />
      <trkpt lat="46.287803" lon="7.541495" />
      <trkpt lat="46.287415" lon="7.540664" />
      <trkpt lat="46.286977" lon="7.540197" />
      <trkpt lat="46.286277" lon="7.539824" />
      <trkpt lat="46.28497" lon="7.541044" />
      <trkpt lat="46.285071" lon="7.54137" />
      <trkpt lat="46.285566" lon="7.542094" />
      <trkpt lat="46.286652" lon="7.542511" />
      <trkpt lat="46.287234" lon="7.54326" />
      <trkpt lat="46.288333" lon="7.54405" />
      <trkpt lat="46.289351" lon="7.544516" />
      <trkpt lat="46.291556" lon="7.544997" />
      <trkpt lat="46.292097" lon="7.545258" />
      <trkpt lat="46.292802" lon="7.545855" />
      <trkpt lat="46.293551" lon="7.547276" />
      <trkpt lat="46.29617" lon="7.549352" />
      <trkpt lat="46.296778" lon="7.550418" />
      <trkpt lat="46.297616" lon="7.553166" />
      <trkpt lat="46.302798" lon="7.565413" />
      <trkpt lat="46.303541" lon="7.566357" />
      <trkpt lat="46.305699" lon="7.56757" />
      <trkpt lat="46.306186" lon="7.568124" />
      <trkpt lat="46.306401" lon="7.568592" />
      <trkpt lat="46.309767" lon="7.581504" />
      <trkpt lat="46.310265" lon="7.582116" />
      <trkpt lat="46.311807" lon="7.585504" />
      <trkpt lat="46.312099" lon="7.586431" />
      <trkpt lat="46.312167" lon="7.587345" />
      <trkpt lat="46.31197" lon="7.589566" />
      <trkpt lat="46.312133" lon="7.592029" />
      <trkpt lat="46.31204" lon="7.594612" />
      <trkpt lat="46.312144" lon="7.595414" />
      <trkpt lat="46.312412" lon="7.596536" />
      <trkpt lat="46.313085" lon="7.598336" />
      <trkpt lat="46.314014" lon="7.60201" />
      <trkpt lat="46.314199" lon="7.604089" />
      <trkpt lat="46.314847" lon="7.6078" />
      <trkpt lat="46.315927" lon="7.616075" />
      <trkpt lat="46.316448" lon="7.618977" />
      <trkpt lat="46.316518" lon="7.621751" />
      <trkpt lat="46.315576" lon="7.627441" />
      <trkpt lat="46.315073" lon="7.628948" />
      <trkpt lat="46.31337" lon="7.632131" />
      <trkpt lat="46.312841" lon="7.633477" />
      <trkpt lat="46.31259" lon="7.63484" />
      <trkpt lat="46.312549" lon="7.63793" />
      <trkpt lat="46.312218" lon="7.639345" />
      <trkpt lat="46.312116" lon="7.639575" />
      <trkpt lat="46.311994" lon="7.639515" />
      <trkpt lat="46.311903" lon="7.639624" />
      <trkpt lat="46.311698" lon="7.641475" />
      <trkpt lat="46.310921" lon="7.643252" />
      <trkpt lat="46.310548" lon="7.647124" />
      <trkpt lat="46.309418" lon="7.649933" />
      <trkpt lat="46.308915" lon="7.650865" />
      <trkpt lat="46.308732" lon="7.650956" />
      <trkpt lat="46.308783" lon="7.651147" />
      <trkpt lat="46.308932" lon="7.651117" />
      <trkpt lat="46.309138" lon="7.651378" />
      <trkpt lat="46.309205" lon="7.651804" />
      <trkpt lat="46.308395" lon="7.654695" />
      <trkpt lat="46.306051" lon="7.66493" />
      <trkpt lat="46.305464" lon="7.668557" />
      <trkpt lat="46.305176" lon="7.671964" />
      <trkpt lat="46.305151" lon="7.675782" />
      <trkpt lat="46.305464" lon="7.679819" />
      <trkpt lat="46.306028" lon="7.683472" />
      <trkpt lat="46.308718" lon="7.69814" />
      <trkpt lat="46.309077" lon="7.701063" />
      <trkpt lat="46.309364" lon="7.706096" />
      <trkpt lat="46.309289" lon="7.709919" />
      <trkpt lat="46.308994" lon="7.71361" />
      <trkpt lat="46.306917" lon="7.729165" />
      <trkpt lat="46.3058" lon="7.734929" />
      <trkpt lat="46.304961" lon="7.737778" />
      <trkpt lat="46.304814" lon="7.737995" />
      <trkpt lat="46.304595" lon="7.737962" />
      <trkpt lat="46.304527" lon="7.738126" />
      <trkpt lat="46.304669" lon="7.738271" />
      <trkpt lat="46.305592" lon="7.74168" />
      <trkpt lat="46.306108" lon="7.747511" />
      <trkpt lat="46.306557" lon="7.751093" />
      <trkpt lat="46.305848" lon="7.753706" />
      <trkpt lat="46.306164" lon="7.754294" />
      <trkpt lat="46.307129" lon="7.75741" />
      <trkpt lat="46.307462" lon="7.759279" />
      <trkpt lat="46.307616" lon="7.761354" />
      <trkpt lat="46.307461" lon="7.764155" />
      <trkpt lat="46.305681" lon="7.777877" />
      <trkpt lat="46.305215" lon="7.785532" />
      <trkpt lat="46.305443" lon="7.794767" />
      <trkpt lat="46.306311" lon="7.813479" />
      <trkpt lat="46.307604" lon="7.826896" />
      <trkpt lat="46.307476" lon="7.830637" />
      <trkpt lat="46.306112" lon="7.841809" />
      <trkpt lat="46.305088" lon="7.848493" />
      <trkpt lat="46.304346" lon="7.851448" />
      <trkpt lat="46.301865" lon="7.859108" />
      <trkpt lat="46.301361" lon="7.860192" />
      <trkpt lat="46.300817" lon="7.860958" />
      <trkpt lat="46.300143" lon="7.861567" />
      <trkpt lat="46.299317" lon="7.861997" />
      <trkpt lat="46.296302" lon="7.862301" />
      <trkpt lat="46.295164" lon="7.862726" />
      <trkpt lat="46.294102" lon="7.863411" />
      <trkpt lat="46.281298" lon="7.872288" />
      <trkpt lat="46.280515" lon="7.873079" />
      <trkpt lat="46.279772" lon="7.874123" />
      <trkpt lat="46.279189" lon="7.875257" />
      <trkpt lat="46.278457" lon="7.87767" />
      <trkpt lat="46.276813" lon="7.887774" />
      <trkpt lat="46.276569" lon="7.890489" />
      <trkpt lat="46.276564" lon="7.893406" />
      <trkpt lat="46.276957" lon="7.898564" />
      <trkpt lat="46.277706" lon="7.902981" />
      <trkpt lat="46.278285" lon="7.905147" />
      <trkpt lat="46.279036" lon="7.907158" />
      <trkpt lat="46.279984" lon="7.908945" />
      <trkpt lat="46.281136" lon="7.91061" />
      <trkpt lat="46.283018" lon="7.912645" />
      <trkpt lat="46.294125" lon="7.922769" />
      <trkpt lat="46.295997" lon="7.92513" />
      <trkpt lat="46.297046" lon="7.927117" />
      <trkpt lat="46.298988" lon="7.932731" />
      <trkpt lat="46.29972" lon="7.934282" />
      <trkpt lat="46.301571" lon="7.937506" />
      <trkpt lat="46.302163" lon="7.938965" />
      <trkpt lat="46.302648" lon="7.940729" />
      <trkpt lat="46.30298" lon="7.94342" />
      <trkpt lat="46.302894" lon="7.946251" />
      <trkpt lat="46.302711" lon="7.947852" />
      <trkpt lat="46.301977" lon="7.950876" />
      <trkpt lat="46.301796" lon="7.952634" />
      <trkpt lat="46.301834" lon="7.953636" />
      <trkpt lat="46.30229" lon="7.955767" />
      <trkpt lat="46.304804" lon="7.963724" />
      <trkpt lat="46.305119" lon="7.964432" />
      <trkpt lat="46.305567" lon="7.964901" />
      <trkpt lat="46.306513" lon="7.965063" />
      <trkpt lat="46.306803" lon="7.965464" />
      <trkpt lat="46.307384" lon="7.965233" />
      <trkpt lat="46.31037" lon="7.966461" />
      <trkpt lat="46.311355" lon="7.967122" />
      <trkpt lat="46.312217" lon="7.968036" />
      <trkpt lat="46.313131" lon="7.969496" />
      <trkpt lat="46.313555" lon="7.970627" />
      <trkpt lat="46.314462" lon="7.975236" />
      <trkpt lat="46.314901" lon="7.976738" />
      <trkpt lat="46.315635" lon="7.977767" />
      <trkpt lat="46.317137" lon="7.97886" />
      <trkpt lat="46.31755" lon="7.979526" />
      <trkpt lat="46.318104" lon="7.981175" />
      <trkpt lat="46.319901" lon="7.9838" />
      <trkpt lat="46.320475" lon="7.988911" />
      <trkpt lat="46.320861" lon="7.991289" />
      <trkpt lat="46.324278" lon="8.001974" />
      <trkpt lat="46.324803" lon="8.004479" />
      <trkpt lat="46.325301" lon="8.008508" />
      <trkpt lat="46.32563" lon="8.009636" />
      <trkpt lat="46.326013" lon="8.010445" />
      <trkpt lat="46.326798" lon="8.011479" />
      <trkpt lat="46.3278" lon="8.01212" />
      <trkpt lat="46.330328" lon="8.012247" />
      <trkpt lat="46.331541" lon="8.012432" />
      <trkpt lat="46.332729" lon="8.012713" />
      <trkpt lat="46.333656" lon="8.01316" />
      <trkpt lat="46.334304" lon="8.013706" />
      <trkpt lat="46.335604" lon="8.015365" />
      <trkpt lat="46.337199" lon="8.016958" />
      <trkpt lat="46.337913" lon="8.018266" />
      <trkpt lat="46.338675" lon="8.020702" />
      <trkpt lat="46.339049" lon="8.021336" />
      <trkpt lat="46.340812" lon="8.023446" />
      <trkpt lat="46.340635" lon="8.023779" />
      <trkpt lat="46.340812" lon="8.023446" />
      <trkpt lat="46.34243" lon="8.025365" />
      <trkpt lat="46.343757" lon="8.026126" />
      <trkpt lat="46.344512" lon="8.026852" />
      <trkpt lat="46.345136" lon="8.027913" />
      <trkpt lat="46.346554" lon="8.031571" />
      <trkpt lat="46.347129" lon="8.032357" />
      <trkpt lat="46.348696" lon="8.033804" />
      <trkpt lat="46.349909" lon="8.036416" />
      <trkpt lat="46.351162" lon="8.037777" />
      <trkpt lat="46.352252" lon="8.03971" />
      <trkpt lat="46.353568" lon="8.041256" />
      <trkpt lat="46.354622" lon="8.044048" />
      <trkpt lat="46.355449" lon="8.045293" />
      <trkpt lat="46.356912" lon="8.046889" />
      <trkpt lat="46.357666" lon="8.049074" />
      <trkpt lat="46.358578" lon="8.050248" />
      <trkpt lat="46.359536" lon="8.050959" />
      <trkpt lat="46.360402" lon="8.053024" />
      <trkpt lat="46.360678" lon="8.053195" />
      <trkpt lat="46.36138" lon="8.053297" />
      <trkpt lat="46.361752" lon="8.053739" />
      <trkpt lat="46.362246" lon="8.054626" />
      <trkpt lat="46.364021" lon="8.059362" />
      <trkpt lat="46.364988" lon="8.060496" />
      <trkpt lat="46.366162" lon="8.063698" />
      <trkpt lat="46.366933" lon="8.065048" />
      <trkpt lat="46.367303" lon="8.066091" />
      <trkpt lat="46.367468" lon="8.067258" />
      <trkpt lat="46.367732" lon="8.067892" />
      <trkpt lat="46.367998" lon="8.068178" />
      <trkpt lat="46.369109" lon="8.068683" />
      <trkpt lat="46.369434" lon="8.069136" />
      <trkpt lat="46.36956" lon="8.069839" />
      <trkpt lat="46.369351" lon="8.071194" />
      <trkpt lat="46.369446" lon="8.071975" />
      <trkpt lat="46.369667" lon="8.072459" />
      <trkpt lat="46.370719" lon="8.073882" />
      <trkpt lat="46.371136" lon="8.075323" />
      <trkpt lat="46.371643" lon="8.076389" />
      <trkpt lat="46.371629" lon="8.077199" />
      <trkpt lat="46.370862" lon="8.07917" />
      <trkpt lat="46.370772" lon="8.079727" />
      <trkpt lat="46.371359" lon="8.081177" />
      <trkpt lat="46.371584" lon="8.082466" />
      <trkpt lat="46.372141" lon="8.083801" />
      <trkpt lat="46.372848" lon="8.085049" />
      <trkpt lat="46.373574" lon="8.086832" />
      <trkpt lat="46.374563" lon="8.088299" />
      <trkpt lat="46.375228" lon="8.089668" />
      <trkpt lat="46.375525" lon="8.089839" />
      <trkpt lat="46.377367" lon="8.089893" />
      <trkpt lat="46.378633" lon="8.090993" />
      <trkpt lat="46.378902" lon="8.091374" />
      <trkpt lat="46.378988" lon="8.093311" />
      <trkpt lat="46.378675" lon="8.094614" />
      <trkpt lat="46.377188" lon="8.096124" />
      <trkpt lat="46.376433" lon="8.096379" />
      <trkpt lat="46.376239" lon="8.096658" />
      <trkpt lat="46.37651" lon="8.099977" />
      <trkpt lat="46.376687" lon="8.099944" />
      <trkpt lat="46.376712" lon="8.098589" />
      <trkpt lat="46.376965" lon="8.097116" />
      <trkpt lat="46.377077" lon="8.096998" />
      <trkpt lat="46.377345" lon="8.098861" />
      <trkpt lat="46.377883" lon="8.100074" />
      <trkpt lat="46.378283" lon="8.101401" />
      <trkpt lat="46.378572" lon="8.101956" />
      <trkpt lat="46.380613" lon="8.104593" />
      <trkpt lat="46.381048" lon="8.106466" />
      <trkpt lat="46.381602" lon="8.107733" />
      <trkpt lat="46.38335" lon="8.110155" />
      <trkpt lat="46.384282" lon="8.110815" />
      <trkpt lat="46.385942" lon="8.1126" />
      <trkpt lat="46.387052" lon="8.114286" />
      <trkpt lat="46.387402" lon="8.115202" />
      <trkpt lat="46.387658" lon="8.116991" />
      <trkpt lat="46.388009" lon="8.118385" />
      <trkpt lat="46.389617" lon="8.121687" />
      <trkpt lat="46.389884" lon="8.121921" />
      <trkpt lat="46.390217" lon="8.121975" />
      <trkpt lat="46.390535" lon="8.121899" />
      <trkpt lat="46.391212" lon="8.121282" />
      <trkpt lat="46.391489" lon="8.121324" />
      <trkpt lat="46.391706" lon="8.121525" />
      <trkpt lat="46.392159" lon="8.123025" />
      <trkpt lat="46.39277" lon="8.124192" />
      <trkpt lat="46.393193" lon="8.125632" />
      <trkpt lat="46.393415" lon="8.125976" />
      <trkpt lat="46.393958" lon="8.12642" />
      <trkpt lat="46.395759" lon="8.128968" />
      <trkpt lat="46.396275" lon="8.130584" />
      <trkpt lat="46.396894" lon="8.131954" />
      <trkpt lat="46.396869" lon="8.132162" />
      <trkpt lat="46.397011" lon="8.132207" />
      <trkpt lat="46.398625" lon="8.134509" />
      <trkpt lat="46.39985" lon="8.136795" />
      <trkpt lat="46.400279" lon="8.137162" />
      <trkpt lat="46.401214" lon="8.137529" />
      <trkpt lat="46.401846" lon="8.138377" />
      <trkpt lat="46.402345" lon="8.138554" />
      <trkpt lat="46.403819" lon="8.137067" />
      <trkpt lat="46.404045" lon="8.136973" />
      <trkpt lat="46.403579" lon="8.137732" />
      <trkpt lat="46.403544" lon="8.138951" />
      <trkpt lat="46.402935" lon="8.140001" />
      <trkpt lat="46.403357" lon="8.141596" />
      <trkpt lat="46.403932" lon="8.142097" />
      <trkpt lat="46.404176" lon="8.142725" />
      <trkpt lat="46.40525" lon="8.14447" />
      <trkpt lat="46.408099" lon="8.14715" />
      <trkpt lat="46.408984" lon="8.148829" />
      <trkpt lat="46.410167" lon="8.150041" />
      <trkpt lat="46.411558" lon="8.152871" />
      <trkpt lat="46.412412" lon="8.154004" />
      <trkpt lat="46.412983" lon="8.15626" />
      <trkpt lat="46.413672" lon="8.157692" />
      <trkpt lat="46.414747" lon="8.159112" />
      <trkpt lat="46.415486" lon="8.159703" />
      <trkpt lat="46.41705" lon="8.16301" />
      <trkpt lat="46.417745" lon="8.164197" />
      <trkpt lat="46.418969" lon="8.165831" />
      <trkpt lat="46.419831" lon="8.167924" />
      <trkpt lat="46.420564" lon="8.16891" />
      <trkpt lat="46.422253" lon="8.170333" />
      <trkpt lat="46.42344" lon="8.172121" />
      <trkpt lat="46.425191" lon="8.174207" />
      <trkpt lat="46.426062" lon="8.174907" />
      <trkpt lat="46.427406" lon="8.177476" />
      <trkpt lat="46.4287" lon="8.179051" />
      <trkpt lat="46.429369" lon="8.179555" />
      <trkpt lat="46.430797" lon="8.181418" />
      <trkpt lat="46.431049" lon="8.182204" />
      <trkpt lat="46.431753" lon="8.183595" />
      <trkpt lat="46.432698" lon="8.184711" />
      <trkpt lat="46.433336" lon="8.185856" />
      <trkpt lat="46.433716" lon="8.18716" />
      <trkpt lat="46.43435" lon="8.187776" />
      <trkpt lat="46.435179" lon="8.189203" />
      <trkpt lat="46.435477" lon="8.190193" />
      <trkpt lat="46.435469" lon="8.191688" />
      <trkpt lat="46.435639" lon="8.192371" />
      <trkpt lat="46.436707" lon="8.193924" />
      <trkpt lat="46.437451" lon="8.195913" />
      <trkpt lat="46.439681" lon="8.20014" />
      <trkpt lat="46.440496" lon="8.201202" />
      <trkpt lat="46.441809" lon="8.202537" />
      <trkpt lat="46.442299" lon="8.202725" />
      <trkpt lat="46.44334" lon="8.202768" />
      <trkpt lat="46.444132" lon="8.203247" />
      <trkpt lat="46.44453" lon="8.203646" />
      <trkpt lat="46.445135" lon="8.204827" />
      <trkpt lat="46.446502" lon="8.206457" />
      <trkpt lat="46.44854" lon="8.208307" />
      <trkpt lat="46.450463" lon="8.210382" />
      <trkpt lat="46.450959" lon="8.210782" />
      <trkpt lat="46.451834" lon="8.211109" />
      <trkpt lat="46.453087" lon="8.212352" />
      <trkpt lat="46.453704" lon="8.213635" />
      <trkpt lat="46.453875" lon="8.214292" />
      <trkpt lat="46.453929" lon="8.215303" />
      <trkpt lat="46.454629" lon="8.216895" />
      <trkpt lat="46.45486" lon="8.217017" />
      <trkpt lat="46.456142" lon="8.216896" />
      <trkpt lat="46.456456" lon="8.217103" />
      <trkpt lat="46.456766" lon="8.217969" />
      <trkpt lat="46.457196" lon="8.224545" />
      <trkpt lat="46.458027" lon="8.226881" />
      <trkpt lat="46.459557" lon="8.229567" />
      <trkpt lat="46.461052" lon="8.231405" />
      <trkpt lat="46.462131" lon="8.232205" />
      <trkpt lat="46.462645" lon="8.232479" />
      <trkpt lat="46.465009" lon="8.233212" />
      <trkpt lat="46.465897" lon="8.233933" />
      <trkpt lat="46.466547" lon="8.235255" />
      <trkpt lat="46.467129" lon="8.238126" />
      <trkpt lat="46.467409" lon="8.238921" />
      <trkpt lat="46.469529" lon="8.24203" />
      <trkpt lat="46.469922" lon="8.243113" />
      <trkpt lat="46.470782" lon="8.244778" />
      <trkpt lat="46.472501" lon="8.246983" />
      <trkpt lat="46.473237" lon="8.248168" />
      <trkpt lat="46.475128" lon="8.250583" />
      <trkpt lat="46.476689" lon="8.251852" />
      <trkpt lat="46.477232" lon="8.252454" />
      <trkpt lat="46.478386" lon="8.254662" />
      <trkpt lat="46.479676" lon="8.256403" />
      <trkpt lat="46.486271" lon="8.262372" />
      <trkpt lat="46.486465" lon="8.262347" />
      <trkpt lat="46.486718" lon="8.261841" />
      <trkpt lat="46.486873" lon="8.261882" />
      <trkpt lat="46.486952" lon="8.262327" />
      <trkpt lat="46.487341" lon="8.263025" />
      <trkpt lat="46.487363" lon="8.264073" />
      <trkpt lat="46.487214" lon="8.264873" />
      <trkpt lat="46.487405" lon="8.266876" />
      <trkpt lat="46.488495" lon="8.271542" />
      <trkpt lat="46.489568" lon="8.274205" />
      <trkpt lat="46.491042" lon="8.276844" />
      <trkpt lat="46.492058" lon="8.278103" />
      <trkpt lat="46.493134" lon="8.278966" />
      <trkpt lat="46.495694" lon="8.280437" />
      <trkpt lat="46.495987" lon="8.281045" />
      <trkpt lat="46.496652" lon="8.28438" />
      <trkpt lat="46.497341" lon="8.285699" />
      <trkpt lat="46.498173" lon="8.286454" />
      <trkpt lat="46.499983" lon="8.287443" />
      <trkpt lat="46.500491" lon="8.288029" />
      <trkpt lat="46.501044" lon="8.290314" />
      <trkpt lat="46.500916" lon="8.292268" />
      <trkpt lat="46.501879" lon="8.294777" />
      <trkpt lat="46.502487" lon="8.29567" />
      <trkpt lat="46.504003" lon="8.296649" />
      <trkpt lat="46.504898" lon="8.297777" />
      <trkpt lat="46.50585" lon="8.300657" />
      <trkpt lat="46.506485" lon="8.305002" />
      <trkpt lat="46.507801" lon="8.307236" />
      <trkpt lat="46.508344" lon="8.308644" />
      <trkpt lat="46.508621" lon="8.309984" />
      <trkpt lat="46.509699" lon="8.310967" />
      <trkpt lat="46.510415" lon="8.311894" />
      <trkpt lat="46.513747" lon="8.318756" />
      <trkpt lat="46.513995" lon="8.319782" />
      <trkpt lat="46.514043" lon="8.32076" />
      <trkpt lat="46.513632" lon="8.323412" />
      <trkpt lat="46.513725" lon="8.323958" />
      <trkpt lat="46.513992" lon="8.324415" />
      <trkpt lat="46.514563" lon="8.325277" />
      <trkpt lat="46.515518" lon="8.325248" />
      <trkpt lat="46.515868" lon="8.325386" />
      <trkpt lat="46.517553" lon="8.327562" />
      <trkpt lat="46.519649" lon="8.328886" />
      <trkpt lat="46.521043" lon="8.329337" />
      <trkpt lat="46.5226" lon="8.329498" />
      <trkpt lat="46.523133" lon="8.329748" />
      <trkpt lat="46.523732" lon="8.330315" />
      <trkpt lat="46.525777" lon="8.334378" />
      <trkpt lat="46.52745" lon="8.337161" />
      <trkpt lat="46.528344" lon="8.339454" />
      <trkpt lat="46.531649" lon="8.342994" />
      <trkpt lat="46.532807" lon="8.343851" />
      <trkpt lat="46.533235" lon="8.345702" />
      <trkpt lat="46.534207" lon="8.34722" />
      <trkpt lat="46.534462" lon="8.348773" />
      <trkpt lat="46.535075" lon="8.349483" />
      <trkpt lat="46.536061" lon="8.349684" />
      <trkpt lat="46.536416" lon="8.349974" />
      <trkpt lat="46.536905" lon="8.351249" />
      <trkpt lat="46.538251" lon="8.35393" />
      <trkpt lat="46.538653" lon="8.355204" />
      <trkpt lat="46.539246" lon="8.356517" />
      <trkpt lat="46.540791" lon="8.358403" />
      <trkpt lat="46.54134" lon="8.359642" />
      <trkpt lat="46.541442" lon="8.359484" />
      <trkpt lat="46.541067" lon="8.358403" />
      <trkpt lat="46.540511" lon="8.355737" />
      <trkpt lat="46.540521" lon="8.355148" />
      <trkpt lat="46.539369" lon="8.353425" />
      <trkpt lat="46.538654" lon="8.351525" />
      <trkpt lat="46.538324" lon="8.35026" />
      <trkpt lat="46.538395" lon="8.350115" />
      <trkpt lat="46.53892" lon="8.351286" />
      <trkpt lat="46.539983" lon="8.352895" />
      <trkpt lat="46.540757" lon="8.35355" />
      <trkpt lat="46.54147" lon="8.354325" />
      <trkpt lat="46.541778" lon="8.354853" />
      <trkpt lat="46.542322" lon="8.355307" />
      <trkpt lat="46.543043" lon="8.357661" />
      <trkpt lat="46.543659" lon="8.357874" />
      <trkpt lat="46.543808" lon="8.357776" />
      <trkpt lat="46.543866" lon="8.356707" />
      <trkpt lat="46.544526" lon="8.355872" />
      <trkpt lat="46.544283" lon="8.355059" />
      <trkpt lat="46.544402" lon="8.35493" />
      <trkpt lat="46.544714" lon="8.355253" />
      <trkpt lat="46.545248" lon="8.356217" />
      <trkpt lat="46.545425" lon="8.357367" />
      <trkpt lat="46.546053" lon="8.358477" />
      <trkpt lat="46.546328" lon="8.358646" />
      <trkpt lat="46.546932" lon="8.3587" />
      <trkpt lat="46.548389" lon="8.36037" />
      <trkpt lat="46.54884" lon="8.360406" />
      <trkpt lat="46.54994" lon="8.359712" />
      <trkpt lat="46.551942" lon="8.358709" />
      <trkpt lat="46.555147" lon="8.355938" />
      <trkpt lat="46.556619" lon="8.355735" />
      <trkpt lat="46.556563" lon="8.355537" />
      <trkpt lat="46.555442" lon="8.355477" />
      <trkpt lat="46.555468" lon="8.355227" />
      <trkpt lat="46.557487" lon="8.35516" />
      <trkpt lat="46.557846" lon="8.355476" />
      <trkpt lat="46.557914" lon="8.355703" />
      <trkpt lat="46.557514" lon="8.356519" />
      <trkpt lat="46.557549" lon="8.356698" />
      <trkpt lat="46.558171" lon="8.355944" />
      <trkpt lat="46.558885" lon="8.356079" />
      <trkpt lat="46.560355" lon="8.358083" />
      <trkpt lat="46.560737" lon="8.359326" />
      <trkpt lat="46.561321" lon="8.359911" />
      <trkpt lat="46.562257" lon="8.361536" />
      <trkpt lat="46.56247" lon="8.362172" />
      <trkpt lat="46.562263" lon="8.362766" />
      <trkpt lat="46.562076" lon="8.363022" />
      <trkpt lat="46.561883" lon="8.36306" />
      <trkpt lat="46.560757" lon="8.36141" />
      <trkpt lat="46.560349" lon="8.35941" />
      <trkpt lat="46.560072" lon="8.358405" />
      <trkpt lat="46.559927" lon="8.358299" />
      <trkpt lat="46.559867" lon="8.358495" />
      <trkpt lat="46.560201" lon="8.359381" />
      <trkpt lat="46.560267" lon="8.361494" />
      <trkpt lat="46.561378" lon="8.363775" />
      <trkpt lat="46.561824" lon="8.366285" />
      <trkpt lat="46.562743" lon="8.368239" />
      <trkpt lat="46.562724" lon="8.368607" />
      <trkpt lat="46.562555" lon="8.36854" />
      <trkpt lat="46.562397" lon="8.367991" />
      <trkpt lat="46.561318" lon="8.366141" />
      <trkpt lat="46.561001" lon="8.364167" />
      <trkpt lat="46.560972" lon="8.365417" />
      <trkpt lat="46.561167" lon="8.366739" />
      <trkpt lat="46.561898" lon="8.368937" />
      <trkpt lat="46.562508" lon="8.369804" />
      <trkpt lat="46.563258" lon="8.371359" />
      <trkpt lat="46.56398" lon="8.374925" />
      <trkpt lat="46.564016" lon="8.376041" />
      <trkpt lat="46.56471" lon="8.378917" />
      <trkpt lat="46.565596" lon="8.38096" />
      <trkpt lat="46.566915" lon="8.382463" />
      <trkpt lat="46.567425" lon="8.383689" />
      <trkpt lat="46.568867" lon="8.386121" />
      <trkpt lat="46.570162" lon="8.38955" />
      <trkpt lat="46.570472" lon="8.392332" />
      <trkpt lat="46.570503" lon="8.39678" />
      <trkpt lat="46.570761" lon="8.396801" />
      <trkpt lat="46.571022" lon="8.396626" />
      <trkpt lat="46.571606" lon="8.395623" />
      <trkpt lat="46.572067" lon="8.393054" />
      <trkpt lat="46.572387" lon="8.392155" />
      <trkpt lat="46.572416" lon="8.391151" />
      <trkpt lat="46.572809" lon="8.389161" />
      <trkpt lat="46.572945" lon="8.389226" />
      <trkpt lat="46.572721" lon="8.391218" />
      <trkpt lat="46.572801" lon="8.392235" />
      <trkpt lat="46.572686" lon="8.39478" />
      <trkpt lat="46.572517" lon="8.395532" />
      <trkpt lat="46.572649" lon="8.395727" />
      <trkpt lat="46.572799" lon="8.395518" />
      <trkpt lat="46.572847" lon="8.394273" />
      <trkpt lat="46.573446" lon="8.390325" />
      <trkpt lat="46.574" lon="8.389418" />
      <trkpt lat="46.574294" lon="8.388558" />
      <trkpt lat="46.57465" lon="8.388275" />
      <trkpt lat="46.575396" lon="8.388003" />
      <trkpt lat="46.576267" lon="8.386613" />
      <trkpt lat="46.576407" lon="8.386606" />
      <trkpt lat="46.576434" lon="8.386822" />
      <trkpt lat="46.575701" lon="8.38855" />
      <trkpt lat="46.574977" lon="8.3892" />
      <trkpt lat="46.574727" lon="8.389906" />
      <trkpt lat="46.574292" lon="8.390549" />
      <trkpt lat="46.574369" lon="8.390731" />
      <trkpt lat="46.575295" lon="8.389567" />
      <trkpt lat="46.575988" lon="8.389197" />
      <trkpt lat="46.576768" lon="8.388082" />
      <trkpt lat="46.576925" lon="8.388159" />
      <trkpt lat="46.576488" lon="8.388793" />
      <trkpt lat="46.576177" lon="8.389645" />
      <trkpt lat="46.575182" lon="8.391108" />
      <trkpt lat="46.574949" lon="8.391781" />
      <trkpt lat="46.57484" lon="8.392714" />
      <trkpt lat="46.574968" lon="8.392897" />
      <trkpt lat="46.575323" lon="8.391624" />
      <trkpt lat="46.575962" lon="8.390845" />
      <trkpt lat="46.576143" lon="8.390827" />
      <trkpt lat="46.576178" lon="8.391077" />
      <trkpt lat="46.575579" lon="8.392069" />
      <trkpt lat="46.575405" lon="8.392871" />
      <trkpt lat="46.575471" lon="8.395299" />
      <trkpt lat="46.575182" lon="8.396842" />
      <trkpt lat="46.575264" lon="8.399042" />
      <trkpt lat="46.574563" lon="8.401724" />
      <trkpt lat="46.574525" lon="8.403981" />
      <trkpt lat="46.574335" lon="8.404361" />
      <trkpt lat="46.573532" lon="8.405154" />
      <trkpt lat="46.573183" lon="8.405757" />
      <trkpt lat="46.572643" lon="8.408415" />
      <trkpt lat="46.571723" lon="8.410058" />
      <trkpt lat="46.5717" lon="8.410617" />
      <trkpt lat="46.572207" lon="8.414357" />
      <trkpt lat="46.572595" lon="8.415086" />
      <trkpt lat="46.573394" lon="8.415846" />
      <trkpt lat="46.573769" lon="8.416631" />
      <trkpt lat="46.574405" lon="8.418806" />
      <trkpt lat="46.575118" lon="8.419609" />
      <trkpt lat="46.575464" lon="8.420505" />
      <trkpt lat="46.576005" lon="8.421094" />
      <trkpt lat="46.577465" lon="8.423523" />
      <trkpt lat="46.578354" lon="8.424672" />
      <trkpt lat="46.578599" lon="8.424906" />
      <trkpt lat="46.579021" lon="8.424854" />
      <trkpt lat="46.5794" lon="8.425053" />
      <trkpt lat="46.579852" lon="8.42587" />
      <trkpt lat="46.580222" lon="8.426112" />
      <trkpt lat="46.580247" lon="8.426365" />
      <trkpt lat="46.580103" lon="8.426431" />
      <trkpt lat="46.579557" lon="8.425732" />
      <trkpt lat="46.579456" lon="8.425742" />
      <trkpt lat="46.580259" lon="8.426957" />
      <trkpt lat="46.580421" lon="8.427046" />
      <trkpt lat="46.580953" lon="8.426659" />
      <trkpt lat="46.581708" lon="8.42748" />
      <trkpt lat="46.582633" lon="8.427152" />
      <trkpt lat="46.582862" lon="8.427194" />
      <trkpt lat="46.583075" lon="8.427417" />
      <trkpt lat="46.583512" lon="8.4284" />
      <trkpt lat="46.584382" lon="8.428789" />
      <trkpt lat="46.585492" lon="8.430034" />
      <trkpt lat="46.586162" lon="8.430373" />
      <trkpt lat="46.587336" lon="8.431401" />
      <trkpt lat="46.588089" lon="8.432966" />
      <trkpt lat="46.587239" lon="8.436402" />
      <trkpt lat="46.587312" lon="8.43787" />
      <trkpt lat="46.587779" lon="8.439957" />
      <trkpt lat="46.588041" lon="8.44236" />
      <trkpt lat="46.58921" lon="8.445523" />
      <trkpt lat="46.590705" lon="8.45112" />
      <trkpt lat="46.591559" lon="8.453497" />
      <trkpt lat="46.591718" lon="8.453715" />
      <trkpt lat="46.593962" lon="8.455151" />
      <trkpt lat="46.594675" lon="8.456213" />
      <trkpt lat="46.594833" lon="8.45708" />
      <trkpt lat="46.594762" lon="8.457558" />
      <trkpt lat="46.59382" lon="8.459201" />
      <trkpt lat="46.593047" lon="8.461094" />
      <trkpt lat="46.592455" lon="8.462137" />
      <trkpt lat="46.592387" lon="8.463545" />
      <trkpt lat="46.59208" lon="8.464541" />
      <trkpt lat="46.591961" lon="8.466506" />
      <trkpt lat="46.591323" lon="8.471233" />
      <trkpt lat="46.591007" lon="8.472232" />
      <trkpt lat="46.590414" lon="8.472499" />
      <trkpt lat="46.589806" lon="8.473746" />
      <trkpt lat="46.589256" lon="8.475727" />
      <trkpt lat="46.58904" lon="8.477086" />
      <trkpt lat="46.589205" lon="8.478744" />
      <trkpt lat="46.589861" lon="8.479917" />
      <trkpt lat="46.589894" lon="8.480241" />
      <trkpt lat="46.589776" lon="8.480419" />
      <trkpt lat="46.589592" lon="8.480408" />
      <trkpt lat="46.588791" lon="8.479683" />
      <trkpt lat="46.587676" lon="8.477721" />
      <trkpt lat="46.587541" lon="8.477877" />
      <trkpt lat="46.587136" lon="8.480326" />
      <trkpt lat="46.587405" lon="8.482505" />
      <trkpt lat="46.588013" lon="8.484103" />
      <trkpt lat="46.589313" lon="8.486078" />
      <trkpt lat="46.589533" lon="8.486083" />
      <trkpt lat="46.589852" lon="8.485704" />
      <trkpt lat="46.590048" lon="8.485832" />
      <trkpt lat="46.589839" lon="8.487084" />
      <trkpt lat="46.58955" lon="8.487161" />
      <trkpt lat="46.588063" lon="8.486179" />
      <trkpt lat="46.586767" lon="8.484689" />
      <trkpt lat="46.586639" lon="8.484813" />
      <trkpt lat="46.587916" lon="8.487267" />
      <trkpt lat="46.589337" lon="8.488978" />
      <trkpt lat="46.589507" lon="8.488964" />
      <trkpt lat="46.590151" lon="8.488311" />
      <trkpt lat="46.590992" lon="8.48822" />
      <trkpt lat="46.59149" lon="8.48791" />
      <trkpt lat="46.59254" lon="8.488144" />
      <trkpt lat="46.592519" lon="8.488318" />
      <trkpt lat="46.591572" lon="8.488408" />
      <trkpt lat="46.591219" lon="8.488844" />
      <trkpt lat="46.590544" lon="8.489196" />
      <trkpt lat="46.589671" lon="8.490154" />
      <trkpt lat="46.588706" lon="8.489934" />
      <trkpt lat="46.588226" lon="8.489971" />
      <trkpt lat="46.587769" lon="8.489398" />
      <trkpt lat="46.587644" lon="8.489587" />
      <trkpt lat="46.588274" lon="8.490578" />
      <trkpt lat="46.588618" lon="8.490902" />
      <trkpt lat="46.589067" lon="8.49069" />
      <trkpt lat="46.589977" lon="8.490941" />
      <trkpt lat="46.590811" lon="8.49086" />
      <trkpt lat="46.591641" lon="8.491243" />
      <trkpt lat="46.591631" lon="8.491445" />
      <trkpt lat="46.591142" lon="8.49136" />
      <trkpt lat="46.590489" lon="8.49178" />
      <trkpt lat="46.589953" lon="8.491862" />
      <trkpt lat="46.589506" lon="8.492408" />
      <trkpt lat="46.589563" lon="8.492664" />
      <trkpt lat="46.590251" lon="8.492753" />
      <trkpt lat="46.590673" lon="8.493255" />
      <trkpt lat="46.590816" lon="8.494013" />
      <trkpt lat="46.59068" lon="8.494613" />
      <trkpt lat="46.590825" lon="8.494606" />
      <trkpt lat="46.590989" lon="8.493942" />
      <trkpt lat="46.591258" lon="8.493665" />
      <trkpt lat="46.591891" lon="8.49369" />
      <trkpt lat="46.592652" lon="8.493998" />
      <trkpt lat="46.592891" lon="8.494625" />
      <trkpt lat="46.594427" lon="8.496905" />
      <trkpt lat="46.595494" lon="8.497643" />
      <trkpt lat="46.595488" lon="8.498322" />
      <trkpt lat="46.595881" lon="8.499522" />
      <trkpt lat="46.596525" lon="8.500192" />
      <trkpt lat="46.597041" lon="8.501203" />
      <trkpt lat="46.597451" lon="8.501579" />
      <trkpt lat="46.598929" lon="8.50227" />
      <trkpt lat="46.600728" lon="8.505182" />
      <trkpt lat="46.600978" lon="8.506281" />
      <trkpt lat="46.601132" lon="8.508669" />
      <trkpt lat="46.602583" lon="8.514852" />
      <trkpt lat="46.610804" lon="8.536681" />
      <trkpt lat="46.610951" lon="8.537685" />
      <trkpt lat="46.610651" lon="8.539535" />
      <trkpt lat="46.610783" lon="8.540707" />
      <trkpt lat="46.61258" lon="8.54613" />
      <trkpt lat="46.61315" lon="8.548528" />
      <trkpt lat="46.613917" lon="8.550509" />
      <trkpt lat="46.614823" lon="8.553689" />
      <trkpt lat="46.615138" lon="8.55583" />
      <trkpt lat="46.615879" lon="8.557874" />
      <trkpt lat="46.616095" lon="8.560464" />
      <trkpt lat="46.617925" lon="8.564184" />
      <trkpt lat="46.617945" lon="8.565404" />
      <trkpt lat="46.617656" lon="8.566363" />
      <trkpt lat="46.617496" lon="8.566448" />
      <trkpt lat="46.6172" lon="8.565381" />
      <trkpt lat="46.617085" lon="8.563475" />
      <trkpt lat="46.616714" lon="8.563124" />
      <trkpt lat="46.616323" lon="8.563386" />
      <trkpt lat="46.616252" lon="8.564027" />
      <trkpt lat="46.616802" lon="8.566066" />
      <trkpt lat="46.616647" lon="8.56729" />
      <trkpt lat="46.616705" lon="8.568544" />
      <trkpt lat="46.616559" lon="8.569136" />
      <trkpt lat="46.615494" lon="8.570932" />
      <trkpt lat="46.615096" lon="8.5711" />
      <trkpt lat="46.614259" lon="8.570961" />
      <trkpt lat="46.613441" lon="8.571973" />
      <trkpt lat="46.613061" lon="8.571974" />
      <trkpt lat="46.611564" lon="8.571143" />
      <trkpt lat="46.611215" lon="8.571305" />
      <trkpt lat="46.610697" lon="8.571953" />
      <trkpt lat="46.610216" lon="8.571997" />
      <trkpt lat="46.609945" lon="8.571731" />
      <trkpt lat="46.608934" lon="8.569787" />
      <trkpt lat="46.607872" lon="8.568158" />
      <trkpt lat="46.60584" lon="8.56593" />
      <trkpt lat="46.604441" lon="8.565537" />
      <trkpt lat="46.602759" lon="8.564349" />
      <trkpt lat="46.599749" lon="8.563063" />
      <trkpt lat="46.599159" lon="8.563006" />
      <trkpt lat="46.597444" lon="8.563206" />
      <trkpt lat="46.596019" lon="8.562334" />
      <trkpt lat="46.595054" lon="8.562382" />
      <trkpt lat="46.594193" lon="8.562081" />
      <trkpt lat="46.593972" lon="8.562141" />
      <trkpt lat="46.593231" lon="8.562779" />
      <trkpt lat="46.592754" lon="8.56283" />
      <trkpt lat="46.592284" lon="8.562695" />
      <trkpt lat="46.591482" lon="8.561852" />
      <trkpt lat="46.591092" lon="8.560782" />
      <trkpt lat="46.591097" lon="8.560337" />
      <trkpt lat="46.59132" lon="8.560121" />
      <trkpt lat="46.591522" lon="8.560213" />
      <trkpt lat="46.59226" lon="8.561536" />
      <trkpt lat="46.592568" lon="8.561436" />
      <trkpt lat="46.592605" lon="8.560955" />
      <trkpt lat="46.591573" lon="8.559464" />
      <trkpt lat="46.590911" lon="8.558057" />
      <trkpt lat="46.590395" lon="8.557655" />
      <trkpt lat="46.589481" lon="8.557688" />
      <trkpt lat="46.588885" lon="8.557221" />
      <trkpt lat="46.588125" lon="8.55691" />
      <trkpt lat="46.586784" lon="8.557105" />
      <trkpt lat="46.585895" lon="8.557646" />
      <trkpt lat="46.584742" lon="8.557444" />
      <trkpt lat="46.584034" lon="8.557572" />
      <trkpt lat="46.583486" lon="8.557948" />
      <trkpt lat="46.582518" lon="8.558942" />
      <trkpt lat="46.581964" lon="8.5592" />
      <trkpt lat="46.57986" lon="8.558762" />
      <trkpt lat="46.578916" lon="8.558795" />
      <trkpt lat="46.578323" lon="8.559003" />
      <trkpt lat="46.576192" lon="8.560258" />
      <trkpt lat="46.574272" lon="8.560802" />
      <trkpt lat="46.573557" lon="8.560888" />
      <trkpt lat="46.571918" lon="8.560823" />
      <trkpt lat="46.570125" lon="8.560946" />
      <trkpt lat="46.567602" lon="8.560437" />
      <trkpt lat="46.565561" lon="8.560714" />
      <trkpt lat="46.564957" lon="8.560664" />
      <trkpt lat="46.563745" lon="8.560109" />
      <trkpt lat="46.562683" lon="8.559169" />
      <trkpt lat="46.562023" lon="8.558752" />
      <trkpt lat="46.561488" lon="8.558637" />
      <trkpt lat="46.560873" lon="8.55877" />
      <trkpt lat="46.560023" lon="8.559516" />
      <trkpt lat="46.559063" lon="8.561693" />
      <trkpt lat="46.558265" lon="8.562848" />
      <trkpt lat="46.558017" lon="8.563715" />
      <trkpt lat="46.558044" lon="8.565168" />
      <trkpt lat="46.557471" lon="8.566503" />
      <trkpt lat="46.556999" lon="8.56706" />
      <trkpt lat="46.556527" lon="8.567381" />
      <trkpt lat="46.556116" lon="8.567359" />
      <trkpt lat="46.555437" lon="8.566968" />
      <trkpt lat="46.554827" lon="8.567395" />
      <trkpt lat="46.554143" lon="8.569146" />
      <trkpt lat="46.552985" lon="8.571368" />
      <trkpt lat="46.552713" lon="8.571685" />
      <trkpt lat="46.550851" lon="8.572762" />
      <trkpt lat="46.5506" lon="8.572731" />
      <trkpt lat="46.549963" lon="8.570214" />
      <trkpt lat="46.549619" lon="8.569689" />
      <trkpt lat="46.549074" lon="8.569232" />
      <trkpt lat="46.549139" lon="8.569097" />
      <trkpt lat="46.549672" lon="8.569305" />
      <trkpt lat="46.54978" lon="8.568875" />
      <trkpt lat="46.549637" lon="8.568738" />
      <trkpt lat="46.54925" lon="8.568906" />
      <trkpt lat="46.548773" lon="8.568778" />
      <trkpt lat="46.548767" lon="8.568618" />
      <trkpt lat="46.549353" lon="8.568441" />
      <trkpt lat="46.549444" lon="8.568255" />
      <trkpt lat="46.54926" lon="8.568011" />
      <trkpt lat="46.548574" lon="8.568417" />
      <trkpt lat="46.548554" lon="8.568259" />
      <trkpt lat="46.548899" lon="8.568074" />
      <trkpt lat="46.54882" lon="8.567805" />
      <trkpt lat="46.548428" lon="8.568194" />
      <trkpt lat="46.548349" lon="8.568071" />
      <trkpt lat="46.548524" lon="8.567911" />
      <trkpt lat="46.548499" lon="8.567784" />
      <trkpt lat="46.547891" lon="8.567991" />
      <trkpt lat="46.547554" lon="8.569114" />
      <trkpt lat="46.546403" lon="8.569879" />
      <trkpt lat="46.546385" lon="8.569728" />
      <trkpt lat="46.546985" lon="8.569271" />
      <trkpt lat="46.54737" lon="8.568725" />
      <trkpt lat="46.547598" lon="8.567094" />
      <trkpt lat="46.548222" lon="8.566773" />
      <trkpt lat="46.548142" lon="8.566688" />
      <trkpt lat="46.547328" lon="8.566836" />
      <trkpt lat="46.547" lon="8.567974" />
      <trkpt lat="46.545937" lon="8.568591" />
      <trkpt lat="46.54589" lon="8.568444" />
      <trkpt lat="46.546374" lon="8.568012" />
      <trkpt lat="46.546487" lon="8.567758" />
      <trkpt lat="46.546456" lon="8.567212" />
      <trkpt lat="46.546208" lon="8.566657" />
      <trkpt lat="46.546203" lon="8.567309" />
      <trkpt lat="46.545957" lon="8.567833" />
      <trkpt lat="46.54586" lon="8.567767" />
      <trkpt lat="46.546075" lon="8.567365" />
      <trkpt lat="46.54603" lon="8.56724" />
      <trkpt lat="46.545494" lon="8.567686" />
      <trkpt lat="46.545304" lon="8.568048" />
      <trkpt lat="46.54522" lon="8.569181" />
      <trkpt lat="46.544506" lon="8.570976" />
      <trkpt lat="46.5444" lon="8.570859" />
      <trkpt lat="46.544857" lon="8.568856" />
      <trkpt lat="46.54465" lon="8.569432" />
      <trkpt lat="46.544298" lon="8.569895" />
      <trkpt lat="46.544116" lon="8.570762" />
      <trkpt lat="46.544025" lon="8.570698" />
      <trkpt lat="46.544086" lon="8.569243" />
      <trkpt lat="46.543722" lon="8.570905" />
      <trkpt lat="46.543627" lon="8.57083" />
      <trkpt lat="46.543812" lon="8.570126" />
      <trkpt lat="46.543746" lon="8.569991" />
      <trkpt lat="46.542619" lon="8.572301" />
      <trkpt lat="46.542479" lon="8.572221" />
      <trkpt lat="46.542845" lon="8.571479" />
      <trkpt lat="46.542804" lon="8.571285" />
      <trkpt lat="46.542335" lon="8.572158" />
      <trkpt lat="46.542565" lon="8.571551" />
      <trkpt lat="46.542539" lon="8.571455" />
      <trkpt lat="46.542456" lon="8.571511" />
      <trkpt lat="46.542059" lon="8.572742" />
      <trkpt lat="46.541546" lon="8.57321" />
      <trkpt lat="46.541435" lon="8.573666" />
      <trkpt lat="46.541155" lon="8.574109" />
      <trkpt lat="46.540738" lon="8.578102" />
      <trkpt lat="46.540455" lon="8.579153" />
      <trkpt lat="46.540048" lon="8.579785" />
      <trkpt lat="46.53899" lon="8.580053" />
      <trkpt lat="46.538323" lon="8.57931" />
      <trkpt lat="46.537617" lon="8.579009" />
      <trkpt lat="46.537207" lon="8.579142" />
      <trkpt lat="46.536564" lon="8.579711" />
      <trkpt lat="46.536081" lon="8.57991" />
      <trkpt lat="46.535019" lon="8.579943" />
      <trkpt lat="46.533394" lon="8.580802" />
      <trkpt lat="46.532518" lon="8.58075" />
      <trkpt lat="46.532535" lon="8.580885" />
      <trkpt lat="46.533273" lon="8.581171" />
      <trkpt lat="46.53368" lon="8.581156" />
      <trkpt lat="46.533646" lon="8.581324" />
      <trkpt lat="46.53265" lon="8.581427" />
      <trkpt lat="46.53197" lon="8.581002" />
      <trkpt lat="46.531992" lon="8.581351" />
      <trkpt lat="46.5333" lon="8.582045" />
      <trkpt lat="46.533434" lon="8.582961" />
      <trkpt lat="46.534069" lon="8.584533" />
      <trkpt lat="46.534344" lon="8.584516" />
      <trkpt lat="46.534527" lon="8.58374" />
      <trkpt lat="46.534848" lon="8.58358" />
      <trkpt lat="46.535205" lon="8.58398" />
      <trkpt lat="46.535433" lon="8.584956" />
      <trkpt lat="46.534795" lon="8.585299" />
      <trkpt lat="46.533803" lon="8.585223" />
      <trkpt lat="46.53307" lon="8.584992" />
      <trkpt lat="46.532495" lon="8.584588" />
      <trkpt lat="46.531483" lon="8.583209" />
      <trkpt lat="46.529443" lon="8.579512" />
      <trkpt lat="46.529283" lon="8.579405" />
      <trkpt lat="46.529112" lon="8.579491" />
      <trkpt lat="46.529097" lon="8.579934" />
      <trkpt lat="46.5298" lon="8.580821" />
      <trkpt lat="46.530136" lon="8.581699" />
      <trkpt lat="46.530599" lon="8.585541" />
      <trkpt lat="46.531539" lon="8.589363" />
      <trkpt lat="46.532042" lon="8.590684" />
      <trkpt lat="46.532883" lon="8.592212" />
      <trkpt lat="46.533146" lon="8.593103" />
      <trkpt lat="46.533355" lon="8.595076" />
      <trkpt lat="46.533196" lon="8.597861" />
      <trkpt lat="46.533356" lon="8.599866" />
      <trkpt lat="46.533179" lon="8.600074" />
      <trkpt lat="46.532953" lon="8.599902" />
      <trkpt lat="46.532822" lon="8.598746" />
      <trkpt lat="46.531763" lon="8.594588" />
      <trkpt lat="46.531325" lon="8.593408" />
      <trkpt lat="46.530815" lon="8.592547" />
      <trkpt lat="46.530257" lon="8.5919" />
      <trkpt lat="46.52865" lon="8.590813" />
      <trkpt lat="46.527801" lon="8.589871" />
      <trkpt lat="46.527142" lon="8.58834" />
      <trkpt lat="46.526889" lon="8.586409" />
      <trkpt lat="46.526738" lon="8.586194" />
      <trkpt lat="46.526545" lon="8.586186" />
      <trkpt lat="46.526364" lon="8.586577" />
      <trkpt lat="46.526635" lon="8.589784" />
      <trkpt lat="46.528249" lon="8.595167" />
      <trkpt lat="46.528385" lon="8.596552" />
      <trkpt lat="46.528267" lon="8.597229" />
      <trkpt lat="46.52795" lon="8.597985" />
      <trkpt lat="46.526075" lon="8.599787" />
      <trkpt lat="46.52533" lon="8.601228" />
      <trkpt lat="46.52508" lon="8.602329" />
      <trkpt lat="46.52497" lon="8.60405" />
      <trkpt lat="46.525015" lon="8.606227" />
      <trkpt lat="46.525145" lon="8.606382" />
      <trkpt lat="46.525255" lon="8.606206" />
      <trkpt lat="46.525172" lon="8.603086" />
      <trkpt lat="46.525643" lon="8.600912" />
      <trkpt lat="46.525598" lon="8.600549" />
      <trkpt lat="46.525397" lon="8.600337" />
      <trkpt lat="46.525034" lon="8.601327" />
      <trkpt lat="46.524789" lon="8.602815" />
      <trkpt lat="46.524615" lon="8.602913" />
      <trkpt lat="46.524491" lon="8.602676" />
      <trkpt lat="46.525303" lon="8.5984" />
      <trkpt lat="46.525" lon="8.595866" />
      <trkpt lat="46.525016" lon="8.594672" />
      <trkpt lat="46.523917" lon="8.591941" />
      <trkpt lat="46.523942" lon="8.589735" />
      <trkpt lat="46.523511" lon="8.588048" />
      <trkpt lat="46.522777" lon="8.583841" />
      <trkpt lat="46.522434" lon="8.582944" />
      <trkpt lat="46.522402" lon="8.581517" />
      <trkpt lat="46.522103" lon="8.580647" />
      <trkpt lat="46.522021" lon="8.579701" />
      <trkpt lat="46.521146" lon="8.577406" />
      <trkpt lat="46.521143" lon="8.576835" />
      <trkpt lat="46.521366" lon="8.575811" />
      <trkpt lat="46.521359" lon="8.57496" />
      <trkpt lat="46.52078" lon="8.571462" />
      <trkpt lat="46.520077" lon="8.569554" />
      <trkpt lat="46.519695" lon="8.56713" />
      <trkpt lat="46.519655" lon="8.565981" />
      <trkpt lat="46.519293" lon="8.564581" />
      <trkpt lat="46.519428" lon="8.563126" />
      <trkpt lat="46.518346" lon="8.560772" />
      <trkpt lat="46.517873" lon="8.55906" />
      <trkpt lat="46.517171" lon="8.557773" />
      <trkpt lat="46.517135" lon="8.555305" />
      <trkpt lat="46.516635" lon="8.55296" />
      <trkpt lat="46.516394" lon="8.550318" />
      <trkpt lat="46.516047" lon="8.549214" />
      <trkpt lat="46.515364" lon="8.547846" />
      <trkpt lat="46.514922" lon="8.546159" />
      <trkpt lat="46.514125" lon="8.544763" />
      <trkpt lat="46.513458" lon="8.541644" />
      <trkpt lat="46.513371" lon="8.539823" />
      <trkpt lat="46.512197" lon="8.537481" />
      <trkpt lat="46.511678" lon="8.535325" />
      <trkpt lat="46.511185" lon="8.534209" />
      <trkpt lat="46.510952" lon="8.530979" />
      <trkpt lat="46.509984" lon="8.528827" />
      <trkpt lat="46.509257" lon="8.526332" />
      <trkpt lat="46.509019" lon="8.523668" />
      <trkpt lat="46.506406" lon="8.517232" />
      <trkpt lat="46.505592" lon="8.513344" />
      <trkpt lat="46.502862" lon="8.507097" />
      <trkpt lat="46.500854" lon="8.50358" />
      <trkpt lat="46.500391" lon="8.503321" />
      <trkpt lat="46.498936" lon="8.503063" />
      <trkpt lat="46.498303" lon="8.502495" />
      <trkpt lat="46.497521" lon="8.50088" />
      <trkpt lat="46.497201" lon="8.498111" />
      <trkpt lat="46.495635" lon="8.494316" />
      <trkpt lat="46.494578" lon="8.492636" />
      <trkpt lat="46.493709" lon="8.491705" />
      <trkpt lat="46.493107" lon="8.490646" />
      <trkpt lat="46.492004" lon="8.489587" />
      <trkpt lat="46.491633" lon="8.489023" />
      <trkpt lat="46.489339" lon="8.481359" />
      <trkpt lat="46.487774" lon="8.478294" />
      <trkpt lat="46.487207" lon="8.475885" />
      <trkpt lat="46.485863" lon="8.473863" />
      <trkpt lat="46.484884" lon="8.470415" />
      <trkpt lat="46.484476" lon="8.469854" />
      <trkpt lat="46.483343" lon="8.46893" />
      <trkpt lat="46.482997" lon="8.468351" />
      <trkpt lat="46.482817" lon="8.467455" />
      <trkpt lat="46.482825" lon="8.465785" />
      <trkpt lat="46.482589" lon="8.464922" />
      <trkpt lat="46.481357" lon="8.463267" />
      <trkpt lat="46.480583" lon="8.460993" />
      <trkpt lat="46.478915" lon="8.459317" />
      <trkpt lat="46.478121" lon="8.456773" />
      <trkpt lat="46.476879" lon="8.454574" />
      <trkpt lat="46.476275" lon="8.452716" />
      <trkpt lat="46.475255" lon="8.451429" />
      <trkpt lat="46.474664" lon="8.450271" />
      <trkpt lat="46.47418" lon="8.44987" />
      <trkpt lat="46.474195" lon="8.449694" />
      <trkpt lat="46.474339" lon="8.449647" />
      <trkpt lat="46.475035" lon="8.449946" />
      <trkpt lat="46.475472" lon="8.450416" />
      <trkpt lat="46.475614" lon="8.450317" />
      <trkpt lat="46.474758" lon="8.44853" />
      <trkpt lat="46.473776" lon="8.446905" />
      <trkpt lat="46.473506" lon="8.445866" />
      <trkpt lat="46.473672" lon="8.442361" />
      <trkpt lat="46.473407" lon="8.439602" />
      <trkpt lat="46.473419" lon="8.435492" />
      <trkpt lat="46.473884" lon="8.432839" />
      <trkpt lat="46.473959" lon="8.43121" />
      <trkpt lat="46.474416" lon="8.429006" />
      <trkpt lat="46.474481" lon="8.427926" />
      <trkpt lat="46.474269" lon="8.426316" />
      <trkpt lat="46.474028" lon="8.425709" />
      <trkpt lat="46.473622" lon="8.425506" />
      <trkpt lat="46.472867" lon="8.425779" />
      <trkpt lat="46.472766" lon="8.425572" />
      <trkpt lat="46.47412" lon="8.424289" />
      <trkpt lat="46.475096" lon="8.423618" />
      <trkpt lat="46.475514" lon="8.423576" />
      <trkpt lat="46.475843" lon="8.423886" />
      <trkpt lat="46.47639" lon="8.426994" />
      <trkpt lat="46.476309" lon="8.430095" />
      <trkpt lat="46.476484" lon="8.432289" />
      <trkpt lat="46.476648" lon="8.432461" />
      <trkpt lat="46.476727" lon="8.431318" />
      <trkpt lat="46.477216" lon="8.42974" />
      <trkpt lat="46.477648" lon="8.427402" />
      <trkpt lat="46.477715" lon="8.424652" />
      <trkpt lat="46.478853" lon="8.421314" />
      <trkpt lat="46.479007" lon="8.420122" />
      <trkpt lat="46.478936" lon="8.418838" />
      <trkpt lat="46.478641" lon="8.417706" />
      <trkpt lat="46.478636" lon="8.415099" />
      <trkpt lat="46.478111" lon="8.413463" />
      <trkpt lat="46.477533" lon="8.412443" />
      <trkpt lat="46.477444" lon="8.411043" />
      <trkpt lat="46.47758" lon="8.41032" />
      <trkpt lat="46.478235" lon="8.409595" />
      <trkpt lat="46.478426" lon="8.409128" />
      <trkpt lat="46.4785" lon="8.408055" />
      <trkpt lat="46.47886" lon="8.406429" />
      <trkpt lat="46.478844" lon="8.40566" />
      <trkpt lat="46.47868" lon="8.405015" />
      <trkpt lat="46.477567" lon="8.402646" />
      <trkpt lat="46.477254" lon="8.402266" />
      <trkpt lat="46.476708" lon="8.401895" />
      <trkpt lat="46.476656" lon="8.401672" />
      <trkpt lat="46.477617" lon="8.401124" />
      <trkpt lat="46.478162" lon="8.401178" />
      <trkpt lat="46.479146" lon="8.402269" />
      <trkpt lat="46.479385" lon="8.403171" />
      <trkpt lat="46.479531" lon="8.403249" />
      <trkpt lat="46.479592" lon="8.403001" />
      <trkpt lat="46.479389" lon="8.401431" />
      <trkpt lat="46.479137" lon="8.401072" />
      <trkpt lat="46.478594" lon="8.400661" />
      <trkpt lat="46.478661" lon="8.400439" />
      <trkpt lat="46.478985" lon="8.400477" />
      <trkpt lat="46.479374" lon="8.400592" />
      <trkpt lat="46.479688" lon="8.400883" />
      <trkpt lat="46.480266" lon="8.402572" />
      <trkpt lat="46.480403" lon="8.402616" />
      <trkpt lat="46.480462" lon="8.40247" />
      <trkpt lat="46.480139" lon="8.39983" />
      <trkpt lat="46.479931" lon="8.399138" />
      <trkpt lat="46.479519" lon="8.398817" />
      <trkpt lat="46.478158" lon="8.398557" />
      <trkpt lat="46.477872" lon="8.398286" />
      <trkpt lat="46.477653" lon="8.397795" />
      <trkpt lat="46.477534" lon="8.396432" />
      <trkpt lat="46.478124" lon="8.394365" />
      <trkpt lat="46.478083" lon="8.391372" />
      <trkpt lat="46.477927" lon="8.390505" />
      <trkpt lat="46.477181" lon="8.388111" />
      <trkpt lat="46.477125" lon="8.387404" />
      <trkpt lat="46.477312" lon="8.386959" />
      <trkpt lat="46.47761" lon="8.386739" />
      <trkpt lat="46.479322" lon="8.386839" />
      <trkpt lat="46.480577" lon="8.385975" />
      <trkpt lat="46.481014" lon="8.386129" />
      <trkpt lat="46.482349" lon="8.387261" />
      <trkpt lat="46.482492" lon="8.387097" />
      <trkpt lat="46.481732" lon="8.386262" />
      <trkpt lat="46.481182" lon="8.385411" />
      <trkpt lat="46.479186" lon="8.383972" />
      <trkpt lat="46.477256" lon="8.381215" />
      <trkpt lat="46.476336" lon="8.380234" />
      <trkpt lat="46.475984" lon="8.380201" />
      <trkpt lat="46.475393" lon="8.380367" />
      <trkpt lat="46.473544" lon="8.381323" />
      <trkpt lat="46.473224" lon="8.381627" />
      <trkpt lat="46.472899" lon="8.382421" />
      <trkpt lat="46.472731" lon="8.382435" />
      <trkpt lat="46.473076" lon="8.38083" />
      <trkpt lat="46.474785" lon="8.379412" />
      <trkpt lat="46.475704" lon="8.378326" />
      <trkpt lat="46.476615" lon="8.378271" />
      <trkpt lat="46.478502" lon="8.379154" />
      <trkpt lat="46.47907" lon="8.37932" />
      <trkpt lat="46.479178" lon="8.379117" />
      <trkpt lat="46.478723" lon="8.378929" />
      <trkpt lat="46.477583" lon="8.377981" />
      <trkpt lat="46.477641" lon="8.377727" />
      <trkpt lat="46.478484" lon="8.378044" />
      <trkpt lat="46.478623" lon="8.377885" />
      <trkpt lat="46.477211" lon="8.376974" />
      <trkpt lat="46.477327" lon="8.37672" />
      <trkpt lat="46.477768" lon="8.376746" />
      <trkpt lat="46.478137" lon="8.377046" />
      <trkpt lat="46.478238" lon="8.376989" />
      <trkpt lat="46.478198" lon="8.376759" />
      <trkpt lat="46.477556" lon="8.376222" />
      <trkpt lat="46.476842" lon="8.376315" />
      <trkpt lat="46.475686" lon="8.376236" />
      <trkpt lat="46.474372" lon="8.375914" />
      <trkpt lat="46.473728" lon="8.376299" />
      <trkpt lat="46.473777" lon="8.37602" />
      <trkpt lat="46.474058" lon="8.375802" />
      <trkpt lat="46.475475" lon="8.37546" />
      <trkpt lat="46.476353" lon="8.374965" />
      <trkpt lat="46.476714" lon="8.374897" />
      <trkpt lat="46.476766" lon="8.374695" />
      <trkpt lat="46.476674" lon="8.374606" />
      <trkpt lat="46.476181" lon="8.374794" />
      <trkpt lat="46.475415" lon="8.374692" />
      <trkpt lat="46.473296" lon="8.374774" />
      <trkpt lat="46.472051" lon="8.372771" />
      <trkpt lat="46.471797" lon="8.371559" />
      <trkpt lat="46.471823" lon="8.371082" />
      <trkpt lat="46.472102" lon="8.370287" />
      <trkpt lat="46.472239" lon="8.37019" />
      <trkpt lat="46.472476" lon="8.371399" />
      <trkpt lat="46.472906" lon="8.372014" />
      <trkpt lat="46.473411" lon="8.372257" />
      <trkpt lat="46.475109" lon="8.372148" />
      <trkpt lat="46.475828" lon="8.371356" />
      <trkpt lat="46.476218" lon="8.370266" />
      <trkpt lat="46.477651" lon="8.368603" />
      <trkpt lat="46.478225" lon="8.3685" />
      <trkpt lat="46.478739" lon="8.367761" />
      <trkpt lat="46.479146" lon="8.367731" />
      <trkpt lat="46.479656" lon="8.367289" />
      <trkpt lat="46.480168" lon="8.367128" />
      <trkpt lat="46.480521" lon="8.366824" />
      <trkpt lat="46.48242" lon="8.366638" />
      <trkpt lat="46.483162" lon="8.365689" />
      <trkpt lat="46.483578" lon="8.365357" />
      <trkpt lat="46.483939" lon="8.365136" />
      <trkpt lat="46.484406" lon="8.365147" />
      <trkpt lat="46.484947" lon="8.364883" />
      <trkpt lat="46.485655" lon="8.364035" />
      <trkpt lat="46.486926" lon="8.362937" />
      <trkpt lat="46.488044" lon="8.361339" />
      <trkpt lat="46.488625" lon="8.360249" />
      <trkpt lat="46.488738" lon="8.359642" />
      <trkpt lat="46.488409" lon="8.358493" />
      <trkpt lat="46.487687" lon="8.357283" />
      <trkpt lat="46.48812" lon="8.356629" />
      <trkpt lat="46.488678" lon="8.355028" />
      <trkpt lat="46.489323" lon="8.354333" />
      <trkpt lat="46.489847" lon="8.353328" />
      <trkpt lat="46.490422" lon="8.352835" />
      <trkpt lat="46.490726" lon="8.352154" />
      <trkpt lat="46.491492" lon="8.351083" />
      <trkpt lat="46.492347" lon="8.35045" />
      <trkpt lat="46.492814" lon="8.349629" />
      <trkpt lat="46.493302" lon="8.349125" />
      <trkpt lat="46.494153" lon="8.347877" />
      <trkpt lat="46.495223" lon="8.347203" />
      <trkpt lat="46.498875" lon="8.341942" />
      <trkpt lat="46.499622" lon="8.340694" />
      <trkpt lat="46.50018" lon="8.339223" />
      <trkpt lat="46.500672" lon="8.337128" />
      <trkpt lat="46.500679" lon="8.335425" />
      <trkpt lat="46.500392" lon="8.333998" />
      <trkpt lat="46.499259" lon="8.331586" />
      <trkpt lat="46.498941" lon="8.330029" />
      <trkpt lat="46.49913" lon="8.329763" />
      <trkpt lat="46.49959" lon="8.330005" />
      <trkpt lat="46.500338" lon="8.331248" />
      <trkpt lat="46.50067" lon="8.331" />
      <trkpt lat="46.500482" lon="8.330386" />
      <trkpt lat="46.500487" lon="8.329666" />
      <trkpt lat="46.500717" lon="8.328864" />
      <trkpt lat="46.500858" lon="8.325851" />
      <trkpt lat="46.501005" lon="8.325245" />
      <trkpt lat="46.501934" lon="8.323904" />
      <trkpt lat="46.502552" lon="8.323271" />
      <trkpt lat="46.503208" lon="8.322077" />
      <trkpt lat="46.504827" lon="8.321395" />
      <trkpt lat="46.505344" lon="8.321391" />
      <trkpt lat="46.50573" lon="8.320638" />
      <trkpt lat="46.506232" lon="8.320028" />
      <trkpt lat="46.506072" lon="8.319871" />
      <trkpt lat="46.505348" lon="8.320604" />
      <trkpt lat="46.505051" lon="8.320712" />
      <trkpt lat="46.504707" lon="8.320578" />
      <trkpt lat="46.503872" lon="8.319828" />
      <trkpt lat="46.503243" lon="8.320076" />
      <trkpt lat="46.502698" lon="8.320013" />
      <trkpt lat="46.501617" lon="8.320486" />
      <trkpt lat="46.501396" lon="8.320253" />
      <trkpt lat="46.501516" lon="8.320033" />
      <trkpt lat="46.501948" lon="8.320002" />
      <trkpt lat="46.502481" lon="8.319647" />
      <trkpt lat="46.503486" lon="8.318706" />
      <trkpt lat="46.503565" lon="8.317602" />
      <trkpt lat="46.504182" lon="8.316718" />
      <trkpt lat="46.504568" lon="8.315446" />
      <trkpt lat="46.505403" lon="8.310229" />
      <trkpt lat="46.506901" lon="8.306905" />
      <trkpt lat="46.506731" lon="8.306646" />
      <trkpt lat="46.506901" lon="8.306905" />
      <trkpt lat="46.507204" lon="8.306287" />
      <trkpt lat="46.506419" lon="8.304804" />
      <trkpt lat="46.50585" lon="8.300657" />
      <trkpt lat="46.505149" lon="8.298377" />
      <trkpt lat="46.504372" lon="8.296997" />
      <trkpt lat="46.504003" lon="8.296649" />
      <trkpt lat="46.502715" lon="8.295886" />
      <trkpt lat="46.501879" lon="8.294777" />
      <trkpt lat="46.500916" lon="8.292268" />
      <trkpt lat="46.501044" lon="8.290314" />
      <trkpt lat="46.500577" lon="8.288211" />
      <trkpt lat="46.50014" lon="8.287567" />
      <trkpt lat="46.497985" lon="8.286328" />
      <trkpt lat="46.497154" lon="8.285434" />
      <trkpt lat="46.496552" lon="8.284032" />
      <trkpt lat="46.495987" lon="8.281045" />
      <trkpt lat="46.495789" lon="8.28058" />
      <trkpt lat="46.495484" lon="8.280243" />
      <trkpt lat="46.493134" lon="8.278966" />
      <trkpt lat="46.492058" lon="8.278103" />
      <trkpt lat="46.491229" lon="8.277122" />
      <trkpt lat="46.48994" lon="8.274985" />
      <trkpt lat="46.488604" lon="8.271885" />
      <trkpt lat="46.487794" lon="8.26852" />
    </trkseg>
  </trk>
</gpx>
