<?xml version="1.0" encoding="UTF-8"?>
<gpx version="1.1" creator="Fondue Tour 2026" xmlns="http://www.topografix.com/GPX/1/1" xmlns:xsi="http://www.w3.org/2001/XMLSchema-instance" xsi:schemaLocation="http://www.topografix.com/GPX/1/1 http://www.topografix.com/GPX/1/1/gpx.xsd">
  <metadata><name>Wed 09 · Group · Val Cenis to La Thuile · from Col de l’Iseran approach</name><desc>Fondue Tour 2026 roadbook route. Verify live pass status before departure.</desc></metadata>
  <rte>
    <name>Wed 09 · Group · Val Cenis to La Thuile · from Col de l’Iseran approach stops</name>
    <rtept lat="45.3969199" lon="7.0387658"><name>Col de l’Iseran approach</name></rtept>
    <rtept lat="45.417126" lon="7.030626"><name>Col de l’Iseran</name></rtept>
    <rtept lat="45.623635" lon="6.779659"><name>Intermarché Bourg-Saint-Maurice</name></rtept>
    <rtept lat="45.691339" lon="6.6906235"><name>Cormet de Roselend</name></rtept>
    <rtept lat="45.872759" lon="6.4634548"><name>Le Chalet Savoyard · Col des Aravis</name></rtept>
    <rtept lat="45.756431" lon="6.541775"><name>Les Saisies</name></rtept>
    <rtept lat="45.695036" lon="6.6348689"><name>Le Chalet de Roselend</name></rtept>
    <rtept lat="45.6714524" lon="6.8756012"><name>Hospice du Petit-Saint-Bernard</name></rtept>
    <rtept lat="45.7081906" lon="6.9511927"><name>Chalet Eden · La Thuile</name></rtept>
  </rte>
  <trk>
    <name>Wed 09 · Group · Val Cenis to La Thuile · from Col de l’Iseran approach</name>
    <trkseg>
      <trkpt lat="45.396793" lon="7.039045" />
      <trkpt lat="45.396655" lon="7.039319" />
      <trkpt lat="45.396679" lon="7.039614" />
      <trkpt lat="45.396228" lon="7.039711" />
      <trkpt lat="45.394865" lon="7.040551" />
      <trkpt lat="45.392712" lon="7.042809" />
      <trkpt lat="45.391862" lon="7.043534" />
      <trkpt lat="45.389655" lon="7.04682" />
      <trkpt lat="45.389742" lon="7.047294" />
      <trkpt lat="45.390229" lon="7.04755" />
      <trkpt lat="45.390488" lon="7.047401" />
      <trkpt lat="45.391263" lon="7.046275" />
      <trkpt lat="45.392019" lon="7.046011" />
      <trkpt lat="45.392451" lon="7.045329" />
      <trkpt lat="45.392939" lon="7.045028" />
      <trkpt lat="45.393518" lon="7.044405" />
      <trkpt lat="45.394104" lon="7.044074" />
      <trkpt lat="45.394585" lon="7.043965" />
      <trkpt lat="45.395509" lon="7.042758" />
      <trkpt lat="45.396292" lon="7.042576" />
      <trkpt lat="45.396981" lon="7.042634" />
      <trkpt lat="45.398704" lon="7.04337" />
      <trkpt lat="45.399302" lon="7.043355" />
      <trkpt lat="45.39986" lon="7.042529" />
      <trkpt lat="45.400323" lon="7.042282" />
      <trkpt lat="45.400524" lon="7.041847" />
      <trkpt lat="45.400845" lon="7.03974" />
      <trkpt lat="45.401026" lon="7.039295" />
      <trkpt lat="45.400982" lon="7.038854" />
      <trkpt lat="45.40119" lon="7.038178" />
      <trkpt lat="45.401514" lon="7.037738" />
      <trkpt lat="45.401529" lon="7.036213" />
      <trkpt lat="45.402416" lon="7.035369" />
      <trkpt lat="45.403129" lon="7.03306" />
      <trkpt lat="45.403835" lon="7.032316" />
      <trkpt lat="45.404328" lon="7.032085" />
      <trkpt lat="45.404677" lon="7.031497" />
      <trkpt lat="45.40484" lon="7.031066" />
      <trkpt lat="45.404744" lon="7.030525" />
      <trkpt lat="45.404816" lon="7.030172" />
      <trkpt lat="45.405462" lon="7.029263" />
      <trkpt lat="45.405936" lon="7.02901" />
      <trkpt lat="45.40638" lon="7.027973" />
      <trkpt lat="45.406746" lon="7.027701" />
      <trkpt lat="45.407546" lon="7.027845" />
      <trkpt lat="45.407956" lon="7.027747" />
      <trkpt lat="45.408602" lon="7.027982" />
      <trkpt lat="45.409444" lon="7.027573" />
      <trkpt lat="45.410013" lon="7.027708" />
      <trkpt lat="45.411226" lon="7.029113" />
      <trkpt lat="45.412432" lon="7.029704" />
      <trkpt lat="45.413157" lon="7.030276" />
      <trkpt lat="45.414367" lon="7.032307" />
      <trkpt lat="45.41524" lon="7.03303" />
      <trkpt lat="45.415557" lon="7.033521" />
      <trkpt lat="45.416548" lon="7.034087" />
      <trkpt lat="45.417054" lon="7.034793" />
      <trkpt lat="45.417402" lon="7.035072" />
      <trkpt lat="45.417914" lon="7.035133" />
      <trkpt lat="45.418245" lon="7.03534" />
      <trkpt lat="45.419193" lon="7.036274" />
      <trkpt lat="45.420149" lon="7.036922" />
      <trkpt lat="45.420679" lon="7.03759" />
      <trkpt lat="45.420703" lon="7.03734" />
      <trkpt lat="45.419093" lon="7.034971" />
      <trkpt lat="45.418712" lon="7.032818" />
      <trkpt lat="45.417805" lon="7.032128" />
      <trkpt lat="45.417205" lon="7.03197" />
      <trkpt lat="45.417006" lon="7.03179" />
      <trkpt lat="45.416948" lon="7.031343" />
      <trkpt lat="45.417172" lon="7.030754" />
      <trkpt lat="45.418148" lon="7.030377" />
      <trkpt lat="45.418758" lon="7.029666" />
      <trkpt lat="45.41903" lon="7.029723" />
      <trkpt lat="45.419348" lon="7.030166" />
      <trkpt lat="45.41934" lon="7.029785" />
      <trkpt lat="45.419058" lon="7.029112" />
      <trkpt lat="45.418747" lon="7.02897" />
      <trkpt lat="45.41871" lon="7.028771" />
      <trkpt lat="45.418855" lon="7.028685" />
      <trkpt lat="45.420227" lon="7.028775" />
      <trkpt lat="45.420954" lon="7.027421" />
      <trkpt lat="45.421172" lon="7.027506" />
      <trkpt lat="45.422191" lon="7.028766" />
      <trkpt lat="45.422511" lon="7.028711" />
      <trkpt lat="45.423021" lon="7.027956" />
      <trkpt lat="45.423428" lon="7.026964" />
      <trkpt lat="45.423389" lon="7.026092" />
      <trkpt lat="45.423708" lon="7.024798" />
      <trkpt lat="45.423595" lon="7.023613" />
      <trkpt lat="45.423806" lon="7.023061" />
      <trkpt lat="45.424222" lon="7.022807" />
      <trkpt lat="45.425975" lon="7.022681" />
      <trkpt lat="45.426795" lon="7.022085" />
      <trkpt lat="45.428841" lon="7.021162" />
      <trkpt lat="45.430395" lon="7.019102" />
      <trkpt lat="45.431771" lon="7.018263" />
      <trkpt lat="45.432856" lon="7.017243" />
      <trkpt lat="45.433884" lon="7.015196" />
      <trkpt lat="45.435044" lon="7.014327" />
      <trkpt lat="45.435499" lon="7.01383" />
      <trkpt lat="45.436205" lon="7.013782" />
      <trkpt lat="45.43705" lon="7.012558" />
      <trkpt lat="45.437171" lon="7.012037" />
      <trkpt lat="45.437905" lon="7.01045" />
      <trkpt lat="45.438123" lon="7.010315" />
      <trkpt lat="45.438477" lon="7.010477" />
      <trkpt lat="45.438587" lon="7.010367" />
      <trkpt lat="45.438331" lon="7.009629" />
      <trkpt lat="45.437155" lon="7.008422" />
      <trkpt lat="45.436049" lon="7.006731" />
      <trkpt lat="45.435288" lon="7.006147" />
      <trkpt lat="45.434679" lon="7.00627" />
      <trkpt lat="45.434232" lon="7.006162" />
      <trkpt lat="45.434187" lon="7.006028" />
      <trkpt lat="45.434246" lon="7.005928" />
      <trkpt lat="45.434715" lon="7.005993" />
      <trkpt lat="45.435628" lon="7.005722" />
      <trkpt lat="45.436749" lon="7.00625" />
      <trkpt lat="45.437082" lon="7.00653" />
      <trkpt lat="45.437121" lon="7.006271" />
      <trkpt lat="45.436165" lon="7.005606" />
      <trkpt lat="45.435662" lon="7.005085" />
      <trkpt lat="45.435042" lon="7.005051" />
      <trkpt lat="45.434553" lon="7.004862" />
      <trkpt lat="45.433816" lon="7.003964" />
      <trkpt lat="45.433511" lon="7.003279" />
      <trkpt lat="45.432772" lon="7.003331" />
      <trkpt lat="45.43219" lon="7.002906" />
      <trkpt lat="45.431441" lon="7.002891" />
      <trkpt lat="45.43116" lon="7.002264" />
      <trkpt lat="45.431293" lon="7.001809" />
      <trkpt lat="45.431652" lon="7.001724" />
      <trkpt lat="45.433535" lon="7.0026" />
      <trkpt lat="45.434182" lon="7.002" />
      <trkpt lat="45.434697" lon="7.002257" />
      <trkpt lat="45.435267" lon="7.002312" />
      <trkpt lat="45.43618" lon="7.002927" />
      <trkpt lat="45.437002" lon="7.004115" />
      <trkpt lat="45.43897" lon="7.005193" />
      <trkpt lat="45.439391" lon="7.005708" />
      <trkpt lat="45.440108" lon="7.006265" />
      <trkpt lat="45.440825" lon="7.007463" />
      <trkpt lat="45.441337" lon="7.008586" />
      <trkpt lat="45.441508" lon="7.009873" />
      <trkpt lat="45.441962" lon="7.01162" />
      <trkpt lat="45.441929" lon="7.012367" />
      <trkpt lat="45.44211" lon="7.013634" />
      <trkpt lat="45.441791" lon="7.015335" />
      <trkpt lat="45.44183" lon="7.016583" />
      <trkpt lat="45.442007" lon="7.016767" />
      <trkpt lat="45.442517" lon="7.016763" />
      <trkpt lat="45.442827" lon="7.01708" />
      <trkpt lat="45.442935" lon="7.017587" />
      <trkpt lat="45.442745" lon="7.018276" />
      <trkpt lat="45.442784" lon="7.018555" />
      <trkpt lat="45.443546" lon="7.019192" />
      <trkpt lat="45.444031" lon="7.019797" />
      <trkpt lat="45.445409" lon="7.022295" />
      <trkpt lat="45.446271" lon="7.023231" />
      <trkpt lat="45.446738" lon="7.024259" />
      <trkpt lat="45.446821" lon="7.024031" />
      <trkpt lat="45.446423" lon="7.022982" />
      <trkpt lat="45.445846" lon="7.021974" />
      <trkpt lat="45.444837" lon="7.0187" />
      <trkpt lat="45.444871" lon="7.018515" />
      <trkpt lat="45.445022" lon="7.018571" />
      <trkpt lat="45.445786" lon="7.020294" />
      <trkpt lat="45.446981" lon="7.022086" />
      <trkpt lat="45.448355" lon="7.024982" />
      <trkpt lat="45.449862" lon="7.029813" />
      <trkpt lat="45.4504" lon="7.030749" />
      <trkpt lat="45.451538" lon="7.033973" />
      <trkpt lat="45.451929" lon="7.034514" />
      <trkpt lat="45.453148" lon="7.037435" />
      <trkpt lat="45.45353" lon="7.038467" />
      <trkpt lat="45.453729" lon="7.039676" />
      <trkpt lat="45.453913" lon="7.039807" />
      <trkpt lat="45.453969" lon="7.039629" />
      <trkpt lat="45.453785" lon="7.039233" />
      <trkpt lat="45.45383" lon="7.038301" />
      <trkpt lat="45.453706" lon="7.037217" />
      <trkpt lat="45.453442" lon="7.035819" />
      <trkpt lat="45.453224" lon="7.035312" />
      <trkpt lat="45.453324" lon="7.035142" />
      <trkpt lat="45.453439" lon="7.035199" />
      <trkpt lat="45.453527" lon="7.035724" />
      <trkpt lat="45.453996" lon="7.036559" />
      <trkpt lat="45.454645" lon="7.036687" />
      <trkpt lat="45.454911" lon="7.036347" />
      <trkpt lat="45.454933" lon="7.03463" />
      <trkpt lat="45.454622" lon="7.033357" />
      <trkpt lat="45.453858" lon="7.031775" />
      <trkpt lat="45.452645" lon="7.028665" />
      <trkpt lat="45.452443" lon="7.026985" />
      <trkpt lat="45.451433" lon="7.024108" />
      <trkpt lat="45.451463" lon="7.023567" />
      <trkpt lat="45.451781" lon="7.022988" />
      <trkpt lat="45.452262" lon="7.022808" />
      <trkpt lat="45.45257" lon="7.022275" />
      <trkpt lat="45.452666" lon="7.021876" />
      <trkpt lat="45.452607" lon="7.021233" />
      <trkpt lat="45.452994" lon="7.019978" />
      <trkpt lat="45.452996" lon="7.019518" />
      <trkpt lat="45.452605" lon="7.017294" />
      <trkpt lat="45.450856" lon="7.012672" />
      <trkpt lat="45.450435" lon="7.010895" />
      <trkpt lat="45.449591" lon="7.009501" />
      <trkpt lat="45.448346" lon="7.006551" />
      <trkpt lat="45.44819" lon="7.003255" />
      <trkpt lat="45.44739" lon="6.997308" />
      <trkpt lat="45.447367" lon="6.993066" />
      <trkpt lat="45.446561" lon="6.987736" />
      <trkpt lat="45.446714" lon="6.986446" />
      <trkpt lat="45.448151" lon="6.981923" />
      <trkpt lat="45.448909" lon="6.980135" />
      <trkpt lat="45.449051" lon="6.980079" />
      <trkpt lat="45.449005" lon="6.979899" />
      <trkpt lat="45.45001" lon="6.977517" />
      <trkpt lat="45.450141" lon="6.977503" />
      <trkpt lat="45.45044" lon="6.977023" />
      <trkpt lat="45.451519" lon="6.974904" />
      <trkpt lat="45.452991" lon="6.973146" />
      <trkpt lat="45.454645" lon="6.970423" />
      <trkpt lat="45.455568" lon="6.969496" />
      <trkpt lat="45.459567" lon="6.966362" />
      <trkpt lat="45.459701" lon="6.966415" />
      <trkpt lat="45.459761" lon="6.96618" />
      <trkpt lat="45.461248" lon="6.965029" />
      <trkpt lat="45.462634" lon="6.964307" />
      <trkpt lat="45.462793" lon="6.964371" />
      <trkpt lat="45.463677" lon="6.963204" />
      <trkpt lat="45.465265" lon="6.961814" />
      <trkpt lat="45.467019" lon="6.959692" />
      <trkpt lat="45.467306" lon="6.959541" />
      <trkpt lat="45.468472" lon="6.959603" />
      <trkpt lat="45.469042" lon="6.959466" />
      <trkpt lat="45.469726" lon="6.958165" />
      <trkpt lat="45.47069" lon="6.957184" />
      <trkpt lat="45.471239" lon="6.956349" />
      <trkpt lat="45.471596" lon="6.955454" />
      <trkpt lat="45.471991" lon="6.953683" />
      <trkpt lat="45.472909" lon="6.952334" />
      <trkpt lat="45.473585" lon="6.950821" />
      <trkpt lat="45.473926" lon="6.94916" />
      <trkpt lat="45.474131" lon="6.94868" />
      <trkpt lat="45.474536" lon="6.948539" />
      <trkpt lat="45.475121" lon="6.94916" />
      <trkpt lat="45.476035" lon="6.94915" />
      <trkpt lat="45.476505" lon="6.949303" />
      <trkpt lat="45.476916" lon="6.950184" />
      <trkpt lat="45.477291" lon="6.95033" />
      <trkpt lat="45.478587" lon="6.949299" />
      <trkpt lat="45.479513" lon="6.948003" />
      <trkpt lat="45.480095" lon="6.946812" />
      <trkpt lat="45.480648" lon="6.946312" />
      <trkpt lat="45.4825" lon="6.945405" />
      <trkpt lat="45.484361" lon="6.945049" />
      <trkpt lat="45.486487" lon="6.943699" />
      <trkpt lat="45.488743" lon="6.942637" />
      <trkpt lat="45.491153" lon="6.941294" />
      <trkpt lat="45.491846" lon="6.940626" />
      <trkpt lat="45.492557" lon="6.939575" />
      <trkpt lat="45.493277" lon="6.938312" />
      <trkpt lat="45.49371" lon="6.937174" />
      <trkpt lat="45.495004" lon="6.935336" />
      <trkpt lat="45.495612" lon="6.93422" />
      <trkpt lat="45.497159" lon="6.933165" />
      <trkpt lat="45.498525" lon="6.932025" />
      <trkpt lat="45.50016" lon="6.930992" />
      <trkpt lat="45.501792" lon="6.930251" />
      <trkpt lat="45.502582" lon="6.930241" />
      <trkpt lat="45.503322" lon="6.930072" />
      <trkpt lat="45.504539" lon="6.929199" />
      <trkpt lat="45.506971" lon="6.926275" />
      <trkpt lat="45.507499" lon="6.925346" />
      <trkpt lat="45.508971" lon="6.924651" />
      <trkpt lat="45.509428" lon="6.924234" />
      <trkpt lat="45.510935" lon="6.921378" />
      <trkpt lat="45.513891" lon="6.917485" />
      <trkpt lat="45.514337" lon="6.91712" />
      <trkpt lat="45.51601" lon="6.916388" />
      <trkpt lat="45.517232" lon="6.91619" />
      <trkpt lat="45.51791" lon="6.915435" />
      <trkpt lat="45.51896" lon="6.914966" />
      <trkpt lat="45.519639" lon="6.914465" />
      <trkpt lat="45.520475" lon="6.913359" />
      <trkpt lat="45.520895" lon="6.913346" />
      <trkpt lat="45.521442" lon="6.913857" />
      <trkpt lat="45.521987" lon="6.91394" />
      <trkpt lat="45.523115" lon="6.913543" />
      <trkpt lat="45.524231" lon="6.912793" />
      <trkpt lat="45.524765" lon="6.912647" />
      <trkpt lat="45.526366" lon="6.912736" />
      <trkpt lat="45.526864" lon="6.913011" />
      <trkpt lat="45.529121" lon="6.913691" />
      <trkpt lat="45.530161" lon="6.914709" />
      <trkpt lat="45.530888" lon="6.915035" />
      <trkpt lat="45.531597" lon="6.915902" />
      <trkpt lat="45.531774" lon="6.91584" />
      <trkpt lat="45.532035" lon="6.915295" />
      <trkpt lat="45.532328" lon="6.915173" />
      <trkpt lat="45.533043" lon="6.914978" />
      <trkpt lat="45.533754" lon="6.914956" />
      <trkpt lat="45.53465" lon="6.914595" />
      <trkpt lat="45.535148" lon="6.914602" />
      <trkpt lat="45.535671" lon="6.914334" />
      <trkpt lat="45.536388" lon="6.914313" />
      <trkpt lat="45.536563" lon="6.914115" />
      <trkpt lat="45.536908" lon="6.912982" />
      <trkpt lat="45.538032" lon="6.911672" />
      <trkpt lat="45.538582" lon="6.911472" />
      <trkpt lat="45.539184" lon="6.911471" />
      <trkpt lat="45.540217" lon="6.910832" />
      <trkpt lat="45.540637" lon="6.911034" />
      <trkpt lat="45.54114" lon="6.910985" />
      <trkpt lat="45.541831" lon="6.910605" />
      <trkpt lat="45.542441" lon="6.909823" />
      <trkpt lat="45.543541" lon="6.908877" />
      <trkpt lat="45.544501" lon="6.908488" />
      <trkpt lat="45.545311" lon="6.907925" />
      <trkpt lat="45.5471" lon="6.907369" />
      <trkpt lat="45.548444" lon="6.906434" />
      <trkpt lat="45.54971" lon="6.904306" />
      <trkpt lat="45.550504" lon="6.90325" />
      <trkpt lat="45.55254" lon="6.90159" />
      <trkpt lat="45.552916" lon="6.901461" />
      <trkpt lat="45.55438" lon="6.901705" />
      <trkpt lat="45.55598" lon="6.900927" />
      <trkpt lat="45.558041" lon="6.898039" />
      <trkpt lat="45.558262" lon="6.897433" />
      <trkpt lat="45.558673" lon="6.897138" />
      <trkpt lat="45.559122" lon="6.896438" />
      <trkpt lat="45.559798" lon="6.894802" />
      <trkpt lat="45.561136" lon="6.89443" />
      <trkpt lat="45.562919" lon="6.892857" />
      <trkpt lat="45.563891" lon="6.892571" />
      <trkpt lat="45.564922" lon="6.891457" />
      <trkpt lat="45.565917" lon="6.89081" />
      <trkpt lat="45.566917" lon="6.88939" />
      <trkpt lat="45.567635" lon="6.88941" />
      <trkpt lat="45.569036" lon="6.888694" />
      <trkpt lat="45.569697" lon="6.888098" />
      <trkpt lat="45.570411" lon="6.88718" />
      <trkpt lat="45.570814" lon="6.886892" />
      <trkpt lat="45.571351" lon="6.886581" />
      <trkpt lat="45.57275" lon="6.886231" />
      <trkpt lat="45.573293" lon="6.885392" />
      <trkpt lat="45.57363" lon="6.885233" />
      <trkpt lat="45.57464" lon="6.884332" />
      <trkpt lat="45.575474" lon="6.884422" />
      <trkpt lat="45.57607" lon="6.884237" />
      <trkpt lat="45.576477" lon="6.883527" />
      <trkpt lat="45.577233" lon="6.882925" />
      <trkpt lat="45.57816" lon="6.882988" />
      <trkpt lat="45.579471" lon="6.884619" />
      <trkpt lat="45.579929" lon="6.884854" />
      <trkpt lat="45.579962" lon="6.884565" />
      <trkpt lat="45.579441" lon="6.884255" />
      <trkpt lat="45.578589" lon="6.882914" />
      <trkpt lat="45.57834" lon="6.882459" />
      <trkpt lat="45.578412" lon="6.882257" />
      <trkpt lat="45.578553" lon="6.882325" />
      <trkpt lat="45.578961" lon="6.883286" />
      <trkpt lat="45.579623" lon="6.883896" />
      <trkpt lat="45.581094" lon="6.883845" />
      <trkpt lat="45.581953" lon="6.884176" />
      <trkpt lat="45.582738" lon="6.884207" />
      <trkpt lat="45.583383" lon="6.88469" />
      <trkpt lat="45.583898" lon="6.884893" />
      <trkpt lat="45.584576" lon="6.884913" />
      <trkpt lat="45.585092" lon="6.885096" />
      <trkpt lat="45.585358" lon="6.885008" />
      <trkpt lat="45.586055" lon="6.884419" />
      <trkpt lat="45.586302" lon="6.884368" />
      <trkpt lat="45.587655" lon="6.884968" />
      <trkpt lat="45.58784" lon="6.884945" />
      <trkpt lat="45.588484" lon="6.884392" />
      <trkpt lat="45.588707" lon="6.883562" />
      <trkpt lat="45.589115" lon="6.883376" />
      <trkpt lat="45.589383" lon="6.88344" />
      <trkpt lat="45.589906" lon="6.884055" />
      <trkpt lat="45.590197" lon="6.884117" />
      <trkpt lat="45.590551" lon="6.883019" />
      <trkpt lat="45.591199" lon="6.882618" />
      <trkpt lat="45.592333" lon="6.882499" />
      <trkpt lat="45.592788" lon="6.882594" />
      <trkpt lat="45.59373" lon="6.882335" />
      <trkpt lat="45.594756" lon="6.882402" />
      <trkpt lat="45.595091" lon="6.882589" />
      <trkpt lat="45.595579" lon="6.882514" />
      <trkpt lat="45.596112" lon="6.882616" />
      <trkpt lat="45.59617" lon="6.882395" />
      <trkpt lat="45.596053" lon="6.882198" />
      <trkpt lat="45.595202" lon="6.882282" />
      <trkpt lat="45.59455" lon="6.881652" />
      <trkpt lat="45.59306" lon="6.881381" />
      <trkpt lat="45.592222" lon="6.881017" />
      <trkpt lat="45.592131" lon="6.880727" />
      <trkpt lat="45.5923" lon="6.880628" />
      <trkpt lat="45.592823" lon="6.881039" />
      <trkpt lat="45.593256" lon="6.881117" />
      <trkpt lat="45.594317" lon="6.88071" />
      <trkpt lat="45.594952" lon="6.880836" />
      <trkpt lat="45.595323" lon="6.881181" />
      <trkpt lat="45.59551" lon="6.881203" />
      <trkpt lat="45.596357" lon="6.88048" />
      <trkpt lat="45.597296" lon="6.879397" />
      <trkpt lat="45.597825" lon="6.876112" />
      <trkpt lat="45.599782" lon="6.868661" />
      <trkpt lat="45.600326" lon="6.867552" />
      <trkpt lat="45.602421" lon="6.865382" />
      <trkpt lat="45.602713" lon="6.864833" />
      <trkpt lat="45.603483" lon="6.860981" />
      <trkpt lat="45.603575" lon="6.858744" />
      <trkpt lat="45.60418" lon="6.857278" />
      <trkpt lat="45.605667" lon="6.854741" />
      <trkpt lat="45.605881" lon="6.853472" />
      <trkpt lat="45.606001" lon="6.851431" />
      <trkpt lat="45.606438" lon="6.850218" />
      <trkpt lat="45.60668" lon="6.848435" />
      <trkpt lat="45.607659" lon="6.8449" />
      <trkpt lat="45.608019" lon="6.84225" />
      <trkpt lat="45.608537" lon="6.840021" />
      <trkpt lat="45.608681" lon="6.839455" />
      <trkpt lat="45.609643" lon="6.837346" />
      <trkpt lat="45.610825" lon="6.83549" />
      <trkpt lat="45.61222" lon="6.830998" />
      <trkpt lat="45.612965" lon="6.827961" />
      <trkpt lat="45.612835" lon="6.826639" />
      <trkpt lat="45.612985" lon="6.825478" />
      <trkpt lat="45.613483" lon="6.824145" />
      <trkpt lat="45.615347" lon="6.821568" />
      <trkpt lat="45.616864" lon="6.81713" />
      <trkpt lat="45.617036" lon="6.816303" />
      <trkpt lat="45.617303" lon="6.81234" />
      <trkpt lat="45.618018" lon="6.807968" />
      <trkpt lat="45.619865" lon="6.803651" />
      <trkpt lat="45.620357" lon="6.802921" />
      <trkpt lat="45.621512" lon="6.801759" />
      <trkpt lat="45.621847" lon="6.801681" />
      <trkpt lat="45.622143" lon="6.80066" />
      <trkpt lat="45.622908" lon="6.799566" />
      <trkpt lat="45.624878" lon="6.795356" />
      <trkpt lat="45.626005" lon="6.79375" />
      <trkpt lat="45.626372" lon="6.792817" />
      <trkpt lat="45.62685" lon="6.790559" />
      <trkpt lat="45.627114" lon="6.787068" />
      <trkpt lat="45.627043" lon="6.786421" />
      <trkpt lat="45.626229" lon="6.78522" />
      <trkpt lat="45.625684" lon="6.783345" />
      <trkpt lat="45.625571" lon="6.781453" />
      <trkpt lat="45.625158" lon="6.780367" />
      <trkpt lat="45.624596" lon="6.781025" />
      <trkpt lat="45.624139" lon="6.780298" />
      <trkpt lat="45.623622" lon="6.780729" />
      <trkpt lat="45.623568" lon="6.780539" />
      <trkpt lat="45.623863" lon="6.780304" />
      <trkpt lat="45.623556" lon="6.779588" />
      <trkpt lat="45.623419" lon="6.77977" />
      <trkpt lat="45.623556" lon="6.780046" />
      <trkpt lat="45.623568" lon="6.780539" />
      <trkpt lat="45.623305" lon="6.780014" />
      <trkpt lat="45.623356" lon="6.778768" />
      <trkpt lat="45.623576" lon="6.778462" />
      <trkpt lat="45.623549" lon="6.778249" />
      <trkpt lat="45.624576" lon="6.778907" />
      <trkpt lat="45.625171" lon="6.778653" />
      <trkpt lat="45.625576" lon="6.779396" />
      <trkpt lat="45.62622" lon="6.780204" />
      <trkpt lat="45.626839" lon="6.781869" />
      <trkpt lat="45.626839" lon="6.78242" />
      <trkpt lat="45.626993" lon="6.782861" />
      <trkpt lat="45.627184" lon="6.782888" />
      <trkpt lat="45.627357" lon="6.78161" />
      <trkpt lat="45.62789" lon="6.783843" />
      <trkpt lat="45.62889" lon="6.785195" />
      <trkpt lat="45.629881" lon="6.785633" />
      <trkpt lat="45.630008" lon="6.785599" />
      <trkpt lat="45.629965" lon="6.785404" />
      <trkpt lat="45.629051" lon="6.784825" />
      <trkpt lat="45.628899" lon="6.784606" />
      <trkpt lat="45.628749" lon="6.783404" />
      <trkpt lat="45.629053" lon="6.782975" />
      <trkpt lat="45.630013" lon="6.783768" />
      <trkpt lat="45.630617" lon="6.784075" />
      <trkpt lat="45.631175" lon="6.784228" />
      <trkpt lat="45.632323" lon="6.784164" />
      <trkpt lat="45.633286" lon="6.785018" />
      <trkpt lat="45.634165" lon="6.785475" />
      <trkpt lat="45.634679" lon="6.785373" />
      <trkpt lat="45.635563" lon="6.785562" />
      <trkpt lat="45.636498" lon="6.785263" />
      <trkpt lat="45.637299" lon="6.784663" />
      <trkpt lat="45.637942" lon="6.784466" />
      <trkpt lat="45.638467" lon="6.784557" />
      <trkpt lat="45.639011" lon="6.784367" />
      <trkpt lat="45.639834" lon="6.785042" />
      <trkpt lat="45.640484" lon="6.785086" />
      <trkpt lat="45.641969" lon="6.786155" />
      <trkpt lat="45.643664" lon="6.78613" />
      <trkpt lat="45.645623" lon="6.785848" />
      <trkpt lat="45.646393" lon="6.78611" />
      <trkpt lat="45.647223" lon="6.786089" />
      <trkpt lat="45.648395" lon="6.786669" />
      <trkpt lat="45.649941" lon="6.787795" />
      <trkpt lat="45.651328" lon="6.787706" />
      <trkpt lat="45.651939" lon="6.787245" />
      <trkpt lat="45.65258" lon="6.786964" />
      <trkpt lat="45.653368" lon="6.786952" />
      <trkpt lat="45.653575" lon="6.786838" />
      <trkpt lat="45.654506" lon="6.786054" />
      <trkpt lat="45.656458" lon="6.78391" />
      <trkpt lat="45.657529" lon="6.783141" />
      <trkpt lat="45.65864" lon="6.782677" />
      <trkpt lat="45.65933" lon="6.781804" />
      <trkpt lat="45.660381" lon="6.781634" />
      <trkpt lat="45.661037" lon="6.780686" />
      <trkpt lat="45.661914" lon="6.780022" />
      <trkpt lat="45.662448" lon="6.77928" />
      <trkpt lat="45.662981" lon="6.779225" />
      <trkpt lat="45.663218" lon="6.779046" />
      <trkpt lat="45.663727" lon="6.778202" />
      <trkpt lat="45.664924" lon="6.777089" />
      <trkpt lat="45.665439" lon="6.775404" />
      <trkpt lat="45.666044" lon="6.774329" />
      <trkpt lat="45.666207" lon="6.774492" />
      <trkpt lat="45.66611" lon="6.775084" />
      <trkpt lat="45.666414" lon="6.77559" />
      <trkpt lat="45.666427" lon="6.776028" />
      <trkpt lat="45.666533" lon="6.776044" />
      <trkpt lat="45.667102" lon="6.774437" />
      <trkpt lat="45.666799" lon="6.773392" />
      <trkpt lat="45.667027" lon="6.772109" />
      <trkpt lat="45.66708" lon="6.772772" />
      <trkpt lat="45.667333" lon="6.773126" />
      <trkpt lat="45.667299" lon="6.773659" />
      <trkpt lat="45.667815" lon="6.774889" />
      <trkpt lat="45.667586" lon="6.772467" />
      <trkpt lat="45.66766" lon="6.772286" />
      <trkpt lat="45.667969" lon="6.772219" />
      <trkpt lat="45.668135" lon="6.771673" />
      <trkpt lat="45.668133" lon="6.772247" />
      <trkpt lat="45.667948" lon="6.772757" />
      <trkpt lat="45.668175" lon="6.77334" />
      <trkpt lat="45.668271" lon="6.774199" />
      <trkpt lat="45.668592" lon="6.774735" />
      <trkpt lat="45.668538" lon="6.775417" />
      <trkpt lat="45.66878" lon="6.774695" />
      <trkpt lat="45.6686" lon="6.774236" />
      <trkpt lat="45.668797" lon="6.771821" />
      <trkpt lat="45.668902" lon="6.771819" />
      <trkpt lat="45.668953" lon="6.772973" />
      <trkpt lat="45.669244" lon="6.774166" />
      <trkpt lat="45.669299" lon="6.772417" />
      <trkpt lat="45.669587" lon="6.771629" />
      <trkpt lat="45.669681" lon="6.771621" />
      <trkpt lat="45.669722" lon="6.774336" />
      <trkpt lat="45.669817" lon="6.774401" />
      <trkpt lat="45.670066" lon="6.773435" />
      <trkpt lat="45.670108" lon="6.771742" />
      <trkpt lat="45.670361" lon="6.770955" />
      <trkpt lat="45.670172" lon="6.77033" />
      <trkpt lat="45.670798" lon="6.76916" />
      <trkpt lat="45.67107" lon="6.767795" />
      <trkpt lat="45.671083" lon="6.765321" />
      <trkpt lat="45.671257" lon="6.764798" />
      <trkpt lat="45.671048" lon="6.763565" />
      <trkpt lat="45.671242" lon="6.76249" />
      <trkpt lat="45.67123" lon="6.760802" />
      <trkpt lat="45.671009" lon="6.759818" />
      <trkpt lat="45.670499" lon="6.759164" />
      <trkpt lat="45.670462" lon="6.75891" />
      <trkpt lat="45.671206" lon="6.757486" />
      <trkpt lat="45.671677" lon="6.757557" />
      <trkpt lat="45.672209" lon="6.757311" />
      <trkpt lat="45.672924" lon="6.756411" />
      <trkpt lat="45.673267" lon="6.755333" />
      <trkpt lat="45.673846" lon="6.754536" />
      <trkpt lat="45.674138" lon="6.753792" />
      <trkpt lat="45.67421" lon="6.751605" />
      <trkpt lat="45.675448" lon="6.749879" />
      <trkpt lat="45.675685" lon="6.748491" />
      <trkpt lat="45.676117" lon="6.747361" />
      <trkpt lat="45.677219" lon="6.746122" />
      <trkpt lat="45.678376" lon="6.743213" />
      <trkpt lat="45.681164" lon="6.739955" />
      <trkpt lat="45.682104" lon="6.739383" />
      <trkpt lat="45.683097" lon="6.737746" />
      <trkpt lat="45.684576" lon="6.737187" />
      <trkpt lat="45.685148" lon="6.736714" />
      <trkpt lat="45.685752" lon="6.735541" />
      <trkpt lat="45.685905" lon="6.733857" />
      <trkpt lat="45.686298" lon="6.733265" />
      <trkpt lat="45.687964" lon="6.732772" />
      <trkpt lat="45.688991" lon="6.733081" />
      <trkpt lat="45.690797" lon="6.732625" />
      <trkpt lat="45.692729" lon="6.732323" />
      <trkpt lat="45.693324" lon="6.731949" />
      <trkpt lat="45.693316" lon="6.730926" />
      <trkpt lat="45.694024" lon="6.726499" />
      <trkpt lat="45.693901" lon="6.723527" />
      <trkpt lat="45.694265" lon="6.722578" />
      <trkpt lat="45.694608" lon="6.722112" />
      <trkpt lat="45.694913" lon="6.722055" />
      <trkpt lat="45.695186" lon="6.722479" />
      <trkpt lat="45.69531" lon="6.723275" />
      <trkpt lat="45.695174" lon="6.724137" />
      <trkpt lat="45.695783" lon="6.725461" />
      <trkpt lat="45.696104" lon="6.726745" />
      <trkpt lat="45.696277" lon="6.726748" />
      <trkpt lat="45.696353" lon="6.726384" />
      <trkpt lat="45.696127" lon="6.725337" />
      <trkpt lat="45.696093" lon="6.723474" />
      <trkpt lat="45.695829" lon="6.722733" />
      <trkpt lat="45.695902" lon="6.722547" />
      <trkpt lat="45.69607" lon="6.722663" />
      <trkpt lat="45.697109" lon="6.725032" />
      <trkpt lat="45.697801" lon="6.725334" />
      <trkpt lat="45.698045" lon="6.725196" />
      <trkpt lat="45.698035" lon="6.724734" />
      <trkpt lat="45.697397" lon="6.723732" />
      <trkpt lat="45.697707" lon="6.722518" />
      <trkpt lat="45.697634" lon="6.722091" />
      <trkpt lat="45.697263" lon="6.721477" />
      <trkpt lat="45.697403" lon="6.719938" />
      <trkpt lat="45.697323" lon="6.719509" />
      <trkpt lat="45.695843" lon="6.718411" />
      <trkpt lat="45.695687" lon="6.717393" />
      <trkpt lat="45.695875" lon="6.716676" />
      <trkpt lat="45.695739" lon="6.716408" />
      <trkpt lat="45.695446" lon="6.716333" />
      <trkpt lat="45.694746" lon="6.716657" />
      <trkpt lat="45.694519" lon="6.716507" />
      <trkpt lat="45.694322" lon="6.716119" />
      <trkpt lat="45.694467" lon="6.714789" />
      <trkpt lat="45.693902" lon="6.712641" />
      <trkpt lat="45.692977" lon="6.704787" />
      <trkpt lat="45.692174" lon="6.701967" />
      <trkpt lat="45.692114" lon="6.701371" />
      <trkpt lat="45.692229" lon="6.700502" />
      <trkpt lat="45.693439" lon="6.697623" />
      <trkpt lat="45.693676" lon="6.696788" />
      <trkpt lat="45.693891" lon="6.695244" />
      <trkpt lat="45.69386" lon="6.694394" />
      <trkpt lat="45.693696" lon="6.693762" />
      <trkpt lat="45.69316" lon="6.692748" />
      <trkpt lat="45.692849" lon="6.692515" />
      <trkpt lat="45.691956" lon="6.692386" />
      <trkpt lat="45.691588" lon="6.691851" />
      <trkpt lat="45.6912" lon="6.689759" />
      <trkpt lat="45.691456" lon="6.687676" />
      <trkpt lat="45.691048" lon="6.686849" />
      <trkpt lat="45.691193" lon="6.685072" />
      <trkpt lat="45.691562" lon="6.684041" />
      <trkpt lat="45.690872" lon="6.682513" />
      <trkpt lat="45.690157" lon="6.681841" />
      <trkpt lat="45.690025" lon="6.681249" />
      <trkpt lat="45.690109" lon="6.680642" />
      <trkpt lat="45.690328" lon="6.680227" />
      <trkpt lat="45.690619" lon="6.680005" />
      <trkpt lat="45.690956" lon="6.679986" />
      <trkpt lat="45.691617" lon="6.680542" />
      <trkpt lat="45.692635" lon="6.681838" />
      <trkpt lat="45.69403" lon="6.682758" />
      <trkpt lat="45.694246" lon="6.682665" />
      <trkpt lat="45.69419" lon="6.682371" />
      <trkpt lat="45.69336" lon="6.681502" />
      <trkpt lat="45.69296" lon="6.679701" />
      <trkpt lat="45.692235" lon="6.679145" />
      <trkpt lat="45.691173" lon="6.677219" />
      <trkpt lat="45.690876" lon="6.674949" />
      <trkpt lat="45.69121" lon="6.673236" />
      <trkpt lat="45.691824" lon="6.672627" />
      <trkpt lat="45.692466" lon="6.671474" />
      <trkpt lat="45.692623" lon="6.670785" />
      <trkpt lat="45.692972" lon="6.670145" />
      <trkpt lat="45.693522" lon="6.667736" />
      <trkpt lat="45.693554" lon="6.666544" />
      <trkpt lat="45.693825" lon="6.665562" />
      <trkpt lat="45.694556" lon="6.664991" />
      <trkpt lat="45.69494" lon="6.664942" />
      <trkpt lat="45.69538" lon="6.66518" />
      <trkpt lat="45.695655" lon="6.665033" />
      <trkpt lat="45.6963" lon="6.663761" />
      <trkpt lat="45.696289" lon="6.66292" />
      <trkpt lat="45.696023" lon="6.661828" />
      <trkpt lat="45.695427" lon="6.660528" />
      <trkpt lat="45.694415" lon="6.6595" />
      <trkpt lat="45.693206" lon="6.657761" />
      <trkpt lat="45.692324" lon="6.656175" />
      <trkpt lat="45.691717" lon="6.654639" />
      <trkpt lat="45.691091" lon="6.653663" />
      <trkpt lat="45.691223" lon="6.653646" />
      <trkpt lat="45.692568" lon="6.655476" />
      <trkpt lat="45.693835" lon="6.656823" />
      <trkpt lat="45.69422" lon="6.657616" />
      <trkpt lat="45.695601" lon="6.657984" />
      <trkpt lat="45.695936" lon="6.6576" />
      <trkpt lat="45.695933" lon="6.657059" />
      <trkpt lat="45.695685" lon="6.656759" />
      <trkpt lat="45.69492" lon="6.656822" />
      <trkpt lat="45.694613" lon="6.656676" />
      <trkpt lat="45.694415" lon="6.656097" />
      <trkpt lat="45.694587" lon="6.655544" />
      <trkpt lat="45.694937" lon="6.655414" />
      <trkpt lat="45.697248" lon="6.656358" />
      <trkpt lat="45.697873" lon="6.65632" />
      <trkpt lat="45.698181" lon="6.656129" />
      <trkpt lat="45.698796" lon="6.655385" />
      <trkpt lat="45.699542" lon="6.655084" />
      <trkpt lat="45.699851" lon="6.654073" />
      <trkpt lat="45.700355" lon="6.653041" />
      <trkpt lat="45.700212" lon="6.650423" />
      <trkpt lat="45.700339" lon="6.650126" />
      <trkpt lat="45.700965" lon="6.649492" />
      <trkpt lat="45.701074" lon="6.64885" />
      <trkpt lat="45.700912" lon="6.648282" />
      <trkpt lat="45.700369" lon="6.647499" />
      <trkpt lat="45.699762" lon="6.645814" />
      <trkpt lat="45.69991" lon="6.645415" />
      <trkpt lat="45.700596" lon="6.644827" />
      <trkpt lat="45.700756" lon="6.644323" />
      <trkpt lat="45.700728" lon="6.643941" />
      <trkpt lat="45.700182" lon="6.642076" />
      <trkpt lat="45.699381" lon="6.640337" />
      <trkpt lat="45.698005" lon="6.638482" />
      <trkpt lat="45.696914" lon="6.637656" />
      <trkpt lat="45.696401" lon="6.636718" />
      <trkpt lat="45.695811" lon="6.636142" />
      <trkpt lat="45.695244" lon="6.635187" />
      <trkpt lat="45.694907" lon="6.633882" />
      <trkpt lat="45.695075" lon="6.633138" />
      <trkpt lat="45.695476" lon="6.633023" />
      <trkpt lat="45.696849" lon="6.633765" />
      <trkpt lat="45.69728" lon="6.633902" />
      <trkpt lat="45.697891" lon="6.63383" />
      <trkpt lat="45.698316" lon="6.634177" />
      <trkpt lat="45.69858" lon="6.634204" />
      <trkpt lat="45.699088" lon="6.634165" />
      <trkpt lat="45.699572" lon="6.633851" />
      <trkpt lat="45.701754" lon="6.63378" />
      <trkpt lat="45.703082" lon="6.633452" />
      <trkpt lat="45.703694" lon="6.633608" />
      <trkpt lat="45.704173" lon="6.63347" />
      <trkpt lat="45.704484" lon="6.633587" />
      <trkpt lat="45.705367" lon="6.633566" />
      <trkpt lat="45.706938" lon="6.633152" />
      <trkpt lat="45.706985" lon="6.632974" />
      <trkpt lat="45.706866" lon="6.632892" />
      <trkpt lat="45.706134" lon="6.633134" />
      <trkpt lat="45.705368" lon="6.633029" />
      <trkpt lat="45.70456" lon="6.632493" />
      <trkpt lat="45.70411" lon="6.632412" />
      <trkpt lat="45.703694" lon="6.632123" />
      <trkpt lat="45.70288" lon="6.632253" />
      <trkpt lat="45.701637" lon="6.632018" />
      <trkpt lat="45.700927" lon="6.631633" />
      <trkpt lat="45.700185" lon="6.630909" />
      <trkpt lat="45.700175" lon="6.630696" />
      <trkpt lat="45.701856" lon="6.631449" />
      <trkpt lat="45.704557" lon="6.630896" />
      <trkpt lat="45.705006" lon="6.630679" />
      <trkpt lat="45.705515" lon="6.630961" />
      <trkpt lat="45.706016" lon="6.630863" />
      <trkpt lat="45.707355" lon="6.631178" />
      <trkpt lat="45.707511" lon="6.630987" />
      <trkpt lat="45.707421" lon="6.630824" />
      <trkpt lat="45.706926" lon="6.630754" />
      <trkpt lat="45.705589" lon="6.630017" />
      <trkpt lat="45.704974" lon="6.629471" />
      <trkpt lat="45.704256" lon="6.629393" />
      <trkpt lat="45.703106" lon="6.629514" />
      <trkpt lat="45.702778" lon="6.629412" />
      <trkpt lat="45.701599" lon="6.628463" />
      <trkpt lat="45.701065" lon="6.628221" />
      <trkpt lat="45.700647" lon="6.627512" />
      <trkpt lat="45.699717" lon="6.626455" />
      <trkpt lat="45.699385" lon="6.625804" />
      <trkpt lat="45.698984" lon="6.623523" />
      <trkpt lat="45.698455" lon="6.621995" />
      <trkpt lat="45.698441" lon="6.621036" />
      <trkpt lat="45.697949" lon="6.620397" />
      <trkpt lat="45.697287" lon="6.618995" />
      <trkpt lat="45.69684" lon="6.616955" />
      <trkpt lat="45.696949" lon="6.616685" />
      <trkpt lat="45.697724" lon="6.618795" />
      <trkpt lat="45.698594" lon="6.620102" />
      <trkpt lat="45.698626" lon="6.619942" />
      <trkpt lat="45.698249" lon="6.619324" />
      <trkpt lat="45.698059" lon="6.618632" />
      <trkpt lat="45.697949" lon="6.617349" />
      <trkpt lat="45.698087" lon="6.616168" />
      <trkpt lat="45.697643" lon="6.615258" />
      <trkpt lat="45.69692" lon="6.614435" />
      <trkpt lat="45.696901" lon="6.614269" />
      <trkpt lat="45.697053" lon="6.614177" />
      <trkpt lat="45.697404" lon="6.614504" />
      <trkpt lat="45.698148" lon="6.614671" />
      <trkpt lat="45.698429" lon="6.614929" />
      <trkpt lat="45.699282" lon="6.61778" />
      <trkpt lat="45.699721" lon="6.618415" />
      <trkpt lat="45.700781" lon="6.619115" />
      <trkpt lat="45.701222" lon="6.62145" />
      <trkpt lat="45.702181" lon="6.62323" />
      <trkpt lat="45.703882" lon="6.624359" />
      <trkpt lat="45.705216" lon="6.624643" />
      <trkpt lat="45.705221" lon="6.624387" />
      <trkpt lat="45.704758" lon="6.624314" />
      <trkpt lat="45.704245" lon="6.623992" />
      <trkpt lat="45.703777" lon="6.623338" />
      <trkpt lat="45.703637" lon="6.622855" />
      <trkpt lat="45.703752" lon="6.621615" />
      <trkpt lat="45.703462" lon="6.620958" />
      <trkpt lat="45.703619" lon="6.620576" />
      <trkpt lat="45.705487" lon="6.61969" />
      <trkpt lat="45.706016" lon="6.619103" />
      <trkpt lat="45.706255" lon="6.618207" />
      <trkpt lat="45.706401" lon="6.616677" />
      <trkpt lat="45.70643" lon="6.614691" />
      <trkpt lat="45.707119" lon="6.613035" />
      <trkpt lat="45.707019" lon="6.612537" />
      <trkpt lat="45.707129" lon="6.611926" />
      <trkpt lat="45.7068" lon="6.61133" />
      <trkpt lat="45.706754" lon="6.610993" />
      <trkpt lat="45.707039" lon="6.609463" />
      <trkpt lat="45.707355" lon="6.608744" />
      <trkpt lat="45.706976" lon="6.607101" />
      <trkpt lat="45.707299" lon="6.60597" />
      <trkpt lat="45.707299" lon="6.60535" />
      <trkpt lat="45.707536" lon="6.604824" />
      <trkpt lat="45.707248" lon="6.603265" />
      <trkpt lat="45.706964" lon="6.602655" />
      <trkpt lat="45.706566" lon="6.600971" />
      <trkpt lat="45.707059" lon="6.597244" />
      <trkpt lat="45.707031" lon="6.595418" />
      <trkpt lat="45.707203" lon="6.593635" />
      <trkpt lat="45.707528" lon="6.59305" />
      <trkpt lat="45.707882" lon="6.591949" />
      <trkpt lat="45.708606" lon="6.591546" />
      <trkpt lat="45.710131" lon="6.589325" />
      <trkpt lat="45.710267" lon="6.589332" />
      <trkpt lat="45.71029" lon="6.589483" />
      <trkpt lat="45.710147" lon="6.589804" />
      <trkpt lat="45.709905" lon="6.589981" />
      <trkpt lat="45.709945" lon="6.590197" />
      <trkpt lat="45.71024" lon="6.590069" />
      <trkpt lat="45.711075" lon="6.589318" />
      <trkpt lat="45.711429" lon="6.587492" />
      <trkpt lat="45.711807" lon="6.586479" />
      <trkpt lat="45.711948" lon="6.584312" />
      <trkpt lat="45.71295" lon="6.582232" />
      <trkpt lat="45.713244" lon="6.579716" />
      <trkpt lat="45.714137" lon="6.578399" />
      <trkpt lat="45.714507" lon="6.576687" />
      <trkpt lat="45.715041" lon="6.576272" />
      <trkpt lat="45.716017" lon="6.576232" />
      <trkpt lat="45.716726" lon="6.576052" />
      <trkpt lat="45.717752" lon="6.575378" />
      <trkpt lat="45.718903" lon="6.574027" />
      <trkpt lat="45.719017" lon="6.573529" />
      <trkpt lat="45.719485" lon="6.573146" />
      <trkpt lat="45.720057" lon="6.572207" />
      <trkpt lat="45.719662" lon="6.566116" />
      <trkpt lat="45.719747" lon="6.565528" />
      <trkpt lat="45.719539" lon="6.564059" />
      <trkpt lat="45.719692" lon="6.562641" />
      <trkpt lat="45.721523" lon="6.557856" />
      <trkpt lat="45.724854" lon="6.552503" />
      <trkpt lat="45.725268" lon="6.551657" />
      <trkpt lat="45.725671" lon="6.550206" />
      <trkpt lat="45.725943" lon="6.547673" />
      <trkpt lat="45.72676" lon="6.545916" />
      <trkpt lat="45.726935" lon="6.546188" />
      <trkpt lat="45.727029" lon="6.54769" />
      <trkpt lat="45.727352" lon="6.549408" />
      <trkpt lat="45.726852" lon="6.550659" />
      <trkpt lat="45.727025" lon="6.553903" />
      <trkpt lat="45.727172" lon="6.553804" />
      <trkpt lat="45.727587" lon="6.552281" />
      <trkpt lat="45.727714" lon="6.551204" />
      <trkpt lat="45.727822" lon="6.551122" />
      <trkpt lat="45.727906" lon="6.55125" />
      <trkpt lat="45.72761" lon="6.554733" />
      <trkpt lat="45.727216" lon="6.555835" />
      <trkpt lat="45.727267" lon="6.556012" />
      <trkpt lat="45.727398" lon="6.555967" />
      <trkpt lat="45.728271" lon="6.554021" />
      <trkpt lat="45.728656" lon="6.551486" />
      <trkpt lat="45.728655" lon="6.550434" />
      <trkpt lat="45.729063" lon="6.549971" />
      <trkpt lat="45.729213" lon="6.550071" />
      <trkpt lat="45.728854" lon="6.550713" />
      <trkpt lat="45.728959" lon="6.55336" />
      <trkpt lat="45.72927" lon="6.555002" />
      <trkpt lat="45.72919" lon="6.556393" />
      <trkpt lat="45.729513" lon="6.56224" />
      <trkpt lat="45.729647" lon="6.562238" />
      <trkpt lat="45.729704" lon="6.562082" />
      <trkpt lat="45.729725" lon="6.560553" />
      <trkpt lat="45.730241" lon="6.557053" />
      <trkpt lat="45.730315" lon="6.554989" />
      <trkpt lat="45.731352" lon="6.552686" />
      <trkpt lat="45.731945" lon="6.552021" />
      <trkpt lat="45.732184" lon="6.551546" />
      <trkpt lat="45.731966" lon="6.550041" />
      <trkpt lat="45.732087" lon="6.548786" />
      <trkpt lat="45.731652" lon="6.546075" />
      <trkpt lat="45.731766" lon="6.544549" />
      <trkpt lat="45.731362" lon="6.543164" />
      <trkpt lat="45.731702" lon="6.541619" />
      <trkpt lat="45.73209" lon="6.540597" />
      <trkpt lat="45.732208" lon="6.540537" />
      <trkpt lat="45.732287" lon="6.54075" />
      <trkpt lat="45.731925" lon="6.541564" />
      <trkpt lat="45.731753" lon="6.542856" />
      <trkpt lat="45.732944" lon="6.545741" />
      <trkpt lat="45.733563" lon="6.547739" />
      <trkpt lat="45.733634" lon="6.548324" />
      <trkpt lat="45.733386" lon="6.549842" />
      <trkpt lat="45.733679" lon="6.550506" />
      <trkpt lat="45.734209" lon="6.55105" />
      <trkpt lat="45.734288" lon="6.551376" />
      <trkpt lat="45.733973" lon="6.552381" />
      <trkpt lat="45.733798" lon="6.556336" />
      <trkpt lat="45.733018" lon="6.55791" />
      <trkpt lat="45.732975" lon="6.559482" />
      <trkpt lat="45.732572" lon="6.56063" />
      <trkpt lat="45.73267" lon="6.561086" />
      <trkpt lat="45.733851" lon="6.562457" />
      <trkpt lat="45.734668" lon="6.564024" />
      <trkpt lat="45.736713" lon="6.564872" />
      <trkpt lat="45.737591" lon="6.565673" />
      <trkpt lat="45.738225" lon="6.566038" />
      <trkpt lat="45.73922" lon="6.568132" />
      <trkpt lat="45.740294" lon="6.568952" />
      <trkpt lat="45.741078" lon="6.569932" />
      <trkpt lat="45.742754" lon="6.570827" />
      <trkpt lat="45.743109" lon="6.57087" />
      <trkpt lat="45.743445" lon="6.571497" />
      <trkpt lat="45.745076" lon="6.573" />
      <trkpt lat="45.746" lon="6.574136" />
      <trkpt lat="45.746384" lon="6.574289" />
      <trkpt lat="45.746807" lon="6.57492" />
      <trkpt lat="45.748385" lon="6.575657" />
      <trkpt lat="45.749202" lon="6.57627" />
      <trkpt lat="45.750518" lon="6.576755" />
      <trkpt lat="45.750931" lon="6.576731" />
      <trkpt lat="45.751228" lon="6.577017" />
      <trkpt lat="45.751471" lon="6.577651" />
      <trkpt lat="45.751846" lon="6.577824" />
      <trkpt lat="45.751901" lon="6.57766" />
      <trkpt lat="45.751601" lon="6.577436" />
      <trkpt lat="45.751529" lon="6.576756" />
      <trkpt lat="45.751072" lon="6.576111" />
      <trkpt lat="45.750552" lon="6.575831" />
      <trkpt lat="45.750044" lon="6.575052" />
      <trkpt lat="45.749636" lon="6.574798" />
      <trkpt lat="45.747943" lon="6.572793" />
      <trkpt lat="45.747514" lon="6.571965" />
      <trkpt lat="45.745227" lon="6.570304" />
      <trkpt lat="45.744602" lon="6.569421" />
      <trkpt lat="45.744518" lon="6.569014" />
      <trkpt lat="45.7446" lon="6.567995" />
      <trkpt lat="45.743715" lon="6.566542" />
      <trkpt lat="45.742631" lon="6.564129" />
      <trkpt lat="45.742675" lon="6.56372" />
      <trkpt lat="45.743222" lon="6.563262" />
      <trkpt lat="45.743355" lon="6.562814" />
      <trkpt lat="45.743034" lon="6.561692" />
      <trkpt lat="45.742919" lon="6.560762" />
      <trkpt lat="45.742371" lon="6.55997" />
      <trkpt lat="45.742094" lon="6.559326" />
      <trkpt lat="45.742012" lon="6.558363" />
      <trkpt lat="45.741749" lon="6.557759" />
      <trkpt lat="45.741569" lon="6.556379" />
      <trkpt lat="45.741701" lon="6.556357" />
      <trkpt lat="45.742209" lon="6.557481" />
      <trkpt lat="45.742849" lon="6.557996" />
      <trkpt lat="45.743657" lon="6.558223" />
      <trkpt lat="45.744006" lon="6.559199" />
      <trkpt lat="45.744199" lon="6.559333" />
      <trkpt lat="45.743996" lon="6.558759" />
      <trkpt lat="45.743969" lon="6.557928" />
      <trkpt lat="45.743229" lon="6.556392" />
      <trkpt lat="45.742971" lon="6.554842" />
      <trkpt lat="45.743156" lon="6.553124" />
      <trkpt lat="45.742917" lon="6.551795" />
      <trkpt lat="45.743158" lon="6.5508" />
      <trkpt lat="45.744454" lon="6.549265" />
      <trkpt lat="45.744779" lon="6.549247" />
      <trkpt lat="45.745267" lon="6.549559" />
      <trkpt lat="45.746135" lon="6.549153" />
      <trkpt lat="45.747069" lon="6.548926" />
      <trkpt lat="45.747343" lon="6.548516" />
      <trkpt lat="45.747514" lon="6.547789" />
      <trkpt lat="45.747781" lon="6.54754" />
      <trkpt lat="45.748144" lon="6.547477" />
      <trkpt lat="45.74868" lon="6.547705" />
      <trkpt lat="45.750567" lon="6.547276" />
      <trkpt lat="45.753138" lon="6.546343" />
      <trkpt lat="45.753794" lon="6.545907" />
      <trkpt lat="45.75434" lon="6.545903" />
      <trkpt lat="45.754802" lon="6.545582" />
      <trkpt lat="45.755198" lon="6.544986" />
      <trkpt lat="45.75608" lon="6.542485" />
      <trkpt lat="45.756357" lon="6.541181" />
      <trkpt lat="45.757245" lon="6.539398" />
      <trkpt lat="45.758405" lon="6.536008" />
      <trkpt lat="45.758949" lon="6.535303" />
      <trkpt lat="45.759412" lon="6.53435" />
      <trkpt lat="45.759509" lon="6.534378" />
      <trkpt lat="45.759545" lon="6.53419" />
      <trkpt lat="45.760222" lon="6.533629" />
      <trkpt lat="45.761138" lon="6.533393" />
      <trkpt lat="45.762188" lon="6.533364" />
      <trkpt lat="45.762783" lon="6.533482" />
      <trkpt lat="45.763153" lon="6.533725" />
      <trkpt lat="45.763225" lon="6.533923" />
      <trkpt lat="45.763346" lon="6.533834" />
      <trkpt lat="45.763698" lon="6.533903" />
      <trkpt lat="45.76507" lon="6.533416" />
      <trkpt lat="45.766078" lon="6.532638" />
      <trkpt lat="45.766961" lon="6.532242" />
      <trkpt lat="45.768247" lon="6.531828" />
      <trkpt lat="45.768567" lon="6.531832" />
      <trkpt lat="45.769258" lon="6.532159" />
      <trkpt lat="45.770284" lon="6.533119" />
      <trkpt lat="45.770975" lon="6.534519" />
      <trkpt lat="45.772309" lon="6.536422" />
      <trkpt lat="45.773239" lon="6.536268" />
      <trkpt lat="45.77402" lon="6.535529" />
      <trkpt lat="45.774974" lon="6.535542" />
      <trkpt lat="45.775738" lon="6.535871" />
      <trkpt lat="45.776477" lon="6.53649" />
      <trkpt lat="45.777958" lon="6.53699" />
      <trkpt lat="45.779099" lon="6.537866" />
      <trkpt lat="45.779835" lon="6.539356" />
      <trkpt lat="45.780492" lon="6.54138" />
      <trkpt lat="45.780634" lon="6.542173" />
      <trkpt lat="45.780495" lon="6.543302" />
      <trkpt lat="45.781302" lon="6.543813" />
      <trkpt lat="45.78164" lon="6.54436" />
      <trkpt lat="45.781791" lon="6.546409" />
      <trkpt lat="45.781665" lon="6.547339" />
      <trkpt lat="45.781375" lon="6.548089" />
      <trkpt lat="45.780218" lon="6.549631" />
      <trkpt lat="45.780055" lon="6.550113" />
      <trkpt lat="45.780241" lon="6.551124" />
      <trkpt lat="45.779845" lon="6.552871" />
      <trkpt lat="45.779903" lon="6.553843" />
      <trkpt lat="45.779672" lon="6.55545" />
      <trkpt lat="45.778671" lon="6.55751" />
      <trkpt lat="45.778135" lon="6.559282" />
      <trkpt lat="45.778247" lon="6.559634" />
      <trkpt lat="45.778571" lon="6.559905" />
      <trkpt lat="45.778896" lon="6.559902" />
      <trkpt lat="45.779488" lon="6.559583" />
      <trkpt lat="45.780484" lon="6.558167" />
      <trkpt lat="45.781229" lon="6.557586" />
      <trkpt lat="45.78268" lon="6.554196" />
      <trkpt lat="45.784066" lon="6.551952" />
      <trkpt lat="45.785201" lon="6.550543" />
      <trkpt lat="45.785836" lon="6.548785" />
      <trkpt lat="45.786675" lon="6.547285" />
      <trkpt lat="45.787246" lon="6.547002" />
      <trkpt lat="45.788699" lon="6.546933" />
      <trkpt lat="45.789051" lon="6.54675" />
      <trkpt lat="45.78987" lon="6.545433" />
      <trkpt lat="45.790388" lon="6.544895" />
      <trkpt lat="45.791753" lon="6.544324" />
      <trkpt lat="45.792899" lon="6.543239" />
      <trkpt lat="45.793377" lon="6.543044" />
      <trkpt lat="45.793706" lon="6.542685" />
      <trkpt lat="45.795319" lon="6.541594" />
      <trkpt lat="45.795943" lon="6.540915" />
      <trkpt lat="45.796589" lon="6.540912" />
      <trkpt lat="45.797405" lon="6.541514" />
      <trkpt lat="45.797717" lon="6.542283" />
      <trkpt lat="45.800034" lon="6.544876" />
      <trkpt lat="45.801125" lon="6.54663" />
      <trkpt lat="45.8034" lon="6.549125" />
      <trkpt lat="45.803695" lon="6.549644" />
      <trkpt lat="45.803858" lon="6.550355" />
      <trkpt lat="45.804016" lon="6.550472" />
      <trkpt lat="45.804203" lon="6.55043" />
      <trkpt lat="45.804383" lon="6.550076" />
      <trkpt lat="45.804353" lon="6.54917" />
      <trkpt lat="45.804671" lon="6.548526" />
      <trkpt lat="45.804745" lon="6.547828" />
      <trkpt lat="45.805271" lon="6.547257" />
      <trkpt lat="45.805363" lon="6.546794" />
      <trkpt lat="45.80434" lon="6.540721" />
      <trkpt lat="45.804599" lon="6.53916" />
      <trkpt lat="45.805053" lon="6.538192" />
      <trkpt lat="45.805034" lon="6.537089" />
      <trkpt lat="45.804367" lon="6.53513" />
      <trkpt lat="45.804629" lon="6.532341" />
      <trkpt lat="45.804549" lon="6.530842" />
      <trkpt lat="45.805074" lon="6.530205" />
      <trkpt lat="45.805651" lon="6.529202" />
      <trkpt lat="45.805841" lon="6.528553" />
      <trkpt lat="45.806566" lon="6.527161" />
      <trkpt lat="45.807052" lon="6.525504" />
      <trkpt lat="45.8075" lon="6.524851" />
      <trkpt lat="45.808427" lon="6.523962" />
      <trkpt lat="45.808835" lon="6.523153" />
      <trkpt lat="45.809108" lon="6.521834" />
      <trkpt lat="45.809516" lon="6.521556" />
      <trkpt lat="45.809438" lon="6.521279" />
      <trkpt lat="45.808827" lon="6.520707" />
      <trkpt lat="45.808606" lon="6.520619" />
      <trkpt lat="45.808265" lon="6.520698" />
      <trkpt lat="45.808204" lon="6.520458" />
      <trkpt lat="45.808857" lon="6.519951" />
      <trkpt lat="45.809593" lon="6.520102" />
      <trkpt lat="45.809735" lon="6.519854" />
      <trkpt lat="45.807978" lon="6.517344" />
      <trkpt lat="45.807945" lon="6.516884" />
      <trkpt lat="45.8092" lon="6.515858" />
      <trkpt lat="45.809898" lon="6.515987" />
      <trkpt lat="45.810418" lon="6.515502" />
      <trkpt lat="45.810663" lon="6.515422" />
      <trkpt lat="45.811375" lon="6.51569" />
      <trkpt lat="45.81255" lon="6.516546" />
      <trkpt lat="45.814026" lon="6.518247" />
      <trkpt lat="45.815865" lon="6.521521" />
      <trkpt lat="45.816242" lon="6.52241" />
      <trkpt lat="45.816515" lon="6.523511" />
      <trkpt lat="45.8167" lon="6.523374" />
      <trkpt lat="45.816694" lon="6.522884" />
      <trkpt lat="45.815766" lon="6.519798" />
      <trkpt lat="45.814944" lon="6.518129" />
      <trkpt lat="45.814729" lon="6.517186" />
      <trkpt lat="45.813834" lon="6.514938" />
      <trkpt lat="45.813373" lon="6.513987" />
      <trkpt lat="45.812864" lon="6.513558" />
      <trkpt lat="45.812895" lon="6.51333" />
      <trkpt lat="45.813071" lon="6.513367" />
      <trkpt lat="45.813827" lon="6.514088" />
      <trkpt lat="45.815098" lon="6.515605" />
      <trkpt lat="45.815733" lon="6.515996" />
      <trkpt lat="45.816367" lon="6.516551" />
      <trkpt lat="45.816911" lon="6.517287" />
      <trkpt lat="45.81712" lon="6.517338" />
      <trkpt lat="45.817261" lon="6.517152" />
      <trkpt lat="45.817194" lon="6.516572" />
      <trkpt lat="45.81701" lon="6.516299" />
      <trkpt lat="45.816633" lon="6.516318" />
      <trkpt lat="45.816632" lon="6.516152" />
      <trkpt lat="45.817247" lon="6.516116" />
      <trkpt lat="45.817655" lon="6.516697" />
      <trkpt lat="45.817725" lon="6.516542" />
      <trkpt lat="45.817539" lon="6.516188" />
      <trkpt lat="45.817666" lon="6.516096" />
      <trkpt lat="45.817787" lon="6.516455" />
      <trkpt lat="45.817889" lon="6.516452" />
      <trkpt lat="45.817737" lon="6.516006" />
      <trkpt lat="45.817814" lon="6.515891" />
      <trkpt lat="45.81806" lon="6.516461" />
      <trkpt lat="45.819002" lon="6.516113" />
      <trkpt lat="45.819558" lon="6.516318" />
      <trkpt lat="45.819842" lon="6.516232" />
      <trkpt lat="45.820613" lon="6.514975" />
      <trkpt lat="45.821485" lon="6.514408" />
      <trkpt lat="45.82184" lon="6.51396" />
      <trkpt lat="45.822268" lon="6.513233" />
      <trkpt lat="45.822428" lon="6.512522" />
      <trkpt lat="45.822816" lon="6.511853" />
      <trkpt lat="45.823111" lon="6.511864" />
      <trkpt lat="45.823633" lon="6.512733" />
      <trkpt lat="45.82381" lon="6.512832" />
      <trkpt lat="45.824106" lon="6.512199" />
      <trkpt lat="45.824849" lon="6.511684" />
      <trkpt lat="45.825287" lon="6.510896" />
      <trkpt lat="45.826457" lon="6.509978" />
      <trkpt lat="45.82664" lon="6.509965" />
      <trkpt lat="45.827146" lon="6.510266" />
      <trkpt lat="45.827906" lon="6.510209" />
      <trkpt lat="45.828259" lon="6.510057" />
      <trkpt lat="45.828648" lon="6.510169" />
      <trkpt lat="45.829478" lon="6.509999" />
      <trkpt lat="45.830422" lon="6.509169" />
      <trkpt lat="45.830819" lon="6.509003" />
      <trkpt lat="45.83132" lon="6.508411" />
      <trkpt lat="45.831756" lon="6.50879" />
      <trkpt lat="45.83241" lon="6.508437" />
      <trkpt lat="45.832838" lon="6.508943" />
      <trkpt lat="45.833451" lon="6.508542" />
      <trkpt lat="45.834014" lon="6.508657" />
      <trkpt lat="45.83427" lon="6.508938" />
      <trkpt lat="45.834576" lon="6.508482" />
      <trkpt lat="45.834788" lon="6.508421" />
      <trkpt lat="45.835257" lon="6.508485" />
      <trkpt lat="45.835582" lon="6.508694" />
      <trkpt lat="45.836195" lon="6.508606" />
      <trkpt lat="45.836572" lon="6.508851" />
      <trkpt lat="45.836836" lon="6.508202" />
      <trkpt lat="45.838125" lon="6.508101" />
      <trkpt lat="45.838703" lon="6.507839" />
      <trkpt lat="45.839007" lon="6.507898" />
      <trkpt lat="45.839303" lon="6.508212" />
      <trkpt lat="45.83974" lon="6.507689" />
      <trkpt lat="45.839925" lon="6.506936" />
      <trkpt lat="45.840105" lon="6.506737" />
      <trkpt lat="45.841092" lon="6.506395" />
      <trkpt lat="45.841724" lon="6.506511" />
      <trkpt lat="45.842288" lon="6.506434" />
      <trkpt lat="45.843452" lon="6.505778" />
      <trkpt lat="45.844501" lon="6.505614" />
      <trkpt lat="45.845845" lon="6.504816" />
      <trkpt lat="45.846487" lon="6.504723" />
      <trkpt lat="45.847017" lon="6.504494" />
      <trkpt lat="45.847219" lon="6.504308" />
      <trkpt lat="45.847614" lon="6.503445" />
      <trkpt lat="45.849042" lon="6.503147" />
      <trkpt lat="45.851322" lon="6.501221" />
      <trkpt lat="45.852447" lon="6.500451" />
      <trkpt lat="45.853807" lon="6.500031" />
      <trkpt lat="45.854045" lon="6.50012" />
      <trkpt lat="45.854368" lon="6.500498" />
      <trkpt lat="45.854655" lon="6.500485" />
      <trkpt lat="45.855009" lon="6.499944" />
      <trkpt lat="45.855983" lon="6.4991" />
      <trkpt lat="45.858804" lon="6.497417" />
      <trkpt lat="45.859441" lon="6.496565" />
      <trkpt lat="45.860152" lon="6.49643" />
      <trkpt lat="45.860782" lon="6.496507" />
      <trkpt lat="45.861274" lon="6.496734" />
      <trkpt lat="45.861307" lon="6.496261" />
      <trkpt lat="45.860712" lon="6.495795" />
      <trkpt lat="45.860687" lon="6.495617" />
      <trkpt lat="45.86158" lon="6.495468" />
      <trkpt lat="45.861929" lon="6.494868" />
      <trkpt lat="45.862665" lon="6.49495" />
      <trkpt lat="45.862709" lon="6.494392" />
      <trkpt lat="45.862469" lon="6.493787" />
      <trkpt lat="45.862603" lon="6.493412" />
      <trkpt lat="45.862913" lon="6.493328" />
      <trkpt lat="45.863076" lon="6.493104" />
      <trkpt lat="45.863933" lon="6.492591" />
      <trkpt lat="45.864178" lon="6.492579" />
      <trkpt lat="45.864309" lon="6.492736" />
      <trkpt lat="45.863991" lon="6.494011" />
      <trkpt lat="45.864265" lon="6.494737" />
      <trkpt lat="45.864265" lon="6.495336" />
      <trkpt lat="45.864425" lon="6.495459" />
      <trkpt lat="45.864589" lon="6.495379" />
      <trkpt lat="45.864972" lon="6.494687" />
      <trkpt lat="45.864968" lon="6.494421" />
      <trkpt lat="45.865318" lon="6.493936" />
      <trkpt lat="45.86668" lon="6.492937" />
      <trkpt lat="45.866733" lon="6.491826" />
      <trkpt lat="45.867354" lon="6.491028" />
      <trkpt lat="45.867296" lon="6.490757" />
      <trkpt lat="45.866487" lon="6.489966" />
      <trkpt lat="45.866243" lon="6.489169" />
      <trkpt lat="45.866333" lon="6.488544" />
      <trkpt lat="45.866893" lon="6.487543" />
      <trkpt lat="45.866899" lon="6.486623" />
      <trkpt lat="45.867289" lon="6.487493" />
      <trkpt lat="45.86735" lon="6.488118" />
      <trkpt lat="45.867759" lon="6.488958" />
      <trkpt lat="45.868317" lon="6.489547" />
      <trkpt lat="45.868503" lon="6.489492" />
      <trkpt lat="45.868213" lon="6.489022" />
      <trkpt lat="45.868059" lon="6.487918" />
      <trkpt lat="45.86843" lon="6.487372" />
      <trkpt lat="45.868866" lon="6.486165" />
      <trkpt lat="45.868902" lon="6.484952" />
      <trkpt lat="45.86846" lon="6.48415" />
      <trkpt lat="45.868414" lon="6.483773" />
      <trkpt lat="45.868532" lon="6.483484" />
      <trkpt lat="45.868885" lon="6.483375" />
      <trkpt lat="45.868992" lon="6.483214" />
      <trkpt lat="45.869129" lon="6.481785" />
      <trkpt lat="45.86927" lon="6.481888" />
      <trkpt lat="45.869288" lon="6.482464" />
      <trkpt lat="45.869515" lon="6.48325" />
      <trkpt lat="45.870139" lon="6.483803" />
      <trkpt lat="45.870525" lon="6.485635" />
      <trkpt lat="45.871102" lon="6.486239" />
      <trkpt lat="45.871063" lon="6.48652" />
      <trkpt lat="45.870734" lon="6.486656" />
      <trkpt lat="45.870563" lon="6.486913" />
      <trkpt lat="45.870582" lon="6.487546" />
      <trkpt lat="45.870753" lon="6.487467" />
      <trkpt lat="45.871068" lon="6.486855" />
      <trkpt lat="45.871575" lon="6.48666" />
      <trkpt lat="45.871712" lon="6.486452" />
      <trkpt lat="45.871812" lon="6.485213" />
      <trkpt lat="45.871457" lon="6.484666" />
      <trkpt lat="45.871111" lon="6.483092" />
      <trkpt lat="45.870773" lon="6.482186" />
      <trkpt lat="45.871167" lon="6.480536" />
      <trkpt lat="45.871397" lon="6.480514" />
      <trkpt lat="45.871381" lon="6.481124" />
      <trkpt lat="45.871523" lon="6.481229" />
      <trkpt lat="45.871857" lon="6.480237" />
      <trkpt lat="45.871668" lon="6.477625" />
      <trkpt lat="45.871816" lon="6.476688" />
      <trkpt lat="45.872157" lon="6.476099" />
      <trkpt lat="45.871947" lon="6.475588" />
      <trkpt lat="45.871891" lon="6.47502" />
      <trkpt lat="45.871538" lon="6.47494" />
      <trkpt lat="45.871454" lon="6.474788" />
      <trkpt lat="45.871507" lon="6.474672" />
      <trkpt lat="45.871944" lon="6.474661" />
      <trkpt lat="45.872007" lon="6.474487" />
      <trkpt lat="45.871604" lon="6.474255" />
      <trkpt lat="45.871539" lon="6.474075" />
      <trkpt lat="45.871636" lon="6.473955" />
      <trkpt lat="45.872233" lon="6.47425" />
      <trkpt lat="45.872321" lon="6.474138" />
      <trkpt lat="45.871685" lon="6.472937" />
      <trkpt lat="45.871126" lon="6.471315" />
      <trkpt lat="45.8709" lon="6.469589" />
      <trkpt lat="45.871013" lon="6.469216" />
      <trkpt lat="45.871519" lon="6.468461" />
      <trkpt lat="45.871605" lon="6.466953" />
      <trkpt lat="45.871971" lon="6.465528" />
      <trkpt lat="45.873934" lon="6.461208" />
      <trkpt lat="45.874045" lon="6.460662" />
      <trkpt lat="45.87359" lon="6.460019" />
      <trkpt lat="45.87358" lon="6.46036" />
      <trkpt lat="45.874031" lon="6.460786" />
      <trkpt lat="45.873934" lon="6.461208" />
      <trkpt lat="45.871971" lon="6.465528" />
      <trkpt lat="45.871605" lon="6.466953" />
      <trkpt lat="45.871519" lon="6.468461" />
      <trkpt lat="45.871013" lon="6.469216" />
      <trkpt lat="45.8709" lon="6.469589" />
      <trkpt lat="45.871126" lon="6.471315" />
      <trkpt lat="45.871685" lon="6.472937" />
      <trkpt lat="45.872321" lon="6.474138" />
      <trkpt lat="45.872233" lon="6.47425" />
      <trkpt lat="45.871636" lon="6.473955" />
      <trkpt lat="45.871539" lon="6.474075" />
      <trkpt lat="45.871604" lon="6.474255" />
      <trkpt lat="45.872007" lon="6.474487" />
      <trkpt lat="45.871944" lon="6.474661" />
      <trkpt lat="45.871507" lon="6.474672" />
      <trkpt lat="45.871454" lon="6.474788" />
      <trkpt lat="45.871538" lon="6.47494" />
      <trkpt lat="45.871891" lon="6.47502" />
      <trkpt lat="45.871947" lon="6.475588" />
      <trkpt lat="45.872157" lon="6.476099" />
      <trkpt lat="45.871816" lon="6.476688" />
      <trkpt lat="45.871668" lon="6.477625" />
      <trkpt lat="45.871857" lon="6.480237" />
      <trkpt lat="45.871523" lon="6.481229" />
      <trkpt lat="45.871381" lon="6.481124" />
      <trkpt lat="45.871397" lon="6.480514" />
      <trkpt lat="45.871167" lon="6.480536" />
      <trkpt lat="45.870773" lon="6.482186" />
      <trkpt lat="45.871111" lon="6.483092" />
      <trkpt lat="45.871457" lon="6.484666" />
      <trkpt lat="45.871812" lon="6.485213" />
      <trkpt lat="45.871712" lon="6.486452" />
      <trkpt lat="45.871575" lon="6.48666" />
      <trkpt lat="45.871068" lon="6.486855" />
      <trkpt lat="45.870753" lon="6.487467" />
      <trkpt lat="45.870582" lon="6.487546" />
      <trkpt lat="45.870563" lon="6.486913" />
      <trkpt lat="45.870734" lon="6.486656" />
      <trkpt lat="45.871063" lon="6.48652" />
      <trkpt lat="45.871102" lon="6.486239" />
      <trkpt lat="45.870525" lon="6.485635" />
      <trkpt lat="45.870139" lon="6.483803" />
      <trkpt lat="45.869515" lon="6.48325" />
      <trkpt lat="45.869288" lon="6.482464" />
      <trkpt lat="45.86927" lon="6.481888" />
      <trkpt lat="45.869129" lon="6.481785" />
      <trkpt lat="45.868992" lon="6.483214" />
      <trkpt lat="45.868885" lon="6.483375" />
      <trkpt lat="45.868532" lon="6.483484" />
      <trkpt lat="45.868414" lon="6.483773" />
      <trkpt lat="45.86846" lon="6.48415" />
      <trkpt lat="45.868902" lon="6.484952" />
      <trkpt lat="45.868866" lon="6.486165" />
      <trkpt lat="45.86843" lon="6.487372" />
      <trkpt lat="45.868059" lon="6.487918" />
      <trkpt lat="45.868213" lon="6.489022" />
      <trkpt lat="45.868503" lon="6.489492" />
      <trkpt lat="45.868317" lon="6.489547" />
      <trkpt lat="45.867759" lon="6.488958" />
      <trkpt lat="45.86735" lon="6.488118" />
      <trkpt lat="45.867289" lon="6.487493" />
      <trkpt lat="45.866899" lon="6.486623" />
      <trkpt lat="45.866893" lon="6.487543" />
      <trkpt lat="45.866333" lon="6.488544" />
      <trkpt lat="45.866243" lon="6.489169" />
      <trkpt lat="45.866487" lon="6.489966" />
      <trkpt lat="45.867296" lon="6.490757" />
      <trkpt lat="45.867354" lon="6.491028" />
      <trkpt lat="45.866733" lon="6.491826" />
      <trkpt lat="45.86668" lon="6.492937" />
      <trkpt lat="45.865318" lon="6.493936" />
      <trkpt lat="45.864968" lon="6.494421" />
      <trkpt lat="45.864972" lon="6.494687" />
      <trkpt lat="45.864589" lon="6.495379" />
      <trkpt lat="45.864425" lon="6.495459" />
      <trkpt lat="45.864265" lon="6.495336" />
      <trkpt lat="45.864265" lon="6.494737" />
      <trkpt lat="45.863991" lon="6.494011" />
      <trkpt lat="45.864309" lon="6.492736" />
      <trkpt lat="45.864178" lon="6.492579" />
      <trkpt lat="45.863933" lon="6.492591" />
      <trkpt lat="45.863076" lon="6.493104" />
      <trkpt lat="45.862913" lon="6.493328" />
      <trkpt lat="45.862603" lon="6.493412" />
      <trkpt lat="45.862469" lon="6.493787" />
      <trkpt lat="45.862709" lon="6.494392" />
      <trkpt lat="45.862665" lon="6.49495" />
      <trkpt lat="45.861929" lon="6.494868" />
      <trkpt lat="45.86158" lon="6.495468" />
      <trkpt lat="45.860687" lon="6.495617" />
      <trkpt lat="45.860712" lon="6.495795" />
      <trkpt lat="45.861307" lon="6.496261" />
      <trkpt lat="45.861274" lon="6.496734" />
      <trkpt lat="45.860782" lon="6.496507" />
      <trkpt lat="45.859542" lon="6.496512" />
      <trkpt lat="45.859131" lon="6.496848" />
      <trkpt lat="45.858804" lon="6.497417" />
      <trkpt lat="45.855576" lon="6.499407" />
      <trkpt lat="45.854946" lon="6.500011" />
      <trkpt lat="45.854655" lon="6.500485" />
      <trkpt lat="45.854368" lon="6.500498" />
      <trkpt lat="45.854045" lon="6.50012" />
      <trkpt lat="45.853807" lon="6.500031" />
      <trkpt lat="45.852447" lon="6.500451" />
      <trkpt lat="45.851322" lon="6.501221" />
      <trkpt lat="45.849042" lon="6.503147" />
      <trkpt lat="45.847614" lon="6.503445" />
      <trkpt lat="45.847219" lon="6.504308" />
      <trkpt lat="45.847017" lon="6.504494" />
      <trkpt lat="45.846487" lon="6.504723" />
      <trkpt lat="45.845845" lon="6.504816" />
      <trkpt lat="45.844501" lon="6.505614" />
      <trkpt lat="45.843452" lon="6.505778" />
      <trkpt lat="45.842288" lon="6.506434" />
      <trkpt lat="45.841724" lon="6.506511" />
      <trkpt lat="45.841092" lon="6.506395" />
      <trkpt lat="45.840105" lon="6.506737" />
      <trkpt lat="45.839925" lon="6.506936" />
      <trkpt lat="45.83974" lon="6.507689" />
      <trkpt lat="45.839303" lon="6.508212" />
      <trkpt lat="45.839007" lon="6.507898" />
      <trkpt lat="45.838703" lon="6.507839" />
      <trkpt lat="45.838125" lon="6.508101" />
      <trkpt lat="45.836836" lon="6.508202" />
      <trkpt lat="45.836572" lon="6.508851" />
      <trkpt lat="45.836195" lon="6.508606" />
      <trkpt lat="45.835582" lon="6.508694" />
      <trkpt lat="45.835257" lon="6.508485" />
      <trkpt lat="45.834788" lon="6.508421" />
      <trkpt lat="45.834576" lon="6.508482" />
      <trkpt lat="45.83427" lon="6.508938" />
      <trkpt lat="45.834014" lon="6.508657" />
      <trkpt lat="45.833451" lon="6.508542" />
      <trkpt lat="45.832838" lon="6.508943" />
      <trkpt lat="45.83241" lon="6.508437" />
      <trkpt lat="45.831756" lon="6.50879" />
      <trkpt lat="45.83132" lon="6.508411" />
      <trkpt lat="45.830819" lon="6.509003" />
      <trkpt lat="45.830422" lon="6.509169" />
      <trkpt lat="45.829478" lon="6.509999" />
      <trkpt lat="45.828648" lon="6.510169" />
      <trkpt lat="45.828259" lon="6.510057" />
      <trkpt lat="45.827906" lon="6.510209" />
      <trkpt lat="45.827146" lon="6.510266" />
      <trkpt lat="45.82664" lon="6.509965" />
      <trkpt lat="45.826457" lon="6.509978" />
      <trkpt lat="45.825287" lon="6.510896" />
      <trkpt lat="45.824849" lon="6.511684" />
      <trkpt lat="45.824106" lon="6.512199" />
      <trkpt lat="45.82381" lon="6.512832" />
      <trkpt lat="45.823633" lon="6.512733" />
      <trkpt lat="45.823111" lon="6.511864" />
      <trkpt lat="45.822816" lon="6.511853" />
      <trkpt lat="45.822428" lon="6.512522" />
      <trkpt lat="45.822268" lon="6.513233" />
      <trkpt lat="45.821601" lon="6.51429" />
      <trkpt lat="45.820613" lon="6.514975" />
      <trkpt lat="45.820012" lon="6.516075" />
      <trkpt lat="45.819634" lon="6.516328" />
      <trkpt lat="45.819562" lon="6.51667" />
      <trkpt lat="45.818809" lon="6.517365" />
      <trkpt lat="45.81857" lon="6.516284" />
      <trkpt lat="45.818025" lon="6.516443" />
      <trkpt lat="45.817814" lon="6.515891" />
      <trkpt lat="45.817737" lon="6.516006" />
      <trkpt lat="45.817889" lon="6.516452" />
      <trkpt lat="45.817787" lon="6.516455" />
      <trkpt lat="45.817666" lon="6.516096" />
      <trkpt lat="45.817539" lon="6.516188" />
      <trkpt lat="45.817725" lon="6.516542" />
      <trkpt lat="45.817655" lon="6.516697" />
      <trkpt lat="45.817247" lon="6.516116" />
      <trkpt lat="45.81661" lon="6.516187" />
      <trkpt lat="45.816697" lon="6.516361" />
      <trkpt lat="45.81701" lon="6.516299" />
      <trkpt lat="45.817194" lon="6.516572" />
      <trkpt lat="45.817261" lon="6.517152" />
      <trkpt lat="45.817181" lon="6.517303" />
      <trkpt lat="45.816971" lon="6.517331" />
      <trkpt lat="45.816592" lon="6.516973" />
      <trkpt lat="45.816367" lon="6.516551" />
      <trkpt lat="45.815098" lon="6.515605" />
      <trkpt lat="45.813827" lon="6.514088" />
      <trkpt lat="45.813071" lon="6.513367" />
      <trkpt lat="45.812895" lon="6.51333" />
      <trkpt lat="45.812864" lon="6.513558" />
      <trkpt lat="45.813373" lon="6.513987" />
      <trkpt lat="45.813834" lon="6.514938" />
      <trkpt lat="45.814729" lon="6.517186" />
      <trkpt lat="45.814944" lon="6.518129" />
      <trkpt lat="45.815766" lon="6.519798" />
      <trkpt lat="45.816694" lon="6.522884" />
      <trkpt lat="45.8167" lon="6.523374" />
      <trkpt lat="45.816515" lon="6.523511" />
      <trkpt lat="45.816242" lon="6.52241" />
      <trkpt lat="45.815865" lon="6.521521" />
      <trkpt lat="45.814026" lon="6.518247" />
      <trkpt lat="45.81255" lon="6.516546" />
      <trkpt lat="45.811375" lon="6.51569" />
      <trkpt lat="45.810663" lon="6.515422" />
      <trkpt lat="45.810418" lon="6.515502" />
      <trkpt lat="45.809898" lon="6.515987" />
      <trkpt lat="45.8092" lon="6.515858" />
      <trkpt lat="45.807945" lon="6.516884" />
      <trkpt lat="45.807978" lon="6.517344" />
      <trkpt lat="45.809735" lon="6.519854" />
      <trkpt lat="45.809593" lon="6.520102" />
      <trkpt lat="45.808857" lon="6.519951" />
      <trkpt lat="45.808204" lon="6.520458" />
      <trkpt lat="45.808265" lon="6.520698" />
      <trkpt lat="45.808606" lon="6.520619" />
      <trkpt lat="45.808827" lon="6.520707" />
      <trkpt lat="45.809438" lon="6.521279" />
      <trkpt lat="45.809516" lon="6.521556" />
      <trkpt lat="45.809108" lon="6.521834" />
      <trkpt lat="45.808835" lon="6.523153" />
      <trkpt lat="45.808427" lon="6.523962" />
      <trkpt lat="45.8075" lon="6.524851" />
      <trkpt lat="45.807052" lon="6.525504" />
      <trkpt lat="45.806566" lon="6.527161" />
      <trkpt lat="45.805841" lon="6.528553" />
      <trkpt lat="45.805651" lon="6.529202" />
      <trkpt lat="45.805074" lon="6.530205" />
      <trkpt lat="45.804549" lon="6.530842" />
      <trkpt lat="45.804629" lon="6.532341" />
      <trkpt lat="45.804367" lon="6.53513" />
      <trkpt lat="45.805034" lon="6.537089" />
      <trkpt lat="45.805053" lon="6.538192" />
      <trkpt lat="45.804599" lon="6.53916" />
      <trkpt lat="45.80434" lon="6.540721" />
      <trkpt lat="45.805363" lon="6.546794" />
      <trkpt lat="45.805271" lon="6.547257" />
      <trkpt lat="45.804745" lon="6.547828" />
      <trkpt lat="45.804671" lon="6.548526" />
      <trkpt lat="45.804353" lon="6.54917" />
      <trkpt lat="45.804383" lon="6.550076" />
      <trkpt lat="45.804203" lon="6.55043" />
      <trkpt lat="45.804016" lon="6.550472" />
      <trkpt lat="45.803858" lon="6.550355" />
      <trkpt lat="45.803695" lon="6.549644" />
      <trkpt lat="45.8034" lon="6.549125" />
      <trkpt lat="45.801125" lon="6.54663" />
      <trkpt lat="45.800034" lon="6.544876" />
      <trkpt lat="45.797717" lon="6.542283" />
      <trkpt lat="45.797405" lon="6.541514" />
      <trkpt lat="45.796589" lon="6.540912" />
      <trkpt lat="45.795943" lon="6.540915" />
      <trkpt lat="45.795319" lon="6.541594" />
      <trkpt lat="45.793706" lon="6.542685" />
      <trkpt lat="45.793377" lon="6.543044" />
      <trkpt lat="45.792899" lon="6.543239" />
      <trkpt lat="45.791753" lon="6.544324" />
      <trkpt lat="45.790388" lon="6.544895" />
      <trkpt lat="45.78987" lon="6.545433" />
      <trkpt lat="45.789051" lon="6.54675" />
      <trkpt lat="45.788699" lon="6.546933" />
      <trkpt lat="45.787246" lon="6.547002" />
      <trkpt lat="45.786675" lon="6.547285" />
      <trkpt lat="45.785836" lon="6.548785" />
      <trkpt lat="45.785201" lon="6.550543" />
      <trkpt lat="45.784066" lon="6.551952" />
      <trkpt lat="45.78268" lon="6.554196" />
      <trkpt lat="45.781229" lon="6.557586" />
      <trkpt lat="45.780484" lon="6.558167" />
      <trkpt lat="45.779488" lon="6.559583" />
      <trkpt lat="45.778896" lon="6.559902" />
      <trkpt lat="45.778571" lon="6.559905" />
      <trkpt lat="45.778247" lon="6.559634" />
      <trkpt lat="45.778135" lon="6.559282" />
      <trkpt lat="45.778671" lon="6.55751" />
      <trkpt lat="45.779672" lon="6.55545" />
      <trkpt lat="45.779903" lon="6.553843" />
      <trkpt lat="45.779845" lon="6.552871" />
      <trkpt lat="45.780241" lon="6.551124" />
      <trkpt lat="45.780055" lon="6.550113" />
      <trkpt lat="45.780218" lon="6.549631" />
      <trkpt lat="45.781375" lon="6.548089" />
      <trkpt lat="45.781665" lon="6.547339" />
      <trkpt lat="45.781791" lon="6.546409" />
      <trkpt lat="45.78164" lon="6.54436" />
      <trkpt lat="45.781302" lon="6.543813" />
      <trkpt lat="45.780495" lon="6.543302" />
      <trkpt lat="45.780634" lon="6.542173" />
      <trkpt lat="45.780492" lon="6.54138" />
      <trkpt lat="45.779835" lon="6.539356" />
      <trkpt lat="45.779099" lon="6.537866" />
      <trkpt lat="45.777958" lon="6.53699" />
      <trkpt lat="45.776477" lon="6.53649" />
      <trkpt lat="45.775738" lon="6.535871" />
      <trkpt lat="45.774974" lon="6.535542" />
      <trkpt lat="45.77402" lon="6.535529" />
      <trkpt lat="45.773239" lon="6.536268" />
      <trkpt lat="45.772309" lon="6.536422" />
      <trkpt lat="45.770975" lon="6.534519" />
      <trkpt lat="45.770284" lon="6.533119" />
      <trkpt lat="45.769258" lon="6.532159" />
      <trkpt lat="45.768567" lon="6.531832" />
      <trkpt lat="45.768247" lon="6.531828" />
      <trkpt lat="45.766961" lon="6.532242" />
      <trkpt lat="45.766078" lon="6.532638" />
      <trkpt lat="45.76507" lon="6.533416" />
      <trkpt lat="45.763698" lon="6.533903" />
      <trkpt lat="45.763384" lon="6.533867" />
      <trkpt lat="45.763288" lon="6.53364" />
      <trkpt lat="45.763153" lon="6.533725" />
      <trkpt lat="45.762664" lon="6.533436" />
      <trkpt lat="45.762188" lon="6.533364" />
      <trkpt lat="45.761138" lon="6.533393" />
      <trkpt lat="45.760222" lon="6.533629" />
      <trkpt lat="45.759545" lon="6.53419" />
      <trkpt lat="45.759411" lon="6.534177" />
      <trkpt lat="45.758949" lon="6.535303" />
      <trkpt lat="45.758405" lon="6.536008" />
      <trkpt lat="45.757362" lon="6.539084" />
      <trkpt lat="45.75713" lon="6.539308" />
      <trkpt lat="45.757048" lon="6.539694" />
      <trkpt lat="45.756417" lon="6.540817" />
      <trkpt lat="45.75608" lon="6.542485" />
      <trkpt lat="45.755198" lon="6.544986" />
      <trkpt lat="45.754802" lon="6.545582" />
      <trkpt lat="45.75434" lon="6.545903" />
      <trkpt lat="45.753794" lon="6.545907" />
      <trkpt lat="45.753138" lon="6.546343" />
      <trkpt lat="45.750567" lon="6.547276" />
      <trkpt lat="45.74868" lon="6.547705" />
      <trkpt lat="45.748144" lon="6.547477" />
      <trkpt lat="45.747781" lon="6.54754" />
      <trkpt lat="45.747514" lon="6.547789" />
      <trkpt lat="45.747343" lon="6.548516" />
      <trkpt lat="45.747069" lon="6.548926" />
      <trkpt lat="45.746135" lon="6.549153" />
      <trkpt lat="45.745267" lon="6.549559" />
      <trkpt lat="45.744779" lon="6.549247" />
      <trkpt lat="45.744454" lon="6.549265" />
      <trkpt lat="45.743158" lon="6.5508" />
      <trkpt lat="45.742917" lon="6.551795" />
      <trkpt lat="45.743156" lon="6.553124" />
      <trkpt lat="45.742971" lon="6.554842" />
      <trkpt lat="45.743229" lon="6.556392" />
      <trkpt lat="45.743969" lon="6.557928" />
      <trkpt lat="45.743996" lon="6.558759" />
      <trkpt lat="45.744199" lon="6.559333" />
      <trkpt lat="45.744006" lon="6.559199" />
      <trkpt lat="45.743657" lon="6.558223" />
      <trkpt lat="45.742849" lon="6.557996" />
      <trkpt lat="45.742209" lon="6.557481" />
      <trkpt lat="45.741701" lon="6.556357" />
      <trkpt lat="45.741569" lon="6.556379" />
      <trkpt lat="45.741749" lon="6.557759" />
      <trkpt lat="45.742012" lon="6.558363" />
      <trkpt lat="45.742094" lon="6.559326" />
      <trkpt lat="45.742371" lon="6.55997" />
      <trkpt lat="45.742919" lon="6.560762" />
      <trkpt lat="45.743034" lon="6.561692" />
      <trkpt lat="45.743355" lon="6.562814" />
      <trkpt lat="45.743222" lon="6.563262" />
      <trkpt lat="45.742675" lon="6.56372" />
      <trkpt lat="45.742631" lon="6.564129" />
      <trkpt lat="45.743715" lon="6.566542" />
      <trkpt lat="45.7446" lon="6.567995" />
      <trkpt lat="45.744518" lon="6.569014" />
      <trkpt lat="45.744602" lon="6.569421" />
      <trkpt lat="45.745227" lon="6.570304" />
      <trkpt lat="45.747514" lon="6.571965" />
      <trkpt lat="45.747943" lon="6.572793" />
      <trkpt lat="45.749636" lon="6.574798" />
      <trkpt lat="45.750044" lon="6.575052" />
      <trkpt lat="45.750552" lon="6.575831" />
      <trkpt lat="45.751072" lon="6.576111" />
      <trkpt lat="45.751529" lon="6.576756" />
      <trkpt lat="45.751632" lon="6.577515" />
      <trkpt lat="45.751901" lon="6.57766" />
      <trkpt lat="45.751779" lon="6.57782" />
      <trkpt lat="45.751471" lon="6.577651" />
      <trkpt lat="45.751228" lon="6.577017" />
      <trkpt lat="45.750931" lon="6.576731" />
      <trkpt lat="45.750518" lon="6.576755" />
      <trkpt lat="45.749202" lon="6.57627" />
      <trkpt lat="45.748385" lon="6.575657" />
      <trkpt lat="45.746807" lon="6.57492" />
      <trkpt lat="45.746384" lon="6.574289" />
      <trkpt lat="45.746" lon="6.574136" />
      <trkpt lat="45.745076" lon="6.573" />
      <trkpt lat="45.743445" lon="6.571497" />
      <trkpt lat="45.743109" lon="6.57087" />
      <trkpt lat="45.742754" lon="6.570827" />
      <trkpt lat="45.741078" lon="6.569932" />
      <trkpt lat="45.740294" lon="6.568952" />
      <trkpt lat="45.73922" lon="6.568132" />
      <trkpt lat="45.738225" lon="6.566038" />
      <trkpt lat="45.737591" lon="6.565673" />
      <trkpt lat="45.736713" lon="6.564872" />
      <trkpt lat="45.734668" lon="6.564024" />
      <trkpt lat="45.733851" lon="6.562457" />
      <trkpt lat="45.73267" lon="6.561086" />
      <trkpt lat="45.732572" lon="6.56063" />
      <trkpt lat="45.732975" lon="6.559482" />
      <trkpt lat="45.733018" lon="6.55791" />
      <trkpt lat="45.733798" lon="6.556336" />
      <trkpt lat="45.733973" lon="6.552381" />
      <trkpt lat="45.734288" lon="6.551376" />
      <trkpt lat="45.734209" lon="6.55105" />
      <trkpt lat="45.733679" lon="6.550506" />
      <trkpt lat="45.733386" lon="6.549842" />
      <trkpt lat="45.733634" lon="6.548324" />
      <trkpt lat="45.733563" lon="6.547739" />
      <trkpt lat="45.732944" lon="6.545741" />
      <trkpt lat="45.731753" lon="6.542856" />
      <trkpt lat="45.731925" lon="6.541564" />
      <trkpt lat="45.732287" lon="6.54075" />
      <trkpt lat="45.732208" lon="6.540537" />
      <trkpt lat="45.73209" lon="6.540597" />
      <trkpt lat="45.731702" lon="6.541619" />
      <trkpt lat="45.731362" lon="6.543164" />
      <trkpt lat="45.731766" lon="6.544549" />
      <trkpt lat="45.731652" lon="6.546075" />
      <trkpt lat="45.732087" lon="6.548786" />
      <trkpt lat="45.731966" lon="6.550041" />
      <trkpt lat="45.732184" lon="6.551546" />
      <trkpt lat="45.731945" lon="6.552021" />
      <trkpt lat="45.731352" lon="6.552686" />
      <trkpt lat="45.730315" lon="6.554989" />
      <trkpt lat="45.730241" lon="6.557053" />
      <trkpt lat="45.729725" lon="6.560553" />
      <trkpt lat="45.729704" lon="6.562082" />
      <trkpt lat="45.729647" lon="6.562238" />
      <trkpt lat="45.729513" lon="6.56224" />
      <trkpt lat="45.72919" lon="6.556393" />
      <trkpt lat="45.72927" lon="6.555002" />
      <trkpt lat="45.728959" lon="6.55336" />
      <trkpt lat="45.728854" lon="6.550713" />
      <trkpt lat="45.729213" lon="6.550071" />
      <trkpt lat="45.729063" lon="6.549971" />
      <trkpt lat="45.728655" lon="6.550434" />
      <trkpt lat="45.728656" lon="6.551486" />
      <trkpt lat="45.728271" lon="6.554021" />
      <trkpt lat="45.727398" lon="6.555967" />
      <trkpt lat="45.727267" lon="6.556012" />
      <trkpt lat="45.727216" lon="6.555835" />
      <trkpt lat="45.72761" lon="6.554733" />
      <trkpt lat="45.727906" lon="6.55125" />
      <trkpt lat="45.727822" lon="6.551122" />
      <trkpt lat="45.727714" lon="6.551204" />
      <trkpt lat="45.727587" lon="6.552281" />
      <trkpt lat="45.727172" lon="6.553804" />
      <trkpt lat="45.727025" lon="6.553903" />
      <trkpt lat="45.726852" lon="6.550659" />
      <trkpt lat="45.727352" lon="6.549408" />
      <trkpt lat="45.727029" lon="6.54769" />
      <trkpt lat="45.726938" lon="6.545912" />
      <trkpt lat="45.726792" lon="6.545788" />
      <trkpt lat="45.725943" lon="6.547673" />
      <trkpt lat="45.725671" lon="6.550206" />
      <trkpt lat="45.725268" lon="6.551657" />
      <trkpt lat="45.724854" lon="6.552503" />
      <trkpt lat="45.721523" lon="6.557856" />
      <trkpt lat="45.719692" lon="6.562641" />
      <trkpt lat="45.719543" lon="6.563591" />
      <trkpt lat="45.719588" lon="6.565502" />
      <trkpt lat="45.720014" lon="6.571618" />
      <trkpt lat="45.71975" lon="6.572625" />
      <trkpt lat="45.719485" lon="6.573146" />
      <trkpt lat="45.719085" lon="6.573434" />
      <trkpt lat="45.718676" lon="6.57418" />
      <trkpt lat="45.717752" lon="6.575378" />
      <trkpt lat="45.716726" lon="6.576052" />
      <trkpt lat="45.716017" lon="6.576232" />
      <trkpt lat="45.715041" lon="6.576272" />
      <trkpt lat="45.714507" lon="6.576687" />
      <trkpt lat="45.714137" lon="6.578399" />
      <trkpt lat="45.713244" lon="6.579716" />
      <trkpt lat="45.71295" lon="6.582232" />
      <trkpt lat="45.711948" lon="6.584312" />
      <trkpt lat="45.711807" lon="6.586479" />
      <trkpt lat="45.711429" lon="6.587492" />
      <trkpt lat="45.711075" lon="6.589318" />
      <trkpt lat="45.71024" lon="6.590069" />
      <trkpt lat="45.709945" lon="6.590197" />
      <trkpt lat="45.709905" lon="6.589981" />
      <trkpt lat="45.710147" lon="6.589804" />
      <trkpt lat="45.71029" lon="6.589483" />
      <trkpt lat="45.710267" lon="6.589332" />
      <trkpt lat="45.710131" lon="6.589325" />
      <trkpt lat="45.708606" lon="6.591546" />
      <trkpt lat="45.707882" lon="6.591949" />
      <trkpt lat="45.707528" lon="6.59305" />
      <trkpt lat="45.707203" lon="6.593635" />
      <trkpt lat="45.707031" lon="6.595418" />
      <trkpt lat="45.707059" lon="6.597244" />
      <trkpt lat="45.706566" lon="6.600971" />
      <trkpt lat="45.706964" lon="6.602655" />
      <trkpt lat="45.707248" lon="6.603265" />
      <trkpt lat="45.707536" lon="6.604824" />
      <trkpt lat="45.707299" lon="6.60535" />
      <trkpt lat="45.707299" lon="6.60597" />
      <trkpt lat="45.706976" lon="6.607101" />
      <trkpt lat="45.707355" lon="6.608744" />
      <trkpt lat="45.707039" lon="6.609463" />
      <trkpt lat="45.706754" lon="6.610993" />
      <trkpt lat="45.7068" lon="6.61133" />
      <trkpt lat="45.707129" lon="6.611926" />
      <trkpt lat="45.707019" lon="6.612537" />
      <trkpt lat="45.707119" lon="6.613035" />
      <trkpt lat="45.70643" lon="6.614691" />
      <trkpt lat="45.706401" lon="6.616677" />
      <trkpt lat="45.706255" lon="6.618207" />
      <trkpt lat="45.706016" lon="6.619103" />
      <trkpt lat="45.705487" lon="6.61969" />
      <trkpt lat="45.703619" lon="6.620576" />
      <trkpt lat="45.703462" lon="6.620958" />
      <trkpt lat="45.703752" lon="6.621615" />
      <trkpt lat="45.703637" lon="6.622855" />
      <trkpt lat="45.703777" lon="6.623338" />
      <trkpt lat="45.704245" lon="6.623992" />
      <trkpt lat="45.704758" lon="6.624314" />
      <trkpt lat="45.705221" lon="6.624387" />
      <trkpt lat="45.705216" lon="6.624643" />
      <trkpt lat="45.703882" lon="6.624359" />
      <trkpt lat="45.702181" lon="6.62323" />
      <trkpt lat="45.701222" lon="6.62145" />
      <trkpt lat="45.700781" lon="6.619115" />
      <trkpt lat="45.699721" lon="6.618415" />
      <trkpt lat="45.699282" lon="6.61778" />
      <trkpt lat="45.698429" lon="6.614929" />
      <trkpt lat="45.698148" lon="6.614671" />
      <trkpt lat="45.697404" lon="6.614504" />
      <trkpt lat="45.697053" lon="6.614177" />
      <trkpt lat="45.696901" lon="6.614269" />
      <trkpt lat="45.69692" lon="6.614435" />
      <trkpt lat="45.697643" lon="6.615258" />
      <trkpt lat="45.698087" lon="6.616168" />
      <trkpt lat="45.697949" lon="6.617349" />
      <trkpt lat="45.698059" lon="6.618632" />
      <trkpt lat="45.698249" lon="6.619324" />
      <trkpt lat="45.698626" lon="6.619942" />
      <trkpt lat="45.698594" lon="6.620102" />
      <trkpt lat="45.697724" lon="6.618795" />
      <trkpt lat="45.696949" lon="6.616685" />
      <trkpt lat="45.69684" lon="6.616955" />
      <trkpt lat="45.697287" lon="6.618995" />
      <trkpt lat="45.697949" lon="6.620397" />
      <trkpt lat="45.698441" lon="6.621036" />
      <trkpt lat="45.698455" lon="6.621995" />
      <trkpt lat="45.698984" lon="6.623523" />
      <trkpt lat="45.699385" lon="6.625804" />
      <trkpt lat="45.699717" lon="6.626455" />
      <trkpt lat="45.700647" lon="6.627512" />
      <trkpt lat="45.701065" lon="6.628221" />
      <trkpt lat="45.701599" lon="6.628463" />
      <trkpt lat="45.702778" lon="6.629412" />
      <trkpt lat="45.703106" lon="6.629514" />
      <trkpt lat="45.704256" lon="6.629393" />
      <trkpt lat="45.704974" lon="6.629471" />
      <trkpt lat="45.705589" lon="6.630017" />
      <trkpt lat="45.706926" lon="6.630754" />
      <trkpt lat="45.707421" lon="6.630824" />
      <trkpt lat="45.707511" lon="6.630987" />
      <trkpt lat="45.707355" lon="6.631178" />
      <trkpt lat="45.706016" lon="6.630863" />
      <trkpt lat="45.705515" lon="6.630961" />
      <trkpt lat="45.705006" lon="6.630679" />
      <trkpt lat="45.704557" lon="6.630896" />
      <trkpt lat="45.701856" lon="6.631449" />
      <trkpt lat="45.700175" lon="6.630696" />
      <trkpt lat="45.700185" lon="6.630909" />
      <trkpt lat="45.700927" lon="6.631633" />
      <trkpt lat="45.701637" lon="6.632018" />
      <trkpt lat="45.70288" lon="6.632253" />
      <trkpt lat="45.703694" lon="6.632123" />
      <trkpt lat="45.70411" lon="6.632412" />
      <trkpt lat="45.70456" lon="6.632493" />
      <trkpt lat="45.705368" lon="6.633029" />
      <trkpt lat="45.706134" lon="6.633134" />
      <trkpt lat="45.706866" lon="6.632892" />
      <trkpt lat="45.706985" lon="6.632974" />
      <trkpt lat="45.706938" lon="6.633152" />
      <trkpt lat="45.705367" lon="6.633566" />
      <trkpt lat="45.704484" lon="6.633587" />
      <trkpt lat="45.704173" lon="6.63347" />
      <trkpt lat="45.703694" lon="6.633608" />
      <trkpt lat="45.703082" lon="6.633452" />
      <trkpt lat="45.701754" lon="6.63378" />
      <trkpt lat="45.699572" lon="6.633851" />
      <trkpt lat="45.699088" lon="6.634165" />
      <trkpt lat="45.69858" lon="6.634204" />
      <trkpt lat="45.698316" lon="6.634177" />
      <trkpt lat="45.697891" lon="6.63383" />
      <trkpt lat="45.69728" lon="6.633902" />
      <trkpt lat="45.696849" lon="6.633765" />
      <trkpt lat="45.695476" lon="6.633023" />
      <trkpt lat="45.695075" lon="6.633138" />
      <trkpt lat="45.694907" lon="6.633882" />
      <trkpt lat="45.695244" lon="6.635187" />
      <trkpt lat="45.695811" lon="6.636142" />
      <trkpt lat="45.696401" lon="6.636718" />
      <trkpt lat="45.696914" lon="6.637656" />
      <trkpt lat="45.698005" lon="6.638482" />
      <trkpt lat="45.699381" lon="6.640337" />
      <trkpt lat="45.700182" lon="6.642076" />
      <trkpt lat="45.700728" lon="6.643941" />
      <trkpt lat="45.700756" lon="6.644323" />
      <trkpt lat="45.700596" lon="6.644827" />
      <trkpt lat="45.69991" lon="6.645415" />
      <trkpt lat="45.699762" lon="6.645814" />
      <trkpt lat="45.700369" lon="6.647499" />
      <trkpt lat="45.700912" lon="6.648282" />
      <trkpt lat="45.701074" lon="6.64885" />
      <trkpt lat="45.700965" lon="6.649492" />
      <trkpt lat="45.700339" lon="6.650126" />
      <trkpt lat="45.700212" lon="6.650423" />
      <trkpt lat="45.700355" lon="6.653041" />
      <trkpt lat="45.699851" lon="6.654073" />
      <trkpt lat="45.699542" lon="6.655084" />
      <trkpt lat="45.698796" lon="6.655385" />
      <trkpt lat="45.698181" lon="6.656129" />
      <trkpt lat="45.697873" lon="6.65632" />
      <trkpt lat="45.697248" lon="6.656358" />
      <trkpt lat="45.694937" lon="6.655414" />
      <trkpt lat="45.694587" lon="6.655544" />
      <trkpt lat="45.694415" lon="6.656097" />
      <trkpt lat="45.694613" lon="6.656676" />
      <trkpt lat="45.69492" lon="6.656822" />
      <trkpt lat="45.695685" lon="6.656759" />
      <trkpt lat="45.695933" lon="6.657059" />
      <trkpt lat="45.695936" lon="6.6576" />
      <trkpt lat="45.695601" lon="6.657984" />
      <trkpt lat="45.69422" lon="6.657616" />
      <trkpt lat="45.693835" lon="6.656823" />
      <trkpt lat="45.692568" lon="6.655476" />
      <trkpt lat="45.691223" lon="6.653646" />
      <trkpt lat="45.691091" lon="6.653663" />
      <trkpt lat="45.691717" lon="6.654639" />
      <trkpt lat="45.692324" lon="6.656175" />
      <trkpt lat="45.693206" lon="6.657761" />
      <trkpt lat="45.694415" lon="6.6595" />
      <trkpt lat="45.695427" lon="6.660528" />
      <trkpt lat="45.696023" lon="6.661828" />
      <trkpt lat="45.696289" lon="6.66292" />
      <trkpt lat="45.6963" lon="6.663761" />
      <trkpt lat="45.695655" lon="6.665033" />
      <trkpt lat="45.69538" lon="6.66518" />
      <trkpt lat="45.69494" lon="6.664942" />
      <trkpt lat="45.694556" lon="6.664991" />
      <trkpt lat="45.693825" lon="6.665562" />
      <trkpt lat="45.693554" lon="6.666544" />
      <trkpt lat="45.693522" lon="6.667736" />
      <trkpt lat="45.692972" lon="6.670145" />
      <trkpt lat="45.692623" lon="6.670785" />
      <trkpt lat="45.692466" lon="6.671474" />
      <trkpt lat="45.691824" lon="6.672627" />
      <trkpt lat="45.69121" lon="6.673236" />
      <trkpt lat="45.690876" lon="6.674949" />
      <trkpt lat="45.691173" lon="6.677219" />
      <trkpt lat="45.692235" lon="6.679145" />
      <trkpt lat="45.69296" lon="6.679701" />
      <trkpt lat="45.69336" lon="6.681502" />
      <trkpt lat="45.69419" lon="6.682371" />
      <trkpt lat="45.694246" lon="6.682665" />
      <trkpt lat="45.69403" lon="6.682758" />
      <trkpt lat="45.692635" lon="6.681838" />
      <trkpt lat="45.691617" lon="6.680542" />
      <trkpt lat="45.690956" lon="6.679986" />
      <trkpt lat="45.690619" lon="6.680005" />
      <trkpt lat="45.690328" lon="6.680227" />
      <trkpt lat="45.690109" lon="6.680642" />
      <trkpt lat="45.690025" lon="6.681249" />
      <trkpt lat="45.690157" lon="6.681841" />
      <trkpt lat="45.690872" lon="6.682513" />
      <trkpt lat="45.691562" lon="6.684041" />
      <trkpt lat="45.691193" lon="6.685072" />
      <trkpt lat="45.691048" lon="6.686849" />
      <trkpt lat="45.691456" lon="6.687676" />
      <trkpt lat="45.6912" lon="6.689759" />
      <trkpt lat="45.691588" lon="6.691851" />
      <trkpt lat="45.691956" lon="6.692386" />
      <trkpt lat="45.692849" lon="6.692515" />
      <trkpt lat="45.69316" lon="6.692748" />
      <trkpt lat="45.693696" lon="6.693762" />
      <trkpt lat="45.69386" lon="6.694394" />
      <trkpt lat="45.693891" lon="6.695244" />
      <trkpt lat="45.693676" lon="6.696788" />
      <trkpt lat="45.693439" lon="6.697623" />
      <trkpt lat="45.692229" lon="6.700502" />
      <trkpt lat="45.692114" lon="6.701371" />
      <trkpt lat="45.692174" lon="6.701967" />
      <trkpt lat="45.692977" lon="6.704787" />
      <trkpt lat="45.693902" lon="6.712641" />
      <trkpt lat="45.694467" lon="6.714789" />
      <trkpt lat="45.694322" lon="6.716119" />
      <trkpt lat="45.694519" lon="6.716507" />
      <trkpt lat="45.694746" lon="6.716657" />
      <trkpt lat="45.695446" lon="6.716333" />
      <trkpt lat="45.695739" lon="6.716408" />
      <trkpt lat="45.695875" lon="6.716676" />
      <trkpt lat="45.695687" lon="6.717393" />
      <trkpt lat="45.695843" lon="6.718411" />
      <trkpt lat="45.697323" lon="6.719509" />
      <trkpt lat="45.697403" lon="6.719938" />
      <trkpt lat="45.697263" lon="6.721477" />
      <trkpt lat="45.697634" lon="6.722091" />
      <trkpt lat="45.697707" lon="6.722518" />
      <trkpt lat="45.697397" lon="6.723732" />
      <trkpt lat="45.698035" lon="6.724734" />
      <trkpt lat="45.69807" lon="6.72514" />
      <trkpt lat="45.697801" lon="6.725334" />
      <trkpt lat="45.697152" lon="6.725084" />
      <trkpt lat="45.69607" lon="6.722663" />
      <trkpt lat="45.695902" lon="6.722547" />
      <trkpt lat="45.695829" lon="6.722733" />
      <trkpt lat="45.696093" lon="6.723474" />
      <trkpt lat="45.696127" lon="6.725337" />
      <trkpt lat="45.696353" lon="6.726384" />
      <trkpt lat="45.696277" lon="6.726748" />
      <trkpt lat="45.696104" lon="6.726745" />
      <trkpt lat="45.695783" lon="6.725461" />
      <trkpt lat="45.695174" lon="6.724137" />
      <trkpt lat="45.69531" lon="6.723275" />
      <trkpt lat="45.695186" lon="6.722479" />
      <trkpt lat="45.694913" lon="6.722055" />
      <trkpt lat="45.694608" lon="6.722112" />
      <trkpt lat="45.694265" lon="6.722578" />
      <trkpt lat="45.693901" lon="6.723527" />
      <trkpt lat="45.694024" lon="6.726499" />
      <trkpt lat="45.693316" lon="6.730926" />
      <trkpt lat="45.693324" lon="6.731949" />
      <trkpt lat="45.692729" lon="6.732323" />
      <trkpt lat="45.690797" lon="6.732625" />
      <trkpt lat="45.688991" lon="6.733081" />
      <trkpt lat="45.687964" lon="6.732772" />
      <trkpt lat="45.686298" lon="6.733265" />
      <trkpt lat="45.685905" lon="6.733857" />
      <trkpt lat="45.685752" lon="6.735541" />
      <trkpt lat="45.685148" lon="6.736714" />
      <trkpt lat="45.684576" lon="6.737187" />
      <trkpt lat="45.683097" lon="6.737746" />
      <trkpt lat="45.682104" lon="6.739383" />
      <trkpt lat="45.681164" lon="6.739955" />
      <trkpt lat="45.678376" lon="6.743213" />
      <trkpt lat="45.677219" lon="6.746122" />
      <trkpt lat="45.676117" lon="6.747361" />
      <trkpt lat="45.675685" lon="6.748491" />
      <trkpt lat="45.675448" lon="6.749879" />
      <trkpt lat="45.67421" lon="6.751605" />
      <trkpt lat="45.674138" lon="6.753792" />
      <trkpt lat="45.673846" lon="6.754536" />
      <trkpt lat="45.673267" lon="6.755333" />
      <trkpt lat="45.672924" lon="6.756411" />
      <trkpt lat="45.672209" lon="6.757311" />
      <trkpt lat="45.671677" lon="6.757557" />
      <trkpt lat="45.671206" lon="6.757486" />
      <trkpt lat="45.670462" lon="6.75891" />
      <trkpt lat="45.670499" lon="6.759164" />
      <trkpt lat="45.671009" lon="6.759818" />
      <trkpt lat="45.67123" lon="6.760802" />
      <trkpt lat="45.671242" lon="6.76249" />
      <trkpt lat="45.671048" lon="6.763565" />
      <trkpt lat="45.671257" lon="6.764798" />
      <trkpt lat="45.671083" lon="6.765321" />
      <trkpt lat="45.67107" lon="6.767795" />
      <trkpt lat="45.670798" lon="6.76916" />
      <trkpt lat="45.670172" lon="6.77033" />
      <trkpt lat="45.670361" lon="6.770955" />
      <trkpt lat="45.670108" lon="6.771742" />
      <trkpt lat="45.670066" lon="6.773435" />
      <trkpt lat="45.669817" lon="6.774401" />
      <trkpt lat="45.669722" lon="6.774336" />
      <trkpt lat="45.669681" lon="6.771621" />
      <trkpt lat="45.669587" lon="6.771629" />
      <trkpt lat="45.669299" lon="6.772417" />
      <trkpt lat="45.669244" lon="6.774166" />
      <trkpt lat="45.668953" lon="6.772973" />
      <trkpt lat="45.668902" lon="6.771819" />
      <trkpt lat="45.668797" lon="6.771821" />
      <trkpt lat="45.6686" lon="6.774236" />
      <trkpt lat="45.66878" lon="6.774695" />
      <trkpt lat="45.668538" lon="6.775417" />
      <trkpt lat="45.668592" lon="6.774735" />
      <trkpt lat="45.668271" lon="6.774199" />
      <trkpt lat="45.668175" lon="6.77334" />
      <trkpt lat="45.667948" lon="6.772757" />
      <trkpt lat="45.668133" lon="6.772247" />
      <trkpt lat="45.668135" lon="6.771673" />
      <trkpt lat="45.667969" lon="6.772219" />
      <trkpt lat="45.66766" lon="6.772286" />
      <trkpt lat="45.667586" lon="6.772467" />
      <trkpt lat="45.667815" lon="6.774889" />
      <trkpt lat="45.667299" lon="6.773659" />
      <trkpt lat="45.667333" lon="6.773126" />
      <trkpt lat="45.66708" lon="6.772772" />
      <trkpt lat="45.667027" lon="6.772109" />
      <trkpt lat="45.666799" lon="6.773392" />
      <trkpt lat="45.667102" lon="6.774437" />
      <trkpt lat="45.666533" lon="6.776044" />
      <trkpt lat="45.666427" lon="6.776028" />
      <trkpt lat="45.666414" lon="6.77559" />
      <trkpt lat="45.66611" lon="6.775084" />
      <trkpt lat="45.666207" lon="6.774492" />
      <trkpt lat="45.666044" lon="6.774329" />
      <trkpt lat="45.665439" lon="6.775404" />
      <trkpt lat="45.664924" lon="6.777089" />
      <trkpt lat="45.663727" lon="6.778202" />
      <trkpt lat="45.663218" lon="6.779046" />
      <trkpt lat="45.662981" lon="6.779225" />
      <trkpt lat="45.662448" lon="6.77928" />
      <trkpt lat="45.661914" lon="6.780022" />
      <trkpt lat="45.661037" lon="6.780686" />
      <trkpt lat="45.660381" lon="6.781634" />
      <trkpt lat="45.65933" lon="6.781804" />
      <trkpt lat="45.65864" lon="6.782677" />
      <trkpt lat="45.657529" lon="6.783141" />
      <trkpt lat="45.656458" lon="6.78391" />
      <trkpt lat="45.654506" lon="6.786054" />
      <trkpt lat="45.653575" lon="6.786838" />
      <trkpt lat="45.653368" lon="6.786952" />
      <trkpt lat="45.65258" lon="6.786964" />
      <trkpt lat="45.651939" lon="6.787245" />
      <trkpt lat="45.651328" lon="6.787706" />
      <trkpt lat="45.649941" lon="6.787795" />
      <trkpt lat="45.648395" lon="6.786669" />
      <trkpt lat="45.647223" lon="6.786089" />
      <trkpt lat="45.646393" lon="6.78611" />
      <trkpt lat="45.645623" lon="6.785848" />
      <trkpt lat="45.643664" lon="6.78613" />
      <trkpt lat="45.641969" lon="6.786155" />
      <trkpt lat="45.640484" lon="6.785086" />
      <trkpt lat="45.639834" lon="6.785042" />
      <trkpt lat="45.639011" lon="6.784367" />
      <trkpt lat="45.638467" lon="6.784557" />
      <trkpt lat="45.637942" lon="6.784466" />
      <trkpt lat="45.637299" lon="6.784663" />
      <trkpt lat="45.636498" lon="6.785263" />
      <trkpt lat="45.635563" lon="6.785562" />
      <trkpt lat="45.634679" lon="6.785373" />
      <trkpt lat="45.634165" lon="6.785475" />
      <trkpt lat="45.633286" lon="6.785018" />
      <trkpt lat="45.632323" lon="6.784164" />
      <trkpt lat="45.631175" lon="6.784228" />
      <trkpt lat="45.630617" lon="6.784075" />
      <trkpt lat="45.630013" lon="6.783768" />
      <trkpt lat="45.629053" lon="6.782975" />
      <trkpt lat="45.628749" lon="6.783404" />
      <trkpt lat="45.628899" lon="6.784606" />
      <trkpt lat="45.629051" lon="6.784825" />
      <trkpt lat="45.629965" lon="6.785404" />
      <trkpt lat="45.630008" lon="6.785599" />
      <trkpt lat="45.629881" lon="6.785633" />
      <trkpt lat="45.62889" lon="6.785195" />
      <trkpt lat="45.62789" lon="6.783843" />
      <trkpt lat="45.627357" lon="6.78161" />
      <trkpt lat="45.627184" lon="6.782888" />
      <trkpt lat="45.626993" lon="6.782861" />
      <trkpt lat="45.626839" lon="6.78242" />
      <trkpt lat="45.626839" lon="6.781869" />
      <trkpt lat="45.62622" lon="6.780204" />
      <trkpt lat="45.625576" lon="6.779396" />
      <trkpt lat="45.625171" lon="6.778653" />
      <trkpt lat="45.624576" lon="6.778907" />
      <trkpt lat="45.623847" lon="6.778516" />
      <trkpt lat="45.623616" lon="6.778218" />
      <trkpt lat="45.623411" lon="6.778167" />
      <trkpt lat="45.623299" lon="6.778276" />
      <trkpt lat="45.623341" lon="6.778563" />
      <trkpt lat="45.623756" lon="6.778572" />
      <trkpt lat="45.625158" lon="6.780367" />
      <trkpt lat="45.625571" lon="6.781453" />
      <trkpt lat="45.625684" lon="6.783345" />
      <trkpt lat="45.626151" lon="6.784969" />
      <trkpt lat="45.626293" lon="6.785385" />
      <trkpt lat="45.627016" lon="6.786304" />
      <trkpt lat="45.627114" lon="6.787068" />
      <trkpt lat="45.62685" lon="6.790559" />
      <trkpt lat="45.626232" lon="6.793307" />
      <trkpt lat="45.625736" lon="6.794094" />
      <trkpt lat="45.625223" lon="6.79445" />
      <trkpt lat="45.625086" lon="6.794952" />
      <trkpt lat="45.623811" lon="6.797569" />
      <trkpt lat="45.624067" lon="6.797414" />
      <trkpt lat="45.624284" lon="6.797536" />
      <trkpt lat="45.624213" lon="6.79871" />
      <trkpt lat="45.623874" lon="6.799825" />
      <trkpt lat="45.623586" lon="6.800271" />
      <trkpt lat="45.623106" lon="6.800595" />
      <trkpt lat="45.623412" lon="6.801407" />
      <trkpt lat="45.623449" lon="6.802228" />
      <trkpt lat="45.623166" lon="6.803362" />
      <trkpt lat="45.623347" lon="6.803873" />
      <trkpt lat="45.623315" lon="6.804717" />
      <trkpt lat="45.623425" lon="6.805174" />
      <trkpt lat="45.623278" lon="6.806356" />
      <trkpt lat="45.623748" lon="6.807449" />
      <trkpt lat="45.623964" lon="6.808951" />
      <trkpt lat="45.624382" lon="6.808004" />
      <trkpt lat="45.624609" lon="6.808069" />
      <trkpt lat="45.625229" lon="6.811638" />
      <trkpt lat="45.625429" lon="6.811513" />
      <trkpt lat="45.626156" lon="6.809605" />
      <trkpt lat="45.626508" lon="6.80906" />
      <trkpt lat="45.626734" lon="6.809064" />
      <trkpt lat="45.626877" lon="6.811879" />
      <trkpt lat="45.626772" lon="6.812362" />
      <trkpt lat="45.626095" lon="6.813021" />
      <trkpt lat="45.625827" lon="6.813049" />
      <trkpt lat="45.625365" lon="6.812689" />
      <trkpt lat="45.625202" lon="6.812749" />
      <trkpt lat="45.624376" lon="6.813473" />
      <trkpt lat="45.623959" lon="6.814256" />
      <trkpt lat="45.623301" lon="6.814608" />
      <trkpt lat="45.622542" lon="6.815272" />
      <trkpt lat="45.622209" lon="6.816277" />
      <trkpt lat="45.621484" lon="6.816945" />
      <trkpt lat="45.62109" lon="6.817604" />
      <trkpt lat="45.620659" lon="6.819421" />
      <trkpt lat="45.619371" lon="6.821854" />
      <trkpt lat="45.618912" lon="6.823149" />
      <trkpt lat="45.619042" lon="6.823207" />
      <trkpt lat="45.619292" lon="6.822516" />
      <trkpt lat="45.621979" lon="6.819121" />
      <trkpt lat="45.622655" lon="6.818834" />
      <trkpt lat="45.623562" lon="6.817737" />
      <trkpt lat="45.6245" lon="6.817404" />
      <trkpt lat="45.625676" lon="6.817286" />
      <trkpt lat="45.626308" lon="6.816707" />
      <trkpt lat="45.626977" lon="6.815828" />
      <trkpt lat="45.627038" lon="6.816036" />
      <trkpt lat="45.625942" lon="6.81801" />
      <trkpt lat="45.625236" lon="6.818274" />
      <trkpt lat="45.623764" lon="6.819472" />
      <trkpt lat="45.622961" lon="6.820752" />
      <trkpt lat="45.622197" lon="6.821328" />
      <trkpt lat="45.621822" lon="6.82244" />
      <trkpt lat="45.621144" lon="6.823304" />
      <trkpt lat="45.620313" lon="6.825463" />
      <trkpt lat="45.620462" lon="6.82548" />
      <trkpt lat="45.621098" lon="6.824004" />
      <trkpt lat="45.622085" lon="6.822815" />
      <trkpt lat="45.623883" lon="6.821355" />
      <trkpt lat="45.624467" lon="6.821068" />
      <trkpt lat="45.626147" lon="6.820882" />
      <trkpt lat="45.627025" lon="6.820227" />
      <trkpt lat="45.627909" lon="6.82029" />
      <trkpt lat="45.628728" lon="6.81998" />
      <trkpt lat="45.628617" lon="6.820264" />
      <trkpt lat="45.627211" lon="6.820874" />
      <trkpt lat="45.626828" lon="6.821442" />
      <trkpt lat="45.626389" lon="6.821747" />
      <trkpt lat="45.625534" lon="6.821853" />
      <trkpt lat="45.624434" lon="6.822295" />
      <trkpt lat="45.623804" lon="6.82306" />
      <trkpt lat="45.622808" lon="6.825594" />
      <trkpt lat="45.622773" lon="6.8261" />
      <trkpt lat="45.623026" lon="6.827127" />
      <trkpt lat="45.622772" lon="6.828244" />
      <trkpt lat="45.622876" lon="6.828369" />
      <trkpt lat="45.623159" lon="6.827349" />
      <trkpt lat="45.623119" lon="6.825988" />
      <trkpt lat="45.623233" lon="6.825493" />
      <trkpt lat="45.623623" lon="6.824762" />
      <trkpt lat="45.624378" lon="6.823837" />
      <trkpt lat="45.62497" lon="6.823942" />
      <trkpt lat="45.626237" lon="6.823426" />
      <trkpt lat="45.626701" lon="6.823639" />
      <trkpt lat="45.628586" lon="6.823465" />
      <trkpt lat="45.628819" lon="6.823325" />
      <trkpt lat="45.629328" lon="6.822604" />
      <trkpt lat="45.629641" lon="6.822494" />
      <trkpt lat="45.629743" lon="6.822663" />
      <trkpt lat="45.629225" lon="6.822941" />
      <trkpt lat="45.628826" lon="6.823749" />
      <trkpt lat="45.627454" lon="6.824304" />
      <trkpt lat="45.626955" lon="6.824364" />
      <trkpt lat="45.625841" lon="6.825126" />
      <trkpt lat="45.62514" lon="6.826109" />
      <trkpt lat="45.624808" lon="6.827067" />
      <trkpt lat="45.625176" lon="6.828086" />
      <trkpt lat="45.62509" lon="6.830028" />
      <trkpt lat="45.625397" lon="6.83057" />
      <trkpt lat="45.625532" lon="6.831126" />
      <trkpt lat="45.625438" lon="6.831441" />
      <trkpt lat="45.625032" lon="6.83175" />
      <trkpt lat="45.625078" lon="6.831989" />
      <trkpt lat="45.625576" lon="6.831607" />
      <trkpt lat="45.625725" lon="6.831279" />
      <trkpt lat="45.625627" lon="6.829675" />
      <trkpt lat="45.625753" lon="6.828917" />
      <trkpt lat="45.625645" lon="6.827944" />
      <trkpt lat="45.625801" lon="6.827396" />
      <trkpt lat="45.626304" lon="6.826988" />
      <trkpt lat="45.626876" lon="6.826926" />
      <trkpt lat="45.627354" lon="6.826668" />
      <trkpt lat="45.628115" lon="6.826772" />
      <trkpt lat="45.628194" lon="6.826895" />
      <trkpt lat="45.628062" lon="6.827078" />
      <trkpt lat="45.627483" lon="6.82695" />
      <trkpt lat="45.627061" lon="6.827515" />
      <trkpt lat="45.626516" lon="6.827766" />
      <trkpt lat="45.626326" lon="6.828054" />
      <trkpt lat="45.627056" lon="6.830293" />
      <trkpt lat="45.626795" lon="6.831802" />
      <trkpt lat="45.626289" lon="6.833205" />
      <trkpt lat="45.625809" lon="6.833707" />
      <trkpt lat="45.625641" lon="6.834701" />
      <trkpt lat="45.624364" lon="6.835891" />
      <trkpt lat="45.624182" lon="6.836697" />
      <trkpt lat="45.623803" lon="6.837181" />
      <trkpt lat="45.623662" lon="6.837618" />
      <trkpt lat="45.622926" lon="6.838212" />
      <trkpt lat="45.622412" lon="6.839478" />
      <trkpt lat="45.620931" lon="6.841485" />
      <trkpt lat="45.620177" lon="6.843866" />
      <trkpt lat="45.619644" lon="6.844982" />
      <trkpt lat="45.619764" lon="6.845148" />
      <trkpt lat="45.621125" lon="6.842102" />
      <trkpt lat="45.621622" lon="6.84155" />
      <trkpt lat="45.622009" lon="6.84087" />
      <trkpt lat="45.623054" lon="6.840426" />
      <trkpt lat="45.624249" lon="6.838946" />
      <trkpt lat="45.624545" lon="6.838785" />
      <trkpt lat="45.625175" lon="6.838773" />
      <trkpt lat="45.625544" lon="6.838489" />
      <trkpt lat="45.626116" lon="6.837712" />
      <trkpt lat="45.626535" lon="6.83684" />
      <trkpt lat="45.627521" lon="6.836011" />
      <trkpt lat="45.628056" lon="6.835011" />
      <trkpt lat="45.628192" lon="6.834974" />
      <trkpt lat="45.628202" lon="6.835171" />
      <trkpt lat="45.627715" lon="6.836103" />
      <trkpt lat="45.627317" lon="6.836454" />
      <trkpt lat="45.626671" lon="6.837896" />
      <trkpt lat="45.626099" lon="6.838572" />
      <trkpt lat="45.625573" lon="6.839806" />
      <trkpt lat="45.62496" lon="6.840213" />
      <trkpt lat="45.624315" lon="6.841315" />
      <trkpt lat="45.623453" lon="6.842085" />
      <trkpt lat="45.623198" lon="6.842747" />
      <trkpt lat="45.623111" lon="6.843607" />
      <trkpt lat="45.622604" lon="6.844834" />
      <trkpt lat="45.622154" lon="6.845447" />
      <trkpt lat="45.621734" lon="6.846362" />
      <trkpt lat="45.621808" lon="6.850347" />
      <trkpt lat="45.621535" lon="6.851384" />
      <trkpt lat="45.62142" lon="6.852451" />
      <trkpt lat="45.621488" lon="6.854084" />
      <trkpt lat="45.621714" lon="6.854917" />
      <trkpt lat="45.621395" lon="6.856447" />
      <trkpt lat="45.621455" lon="6.857136" />
      <trkpt lat="45.621196" lon="6.85778" />
      <trkpt lat="45.621005" lon="6.859741" />
      <trkpt lat="45.621103" lon="6.859788" />
      <trkpt lat="45.621171" lon="6.859668" />
      <trkpt lat="45.621433" lon="6.857752" />
      <trkpt lat="45.621945" lon="6.857002" />
      <trkpt lat="45.621972" lon="6.856119" />
      <trkpt lat="45.622406" lon="6.85527" />
      <trkpt lat="45.622631" lon="6.852884" />
      <trkpt lat="45.623052" lon="6.851643" />
      <trkpt lat="45.623175" lon="6.850816" />
      <trkpt lat="45.623296" lon="6.850742" />
      <trkpt lat="45.623347" lon="6.85096" />
      <trkpt lat="45.622847" lon="6.853312" />
      <trkpt lat="45.623064" lon="6.855311" />
      <trkpt lat="45.622946" lon="6.85699" />
      <trkpt lat="45.6226" lon="6.85818" />
      <trkpt lat="45.622731" lon="6.859914" />
      <trkpt lat="45.623275" lon="6.861225" />
      <trkpt lat="45.623917" lon="6.86481" />
      <trkpt lat="45.624033" lon="6.865187" />
      <trkpt lat="45.624172" lon="6.865261" />
      <trkpt lat="45.624236" lon="6.865074" />
      <trkpt lat="45.624001" lon="6.864367" />
      <trkpt lat="45.624143" lon="6.862648" />
      <trkpt lat="45.623997" lon="6.860471" />
      <trkpt lat="45.624014" lon="6.858299" />
      <trkpt lat="45.624178" lon="6.858169" />
      <trkpt lat="45.624222" lon="6.857638" />
      <trkpt lat="45.62489" lon="6.856798" />
      <trkpt lat="45.625632" lon="6.855162" />
      <trkpt lat="45.625812" lon="6.852397" />
      <trkpt lat="45.626092" lon="6.851359" />
      <trkpt lat="45.626658" lon="6.850562" />
      <trkpt lat="45.626901" lon="6.849911" />
      <trkpt lat="45.627347" lon="6.849477" />
      <trkpt lat="45.62776" lon="6.848758" />
      <trkpt lat="45.628835" lon="6.84811" />
      <trkpt lat="45.630003" lon="6.84672" />
      <trkpt lat="45.630209" lon="6.846628" />
      <trkpt lat="45.631808" lon="6.848053" />
      <trkpt lat="45.632501" lon="6.848924" />
      <trkpt lat="45.63297" lon="6.849094" />
      <trkpt lat="45.634344" lon="6.849203" />
      <trkpt lat="45.634916" lon="6.850081" />
      <trkpt lat="45.63591" lon="6.850528" />
      <trkpt lat="45.637038" lon="6.849362" />
      <trkpt lat="45.637436" lon="6.848652" />
      <trkpt lat="45.637628" lon="6.848091" />
      <trkpt lat="45.637694" lon="6.847142" />
      <trkpt lat="45.637839" lon="6.846875" />
      <trkpt lat="45.638104" lon="6.846699" />
      <trkpt lat="45.638625" lon="6.846667" />
      <trkpt lat="45.639281" lon="6.846407" />
      <trkpt lat="45.640223" lon="6.845391" />
      <trkpt lat="45.641702" lon="6.844291" />
      <trkpt lat="45.642197" lon="6.845545" />
      <trkpt lat="45.64322" lon="6.847103" />
      <trkpt lat="45.643728" lon="6.84763" />
      <trkpt lat="45.644174" lon="6.8478" />
      <trkpt lat="45.644484" lon="6.848104" />
      <trkpt lat="45.645709" lon="6.850149" />
      <trkpt lat="45.647035" lon="6.851946" />
      <trkpt lat="45.647729" lon="6.852198" />
      <trkpt lat="45.649021" lon="6.852957" />
      <trkpt lat="45.649583" lon="6.854151" />
      <trkpt lat="45.649788" lon="6.854996" />
      <trkpt lat="45.65052" lon="6.856379" />
      <trkpt lat="45.651723" lon="6.857182" />
      <trkpt lat="45.652432" lon="6.85793" />
      <trkpt lat="45.653214" lon="6.858334" />
      <trkpt lat="45.654163" lon="6.859541" />
      <trkpt lat="45.654779" lon="6.859796" />
      <trkpt lat="45.655436" lon="6.86102" />
      <trkpt lat="45.656141" lon="6.861341" />
      <trkpt lat="45.656411" lon="6.861615" />
      <trkpt lat="45.656859" lon="6.862624" />
      <trkpt lat="45.657281" lon="6.863132" />
      <trkpt lat="45.659068" lon="6.864386" />
      <trkpt lat="45.659693" lon="6.865788" />
      <trkpt lat="45.661425" lon="6.868009" />
      <trkpt lat="45.661871" lon="6.868928" />
      <trkpt lat="45.66233" lon="6.869319" />
      <trkpt lat="45.662428" lon="6.869804" />
      <trkpt lat="45.662273" lon="6.870537" />
      <trkpt lat="45.662343" lon="6.870728" />
      <trkpt lat="45.663208" lon="6.870402" />
      <trkpt lat="45.663952" lon="6.870538" />
      <trkpt lat="45.665027" lon="6.8713" />
      <trkpt lat="45.665798" lon="6.871486" />
      <trkpt lat="45.66643" lon="6.871901" />
      <trkpt lat="45.667583" lon="6.872327" />
      <trkpt lat="45.668315" lon="6.872265" />
      <trkpt lat="45.668779" lon="6.872724" />
      <trkpt lat="45.669349" lon="6.87248" />
      <trkpt lat="45.670105" lon="6.872938" />
      <trkpt lat="45.67062" lon="6.873401" />
      <trkpt lat="45.670601" lon="6.87373" />
      <trkpt lat="45.670345" lon="6.873722" />
      <trkpt lat="45.669626" lon="6.873165" />
      <trkpt lat="45.669432" lon="6.873203" />
      <trkpt lat="45.66948" lon="6.873481" />
      <trkpt lat="45.676632" lon="6.881495" />
      <trkpt lat="45.678926" lon="6.882653" />
      <trkpt lat="45.6797" lon="6.88332" />
      <trkpt lat="45.680106" lon="6.884531" />
      <trkpt lat="45.680321" lon="6.884661" />
      <trkpt lat="45.680886" lon="6.88458" />
      <trkpt lat="45.681146" lon="6.884671" />
      <trkpt lat="45.682086" lon="6.88527" />
      <trkpt lat="45.684927" lon="6.887589" />
      <trkpt lat="45.685512" lon="6.887829" />
      <trkpt lat="45.686644" lon="6.8886" />
      <trkpt lat="45.687531" lon="6.888783" />
      <trkpt lat="45.687957" lon="6.888637" />
      <trkpt lat="45.688401" lon="6.888683" />
      <trkpt lat="45.69002" lon="6.889606" />
      <trkpt lat="45.690258" lon="6.890013" />
      <trkpt lat="45.690357" lon="6.891157" />
      <trkpt lat="45.690788" lon="6.891549" />
      <trkpt lat="45.691025" lon="6.891579" />
      <trkpt lat="45.691158" lon="6.89136" />
      <trkpt lat="45.690916" lon="6.890424" />
      <trkpt lat="45.690887" lon="6.889151" />
      <trkpt lat="45.691131" lon="6.88948" />
      <trkpt lat="45.691584" lon="6.89076" />
      <trkpt lat="45.691622" lon="6.890214" />
      <trkpt lat="45.691805" lon="6.890124" />
      <trkpt lat="45.69276" lon="6.890761" />
      <trkpt lat="45.693478" lon="6.891983" />
      <trkpt lat="45.693497" lon="6.893169" />
      <trkpt lat="45.693927" lon="6.894292" />
      <trkpt lat="45.693984" lon="6.895258" />
      <trkpt lat="45.694697" lon="6.896954" />
      <trkpt lat="45.69515" lon="6.898522" />
      <trkpt lat="45.695365" lon="6.898823" />
      <trkpt lat="45.696261" lon="6.899506" />
      <trkpt lat="45.697377" lon="6.901309" />
      <trkpt lat="45.698158" lon="6.902209" />
      <trkpt lat="45.698415" lon="6.903035" />
      <trkpt lat="45.699324" lon="6.904455" />
      <trkpt lat="45.699767" lon="6.905776" />
      <trkpt lat="45.700522" lon="6.906938" />
      <trkpt lat="45.700737" lon="6.907037" />
      <trkpt lat="45.701023" lon="6.90652" />
      <trkpt lat="45.70158" lon="6.906604" />
      <trkpt lat="45.701932" lon="6.906428" />
      <trkpt lat="45.702853" lon="6.907819" />
      <trkpt lat="45.704553" lon="6.911601" />
      <trkpt lat="45.704708" lon="6.911745" />
      <trkpt lat="45.704978" lon="6.911535" />
      <trkpt lat="45.705224" lon="6.91161" />
      <trkpt lat="45.705766" lon="6.912478" />
      <trkpt lat="45.706149" lon="6.912806" />
      <trkpt lat="45.70672" lon="6.912634" />
      <trkpt lat="45.707028" lon="6.912285" />
      <trkpt lat="45.707505" lon="6.912061" />
      <trkpt lat="45.708046" lon="6.911205" />
      <trkpt lat="45.708244" lon="6.910541" />
      <trkpt lat="45.708335" lon="6.910547" />
      <trkpt lat="45.708115" lon="6.91149" />
      <trkpt lat="45.707639" lon="6.912621" />
      <trkpt lat="45.707102" lon="6.913472" />
      <trkpt lat="45.70707" lon="6.914341" />
      <trkpt lat="45.706839" lon="6.914729" />
      <trkpt lat="45.706915" lon="6.914942" />
      <trkpt lat="45.707131" lon="6.914818" />
      <trkpt lat="45.707236" lon="6.914232" />
      <trkpt lat="45.70745" lon="6.913852" />
      <trkpt lat="45.708128" lon="6.91327" />
      <trkpt lat="45.708509" lon="6.9125" />
      <trkpt lat="45.709193" lon="6.911652" />
      <trkpt lat="45.709428" lon="6.909302" />
      <trkpt lat="45.709598" lon="6.909263" />
      <trkpt lat="45.709685" lon="6.909442" />
      <trkpt lat="45.709612" lon="6.911445" />
      <trkpt lat="45.710061" lon="6.912679" />
      <trkpt lat="45.709113" lon="6.915961" />
      <trkpt lat="45.709144" lon="6.917288" />
      <trkpt lat="45.708632" lon="6.917951" />
      <trkpt lat="45.708138" lon="6.917992" />
      <trkpt lat="45.707716" lon="6.918337" />
      <trkpt lat="45.707445" lon="6.918294" />
      <trkpt lat="45.707325" lon="6.92024" />
      <trkpt lat="45.706738" lon="6.920806" />
      <trkpt lat="45.706842" lon="6.921" />
      <trkpt lat="45.707252" lon="6.920972" />
      <trkpt lat="45.707408" lon="6.921073" />
      <trkpt lat="45.707776" lon="6.922834" />
      <trkpt lat="45.707677" lon="6.923124" />
      <trkpt lat="45.707476" lon="6.922982" />
      <trkpt lat="45.707367" lon="6.923042" />
      <trkpt lat="45.707241" lon="6.923535" />
      <trkpt lat="45.707624" lon="6.925447" />
      <trkpt lat="45.707588" lon="6.925658" />
      <trkpt lat="45.707342" lon="6.925887" />
      <trkpt lat="45.707556" lon="6.926444" />
      <trkpt lat="45.707576" lon="6.92698" />
      <trkpt lat="45.70761" lon="6.929549" />
      <trkpt lat="45.707435" lon="6.931324" />
      <trkpt lat="45.707538" lon="6.933817" />
      <trkpt lat="45.707621" lon="6.933877" />
      <trkpt lat="45.707666" lon="6.933709" />
      <trkpt lat="45.707806" lon="6.93165" />
      <trkpt lat="45.708669" lon="6.930195" />
      <trkpt lat="45.70882" lon="6.929255" />
      <trkpt lat="45.708946" lon="6.93046" />
      <trkpt lat="45.708851" lon="6.931962" />
      <trkpt lat="45.708443" lon="6.933514" />
      <trkpt lat="45.709003" lon="6.932866" />
      <trkpt lat="45.709308" lon="6.932167" />
      <trkpt lat="45.709798" lon="6.930296" />
      <trkpt lat="45.709579" lon="6.931641" />
      <trkpt lat="45.70969" lon="6.93304" />
      <trkpt lat="45.709378" lon="6.934285" />
      <trkpt lat="45.709719" lon="6.933739" />
      <trkpt lat="45.709989" lon="6.932665" />
      <trkpt lat="45.710313" lon="6.932325" />
      <trkpt lat="45.710513" lon="6.931073" />
      <trkpt lat="45.710725" lon="6.930954" />
      <trkpt lat="45.711347" lon="6.932035" />
      <trkpt lat="45.712022" lon="6.934327" />
      <trkpt lat="45.71268" lon="6.935282" />
      <trkpt lat="45.713505" lon="6.937578" />
      <trkpt lat="45.713117" lon="6.936833" />
      <trkpt lat="45.712236" lon="6.936262" />
      <trkpt lat="45.712043" lon="6.936415" />
      <trkpt lat="45.712069" lon="6.936712" />
      <trkpt lat="45.712912" lon="6.937506" />
      <trkpt lat="45.714067" lon="6.939665" />
      <trkpt lat="45.714489" lon="6.940165" />
      <trkpt lat="45.714998" lon="6.940353" />
      <trkpt lat="45.715517" lon="6.941262" />
      <trkpt lat="45.715357" lon="6.94129" />
      <trkpt lat="45.714927" lon="6.940789" />
      <trkpt lat="45.714261" lon="6.940452" />
      <trkpt lat="45.713199" lon="6.939576" />
      <trkpt lat="45.713074" lon="6.939546" />
      <trkpt lat="45.713058" lon="6.939696" />
      <trkpt lat="45.713572" lon="6.940348" />
      <trkpt lat="45.713953" lon="6.941457" />
      <trkpt lat="45.714609" lon="6.94171" />
      <trkpt lat="45.715755" lon="6.942425" />
      <trkpt lat="45.715686" lon="6.942547" />
      <trkpt lat="45.714991" lon="6.942306" />
      <trkpt lat="45.714517" lon="6.942496" />
      <trkpt lat="45.714125" lon="6.942365" />
      <trkpt lat="45.713372" lon="6.942793" />
      <trkpt lat="45.713112" lon="6.943363" />
      <trkpt lat="45.713811" lon="6.944214" />
      <trkpt lat="45.713387" lon="6.945076" />
      <trkpt lat="45.712506" lon="6.944723" />
      <trkpt lat="45.712163" lon="6.944899" />
      <trkpt lat="45.712071" lon="6.945514" />
      <trkpt lat="45.711464" lon="6.946847" />
      <trkpt lat="45.711576" lon="6.947775" />
      <trkpt lat="45.711854" lon="6.948247" />
      <trkpt lat="45.711264" lon="6.948714" />
      <trkpt lat="45.710718" lon="6.948664" />
      <trkpt lat="45.710432" lon="6.94887" />
      <trkpt lat="45.709635" lon="6.949731" />
      <trkpt lat="45.708818" lon="6.950993" />
      <trkpt lat="45.7083" lon="6.951439" />
    </trkseg>
  </trk>
</gpx>
