<?xml version="1.0" encoding="UTF-8"?>
<gpx version="1.1" creator="Fondue Tour 2026" xmlns="http://www.topografix.com/GPX/1/1" xmlns:xsi="http://www.w3.org/2001/XMLSchema-instance" xsi:schemaLocation="http://www.topografix.com/GPX/1/1 http://www.topografix.com/GPX/1/1/gpx.xsd">
  <metadata><name>Fri 11 · Short · Gelmerbahn to Valbella via Albula</name><desc>Fondue Tour 2026 roadbook route. Verify live pass status before departure.</desc></metadata>
  <rte>
    <name>Fri 11 · Short · Gelmerbahn to Valbella via Albula stops</name>
    <rtept lat="46.4879271" lon="8.268457"><name>Hotel Landhaus</name></rtept>
    <rtept lat="46.5614" lon="8.33758"><name>Grimsel Pass</name></rtept>
    <rtept lat="46.6136385" lon="8.3085363"><name>Gelmerbahn</name></rtept>
    <rtept lat="46.7424683" lon="8.3806647"><name>Gschletterkurve</name></rtept>
    <rtept lat="46.7293696" lon="8.4470234"><name>Susten Pass</name></rtept>
    <rtept lat="46.6587706" lon="8.6714017"><name>Ustria Alpsu</name></rtept>
    <rtept lat="46.768871" lon="9.419464"><name>Rothenbrunnen</name></rtept>
    <rtept lat="46.6626282" lon="9.5765123"><name>Albula Pass</name></rtept>
    <rtept lat="46.5885894" lon="9.8841991"><name>Gino Mäder memorial</name></rtept>
    <rtept lat="46.5825598" lon="9.8376326"><name>Albula Hospiz</name></rtept>
    <rtept lat="46.6896395" lon="9.5619604"><name>Migrol Lantsch/Lenz</name></rtept>
    <rtept lat="46.7445648" lon="9.5555085"><name>Hotel Waldhaus am See</name></rtept>
  </rte>
  <trk>
    <name>Fri 11 · Short · Gelmerbahn to Valbella via Albula</name>
    <trkseg>
      <trkpt lat="46.487794" lon="8.26852" />
      <trkpt lat="46.488729" lon="8.272232" />
      <trkpt lat="46.489823" lon="8.274764" />
      <trkpt lat="46.491042" lon="8.276844" />
      <trkpt lat="46.491683" lon="8.277707" />
      <trkpt lat="46.492603" lon="8.278588" />
      <trkpt lat="46.495694" lon="8.280437" />
      <trkpt lat="46.495987" lon="8.281045" />
      <trkpt lat="46.496652" lon="8.28438" />
      <trkpt lat="46.497154" lon="8.285434" />
      <trkpt lat="46.497985" lon="8.286328" />
      <trkpt lat="46.50014" lon="8.287567" />
      <trkpt lat="46.500577" lon="8.288211" />
      <trkpt lat="46.501044" lon="8.290314" />
      <trkpt lat="46.500916" lon="8.292268" />
      <trkpt lat="46.501879" lon="8.294777" />
      <trkpt lat="46.502487" lon="8.29567" />
      <trkpt lat="46.504003" lon="8.296649" />
      <trkpt lat="46.504898" lon="8.297777" />
      <trkpt lat="46.50585" lon="8.300657" />
      <trkpt lat="46.506485" lon="8.305002" />
      <trkpt lat="46.507801" lon="8.307236" />
      <trkpt lat="46.508344" lon="8.308644" />
      <trkpt lat="46.508621" lon="8.309984" />
      <trkpt lat="46.509699" lon="8.310967" />
      <trkpt lat="46.510415" lon="8.311894" />
      <trkpt lat="46.513747" lon="8.318756" />
      <trkpt lat="46.514044" lon="8.320408" />
      <trkpt lat="46.513632" lon="8.323412" />
      <trkpt lat="46.513811" lon="8.324118" />
      <trkpt lat="46.514563" lon="8.325277" />
      <trkpt lat="46.515609" lon="8.325257" />
      <trkpt lat="46.515945" lon="8.325453" />
      <trkpt lat="46.51722" lon="8.327222" />
      <trkpt lat="46.517721" lon="8.327692" />
      <trkpt lat="46.520014" lon="8.329063" />
      <trkpt lat="46.521043" lon="8.329337" />
      <trkpt lat="46.5226" lon="8.329498" />
      <trkpt lat="46.523133" lon="8.329748" />
      <trkpt lat="46.523732" lon="8.330315" />
      <trkpt lat="46.525777" lon="8.334378" />
      <trkpt lat="46.52745" lon="8.337161" />
      <trkpt lat="46.528344" lon="8.339454" />
      <trkpt lat="46.531649" lon="8.342994" />
      <trkpt lat="46.532807" lon="8.343851" />
      <trkpt lat="46.533235" lon="8.345702" />
      <trkpt lat="46.534207" lon="8.34722" />
      <trkpt lat="46.534462" lon="8.348773" />
      <trkpt lat="46.535075" lon="8.349483" />
      <trkpt lat="46.536061" lon="8.349684" />
      <trkpt lat="46.536416" lon="8.349974" />
      <trkpt lat="46.536905" lon="8.351249" />
      <trkpt lat="46.538251" lon="8.35393" />
      <trkpt lat="46.538653" lon="8.355204" />
      <trkpt lat="46.539246" lon="8.356517" />
      <trkpt lat="46.540791" lon="8.358403" />
      <trkpt lat="46.541319" lon="8.359624" />
      <trkpt lat="46.541447" lon="8.359512" />
      <trkpt lat="46.541067" lon="8.358403" />
      <trkpt lat="46.540511" lon="8.355737" />
      <trkpt lat="46.540521" lon="8.355148" />
      <trkpt lat="46.539369" lon="8.353425" />
      <trkpt lat="46.538654" lon="8.351525" />
      <trkpt lat="46.538324" lon="8.35026" />
      <trkpt lat="46.538395" lon="8.350115" />
      <trkpt lat="46.53892" lon="8.351286" />
      <trkpt lat="46.539983" lon="8.352895" />
      <trkpt lat="46.540757" lon="8.35355" />
      <trkpt lat="46.54147" lon="8.354325" />
      <trkpt lat="46.541778" lon="8.354853" />
      <trkpt lat="46.542322" lon="8.355307" />
      <trkpt lat="46.543043" lon="8.357661" />
      <trkpt lat="46.543659" lon="8.357874" />
      <trkpt lat="46.543808" lon="8.357776" />
      <trkpt lat="46.543866" lon="8.356707" />
      <trkpt lat="46.544526" lon="8.355872" />
      <trkpt lat="46.544283" lon="8.355059" />
      <trkpt lat="46.544402" lon="8.35493" />
      <trkpt lat="46.544714" lon="8.355253" />
      <trkpt lat="46.545248" lon="8.356217" />
      <trkpt lat="46.545425" lon="8.357367" />
      <trkpt lat="46.546053" lon="8.358477" />
      <trkpt lat="46.546328" lon="8.358646" />
      <trkpt lat="46.546932" lon="8.3587" />
      <trkpt lat="46.548348" lon="8.360353" />
      <trkpt lat="46.54884" lon="8.360406" />
      <trkpt lat="46.54994" lon="8.359712" />
      <trkpt lat="46.551942" lon="8.358709" />
      <trkpt lat="46.555147" lon="8.355938" />
      <trkpt lat="46.556619" lon="8.355735" />
      <trkpt lat="46.556563" lon="8.355537" />
      <trkpt lat="46.555442" lon="8.355477" />
      <trkpt lat="46.555441" lon="8.355235" />
      <trkpt lat="46.55665" lon="8.355264" />
      <trkpt lat="46.557377" lon="8.355122" />
      <trkpt lat="46.557792" lon="8.355417" />
      <trkpt lat="46.557911" lon="8.355656" />
      <trkpt lat="46.557537" lon="8.356685" />
      <trkpt lat="46.557647" lon="8.356688" />
      <trkpt lat="46.558206" lon="8.35593" />
      <trkpt lat="46.558975" lon="8.356144" />
      <trkpt lat="46.560327" lon="8.358037" />
      <trkpt lat="46.560756" lon="8.359361" />
      <trkpt lat="46.561292" lon="8.359868" />
      <trkpt lat="46.562209" lon="8.361453" />
      <trkpt lat="46.562515" lon="8.361206" />
      <trkpt lat="46.562575" lon="8.360981" />
      <trkpt lat="46.562116" lon="8.36057" />
      <trkpt lat="46.561166" lon="8.35872" />
      <trkpt lat="46.560707" lon="8.356639" />
      <trkpt lat="46.560877" lon="8.355581" />
      <trkpt lat="46.560802" lon="8.354944" />
      <trkpt lat="46.560503" lon="8.353949" />
      <trkpt lat="46.56008" lon="8.353411" />
      <trkpt lat="46.560133" lon="8.353244" />
      <trkpt lat="46.560279" lon="8.353293" />
      <trkpt lat="46.561282" lon="8.354832" />
      <trkpt lat="46.562275" lon="8.357116" />
      <trkpt lat="46.562459" lon="8.358323" />
      <trkpt lat="46.56259" lon="8.358422" />
      <trkpt lat="46.562672" lon="8.358254" />
      <trkpt lat="46.56259" lon="8.357104" />
      <trkpt lat="46.561786" lon="8.353825" />
      <trkpt lat="46.561395" lon="8.353116" />
      <trkpt lat="46.560929" lon="8.352685" />
      <trkpt lat="46.560966" lon="8.352434" />
      <trkpt lat="46.561894" lon="8.35347" />
      <trkpt lat="46.563543" lon="8.357075" />
      <trkpt lat="46.563935" lon="8.358406" />
      <trkpt lat="46.564058" lon="8.358411" />
      <trkpt lat="46.56412" lon="8.358224" />
      <trkpt lat="46.563235" lon="8.35463" />
      <trkpt lat="46.562946" lon="8.352968" />
      <trkpt lat="46.562174" lon="8.351799" />
      <trkpt lat="46.56185" lon="8.351607" />
      <trkpt lat="46.561902" lon="8.351379" />
      <trkpt lat="46.563236" lon="8.352624" />
      <trkpt lat="46.56393" lon="8.354366" />
      <trkpt lat="46.564753" lon="8.355515" />
      <trkpt lat="46.565775" lon="8.357575" />
      <trkpt lat="46.567072" lon="8.358577" />
      <trkpt lat="46.567642" lon="8.359559" />
      <trkpt lat="46.567836" lon="8.359436" />
      <trkpt lat="46.566171" lon="8.356899" />
      <trkpt lat="46.565291" lon="8.354407" />
      <trkpt lat="46.564147" lon="8.350532" />
      <trkpt lat="46.563313" lon="8.349612" />
      <trkpt lat="46.562813" lon="8.348359" />
      <trkpt lat="46.561913" lon="8.347754" />
      <trkpt lat="46.5617" lon="8.347444" />
      <trkpt lat="46.561686" lon="8.345127" />
      <trkpt lat="46.562423" lon="8.343684" />
      <trkpt lat="46.562463" lon="8.342007" />
      <trkpt lat="46.562821" lon="8.340697" />
      <trkpt lat="46.562069" lon="8.338649" />
      <trkpt lat="46.561117" lon="8.33698" />
      <trkpt lat="46.56125" lon="8.336593" />
      <trkpt lat="46.561614" lon="8.336491" />
      <trkpt lat="46.562473" lon="8.337601" />
      <trkpt lat="46.562795" lon="8.33771" />
      <trkpt lat="46.563586" lon="8.337688" />
      <trkpt lat="46.564419" lon="8.338095" />
      <trkpt lat="46.565171" lon="8.338214" />
      <trkpt lat="46.565534" lon="8.338464" />
      <trkpt lat="46.56589" lon="8.338994" />
      <trkpt lat="46.566028" lon="8.338974" />
      <trkpt lat="46.56606" lon="8.338693" />
      <trkpt lat="46.564814" lon="8.336575" />
      <trkpt lat="46.564625" lon="8.335907" />
      <trkpt lat="46.564675" lon="8.335193" />
      <trkpt lat="46.565103" lon="8.333675" />
      <trkpt lat="46.565109" lon="8.332689" />
      <trkpt lat="46.565276" lon="8.33254" />
      <trkpt lat="46.565389" lon="8.332782" />
      <trkpt lat="46.565406" lon="8.334888" />
      <trkpt lat="46.565526" lon="8.335413" />
      <trkpt lat="46.56581" lon="8.335733" />
      <trkpt lat="46.56645" lon="8.335871" />
      <trkpt lat="46.566704" lon="8.336079" />
      <trkpt lat="46.567839" lon="8.338565" />
      <trkpt lat="46.56805" lon="8.338594" />
      <trkpt lat="46.568086" lon="8.33838" />
      <trkpt lat="46.567329" lon="8.335465" />
      <trkpt lat="46.56675" lon="8.334323" />
      <trkpt lat="46.566637" lon="8.330337" />
      <trkpt lat="46.566848" lon="8.330436" />
      <trkpt lat="46.566853" lon="8.331495" />
      <trkpt lat="46.567262" lon="8.333206" />
      <trkpt lat="46.569607" lon="8.337304" />
      <trkpt lat="46.570222" lon="8.338917" />
      <trkpt lat="46.570592" lon="8.339415" />
      <trkpt lat="46.571333" lon="8.339877" />
      <trkpt lat="46.572537" lon="8.340212" />
      <trkpt lat="46.574207" lon="8.340209" />
      <trkpt lat="46.57571" lon="8.339761" />
      <trkpt lat="46.57632" lon="8.339705" />
      <trkpt lat="46.57645" lon="8.339509" />
      <trkpt lat="46.576354" lon="8.339312" />
      <trkpt lat="46.575669" lon="8.339544" />
      <trkpt lat="46.575302" lon="8.339531" />
      <trkpt lat="46.574156" lon="8.338719" />
      <trkpt lat="46.573677" lon="8.337725" />
      <trkpt lat="46.573447" lon="8.336593" />
      <trkpt lat="46.57351" lon="8.336304" />
      <trkpt lat="46.573689" lon="8.33638" />
      <trkpt lat="46.573777" lon="8.33707" />
      <trkpt lat="46.573994" lon="8.337461" />
      <trkpt lat="46.57504" lon="8.338027" />
      <trkpt lat="46.575699" lon="8.337958" />
      <trkpt lat="46.576639" lon="8.337035" />
      <trkpt lat="46.576943" lon="8.337078" />
      <trkpt lat="46.577446" lon="8.337433" />
      <trkpt lat="46.577697" lon="8.337436" />
      <trkpt lat="46.578684" lon="8.336292" />
      <trkpt lat="46.579551" lon="8.334606" />
      <trkpt lat="46.580469" lon="8.333964" />
      <trkpt lat="46.581052" lon="8.333177" />
      <trkpt lat="46.582424" lon="8.332883" />
      <trkpt lat="46.583439" lon="8.333173" />
      <trkpt lat="46.584363" lon="8.333247" />
      <trkpt lat="46.584848" lon="8.333021" />
      <trkpt lat="46.585663" lon="8.33291" />
      <trkpt lat="46.586365" lon="8.332151" />
      <trkpt lat="46.586977" lon="8.331715" />
      <trkpt lat="46.587463" lon="8.331108" />
      <trkpt lat="46.587697" lon="8.331105" />
      <trkpt lat="46.588306" lon="8.331505" />
      <trkpt lat="46.588659" lon="8.331459" />
      <trkpt lat="46.589823" lon="8.32952" />
      <trkpt lat="46.590512" lon="8.328703" />
      <trkpt lat="46.590669" lon="8.327643" />
      <trkpt lat="46.591088" lon="8.326673" />
      <trkpt lat="46.591907" lon="8.325759" />
      <trkpt lat="46.59223" lon="8.324962" />
      <trkpt lat="46.59248" lon="8.324959" />
      <trkpt lat="46.592933" lon="8.325674" />
      <trkpt lat="46.593591" lon="8.325767" />
      <trkpt lat="46.59403" lon="8.326187" />
      <trkpt lat="46.594239" lon="8.326121" />
      <trkpt lat="46.594255" lon="8.325676" />
      <trkpt lat="46.593499" lon="8.325378" />
      <trkpt lat="46.593082" lon="8.324543" />
      <trkpt lat="46.592842" lon="8.324321" />
      <trkpt lat="46.592535" lon="8.324276" />
      <trkpt lat="46.591884" lon="8.324493" />
      <trkpt lat="46.591269" lon="8.324998" />
      <trkpt lat="46.591098" lon="8.324778" />
      <trkpt lat="46.59118" lon="8.324622" />
      <trkpt lat="46.592271" lon="8.324068" />
      <trkpt lat="46.593156" lon="8.323845" />
      <trkpt lat="46.594077" lon="8.322815" />
      <trkpt lat="46.594576" lon="8.322443" />
      <trkpt lat="46.59501" lon="8.322437" />
      <trkpt lat="46.595808" lon="8.323035" />
      <trkpt lat="46.596235" lon="8.323852" />
      <trkpt lat="46.596598" lon="8.325381" />
      <trkpt lat="46.596936" lon="8.325637" />
      <trkpt lat="46.597356" lon="8.325484" />
      <trkpt lat="46.598429" lon="8.32447" />
      <trkpt lat="46.598879" lon="8.322494" />
      <trkpt lat="46.599534" lon="8.321515" />
      <trkpt lat="46.60597" lon="8.317699" />
      <trkpt lat="46.607799" lon="8.316101" />
      <trkpt lat="46.607822" lon="8.315831" />
      <trkpt lat="46.607679" lon="8.315774" />
      <trkpt lat="46.60721" lon="8.316288" />
      <trkpt lat="46.606338" lon="8.316745" />
      <trkpt lat="46.605996" lon="8.316678" />
      <trkpt lat="46.605626" lon="8.316328" />
      <trkpt lat="46.605415" lon="8.315818" />
      <trkpt lat="46.605107" lon="8.313695" />
      <trkpt lat="46.605151" lon="8.313046" />
      <trkpt lat="46.605432" lon="8.312322" />
      <trkpt lat="46.605954" lon="8.311761" />
      <trkpt lat="46.610128" lon="8.308255" />
      <trkpt lat="46.61054" lon="8.308089" />
      <trkpt lat="46.611037" lon="8.308109" />
      <trkpt lat="46.612024" lon="8.3088" />
      <trkpt lat="46.612521" lon="8.308869" />
      <trkpt lat="46.61294" lon="8.308611" />
      <trkpt lat="46.61335" lon="8.307815" />
      <trkpt lat="46.613804" lon="8.307752" />
      <trkpt lat="46.61335" lon="8.307815" />
      <trkpt lat="46.613642" lon="8.307487" />
      <trkpt lat="46.614771" lon="8.307087" />
      <trkpt lat="46.614984" lon="8.306499" />
      <trkpt lat="46.614762" lon="8.30535" />
      <trkpt lat="46.614864" lon="8.303979" />
      <trkpt lat="46.61506" lon="8.304159" />
      <trkpt lat="46.614861" lon="8.304778" />
      <trkpt lat="46.614887" lon="8.305134" />
      <trkpt lat="46.615331" lon="8.30604" />
      <trkpt lat="46.615422" lon="8.306979" />
      <trkpt lat="46.61555" lon="8.307128" />
      <trkpt lat="46.615687" lon="8.306943" />
      <trkpt lat="46.615805" lon="8.305423" />
      <trkpt lat="46.616055" lon="8.304998" />
      <trkpt lat="46.616296" lon="8.304871" />
      <trkpt lat="46.61673" lon="8.304925" />
      <trkpt lat="46.61836" lon="8.305645" />
      <trkpt lat="46.619897" lon="8.305504" />
      <trkpt lat="46.621243" lon="8.30621" />
      <trkpt lat="46.622255" lon="8.306551" />
      <trkpt lat="46.623254" lon="8.306541" />
      <trkpt lat="46.623887" lon="8.30633" />
      <trkpt lat="46.624358" lon="8.306006" />
      <trkpt lat="46.625708" lon="8.303992" />
      <trkpt lat="46.626248" lon="8.303502" />
      <trkpt lat="46.626712" lon="8.303301" />
      <trkpt lat="46.627429" lon="8.303409" />
      <trkpt lat="46.628176" lon="8.304072" />
      <trkpt lat="46.628693" lon="8.304302" />
      <trkpt lat="46.629731" lon="8.304208" />
      <trkpt lat="46.630762" lon="8.304334" />
      <trkpt lat="46.631531" lon="8.304211" />
      <trkpt lat="46.632254" lon="8.304499" />
      <trkpt lat="46.632716" lon="8.304534" />
      <trkpt lat="46.634249" lon="8.304342" />
      <trkpt lat="46.635009" lon="8.304002" />
      <trkpt lat="46.635869" lon="8.303876" />
      <trkpt lat="46.636868" lon="8.303353" />
      <trkpt lat="46.63814" lon="8.303471" />
      <trkpt lat="46.638546" lon="8.303377" />
      <trkpt lat="46.638942" lon="8.303107" />
      <trkpt lat="46.639681" lon="8.302251" />
      <trkpt lat="46.640167" lon="8.301999" />
      <trkpt lat="46.6434" lon="8.301638" />
      <trkpt lat="46.644884" lon="8.301817" />
      <trkpt lat="46.645273" lon="8.30169" />
      <trkpt lat="46.645604" lon="8.301395" />
      <trkpt lat="46.646621" lon="8.299879" />
      <trkpt lat="46.64782" lon="8.298798" />
      <trkpt lat="46.6497" lon="8.296098" />
      <trkpt lat="46.649947" lon="8.295541" />
      <trkpt lat="46.650117" lon="8.294402" />
      <trkpt lat="46.650389" lon="8.293856" />
      <trkpt lat="46.650723" lon="8.293615" />
      <trkpt lat="46.651762" lon="8.29328" />
      <trkpt lat="46.652542" lon="8.292734" />
      <trkpt lat="46.655204" lon="8.289198" />
      <trkpt lat="46.656262" lon="8.28696" />
      <trkpt lat="46.656638" lon="8.286718" />
      <trkpt lat="46.657864" lon="8.286575" />
      <trkpt lat="46.658232" lon="8.286284" />
      <trkpt lat="46.65894" lon="8.285303" />
      <trkpt lat="46.659197" lon="8.284648" />
      <trkpt lat="46.659107" lon="8.283088" />
      <trkpt lat="46.659428" lon="8.281516" />
      <trkpt lat="46.65997" lon="8.280205" />
      <trkpt lat="46.661076" lon="8.27834" />
      <trkpt lat="46.661118" lon="8.277834" />
      <trkpt lat="46.660833" lon="8.27671" />
      <trkpt lat="46.660923" lon="8.276198" />
      <trkpt lat="46.661999" lon="8.275885" />
      <trkpt lat="46.662675" lon="8.275339" />
      <trkpt lat="46.66339" lon="8.274104" />
      <trkpt lat="46.663852" lon="8.272737" />
      <trkpt lat="46.664078" lon="8.272849" />
      <trkpt lat="46.664764" lon="8.274791" />
      <trkpt lat="46.664909" lon="8.274889" />
      <trkpt lat="46.665079" lon="8.274792" />
      <trkpt lat="46.665318" lon="8.273705" />
      <trkpt lat="46.666359" lon="8.270839" />
      <trkpt lat="46.667975" lon="8.268962" />
      <trkpt lat="46.668177" lon="8.267403" />
      <trkpt lat="46.668372" lon="8.267312" />
      <trkpt lat="46.668549" lon="8.26757" />
      <trkpt lat="46.668325" lon="8.2687" />
      <trkpt lat="46.668467" lon="8.269005" />
      <trkpt lat="46.669152" lon="8.268759" />
      <trkpt lat="46.669657" lon="8.268196" />
      <trkpt lat="46.67024" lon="8.266637" />
      <trkpt lat="46.670466" lon="8.264929" />
      <trkpt lat="46.671505" lon="8.262351" />
      <trkpt lat="46.672449" lon="8.261527" />
      <trkpt lat="46.672964" lon="8.260704" />
      <trkpt lat="46.673683" lon="8.259077" />
      <trkpt lat="46.674105" lon="8.257508" />
      <trkpt lat="46.674617" lon="8.256518" />
      <trkpt lat="46.675164" lon="8.255785" />
      <trkpt lat="46.677651" lon="8.254215" />
      <trkpt lat="46.678152" lon="8.253424" />
      <trkpt lat="46.678489" lon="8.252174" />
      <trkpt lat="46.679176" lon="8.251163" />
      <trkpt lat="46.679708" lon="8.250786" />
      <trkpt lat="46.681396" lon="8.249024" />
      <trkpt lat="46.683392" lon="8.247598" />
      <trkpt lat="46.683893" lon="8.24624" />
      <trkpt lat="46.684223" lon="8.243994" />
      <trkpt lat="46.684406" lon="8.243588" />
      <trkpt lat="46.684985" lon="8.243167" />
      <trkpt lat="46.685604" lon="8.242432" />
      <trkpt lat="46.686181" lon="8.24237" />
      <trkpt lat="46.686647" lon="8.242632" />
      <trkpt lat="46.686916" lon="8.24354" />
      <trkpt lat="46.687165" lon="8.243899" />
      <trkpt lat="46.687536" lon="8.244033" />
      <trkpt lat="46.687949" lon="8.244004" />
      <trkpt lat="46.688396" lon="8.243685" />
      <trkpt lat="46.68893" lon="8.24252" />
      <trkpt lat="46.689866" lon="8.24214" />
      <trkpt lat="46.691405" lon="8.240324" />
      <trkpt lat="46.692003" lon="8.239908" />
      <trkpt lat="46.692597" lon="8.239747" />
      <trkpt lat="46.692982" lon="8.239821" />
      <trkpt lat="46.693564" lon="8.240184" />
      <trkpt lat="46.695036" lon="8.240107" />
      <trkpt lat="46.695569" lon="8.239875" />
      <trkpt lat="46.696176" lon="8.23924" />
      <trkpt lat="46.696931" lon="8.237725" />
      <trkpt lat="46.700272" lon="8.233206" />
      <trkpt lat="46.703796" lon="8.229944" />
      <trkpt lat="46.705231" lon="8.229572" />
      <trkpt lat="46.70587" lon="8.22921" />
      <trkpt lat="46.70611" lon="8.229754" />
      <trkpt lat="46.706512" lon="8.230163" />
      <trkpt lat="46.706604" lon="8.230554" />
      <trkpt lat="46.7066" lon="8.23303" />
      <trkpt lat="46.706138" lon="8.233824" />
      <trkpt lat="46.706114" lon="8.234826" />
      <trkpt lat="46.70623" lon="8.235307" />
      <trkpt lat="46.707117" lon="8.236602" />
      <trkpt lat="46.707312" lon="8.236487" />
      <trkpt lat="46.707509" lon="8.235805" />
      <trkpt lat="46.707905" lon="8.235341" />
      <trkpt lat="46.708198" lon="8.235277" />
      <trkpt lat="46.70842" lon="8.235544" />
      <trkpt lat="46.708451" lon="8.238425" />
      <trkpt lat="46.70864" lon="8.239529" />
      <trkpt lat="46.708132" lon="8.240301" />
      <trkpt lat="46.707774" lon="8.240487" />
      <trkpt lat="46.707215" lon="8.24048" />
      <trkpt lat="46.707048" lon="8.240918" />
      <trkpt lat="46.707203" lon="8.24121" />
      <trkpt lat="46.709012" lon="8.243079" />
      <trkpt lat="46.709071" lon="8.243408" />
      <trkpt lat="46.708922" lon="8.244474" />
      <trkpt lat="46.709019" lon="8.244983" />
      <trkpt lat="46.709802" lon="8.246779" />
      <trkpt lat="46.71096" lon="8.248023" />
      <trkpt lat="46.711023" lon="8.24919" />
      <trkpt lat="46.710735" lon="8.250618" />
      <trkpt lat="46.710971" lon="8.253568" />
      <trkpt lat="46.710937" lon="8.254972" />
      <trkpt lat="46.711422" lon="8.256275" />
      <trkpt lat="46.711918" lon="8.257139" />
      <trkpt lat="46.712855" lon="8.260489" />
      <trkpt lat="46.713172" lon="8.261122" />
      <trkpt lat="46.713848" lon="8.261915" />
      <trkpt lat="46.713951" lon="8.263658" />
      <trkpt lat="46.714423" lon="8.265215" />
      <trkpt lat="46.714288" lon="8.266216" />
      <trkpt lat="46.71375" lon="8.267219" />
      <trkpt lat="46.713659" lon="8.267893" />
      <trkpt lat="46.714328" lon="8.269622" />
      <trkpt lat="46.714175" lon="8.271102" />
      <trkpt lat="46.714796" lon="8.274043" />
      <trkpt lat="46.715812" lon="8.276911" />
      <trkpt lat="46.716176" lon="8.280306" />
      <trkpt lat="46.716422" lon="8.280907" />
      <trkpt lat="46.717953" lon="8.283352" />
      <trkpt lat="46.719495" lon="8.287347" />
      <trkpt lat="46.720324" lon="8.289867" />
      <trkpt lat="46.720326" lon="8.291534" />
      <trkpt lat="46.720086" lon="8.291847" />
      <trkpt lat="46.719355" lon="8.292296" />
      <trkpt lat="46.719176" lon="8.292992" />
      <trkpt lat="46.719408" lon="8.294246" />
      <trkpt lat="46.720303" lon="8.295314" />
      <trkpt lat="46.720514" lon="8.295901" />
      <trkpt lat="46.720675" lon="8.297701" />
      <trkpt lat="46.720557" lon="8.298031" />
      <trkpt lat="46.720092" lon="8.298525" />
      <trkpt lat="46.719998" lon="8.299113" />
      <trkpt lat="46.720497" lon="8.300122" />
      <trkpt lat="46.720752" lon="8.301093" />
      <trkpt lat="46.721375" lon="8.302342" />
      <trkpt lat="46.721769" lon="8.304375" />
      <trkpt lat="46.72169" lon="8.304902" />
      <trkpt lat="46.720899" lon="8.307084" />
      <trkpt lat="46.721075" lon="8.308721" />
      <trkpt lat="46.721538" lon="8.310091" />
      <trkpt lat="46.721677" lon="8.311387" />
      <trkpt lat="46.721238" lon="8.312154" />
      <trkpt lat="46.7208" lon="8.3138" />
      <trkpt lat="46.720863" lon="8.3148" />
      <trkpt lat="46.720614" lon="8.315819" />
      <trkpt lat="46.720667" lon="8.318123" />
      <trkpt lat="46.720824" lon="8.318331" />
      <trkpt lat="46.72105" lon="8.318216" />
      <trkpt lat="46.721241" lon="8.317074" />
      <trkpt lat="46.721858" lon="8.315785" />
      <trkpt lat="46.722029" lon="8.315011" />
      <trkpt lat="46.722276" lon="8.314753" />
      <trkpt lat="46.722529" lon="8.314802" />
      <trkpt lat="46.722733" lon="8.315132" />
      <trkpt lat="46.722899" lon="8.316172" />
      <trkpt lat="46.723377" lon="8.316867" />
      <trkpt lat="46.723583" lon="8.318282" />
      <trkpt lat="46.724251" lon="8.320617" />
      <trkpt lat="46.72417" lon="8.321277" />
      <trkpt lat="46.723302" lon="8.323838" />
      <trkpt lat="46.723333" lon="8.324257" />
      <trkpt lat="46.723867" lon="8.324732" />
      <trkpt lat="46.724221" lon="8.325264" />
      <trkpt lat="46.724602" lon="8.327095" />
      <trkpt lat="46.725383" lon="8.328525" />
      <trkpt lat="46.727254" lon="8.330902" />
      <trkpt lat="46.728019" lon="8.33153" />
      <trkpt lat="46.72928" lon="8.332202" />
      <trkpt lat="46.730023" lon="8.333271" />
      <trkpt lat="46.732154" lon="8.338358" />
      <trkpt lat="46.734043" lon="8.341435" />
      <trkpt lat="46.734911" lon="8.342506" />
      <trkpt lat="46.735171" lon="8.343296" />
      <trkpt lat="46.735418" lon="8.345157" />
      <trkpt lat="46.736624" lon="8.348099" />
      <trkpt lat="46.738123" lon="8.35362" />
      <trkpt lat="46.738078" lon="8.356718" />
      <trkpt lat="46.738618" lon="8.359415" />
      <trkpt lat="46.73836" lon="8.362297" />
      <trkpt lat="46.73866" lon="8.36519" />
      <trkpt lat="46.739094" lon="8.366651" />
      <trkpt lat="46.739176" lon="8.371236" />
      <trkpt lat="46.739325" lon="8.372361" />
      <trkpt lat="46.739068" lon="8.375096" />
      <trkpt lat="46.739228" lon="8.37607" />
      <trkpt lat="46.739178" lon="8.376444" />
      <trkpt lat="46.738987" lon="8.376712" />
      <trkpt lat="46.738699" lon="8.376784" />
      <trkpt lat="46.73811" lon="8.376044" />
      <trkpt lat="46.737986" lon="8.376053" />
      <trkpt lat="46.737926" lon="8.376232" />
      <trkpt lat="46.738853" lon="8.377659" />
      <trkpt lat="46.7394" lon="8.377979" />
      <trkpt lat="46.739879" lon="8.377902" />
      <trkpt lat="46.739963" lon="8.378094" />
      <trkpt lat="46.739847" lon="8.378266" />
      <trkpt lat="46.739005" lon="8.378319" />
      <trkpt lat="46.738473" lon="8.37798" />
      <trkpt lat="46.738055" lon="8.377485" />
      <trkpt lat="46.73777" lon="8.377542" />
      <trkpt lat="46.737439" lon="8.378536" />
      <trkpt lat="46.737469" lon="8.380731" />
      <trkpt lat="46.736866" lon="8.381652" />
      <trkpt lat="46.736551" lon="8.382695" />
      <trkpt lat="46.736514" lon="8.383394" />
      <trkpt lat="46.736328" lon="8.383591" />
      <trkpt lat="46.736116" lon="8.383554" />
      <trkpt lat="46.735764" lon="8.38291" />
      <trkpt lat="46.735647" lon="8.383195" />
      <trkpt lat="46.736182" lon="8.383958" />
      <trkpt lat="46.73677" lon="8.384024" />
      <trkpt lat="46.736902" lon="8.383784" />
      <trkpt lat="46.737007" lon="8.382462" />
      <trkpt lat="46.737197" lon="8.382312" />
      <trkpt lat="46.73798" lon="8.382352" />
      <trkpt lat="46.73871" lon="8.380881" />
      <trkpt lat="46.738949" lon="8.380651" />
      <trkpt lat="46.739389" lon="8.380659" />
      <trkpt lat="46.740154" lon="8.381273" />
      <trkpt lat="46.741293" lon="8.38178" />
      <trkpt lat="46.74196" lon="8.381406" />
      <trkpt lat="46.742375" lon="8.380687" />
      <trkpt lat="46.74255" lon="8.380828" />
      <trkpt lat="46.741835" lon="8.381872" />
      <trkpt lat="46.741421" lon="8.382231" />
      <trkpt lat="46.739927" lon="8.381792" />
      <trkpt lat="46.739667" lon="8.381927" />
      <trkpt lat="46.739359" lon="8.383281" />
      <trkpt lat="46.738611" lon="8.38432" />
      <trkpt lat="46.738609" lon="8.385115" />
      <trkpt lat="46.738142" lon="8.386955" />
      <trkpt lat="46.738155" lon="8.388051" />
      <trkpt lat="46.737921" lon="8.388501" />
      <trkpt lat="46.737652" lon="8.388617" />
      <trkpt lat="46.73736" lon="8.388504" />
      <trkpt lat="46.737082" lon="8.387845" />
      <trkpt lat="46.736261" lon="8.386646" />
      <trkpt lat="46.735674" lon="8.386284" />
      <trkpt lat="46.735287" lon="8.386511" />
      <trkpt lat="46.734602" lon="8.387979" />
      <trkpt lat="46.734611" lon="8.389264" />
      <trkpt lat="46.735348" lon="8.39228" />
      <trkpt lat="46.736023" lon="8.394008" />
      <trkpt lat="46.736853" lon="8.395557" />
      <trkpt lat="46.73706" lon="8.395643" />
      <trkpt lat="46.737325" lon="8.395546" />
      <trkpt lat="46.738494" lon="8.393935" />
      <trkpt lat="46.739095" lon="8.393546" />
      <trkpt lat="46.739487" lon="8.392876" />
      <trkpt lat="46.739681" lon="8.392211" />
      <trkpt lat="46.739714" lon="8.39133" />
      <trkpt lat="46.739529" lon="8.390595" />
      <trkpt lat="46.739649" lon="8.390408" />
      <trkpt lat="46.739788" lon="8.390598" />
      <trkpt lat="46.739935" lon="8.392634" />
      <trkpt lat="46.739512" lon="8.393885" />
      <trkpt lat="46.738698" lon="8.394818" />
      <trkpt lat="46.737743" lon="8.397022" />
      <trkpt lat="46.73746" lon="8.398192" />
      <trkpt lat="46.736976" lon="8.39895" />
      <trkpt lat="46.736602" lon="8.399093" />
      <trkpt lat="46.735486" lon="8.39845" />
      <trkpt lat="46.734827" lon="8.399803" />
      <trkpt lat="46.734966" lon="8.401338" />
      <trkpt lat="46.735523" lon="8.402484" />
      <trkpt lat="46.735808" lon="8.404734" />
      <trkpt lat="46.735172" lon="8.407391" />
      <trkpt lat="46.734831" lon="8.40833" />
      <trkpt lat="46.734209" lon="8.40935" />
      <trkpt lat="46.733848" lon="8.409419" />
      <trkpt lat="46.733042" lon="8.409067" />
      <trkpt lat="46.73172" lon="8.410041" />
      <trkpt lat="46.731483" lon="8.410526" />
      <trkpt lat="46.731131" lon="8.419141" />
      <trkpt lat="46.731247" lon="8.420333" />
      <trkpt lat="46.731678" lon="8.422179" />
      <trkpt lat="46.73184" lon="8.423854" />
      <trkpt lat="46.730924" lon="8.426947" />
      <trkpt lat="46.730949" lon="8.42727" />
      <trkpt lat="46.731131" lon="8.427367" />
      <trkpt lat="46.731268" lon="8.427241" />
      <trkpt lat="46.731587" lon="8.426223" />
      <trkpt lat="46.73214" lon="8.425079" />
      <trkpt lat="46.732426" lon="8.423588" />
      <trkpt lat="46.732172" lon="8.415106" />
      <trkpt lat="46.732251" lon="8.414472" />
      <trkpt lat="46.732956" lon="8.4128" />
      <trkpt lat="46.733093" lon="8.413068" />
      <trkpt lat="46.732476" lon="8.414579" />
      <trkpt lat="46.732354" lon="8.415461" />
      <trkpt lat="46.732761" lon="8.418615" />
      <trkpt lat="46.733335" lon="8.419673" />
      <trkpt lat="46.733705" lon="8.420908" />
      <trkpt lat="46.733793" lon="8.421888" />
      <trkpt lat="46.734129" lon="8.422844" />
      <trkpt lat="46.734142" lon="8.423867" />
      <trkpt lat="46.734484" lon="8.425674" />
      <trkpt lat="46.734371" lon="8.426354" />
      <trkpt lat="46.733163" lon="8.429127" />
      <trkpt lat="46.732718" lon="8.433886" />
      <trkpt lat="46.732519" lon="8.434916" />
      <trkpt lat="46.731774" lon="8.436595" />
      <trkpt lat="46.730139" lon="8.438559" />
      <trkpt lat="46.729601" lon="8.439608" />
      <trkpt lat="46.728817" lon="8.440638" />
      <trkpt lat="46.727922" lon="8.441343" />
      <trkpt lat="46.726822" lon="8.441548" />
      <trkpt lat="46.72669" lon="8.441725" />
      <trkpt lat="46.726799" lon="8.441924" />
      <trkpt lat="46.727968" lon="8.442069" />
      <trkpt lat="46.729399" lon="8.441804" />
      <trkpt lat="46.729729" lon="8.441474" />
      <trkpt lat="46.730337" lon="8.439844" />
      <trkpt lat="46.730519" lon="8.43978" />
      <trkpt lat="46.730562" lon="8.439997" />
      <trkpt lat="46.730207" lon="8.440734" />
      <trkpt lat="46.72987" lon="8.44253" />
      <trkpt lat="46.729389" lon="8.444095" />
      <trkpt lat="46.729636" lon="8.444688" />
      <trkpt lat="46.72961" lon="8.445592" />
      <trkpt lat="46.729807" lon="8.446198" />
      <trkpt lat="46.729714" lon="8.446665" />
      <trkpt lat="46.729345" lon="8.447054" />
      <trkpt lat="46.731416" lon="8.451394" />
      <trkpt lat="46.731828" lon="8.451819" />
      <trkpt lat="46.734085" lon="8.452058" />
      <trkpt lat="46.73484" lon="8.452359" />
      <trkpt lat="46.735514" lon="8.451988" />
      <trkpt lat="46.736261" lon="8.452151" />
      <trkpt lat="46.736979" lon="8.451883" />
      <trkpt lat="46.737219" lon="8.451947" />
      <trkpt lat="46.737682" lon="8.452481" />
      <trkpt lat="46.738217" lon="8.45284" />
      <trkpt lat="46.738536" lon="8.453459" />
      <trkpt lat="46.73926" lon="8.454303" />
      <trkpt lat="46.739874" lon="8.455776" />
      <trkpt lat="46.73996" lon="8.457339" />
      <trkpt lat="46.7398" lon="8.457315" />
      <trkpt lat="46.739815" lon="8.456466" />
      <trkpt lat="46.739672" lon="8.455893" />
      <trkpt lat="46.739131" lon="8.455105" />
      <trkpt lat="46.738852" lon="8.454409" />
      <trkpt lat="46.738347" lon="8.454073" />
      <trkpt lat="46.737575" lon="8.45417" />
      <trkpt lat="46.736829" lon="8.453821" />
      <trkpt lat="46.735113" lon="8.454404" />
      <trkpt lat="46.734466" lon="8.454925" />
      <trkpt lat="46.733801" lon="8.454648" />
      <trkpt lat="46.733361" lon="8.454291" />
      <trkpt lat="46.733234" lon="8.454359" />
      <trkpt lat="46.733247" lon="8.454522" />
      <trkpt lat="46.73468" lon="8.455346" />
      <trkpt lat="46.735446" lon="8.455171" />
      <trkpt lat="46.736258" lon="8.455282" />
      <trkpt lat="46.736893" lon="8.455147" />
      <trkpt lat="46.737215" lon="8.455271" />
      <trkpt lat="46.738146" lon="8.456221" />
      <trkpt lat="46.739082" lon="8.458725" />
      <trkpt lat="46.73999" lon="8.460397" />
      <trkpt lat="46.740209" lon="8.46066" />
      <trkpt lat="46.740691" lon="8.460919" />
      <trkpt lat="46.741116" lon="8.461828" />
      <trkpt lat="46.741984" lon="8.462806" />
      <trkpt lat="46.742547" lon="8.463028" />
      <trkpt lat="46.743056" lon="8.463447" />
      <trkpt lat="46.744645" lon="8.463242" />
      <trkpt lat="46.745057" lon="8.463528" />
      <trkpt lat="46.745715" lon="8.463743" />
      <trkpt lat="46.746385" lon="8.464511" />
      <trkpt lat="46.747241" lon="8.464872" />
      <trkpt lat="46.747503" lon="8.465282" />
      <trkpt lat="46.747488" lon="8.465831" />
      <trkpt lat="46.746936" lon="8.46668" />
      <trkpt lat="46.746763" lon="8.467611" />
      <trkpt lat="46.747175" lon="8.468901" />
      <trkpt lat="46.747059" lon="8.470207" />
      <trkpt lat="46.747269" lon="8.472267" />
      <trkpt lat="46.747589" lon="8.473501" />
      <trkpt lat="46.747598" lon="8.474706" />
      <trkpt lat="46.746494" lon="8.478266" />
      <trkpt lat="46.746171" lon="8.479813" />
      <trkpt lat="46.745746" lon="8.483273" />
      <trkpt lat="46.745517" lon="8.484111" />
      <trkpt lat="46.745049" lon="8.487271" />
      <trkpt lat="46.744765" lon="8.489931" />
      <trkpt lat="46.744056" lon="8.492008" />
      <trkpt lat="46.743917" lon="8.493" />
      <trkpt lat="46.743469" lon="8.493875" />
      <trkpt lat="46.743359" lon="8.494776" />
      <trkpt lat="46.743055" lon="8.495719" />
      <trkpt lat="46.742078" lon="8.497151" />
      <trkpt lat="46.74168" lon="8.498301" />
      <trkpt lat="46.740863" lon="8.499931" />
      <trkpt lat="46.740854" lon="8.500989" />
      <trkpt lat="46.740651" lon="8.501898" />
      <trkpt lat="46.740881" lon="8.503129" />
      <trkpt lat="46.742247" lon="8.505453" />
      <trkpt lat="46.742857" lon="8.506242" />
      <trkpt lat="46.743476" lon="8.507548" />
      <trkpt lat="46.74369" lon="8.508462" />
      <trkpt lat="46.743517" lon="8.508758" />
      <trkpt lat="46.742461" lon="8.509384" />
      <trkpt lat="46.740875" lon="8.511138" />
      <trkpt lat="46.740174" lon="8.512337" />
      <trkpt lat="46.739509" lon="8.513074" />
      <trkpt lat="46.738581" lon="8.515892" />
      <trkpt lat="46.737404" lon="8.517795" />
      <trkpt lat="46.736285" lon="8.520901" />
      <trkpt lat="46.735749" lon="8.52413" />
      <trkpt lat="46.735712" lon="8.525581" />
      <trkpt lat="46.735096" lon="8.528527" />
      <trkpt lat="46.733922" lon="8.531818" />
      <trkpt lat="46.733979" lon="8.532858" />
      <trkpt lat="46.733761" lon="8.534391" />
      <trkpt lat="46.733233" lon="8.536376" />
      <trkpt lat="46.7329" lon="8.538852" />
      <trkpt lat="46.732223" lon="8.54007" />
      <trkpt lat="46.731687" lon="8.541816" />
      <trkpt lat="46.730784" lon="8.5437" />
      <trkpt lat="46.729275" lon="8.545827" />
      <trkpt lat="46.728975" lon="8.546638" />
      <trkpt lat="46.727916" lon="8.547874" />
      <trkpt lat="46.726394" lon="8.5515" />
      <trkpt lat="46.725144" lon="8.552715" />
      <trkpt lat="46.724752" lon="8.554331" />
      <trkpt lat="46.724373" lon="8.554917" />
      <trkpt lat="46.723805" lon="8.55537" />
      <trkpt lat="46.723414" lon="8.55615" />
      <trkpt lat="46.7232" lon="8.557099" />
      <trkpt lat="46.723255" lon="8.558996" />
      <trkpt lat="46.722538" lon="8.560039" />
      <trkpt lat="46.722262" lon="8.56078" />
      <trkpt lat="46.722226" lon="8.561489" />
      <trkpt lat="46.722408" lon="8.562844" />
      <trkpt lat="46.721951" lon="8.564325" />
      <trkpt lat="46.722035" lon="8.565257" />
      <trkpt lat="46.721729" lon="8.565724" />
      <trkpt lat="46.721629" lon="8.566503" />
      <trkpt lat="46.721312" lon="8.56719" />
      <trkpt lat="46.721078" lon="8.568133" />
      <trkpt lat="46.720431" lon="8.569232" />
      <trkpt lat="46.720187" lon="8.570798" />
      <trkpt lat="46.718791" lon="8.572787" />
      <trkpt lat="46.717984" lon="8.575355" />
      <trkpt lat="46.716745" lon="8.577726" />
      <trkpt lat="46.7164" lon="8.580235" />
      <trkpt lat="46.716211" lon="8.580814" />
      <trkpt lat="46.71411" lon="8.58382" />
      <trkpt lat="46.712885" lon="8.586216" />
      <trkpt lat="46.712513" lon="8.587929" />
      <trkpt lat="46.712139" lon="8.588815" />
      <trkpt lat="46.711565" lon="8.591445" />
      <trkpt lat="46.711541" lon="8.592801" />
      <trkpt lat="46.711121" lon="8.594545" />
      <trkpt lat="46.710984" lon="8.594837" />
      <trkpt lat="46.710406" lon="8.595242" />
      <trkpt lat="46.710096" lon="8.595835" />
      <trkpt lat="46.710004" lon="8.597043" />
      <trkpt lat="46.709761" lon="8.597981" />
      <trkpt lat="46.709879" lon="8.598806" />
      <trkpt lat="46.710398" lon="8.599663" />
      <trkpt lat="46.710598" lon="8.60039" />
      <trkpt lat="46.711243" lon="8.601619" />
      <trkpt lat="46.711667" lon="8.602184" />
      <trkpt lat="46.711646" lon="8.602437" />
      <trkpt lat="46.711492" lon="8.602419" />
      <trkpt lat="46.709436" lon="8.599599" />
      <trkpt lat="46.709235" lon="8.598147" />
      <trkpt lat="46.709297" lon="8.597432" />
      <trkpt lat="46.709031" lon="8.596635" />
      <trkpt lat="46.708802" lon="8.596407" />
      <trkpt lat="46.708538" lon="8.59662" />
      <trkpt lat="46.708443" lon="8.597908" />
      <trkpt lat="46.708223" lon="8.598354" />
      <trkpt lat="46.708042" lon="8.598357" />
      <trkpt lat="46.707615" lon="8.597981" />
      <trkpt lat="46.70687" lon="8.597893" />
      <trkpt lat="46.706508" lon="8.598174" />
      <trkpt lat="46.705825" lon="8.599241" />
      <trkpt lat="46.705006" lon="8.598767" />
      <trkpt lat="46.703816" lon="8.598711" />
      <trkpt lat="46.703346" lon="8.598562" />
      <trkpt lat="46.702316" lon="8.597655" />
      <trkpt lat="46.701069" lon="8.596837" />
      <trkpt lat="46.699696" lon="8.596285" />
      <trkpt lat="46.698934" lon="8.596173" />
      <trkpt lat="46.696702" lon="8.596618" />
      <trkpt lat="46.696111" lon="8.596595" />
      <trkpt lat="46.69404" lon="8.595812" />
      <trkpt lat="46.692883" lon="8.594884" />
      <trkpt lat="46.692498" lon="8.594844" />
      <trkpt lat="46.69178" lon="8.59511" />
      <trkpt lat="46.691354" lon="8.595095" />
      <trkpt lat="46.690153" lon="8.594481" />
      <trkpt lat="46.689012" lon="8.594315" />
      <trkpt lat="46.687883" lon="8.593583" />
      <trkpt lat="46.687311" lon="8.593605" />
      <trkpt lat="46.68541" lon="8.594527" />
      <trkpt lat="46.684904" lon="8.594525" />
      <trkpt lat="46.684254" lon="8.594268" />
      <trkpt lat="46.683578" lon="8.594556" />
      <trkpt lat="46.683236" lon="8.594413" />
      <trkpt lat="46.682489" lon="8.59329" />
      <trkpt lat="46.681668" lon="8.593837" />
      <trkpt lat="46.680524" lon="8.593949" />
      <trkpt lat="46.679375" lon="8.593829" />
      <trkpt lat="46.677816" lon="8.593399" />
      <trkpt lat="46.675941" lon="8.593604" />
      <trkpt lat="46.674433" lon="8.593616" />
      <trkpt lat="46.671229" lon="8.592686" />
      <trkpt lat="46.671023" lon="8.592171" />
      <trkpt lat="46.670929" lon="8.592358" />
      <trkpt lat="46.670478" lon="8.592515" />
      <trkpt lat="46.667617" lon="8.592058" />
      <trkpt lat="46.666675" lon="8.592462" />
      <trkpt lat="46.66611" lon="8.592468" />
      <trkpt lat="46.665631" lon="8.592163" />
      <trkpt lat="46.663799" lon="8.5903" />
      <trkpt lat="46.662582" lon="8.58943" />
      <trkpt lat="46.660777" lon="8.585958" />
      <trkpt lat="46.659954" lon="8.585919" />
      <trkpt lat="46.658298" lon="8.584612" />
      <trkpt lat="46.658302" lon="8.584873" />
      <trkpt lat="46.659082" lon="8.585649" />
      <trkpt lat="46.659129" lon="8.585862" />
      <trkpt lat="46.659017" lon="8.585933" />
      <trkpt lat="46.658475" lon="8.585314" />
      <trkpt lat="46.657315" lon="8.584558" />
      <trkpt lat="46.656047" lon="8.584117" />
      <trkpt lat="46.655668" lon="8.583853" />
      <trkpt lat="46.65554" lon="8.583583" />
      <trkpt lat="46.655563" lon="8.583192" />
      <trkpt lat="46.656033" lon="8.582583" />
      <trkpt lat="46.656526" lon="8.582258" />
      <trkpt lat="46.656564" lon="8.582087" />
      <trkpt lat="46.656435" lon="8.58199" />
      <trkpt lat="46.65448" lon="8.583703" />
      <trkpt lat="46.653053" lon="8.584701" />
      <trkpt lat="46.65263" lon="8.584788" />
      <trkpt lat="46.651975" lon="8.584552" />
      <trkpt lat="46.65117" lon="8.585395" />
      <trkpt lat="46.650212" lon="8.58572" />
      <trkpt lat="46.649827" lon="8.586377" />
      <trkpt lat="46.64971" lon="8.587571" />
      <trkpt lat="46.649486" lon="8.58763" />
      <trkpt lat="46.649349" lon="8.587407" />
      <trkpt lat="46.649507" lon="8.586592" />
      <trkpt lat="46.649346" lon="8.586653" />
      <trkpt lat="46.649141" lon="8.587052" />
      <trkpt lat="46.649099" lon="8.587611" />
      <trkpt lat="46.649249" lon="8.58852" />
      <trkpt lat="46.649164" lon="8.588704" />
      <trkpt lat="46.649041" lon="8.588585" />
      <trkpt lat="46.648791" lon="8.587498" />
      <trkpt lat="46.648834" lon="8.587088" />
      <trkpt lat="46.649159" lon="8.586512" />
      <trkpt lat="46.64909" lon="8.586353" />
      <trkpt lat="46.648921" lon="8.58645" />
      <trkpt lat="46.648571" lon="8.587226" />
      <trkpt lat="46.648643" lon="8.589561" />
      <trkpt lat="46.648401" lon="8.590252" />
      <trkpt lat="46.647991" lon="8.5908" />
      <trkpt lat="46.647646" lon="8.590822" />
      <trkpt lat="46.645945" lon="8.590253" />
      <trkpt lat="46.645634" lon="8.590434" />
      <trkpt lat="46.644954" lon="8.591307" />
      <trkpt lat="46.642074" lon="8.592027" />
      <trkpt lat="46.64148" lon="8.592085" />
      <trkpt lat="46.641015" lon="8.591882" />
      <trkpt lat="46.640911" lon="8.592077" />
      <trkpt lat="46.640941" lon="8.59265" />
      <trkpt lat="46.640231" lon="8.592923" />
      <trkpt lat="46.63912" lon="8.594144" />
      <trkpt lat="46.638244" lon="8.594565" />
      <trkpt lat="46.636803" lon="8.595003" />
      <trkpt lat="46.634752" lon="8.596306" />
      <trkpt lat="46.63494" lon="8.596641" />
      <trkpt lat="46.635386" lon="8.596705" />
      <trkpt lat="46.635527" lon="8.596896" />
      <trkpt lat="46.63538" lon="8.597141" />
      <trkpt lat="46.634936" lon="8.596888" />
      <trkpt lat="46.634647" lon="8.596956" />
      <trkpt lat="46.63444" lon="8.597286" />
      <trkpt lat="46.634376" lon="8.597836" />
      <trkpt lat="46.634637" lon="8.598876" />
      <trkpt lat="46.635568" lon="8.599958" />
      <trkpt lat="46.635592" lon="8.600454" />
      <trkpt lat="46.635316" lon="8.601561" />
      <trkpt lat="46.635571" lon="8.602219" />
      <trkpt lat="46.635983" lon="8.602306" />
      <trkpt lat="46.636352" lon="8.601935" />
      <trkpt lat="46.636689" lon="8.6001" />
      <trkpt lat="46.636873" lon="8.599691" />
      <trkpt lat="46.637072" lon="8.59957" />
      <trkpt lat="46.637294" lon="8.599626" />
      <trkpt lat="46.637528" lon="8.60014" />
      <trkpt lat="46.63722" lon="8.601465" />
      <trkpt lat="46.636243" lon="8.603993" />
      <trkpt lat="46.636032" lon="8.605398" />
      <trkpt lat="46.635479" lon="8.606242" />
      <trkpt lat="46.635405" lon="8.606579" />
      <trkpt lat="46.635564" lon="8.606886" />
      <trkpt lat="46.635867" lon="8.606809" />
      <trkpt lat="46.636607" lon="8.604685" />
      <trkpt lat="46.637002" lon="8.60393" />
      <trkpt lat="46.638628" lon="8.601521" />
      <trkpt lat="46.639197" lon="8.601063" />
      <trkpt lat="46.6395" lon="8.601073" />
      <trkpt lat="46.639603" lon="8.601569" />
      <trkpt lat="46.638488" lon="8.602459" />
      <trkpt lat="46.637392" lon="8.60483" />
      <trkpt lat="46.637371" lon="8.605737" />
      <trkpt lat="46.6378" lon="8.606817" />
      <trkpt lat="46.637906" lon="8.607508" />
      <trkpt lat="46.63784" lon="8.608159" />
      <trkpt lat="46.637413" lon="8.609617" />
      <trkpt lat="46.637577" lon="8.609766" />
      <trkpt lat="46.63774" lon="8.60963" />
      <trkpt lat="46.637956" lon="8.608705" />
      <trkpt lat="46.638522" lon="8.607691" />
      <trkpt lat="46.639227" lon="8.604173" />
      <trkpt lat="46.63965" lon="8.60303" />
      <trkpt lat="46.639872" lon="8.602935" />
      <trkpt lat="46.639979" lon="8.603311" />
      <trkpt lat="46.639731" lon="8.60438" />
      <trkpt lat="46.63963" lon="8.605602" />
      <trkpt lat="46.639726" lon="8.610383" />
      <trkpt lat="46.639982" lon="8.611393" />
      <trkpt lat="46.640113" lon="8.611577" />
      <trkpt lat="46.640318" lon="8.611599" />
      <trkpt lat="46.640493" lon="8.611359" />
      <trkpt lat="46.640502" lon="8.610304" />
      <trkpt lat="46.64085" lon="8.609168" />
      <trkpt lat="46.64068" lon="8.607825" />
      <trkpt lat="46.640743" lon="8.607615" />
      <trkpt lat="46.640898" lon="8.607558" />
      <trkpt lat="46.641634" lon="8.609846" />
      <trkpt lat="46.641709" lon="8.611867" />
      <trkpt lat="46.642224" lon="8.617288" />
      <trkpt lat="46.642934" lon="8.620339" />
      <trkpt lat="46.645192" lon="8.625294" />
      <trkpt lat="46.646518" lon="8.626806" />
      <trkpt lat="46.649985" lon="8.631679" />
      <trkpt lat="46.652108" lon="8.634037" />
      <trkpt lat="46.652906" lon="8.635277" />
      <trkpt lat="46.65369" lon="8.636925" />
      <trkpt lat="46.654814" lon="8.637918" />
      <trkpt lat="46.655271" lon="8.638655" />
      <trkpt lat="46.656053" lon="8.641811" />
      <trkpt lat="46.656826" lon="8.643906" />
      <trkpt lat="46.657178" lon="8.64631" />
      <trkpt lat="46.657743" lon="8.648072" />
      <trkpt lat="46.65783" lon="8.650346" />
      <trkpt lat="46.659436" lon="8.654928" />
      <trkpt lat="46.661729" lon="8.664662" />
      <trkpt lat="46.6618" lon="8.665735" />
      <trkpt lat="46.661592" lon="8.668535" />
      <trkpt lat="46.661342" lon="8.669419" />
      <trkpt lat="46.660916" lon="8.670244" />
      <trkpt lat="46.660345" lon="8.670973" />
      <trkpt lat="46.659829" lon="8.671338" />
      <trkpt lat="46.658829" lon="8.671129" />
      <trkpt lat="46.65891" lon="8.67137" />
      <trkpt lat="46.659152" lon="8.671522" />
      <trkpt lat="46.65891" lon="8.67137" />
      <trkpt lat="46.658829" lon="8.671129" />
      <trkpt lat="46.658621" lon="8.671273" />
      <trkpt lat="46.65829" lon="8.67331" />
      <trkpt lat="46.657194" lon="8.6741" />
      <trkpt lat="46.65636" lon="8.676388" />
      <trkpt lat="46.655866" lon="8.677083" />
      <trkpt lat="46.655547" lon="8.677111" />
      <trkpt lat="46.654911" lon="8.676571" />
      <trkpt lat="46.654717" lon="8.676662" />
      <trkpt lat="46.654561" lon="8.677491" />
      <trkpt lat="46.654279" lon="8.678133" />
      <trkpt lat="46.653919" lon="8.678745" />
      <trkpt lat="46.653336" lon="8.679375" />
      <trkpt lat="46.65329" lon="8.679209" />
      <trkpt lat="46.653835" lon="8.678154" />
      <trkpt lat="46.653805" lon="8.677996" />
      <trkpt lat="46.653696" lon="8.678028" />
      <trkpt lat="46.65274" lon="8.679945" />
      <trkpt lat="46.652242" lon="8.681714" />
      <trkpt lat="46.652168" lon="8.681595" />
      <trkpt lat="46.652315" lon="8.680815" />
      <trkpt lat="46.652182" lon="8.679512" />
      <trkpt lat="46.652062" lon="8.679432" />
      <trkpt lat="46.6519" lon="8.681078" />
      <trkpt lat="46.65111" lon="8.684109" />
      <trkpt lat="46.650902" lon="8.683016" />
      <trkpt lat="46.651044" lon="8.681147" />
      <trkpt lat="46.650915" lon="8.681048" />
      <trkpt lat="46.650176" lon="8.683815" />
      <trkpt lat="46.65022" lon="8.685679" />
      <trkpt lat="46.649849" lon="8.683529" />
      <trkpt lat="46.649772" lon="8.683436" />
      <trkpt lat="46.64967" lon="8.683508" />
      <trkpt lat="46.649814" lon="8.684268" />
      <trkpt lat="46.649768" lon="8.6861" />
      <trkpt lat="46.649977" lon="8.687517" />
      <trkpt lat="46.649849" lon="8.687534" />
      <trkpt lat="46.649616" lon="8.686514" />
      <trkpt lat="46.649362" lon="8.686163" />
      <trkpt lat="46.648754" lon="8.686376" />
      <trkpt lat="46.648589" lon="8.686665" />
      <trkpt lat="46.648623" lon="8.68697" />
      <trkpt lat="46.649205" lon="8.6879" />
      <trkpt lat="46.649029" lon="8.691363" />
      <trkpt lat="46.649329" lon="8.693106" />
      <trkpt lat="46.649456" lon="8.693243" />
      <trkpt lat="46.649911" lon="8.693132" />
      <trkpt lat="46.650122" lon="8.693262" />
      <trkpt lat="46.650866" lon="8.695733" />
      <trkpt lat="46.651093" lon="8.69594" />
      <trkpt lat="46.651653" lon="8.696004" />
      <trkpt lat="46.652018" lon="8.696249" />
      <trkpt lat="46.653466" lon="8.698446" />
      <trkpt lat="46.653832" lon="8.699726" />
      <trkpt lat="46.653843" lon="8.700902" />
      <trkpt lat="46.654065" lon="8.70138" />
      <trkpt lat="46.654531" lon="8.701837" />
      <trkpt lat="46.654669" lon="8.702267" />
      <trkpt lat="46.654893" lon="8.706363" />
      <trkpt lat="46.655238" lon="8.708796" />
      <trkpt lat="46.655621" lon="8.709393" />
      <trkpt lat="46.655868" lon="8.710108" />
      <trkpt lat="46.656712" lon="8.71123" />
      <trkpt lat="46.657352" lon="8.71288" />
      <trkpt lat="46.658495" lon="8.714584" />
      <trkpt lat="46.659766" lon="8.717099" />
      <trkpt lat="46.661015" lon="8.72011" />
      <trkpt lat="46.662015" lon="8.723112" />
      <trkpt lat="46.662596" lon="8.727786" />
      <trkpt lat="46.663859" lon="8.733432" />
      <trkpt lat="46.664304" lon="8.736935" />
      <trkpt lat="46.664458" lon="8.739262" />
      <trkpt lat="46.665793" lon="8.742731" />
      <trkpt lat="46.66725" lon="8.74548" />
      <trkpt lat="46.667457" lon="8.745682" />
      <trkpt lat="46.667786" lon="8.745702" />
      <trkpt lat="46.668026" lon="8.74598" />
      <trkpt lat="46.668373" lon="8.745738" />
      <trkpt lat="46.66858" lon="8.744542" />
      <trkpt lat="46.669032" lon="8.744062" />
      <trkpt lat="46.67005" lon="8.743932" />
      <trkpt lat="46.67212" lon="8.744905" />
      <trkpt lat="46.672491" lon="8.746507" />
      <trkpt lat="46.67292" lon="8.747543" />
      <trkpt lat="46.675483" lon="8.750673" />
      <trkpt lat="46.675742" lon="8.751164" />
      <trkpt lat="46.676088" lon="8.752526" />
      <trkpt lat="46.675799" lon="8.754612" />
      <trkpt lat="46.676061" lon="8.756973" />
      <trkpt lat="46.67628" lon="8.757835" />
      <trkpt lat="46.677166" lon="8.759806" />
      <trkpt lat="46.677632" lon="8.760485" />
      <trkpt lat="46.678521" lon="8.761307" />
      <trkpt lat="46.679407" lon="8.761873" />
      <trkpt lat="46.680249" lon="8.761848" />
      <trkpt lat="46.680498" lon="8.762161" />
      <trkpt lat="46.68047" lon="8.76272" />
      <trkpt lat="46.679812" lon="8.763934" />
      <trkpt lat="46.679287" lon="8.766543" />
      <trkpt lat="46.679071" lon="8.768316" />
      <trkpt lat="46.679017" lon="8.770339" />
      <trkpt lat="46.679248" lon="8.7729" />
      <trkpt lat="46.680158" lon="8.775066" />
      <trkpt lat="46.680884" lon="8.77628" />
      <trkpt lat="46.681472" lon="8.777981" />
      <trkpt lat="46.681537" lon="8.780308" />
      <trkpt lat="46.680834" lon="8.782213" />
      <trkpt lat="46.680743" lon="8.783032" />
      <trkpt lat="46.681149" lon="8.783478" />
      <trkpt lat="46.681934" lon="8.783662" />
      <trkpt lat="46.682105" lon="8.784062" />
      <trkpt lat="46.681958" lon="8.784522" />
      <trkpt lat="46.680893" lon="8.785587" />
      <trkpt lat="46.680685" lon="8.78624" />
      <trkpt lat="46.681304" lon="8.788714" />
      <trkpt lat="46.681059" lon="8.79079" />
      <trkpt lat="46.681182" lon="8.792668" />
      <trkpt lat="46.680682" lon="8.795044" />
      <trkpt lat="46.680912" lon="8.796698" />
      <trkpt lat="46.680942" lon="8.798107" />
      <trkpt lat="46.680633" lon="8.80295" />
      <trkpt lat="46.680679" lon="8.804458" />
      <trkpt lat="46.681417" lon="8.810419" />
      <trkpt lat="46.681378" lon="8.813701" />
      <trkpt lat="46.681015" lon="8.81807" />
      <trkpt lat="46.681139" lon="8.820191" />
      <trkpt lat="46.681119" lon="8.823123" />
      <trkpt lat="46.68136" lon="8.825557" />
      <trkpt lat="46.682202" lon="8.829941" />
      <trkpt lat="46.682759" lon="8.831172" />
      <trkpt lat="46.683734" lon="8.832332" />
      <trkpt lat="46.685394" lon="8.83503" />
      <trkpt lat="46.685906" lon="8.835457" />
      <trkpt lat="46.686191" lon="8.835468" />
      <trkpt lat="46.686503" lon="8.835298" />
      <trkpt lat="46.686909" lon="8.834611" />
      <trkpt lat="46.68709" lon="8.833915" />
      <trkpt lat="46.687157" lon="8.832357" />
      <trkpt lat="46.687325" lon="8.831715" />
      <trkpt lat="46.687677" lon="8.831404" />
      <trkpt lat="46.688056" lon="8.831522" />
      <trkpt lat="46.688268" lon="8.831868" />
      <trkpt lat="46.688977" lon="8.834082" />
      <trkpt lat="46.689623" lon="8.835439" />
      <trkpt lat="46.690514" lon="8.836736" />
      <trkpt lat="46.691798" lon="8.838188" />
      <trkpt lat="46.692344" lon="8.838571" />
      <trkpt lat="46.693002" lon="8.838668" />
      <trkpt lat="46.69353" lon="8.838506" />
      <trkpt lat="46.694426" lon="8.837906" />
      <trkpt lat="46.694762" lon="8.838034" />
      <trkpt lat="46.695189" lon="8.841612" />
      <trkpt lat="46.695143" lon="8.842204" />
      <trkpt lat="46.695261" lon="8.842493" />
      <trkpt lat="46.696032" lon="8.842538" />
      <trkpt lat="46.698654" lon="8.84477" />
      <trkpt lat="46.700559" lon="8.844366" />
      <trkpt lat="46.700804" lon="8.844429" />
      <trkpt lat="46.700976" lon="8.84477" />
      <trkpt lat="46.701134" lon="8.846435" />
      <trkpt lat="46.702068" lon="8.848379" />
      <trkpt lat="46.702398" lon="8.848742" />
      <trkpt lat="46.704214" lon="8.849949" />
      <trkpt lat="46.704494" lon="8.850384" />
      <trkpt lat="46.705548" lon="8.853902" />
      <trkpt lat="46.705578" lon="8.85421" />
      <trkpt lat="46.705413" lon="8.854572" />
      <trkpt lat="46.705692" lon="8.855413" />
      <trkpt lat="46.70632" lon="8.856451" />
      <trkpt lat="46.707592" lon="8.859547" />
      <trkpt lat="46.707759" lon="8.860467" />
      <trkpt lat="46.70796" lon="8.863686" />
      <trkpt lat="46.708196" lon="8.864589" />
      <trkpt lat="46.709367" lon="8.867444" />
      <trkpt lat="46.710358" lon="8.868646" />
      <trkpt lat="46.710854" lon="8.870085" />
      <trkpt lat="46.712232" lon="8.871862" />
      <trkpt lat="46.713025" lon="8.873807" />
      <trkpt lat="46.713255" lon="8.875448" />
      <trkpt lat="46.714455" lon="8.87865" />
      <trkpt lat="46.71497" lon="8.880568" />
      <trkpt lat="46.715182" lon="8.881927" />
      <trkpt lat="46.715433" lon="8.882673" />
      <trkpt lat="46.715535" lon="8.883788" />
      <trkpt lat="46.716094" lon="8.885549" />
      <trkpt lat="46.71626" lon="8.887401" />
      <trkpt lat="46.71662" lon="8.889089" />
      <trkpt lat="46.719851" lon="8.895366" />
      <trkpt lat="46.720899" lon="8.896176" />
      <trkpt lat="46.721539" lon="8.89724" />
      <trkpt lat="46.721704" lon="8.898275" />
      <trkpt lat="46.721646" lon="8.899274" />
      <trkpt lat="46.721937" lon="8.903528" />
      <trkpt lat="46.722805" lon="8.908757" />
      <trkpt lat="46.723279" lon="8.910195" />
      <trkpt lat="46.723525" lon="8.911878" />
      <trkpt lat="46.724605" lon="8.91507" />
      <trkpt lat="46.725973" lon="8.923263" />
      <trkpt lat="46.726133" lon="8.924919" />
      <trkpt lat="46.726119" lon="8.928354" />
      <trkpt lat="46.726334" lon="8.931525" />
      <trkpt lat="46.727101" lon="8.936057" />
      <trkpt lat="46.727799" lon="8.938111" />
      <trkpt lat="46.727935" lon="8.939196" />
      <trkpt lat="46.72892" lon="8.941269" />
      <trkpt lat="46.729473" lon="8.94309" />
      <trkpt lat="46.730033" lon="8.946895" />
      <trkpt lat="46.731151" lon="8.950892" />
      <trkpt lat="46.731736" lon="8.951838" />
      <trkpt lat="46.732563" lon="8.952347" />
      <trkpt lat="46.732965" lon="8.952769" />
      <trkpt lat="46.73366" lon="8.954492" />
      <trkpt lat="46.73442" lon="8.955903" />
      <trkpt lat="46.734605" lon="8.957685" />
      <trkpt lat="46.733846" lon="8.960505" />
      <trkpt lat="46.73379" lon="8.961522" />
      <trkpt lat="46.73396" lon="8.962533" />
      <trkpt lat="46.733657" lon="8.963947" />
      <trkpt lat="46.734583" lon="8.967808" />
      <trkpt lat="46.735413" lon="8.969678" />
      <trkpt lat="46.737059" lon="8.971756" />
      <trkpt lat="46.737603" lon="8.972204" />
      <trkpt lat="46.738529" lon="8.972559" />
      <trkpt lat="46.738851" lon="8.972871" />
      <trkpt lat="46.740656" lon="8.97655" />
      <trkpt lat="46.74189" lon="8.978435" />
      <trkpt lat="46.742161" lon="8.979158" />
      <trkpt lat="46.742608" lon="8.982159" />
      <trkpt lat="46.742364" lon="8.983947" />
      <trkpt lat="46.742488" lon="8.985176" />
      <trkpt lat="46.7424" lon="8.986885" />
      <trkpt lat="46.74299" lon="8.989319" />
      <trkpt lat="46.743434" lon="8.997846" />
      <trkpt lat="46.743654" lon="8.998679" />
      <trkpt lat="46.74491" lon="9.001594" />
      <trkpt lat="46.745061" lon="9.002355" />
      <trkpt lat="46.744788" lon="9.005907" />
      <trkpt lat="46.743604" lon="9.008284" />
      <trkpt lat="46.74337" lon="9.00909" />
      <trkpt lat="46.74303" lon="9.012862" />
      <trkpt lat="46.74252" lon="9.016401" />
      <trkpt lat="46.742556" lon="9.017283" />
      <trkpt lat="46.743115" lon="9.020112" />
      <trkpt lat="46.743501" lon="9.02095" />
      <trkpt lat="46.744425" lon="9.021569" />
      <trkpt lat="46.744732" lon="9.022186" />
      <trkpt lat="46.744727" lon="9.022887" />
      <trkpt lat="46.744227" lon="9.024545" />
      <trkpt lat="46.744626" lon="9.027022" />
      <trkpt lat="46.745124" lon="9.028494" />
      <trkpt lat="46.745464" lon="9.03006" />
      <trkpt lat="46.746148" lon="9.032008" />
      <trkpt lat="46.747319" lon="9.034278" />
      <trkpt lat="46.748123" lon="9.035437" />
      <trkpt lat="46.748578" lon="9.03658" />
      <trkpt lat="46.748931" lon="9.039277" />
      <trkpt lat="46.749897" lon="9.043414" />
      <trkpt lat="46.750396" lon="9.046156" />
      <trkpt lat="46.752695" lon="9.055768" />
      <trkpt lat="46.753488" lon="9.057217" />
      <trkpt lat="46.755333" lon="9.058928" />
      <trkpt lat="46.75664" lon="9.061313" />
      <trkpt lat="46.757058" lon="9.062468" />
      <trkpt lat="46.75723" lon="9.06363" />
      <trkpt lat="46.757218" lon="9.06458" />
      <trkpt lat="46.756718" lon="9.066851" />
      <trkpt lat="46.756658" lon="9.067768" />
      <trkpt lat="46.757965" lon="9.072883" />
      <trkpt lat="46.758146" lon="9.079834" />
      <trkpt lat="46.757743" lon="9.083038" />
      <trkpt lat="46.758619" lon="9.087999" />
      <trkpt lat="46.760106" lon="9.090932" />
      <trkpt lat="46.761036" lon="9.093139" />
      <trkpt lat="46.761761" lon="9.095278" />
      <trkpt lat="46.763223" lon="9.097615" />
      <trkpt lat="46.764236" lon="9.100542" />
      <trkpt lat="46.765302" lon="9.102372" />
      <trkpt lat="46.765802" lon="9.105036" />
      <trkpt lat="46.767213" lon="9.107757" />
      <trkpt lat="46.768089" lon="9.111087" />
      <trkpt lat="46.771024" lon="9.11674" />
      <trkpt lat="46.771834" lon="9.119896" />
      <trkpt lat="46.772984" lon="9.123549" />
      <trkpt lat="46.774506" lon="9.127342" />
      <trkpt lat="46.774837" lon="9.129235" />
      <trkpt lat="46.775015" lon="9.132854" />
      <trkpt lat="46.775941" lon="9.136481" />
      <trkpt lat="46.776731" lon="9.13888" />
      <trkpt lat="46.776738" lon="9.140183" />
      <trkpt lat="46.775892" lon="9.143485" />
      <trkpt lat="46.775534" lon="9.148705" />
      <trkpt lat="46.77569" lon="9.149949" />
      <trkpt lat="46.776828" lon="9.152642" />
      <trkpt lat="46.777121" lon="9.154339" />
      <trkpt lat="46.777039" lon="9.156791" />
      <trkpt lat="46.77617" lon="9.159038" />
      <trkpt lat="46.77604" lon="9.16015" />
      <trkpt lat="46.776498" lon="9.163242" />
      <trkpt lat="46.776523" lon="9.166964" />
      <trkpt lat="46.776883" lon="9.169978" />
      <trkpt lat="46.776876" lon="9.170841" />
      <trkpt lat="46.776545" lon="9.171963" />
      <trkpt lat="46.775131" lon="9.174626" />
      <trkpt lat="46.774749" lon="9.177698" />
      <trkpt lat="46.773459" lon="9.181233" />
      <trkpt lat="46.773237" lon="9.182874" />
      <trkpt lat="46.774035" lon="9.191927" />
      <trkpt lat="46.773833" lon="9.193396" />
      <trkpt lat="46.773686" lon="9.193622" />
      <trkpt lat="46.773828" lon="9.193799" />
      <trkpt lat="46.774197" lon="9.195225" />
      <trkpt lat="46.775408" lon="9.202564" />
      <trkpt lat="46.776802" lon="9.208199" />
      <trkpt lat="46.777488" lon="9.212664" />
      <trkpt lat="46.778703" lon="9.215332" />
      <trkpt lat="46.77946" lon="9.218031" />
      <trkpt lat="46.780175" lon="9.219167" />
      <trkpt lat="46.783041" lon="9.221352" />
      <trkpt lat="46.783459" lon="9.221862" />
      <trkpt lat="46.784423" lon="9.223586" />
      <trkpt lat="46.785428" lon="9.224836" />
      <trkpt lat="46.78579" lon="9.22501" />
      <trkpt lat="46.786311" lon="9.224782" />
      <trkpt lat="46.786645" lon="9.224893" />
      <trkpt lat="46.788073" lon="9.225895" />
      <trkpt lat="46.788817" lon="9.226939" />
      <trkpt lat="46.789013" lon="9.228333" />
      <trkpt lat="46.789491" lon="9.229382" />
      <trkpt lat="46.789625" lon="9.229988" />
      <trkpt lat="46.78961" lon="9.232159" />
      <trkpt lat="46.790066" lon="9.235703" />
      <trkpt lat="46.790149" lon="9.239843" />
      <trkpt lat="46.790623" lon="9.24079" />
      <trkpt lat="46.790883" lon="9.242108" />
      <trkpt lat="46.792055" lon="9.244131" />
      <trkpt lat="46.792823" lon="9.246663" />
      <trkpt lat="46.793345" lon="9.247415" />
      <trkpt lat="46.793452" lon="9.248669" />
      <trkpt lat="46.794025" lon="9.249671" />
      <trkpt lat="46.794024" lon="9.251093" />
      <trkpt lat="46.794224" lon="9.251366" />
      <trkpt lat="46.795559" lon="9.252089" />
      <trkpt lat="46.795854" lon="9.252386" />
      <trkpt lat="46.796024" lon="9.252851" />
      <trkpt lat="46.796133" lon="9.254047" />
      <trkpt lat="46.79724" lon="9.256511" />
      <trkpt lat="46.79759" lon="9.256801" />
      <trkpt lat="46.79801" lon="9.256881" />
      <trkpt lat="46.799272" lon="9.256266" />
      <trkpt lat="46.800086" lon="9.256392" />
      <trkpt lat="46.802306" lon="9.256181" />
      <trkpt lat="46.803639" lon="9.257361" />
      <trkpt lat="46.807437" lon="9.259197" />
      <trkpt lat="46.808423" lon="9.260463" />
      <trkpt lat="46.809709" lon="9.261339" />
      <trkpt lat="46.81145" lon="9.262181" />
      <trkpt lat="46.811889" lon="9.262517" />
      <trkpt lat="46.8126" lon="9.263301" />
      <trkpt lat="46.812621" lon="9.26355" />
      <trkpt lat="46.812784" lon="9.263513" />
      <trkpt lat="46.815154" lon="9.26606" />
      <trkpt lat="46.816719" lon="9.266897" />
      <trkpt lat="46.817091" lon="9.266779" />
      <trkpt lat="46.818152" lon="9.267082" />
      <trkpt lat="46.820396" lon="9.268505" />
      <trkpt lat="46.822645" lon="9.271381" />
      <trkpt lat="46.824263" lon="9.272728" />
      <trkpt lat="46.824768" lon="9.273687" />
      <trkpt lat="46.825148" lon="9.275173" />
      <trkpt lat="46.825555" lon="9.276159" />
      <trkpt lat="46.82621" lon="9.277093" />
      <trkpt lat="46.826958" lon="9.277704" />
      <trkpt lat="46.827958" lon="9.278089" />
      <trkpt lat="46.834637" lon="9.279147" />
      <trkpt lat="46.835532" lon="9.279418" />
      <trkpt lat="46.836383" lon="9.279906" />
      <trkpt lat="46.837165" lon="9.280597" />
      <trkpt lat="46.837856" lon="9.281471" />
      <trkpt lat="46.838678" lon="9.28307" />
      <trkpt lat="46.839199" lon="9.28492" />
      <trkpt lat="46.839577" lon="9.287902" />
      <trkpt lat="46.839572" lon="9.292123" />
      <trkpt lat="46.838951" lon="9.296246" />
      <trkpt lat="46.838097" lon="9.299158" />
      <trkpt lat="46.835837" lon="9.30438" />
      <trkpt lat="46.835336" lon="9.30694" />
      <trkpt lat="46.835399" lon="9.30927" />
      <trkpt lat="46.836332" lon="9.314937" />
      <trkpt lat="46.836278" lon="9.317495" />
      <trkpt lat="46.836083" lon="9.318326" />
      <trkpt lat="46.8351" lon="9.320726" />
      <trkpt lat="46.834873" lon="9.323818" />
      <trkpt lat="46.834165" lon="9.325725" />
      <trkpt lat="46.834405" lon="9.330178" />
      <trkpt lat="46.834032" lon="9.333822" />
      <trkpt lat="46.833949" lon="9.33797" />
      <trkpt lat="46.834142" lon="9.34097" />
      <trkpt lat="46.83404" lon="9.342476" />
      <trkpt lat="46.833628" lon="9.343806" />
      <trkpt lat="46.832308" lon="9.346544" />
      <trkpt lat="46.831899" lon="9.348163" />
      <trkpt lat="46.830859" lon="9.359445" />
      <trkpt lat="46.830282" lon="9.362717" />
      <trkpt lat="46.829979" lon="9.363655" />
      <trkpt lat="46.828645" lon="9.365877" />
      <trkpt lat="46.827778" lon="9.36776" />
      <trkpt lat="46.827307" lon="9.369857" />
      <trkpt lat="46.8274" lon="9.371502" />
      <trkpt lat="46.828297" lon="9.373819" />
      <trkpt lat="46.828215" lon="9.3756" />
      <trkpt lat="46.828518" lon="9.377888" />
      <trkpt lat="46.828128" lon="9.379078" />
      <trkpt lat="46.828128" lon="9.380347" />
      <trkpt lat="46.827512" lon="9.381483" />
      <trkpt lat="46.826991" lon="9.382914" />
      <trkpt lat="46.826788" lon="9.385625" />
      <trkpt lat="46.826901" lon="9.386764" />
      <trkpt lat="46.827414" lon="9.389173" />
      <trkpt lat="46.827612" lon="9.395313" />
      <trkpt lat="46.828472" lon="9.399653" />
      <trkpt lat="46.828069" lon="9.402912" />
      <trkpt lat="46.828194" lon="9.405014" />
      <trkpt lat="46.82785" lon="9.409496" />
      <trkpt lat="46.827966" lon="9.410666" />
      <trkpt lat="46.828623" lon="9.413648" />
      <trkpt lat="46.828333" lon="9.416568" />
      <trkpt lat="46.829016" lon="9.416906" />
      <trkpt lat="46.829138" lon="9.417224" />
      <trkpt lat="46.829055" lon="9.417514" />
      <trkpt lat="46.82888" lon="9.417582" />
      <trkpt lat="46.828711" lon="9.417485" />
      <trkpt lat="46.827364" lon="9.415838" />
      <trkpt lat="46.825598" lon="9.414548" />
      <trkpt lat="46.824824" lon="9.413732" />
      <trkpt lat="46.82424" lon="9.412662" />
      <trkpt lat="46.823049" lon="9.409155" />
      <trkpt lat="46.82246" lon="9.408089" />
      <trkpt lat="46.821705" lon="9.407127" />
      <trkpt lat="46.820862" lon="9.406409" />
      <trkpt lat="46.8198" lon="9.405865" />
      <trkpt lat="46.818729" lon="9.405667" />
      <trkpt lat="46.817722" lon="9.405767" />
      <trkpt lat="46.816092" lon="9.406406" />
      <trkpt lat="46.814257" lon="9.407549" />
      <trkpt lat="46.806232" lon="9.414058" />
      <trkpt lat="46.803549" lon="9.415942" />
      <trkpt lat="46.800866" lon="9.417263" />
      <trkpt lat="46.797724" lon="9.418186" />
      <trkpt lat="46.794654" lon="9.418493" />
      <trkpt lat="46.791858" lon="9.41825" />
      <trkpt lat="46.790155" lon="9.417793" />
      <trkpt lat="46.784954" lon="9.415735" />
      <trkpt lat="46.783555" lon="9.415451" />
      <trkpt lat="46.782053" lon="9.415467" />
      <trkpt lat="46.780963" lon="9.415704" />
      <trkpt lat="46.779771" lon="9.416154" />
      <trkpt lat="46.775479" lon="9.419003" />
      <trkpt lat="46.772764" lon="9.420399" />
      <trkpt lat="46.771294" lon="9.420905" />
      <trkpt lat="46.769414" lon="9.421343" />
      <trkpt lat="46.767571" lon="9.421642" />
      <trkpt lat="46.767333" lon="9.42157" />
      <trkpt lat="46.764696" lon="9.42183" />
      <trkpt lat="46.764446" lon="9.421607" />
      <trkpt lat="46.763663" lon="9.417958" />
      <trkpt lat="46.764643" lon="9.417148" />
      <trkpt lat="46.765075" lon="9.417164" />
      <trkpt lat="46.765976" lon="9.417709" />
      <trkpt lat="46.766803" lon="9.418755" />
      <trkpt lat="46.767218" lon="9.419096" />
      <trkpt lat="46.767748" lon="9.41927" />
      <trkpt lat="46.769109" lon="9.41942" />
      <trkpt lat="46.768902" lon="9.419497" />
      <trkpt lat="46.767218" lon="9.419096" />
      <trkpt lat="46.766803" lon="9.418755" />
      <trkpt lat="46.765976" lon="9.417709" />
      <trkpt lat="46.765075" lon="9.417164" />
      <trkpt lat="46.764643" lon="9.417148" />
      <trkpt lat="46.763663" lon="9.417958" />
      <trkpt lat="46.764446" lon="9.421607" />
      <trkpt lat="46.764272" lon="9.42196" />
      <trkpt lat="46.763452" lon="9.422434" />
      <trkpt lat="46.759151" lon="9.424446" />
      <trkpt lat="46.740134" lon="9.434304" />
      <trkpt lat="46.737763" lon="9.435838" />
      <trkpt lat="46.734614" lon="9.438601" />
      <trkpt lat="46.733583" lon="9.439282" />
      <trkpt lat="46.732425" lon="9.439846" />
      <trkpt lat="46.730987" lon="9.440292" />
      <trkpt lat="46.729501" lon="9.440473" />
      <trkpt lat="46.724642" lon="9.439934" />
      <trkpt lat="46.723292" lon="9.43991" />
      <trkpt lat="46.721546" lon="9.440195" />
      <trkpt lat="46.719721" lon="9.44089" />
      <trkpt lat="46.718603" lon="9.441542" />
      <trkpt lat="46.717257" lon="9.442576" />
      <trkpt lat="46.71204" lon="9.447205" />
      <trkpt lat="46.711003" lon="9.447873" />
      <trkpt lat="46.709465" lon="9.448528" />
      <trkpt lat="46.707313" lon="9.448874" />
      <trkpt lat="46.70541" lon="9.448667" />
      <trkpt lat="46.699966" lon="9.446984" />
      <trkpt lat="46.697305" lon="9.445731" />
      <trkpt lat="46.696999" lon="9.445777" />
      <trkpt lat="46.695581" lon="9.451033" />
      <trkpt lat="46.69547" lon="9.453092" />
      <trkpt lat="46.695614" lon="9.454442" />
      <trkpt lat="46.695933" lon="9.455746" />
      <trkpt lat="46.696568" lon="9.457226" />
      <trkpt lat="46.69857" lon="9.459977" />
      <trkpt lat="46.699317" lon="9.461377" />
      <trkpt lat="46.699679" lon="9.462544" />
      <trkpt lat="46.699863" lon="9.463663" />
      <trkpt lat="46.699865" lon="9.465583" />
      <trkpt lat="46.699456" lon="9.467492" />
      <trkpt lat="46.698268" lon="9.470569" />
      <trkpt lat="46.697891" lon="9.47115" />
      <trkpt lat="46.696821" lon="9.471763" />
      <trkpt lat="46.696645" lon="9.472051" />
      <trkpt lat="46.696324" lon="9.473938" />
      <trkpt lat="46.696521" lon="9.475797" />
      <trkpt lat="46.696234" lon="9.477879" />
      <trkpt lat="46.695382" lon="9.479498" />
      <trkpt lat="46.694973" lon="9.47967" />
      <trkpt lat="46.694395" lon="9.479707" />
      <trkpt lat="46.694134" lon="9.479877" />
      <trkpt lat="46.693857" lon="9.480893" />
      <trkpt lat="46.693339" lon="9.481704" />
      <trkpt lat="46.693361" lon="9.482954" />
      <trkpt lat="46.692834" lon="9.484322" />
      <trkpt lat="46.692662" lon="9.485113" />
      <trkpt lat="46.692966" lon="9.486693" />
      <trkpt lat="46.692642" lon="9.489974" />
      <trkpt lat="46.692897" lon="9.492686" />
      <trkpt lat="46.692667" lon="9.493173" />
      <trkpt lat="46.691343" lon="9.494584" />
      <trkpt lat="46.691136" lon="9.495324" />
      <trkpt lat="46.691077" lon="9.496732" />
      <trkpt lat="46.690644" lon="9.497739" />
      <trkpt lat="46.690407" lon="9.497996" />
      <trkpt lat="46.68938" lon="9.498559" />
      <trkpt lat="46.688039" lon="9.500083" />
      <trkpt lat="46.687413" lon="9.501155" />
      <trkpt lat="46.687145" lon="9.502479" />
      <trkpt lat="46.687141" lon="9.504752" />
      <trkpt lat="46.686744" lon="9.505675" />
      <trkpt lat="46.686066" lon="9.506502" />
      <trkpt lat="46.685865" lon="9.507118" />
      <trkpt lat="46.685865" lon="9.507734" />
      <trkpt lat="46.68625" lon="9.509128" />
      <trkpt lat="46.686156" lon="9.510065" />
      <trkpt lat="46.68478" lon="9.512323" />
      <trkpt lat="46.68427" lon="9.513471" />
      <trkpt lat="46.681628" lon="9.522222" />
      <trkpt lat="46.681404" lon="9.523369" />
      <trkpt lat="46.681242" lon="9.525686" />
      <trkpt lat="46.681042" lon="9.52641" />
      <trkpt lat="46.680751" lon="9.526889" />
      <trkpt lat="46.67953" lon="9.528212" />
      <trkpt lat="46.679244" lon="9.52878" />
      <trkpt lat="46.679206" lon="9.529553" />
      <trkpt lat="46.679729" lon="9.531278" />
      <trkpt lat="46.679832" lon="9.532344" />
      <trkpt lat="46.679432" lon="9.534558" />
      <trkpt lat="46.678672" lon="9.541366" />
      <trkpt lat="46.678236" lon="9.542272" />
      <trkpt lat="46.676918" lon="9.543433" />
      <trkpt lat="46.676164" lon="9.544411" />
      <trkpt lat="46.673723" lon="9.54914" />
      <trkpt lat="46.673139" lon="9.551023" />
      <trkpt lat="46.673038" lon="9.553081" />
      <trkpt lat="46.673754" lon="9.556605" />
      <trkpt lat="46.673854" lon="9.55776" />
      <trkpt lat="46.67373" lon="9.559203" />
      <trkpt lat="46.673366" lon="9.560486" />
      <trkpt lat="46.67149" lon="9.563764" />
      <trkpt lat="46.669274" lon="9.565797" />
      <trkpt lat="46.66771" lon="9.56914" />
      <trkpt lat="46.66686" lon="9.570467" />
      <trkpt lat="46.665403" lon="9.571239" />
      <trkpt lat="46.66495" lon="9.571332" />
      <trkpt lat="46.664447" lon="9.571209" />
      <trkpt lat="46.66426" lon="9.571335" />
      <trkpt lat="46.663146" lon="9.573893" />
      <trkpt lat="46.66264" lon="9.575838" />
      <trkpt lat="46.662683" lon="9.576535" />
      <trkpt lat="46.662274" lon="9.576689" />
      <trkpt lat="46.66202" lon="9.576203" />
      <trkpt lat="46.661932" lon="9.575687" />
      <trkpt lat="46.661376" lon="9.576392" />
      <trkpt lat="46.661143" lon="9.576122" />
      <trkpt lat="46.66122" lon="9.575949" />
      <trkpt lat="46.661514" lon="9.576212" />
      <trkpt lat="46.661932" lon="9.575687" />
      <trkpt lat="46.662159" lon="9.576536" />
      <trkpt lat="46.662334" lon="9.576718" />
      <trkpt lat="46.662683" lon="9.576535" />
      <trkpt lat="46.662717" lon="9.576853" />
      <trkpt lat="46.661951" lon="9.578721" />
      <trkpt lat="46.661518" lon="9.579226" />
      <trkpt lat="46.661739" lon="9.579575" />
      <trkpt lat="46.66202" lon="9.581046" />
      <trkpt lat="46.662437" lon="9.582071" />
      <trkpt lat="46.662429" lon="9.583703" />
      <trkpt lat="46.662075" lon="9.585276" />
      <trkpt lat="46.661533" lon="9.586142" />
      <trkpt lat="46.661001" lon="9.58768" />
      <trkpt lat="46.660983" lon="9.58913" />
      <trkpt lat="46.660732" lon="9.5909" />
      <trkpt lat="46.66063" lon="9.594766" />
      <trkpt lat="46.660798" lon="9.59666" />
      <trkpt lat="46.660549" lon="9.598665" />
      <trkpt lat="46.661195" lon="9.601712" />
      <trkpt lat="46.661435" lon="9.602327" />
      <trkpt lat="46.662524" lon="9.603899" />
      <trkpt lat="46.664184" lon="9.605058" />
      <trkpt lat="46.664445" lon="9.605481" />
      <trkpt lat="46.664549" lon="9.606144" />
      <trkpt lat="46.664432" lon="9.607663" />
      <trkpt lat="46.664868" lon="9.611478" />
      <trkpt lat="46.665104" lon="9.612121" />
      <trkpt lat="46.666113" lon="9.613045" />
      <trkpt lat="46.666547" lon="9.614236" />
      <trkpt lat="46.666605" lon="9.615412" />
      <trkpt lat="46.66692" lon="9.615897" />
      <trkpt lat="46.667302" lon="9.617118" />
      <trkpt lat="46.667371" lon="9.622012" />
      <trkpt lat="46.666553" lon="9.626874" />
      <trkpt lat="46.666355" lon="9.63038" />
      <trkpt lat="46.66647" lon="9.631025" />
      <trkpt lat="46.666952" lon="9.632161" />
      <trkpt lat="46.667572" lon="9.635182" />
      <trkpt lat="46.667863" lon="9.637302" />
      <trkpt lat="46.668453" lon="9.639627" />
      <trkpt lat="46.668441" lon="9.641865" />
      <trkpt lat="46.66809" lon="9.644021" />
      <trkpt lat="46.668308" lon="9.647756" />
      <trkpt lat="46.668482" lon="9.648085" />
      <trkpt lat="46.669167" lon="9.648627" />
      <trkpt lat="46.669683" lon="9.649694" />
      <trkpt lat="46.670267" lon="9.653414" />
      <trkpt lat="46.67122" lon="9.656103" />
      <trkpt lat="46.671288" lon="9.658484" />
      <trkpt lat="46.671789" lon="9.659834" />
      <trkpt lat="46.672131" lon="9.661535" />
      <trkpt lat="46.673206" lon="9.663887" />
      <trkpt lat="46.673986" lon="9.665089" />
      <trkpt lat="46.674467" lon="9.666314" />
      <trkpt lat="46.674792" lon="9.668151" />
      <trkpt lat="46.675372" lon="9.669957" />
      <trkpt lat="46.675352" lon="9.670766" />
      <trkpt lat="46.674997" lon="9.67145" />
      <trkpt lat="46.674518" lon="9.671672" />
      <trkpt lat="46.673547" lon="9.671448" />
      <trkpt lat="46.673254" lon="9.671665" />
      <trkpt lat="46.673061" lon="9.672106" />
      <trkpt lat="46.673274" lon="9.675404" />
      <trkpt lat="46.672768" lon="9.678503" />
      <trkpt lat="46.672551" lon="9.682665" />
      <trkpt lat="46.672135" lon="9.685516" />
      <trkpt lat="46.669954" lon="9.690447" />
      <trkpt lat="46.669568" lon="9.690777" />
      <trkpt lat="46.668736" lon="9.691076" />
      <trkpt lat="46.668407" lon="9.691377" />
      <trkpt lat="46.66768" lon="9.693135" />
      <trkpt lat="46.666709" lon="9.69442" />
      <trkpt lat="46.664695" lon="9.695212" />
      <trkpt lat="46.663727" lon="9.696029" />
      <trkpt lat="46.662548" lon="9.697493" />
      <trkpt lat="46.662106" lon="9.698468" />
      <trkpt lat="46.659581" lon="9.701187" />
      <trkpt lat="46.659057" lon="9.702281" />
      <trkpt lat="46.658611" lon="9.703881" />
      <trkpt lat="46.657867" lon="9.705695" />
      <trkpt lat="46.657465" lon="9.706983" />
      <trkpt lat="46.657341" lon="9.707871" />
      <trkpt lat="46.656536" lon="9.709995" />
      <trkpt lat="46.655894" lon="9.712813" />
      <trkpt lat="46.655625" lon="9.713475" />
      <trkpt lat="46.654759" lon="9.715026" />
      <trkpt lat="46.653503" lon="9.715531" />
      <trkpt lat="46.652913" lon="9.71621" />
      <trkpt lat="46.651845" lon="9.717763" />
      <trkpt lat="46.65157" lon="9.719041" />
      <trkpt lat="46.651278" lon="9.71961" />
      <trkpt lat="46.650276" lon="9.720074" />
      <trkpt lat="46.648918" lon="9.721465" />
      <trkpt lat="46.648162" lon="9.721803" />
      <trkpt lat="46.647937" lon="9.722036" />
      <trkpt lat="46.647349" lon="9.723693" />
      <trkpt lat="46.646406" lon="9.724991" />
      <trkpt lat="46.645613" lon="9.727725" />
      <trkpt lat="46.645176" lon="9.728311" />
      <trkpt lat="46.64479" lon="9.729463" />
      <trkpt lat="46.644268" lon="9.729933" />
      <trkpt lat="46.644244" lon="9.730127" />
      <trkpt lat="46.644677" lon="9.73003" />
      <trkpt lat="46.645177" lon="9.729373" />
      <trkpt lat="46.645289" lon="9.729553" />
      <trkpt lat="46.64479" lon="9.730412" />
      <trkpt lat="46.644294" lon="9.730865" />
      <trkpt lat="46.642683" lon="9.733632" />
      <trkpt lat="46.642395" lon="9.7339" />
      <trkpt lat="46.64211" lon="9.733969" />
      <trkpt lat="46.641203" lon="9.733497" />
      <trkpt lat="46.640462" lon="9.733621" />
      <trkpt lat="46.640076" lon="9.733084" />
      <trkpt lat="46.639068" lon="9.732488" />
      <trkpt lat="46.637998" lon="9.73326" />
      <trkpt lat="46.637733" lon="9.733691" />
      <trkpt lat="46.637286" lon="9.735003" />
      <trkpt lat="46.636901" lon="9.737378" />
      <trkpt lat="46.636343" lon="9.738613" />
      <trkpt lat="46.635883" lon="9.739383" />
      <trkpt lat="46.635278" lon="9.740055" />
      <trkpt lat="46.634537" lon="9.7415" />
      <trkpt lat="46.63322" lon="9.743594" />
      <trkpt lat="46.631461" lon="9.744429" />
      <trkpt lat="46.630573" lon="9.745366" />
      <trkpt lat="46.630121" lon="9.746346" />
      <trkpt lat="46.62941" lon="9.746122" />
      <trkpt lat="46.629004" lon="9.745435" />
      <trkpt lat="46.628304" lon="9.746378" />
      <trkpt lat="46.627313" lon="9.748185" />
      <trkpt lat="46.626747" lon="9.748762" />
      <trkpt lat="46.626426" lon="9.748815" />
      <trkpt lat="46.625761" lon="9.749578" />
      <trkpt lat="46.623799" lon="9.750699" />
      <trkpt lat="46.621875" lon="9.750947" />
      <trkpt lat="46.620619" lon="9.752128" />
      <trkpt lat="46.618924" lon="9.753191" />
      <trkpt lat="46.618138" lon="9.754267" />
      <trkpt lat="46.618078" lon="9.755129" />
      <trkpt lat="46.617869" lon="9.755704" />
      <trkpt lat="46.616779" lon="9.756786" />
      <trkpt lat="46.616213" lon="9.75796" />
      <trkpt lat="46.615943" lon="9.758222" />
      <trkpt lat="46.615602" lon="9.758323" />
      <trkpt lat="46.615147" lon="9.758198" />
      <trkpt lat="46.613755" lon="9.758698" />
      <trkpt lat="46.613042" lon="9.758628" />
      <trkpt lat="46.612508" lon="9.758314" />
      <trkpt lat="46.61168" lon="9.758141" />
      <trkpt lat="46.610902" lon="9.758297" />
      <trkpt lat="46.609059" lon="9.757339" />
      <trkpt lat="46.608452" lon="9.756876" />
      <trkpt lat="46.607704" lon="9.756666" />
      <trkpt lat="46.607302" lon="9.756403" />
      <trkpt lat="46.606428" lon="9.756366" />
      <trkpt lat="46.605378" lon="9.755435" />
      <trkpt lat="46.605099" lon="9.755428" />
      <trkpt lat="46.603871" lon="9.755901" />
      <trkpt lat="46.603384" lon="9.755798" />
      <trkpt lat="46.603007" lon="9.755434" />
      <trkpt lat="46.602865" lon="9.754771" />
      <trkpt lat="46.602526" lon="9.754551" />
      <trkpt lat="46.602108" lon="9.754874" />
      <trkpt lat="46.601706" lon="9.75562" />
      <trkpt lat="46.600858" lon="9.756174" />
      <trkpt lat="46.600199" lon="9.756388" />
      <trkpt lat="46.599438" lon="9.756319" />
      <trkpt lat="46.598929" lon="9.756475" />
      <trkpt lat="46.598406" lon="9.756191" />
      <trkpt lat="46.598142" lon="9.756235" />
      <trkpt lat="46.597969" lon="9.756515" />
      <trkpt lat="46.597963" lon="9.757265" />
      <trkpt lat="46.59782" lon="9.757707" />
      <trkpt lat="46.597578" lon="9.757857" />
      <trkpt lat="46.597012" lon="9.7578" />
      <trkpt lat="46.596577" lon="9.75813" />
      <trkpt lat="46.596074" lon="9.758241" />
      <trkpt lat="46.59542" lon="9.759757" />
      <trkpt lat="46.595124" lon="9.760004" />
      <trkpt lat="46.594829" lon="9.760064" />
      <trkpt lat="46.594482" lon="9.759919" />
      <trkpt lat="46.594185" lon="9.759488" />
      <trkpt lat="46.594165" lon="9.760357" />
      <trkpt lat="46.594643" lon="9.760754" />
      <trkpt lat="46.595307" lon="9.760984" />
      <trkpt lat="46.595341" lon="9.761093" />
      <trkpt lat="46.593229" lon="9.761585" />
      <trkpt lat="46.592629" lon="9.762098" />
      <trkpt lat="46.592761" lon="9.762642" />
      <trkpt lat="46.592565" lon="9.764583" />
      <trkpt lat="46.591924" lon="9.765183" />
      <trkpt lat="46.591524" lon="9.76607" />
      <trkpt lat="46.591725" lon="9.767425" />
      <trkpt lat="46.591346" lon="9.769333" />
      <trkpt lat="46.591591" lon="9.770774" />
      <trkpt lat="46.591625" lon="9.77221" />
      <trkpt lat="46.590667" lon="9.774541" />
      <trkpt lat="46.589516" lon="9.775693" />
      <trkpt lat="46.589447" lon="9.77688" />
      <trkpt lat="46.589223" lon="9.777542" />
      <trkpt lat="46.588688" lon="9.778403" />
      <trkpt lat="46.588131" lon="9.778789" />
      <trkpt lat="46.5876" lon="9.779586" />
      <trkpt lat="46.586515" lon="9.780086" />
      <trkpt lat="46.586177" lon="9.780483" />
      <trkpt lat="46.58604" lon="9.78096" />
      <trkpt lat="46.58603" lon="9.782278" />
      <trkpt lat="46.585862" lon="9.782912" />
      <trkpt lat="46.585551" lon="9.783243" />
      <trkpt lat="46.585362" lon="9.783796" />
      <trkpt lat="46.585213" lon="9.784967" />
      <trkpt lat="46.585102" lon="9.784856" />
      <trkpt lat="46.584915" lon="9.783612" />
      <trkpt lat="46.585246" lon="9.782164" />
      <trkpt lat="46.585289" lon="9.780922" />
      <trkpt lat="46.584952" lon="9.778832" />
      <trkpt lat="46.584728" lon="9.779004" />
      <trkpt lat="46.584553" lon="9.780132" />
      <trkpt lat="46.583415" lon="9.78193" />
      <trkpt lat="46.58291" lon="9.783048" />
      <trkpt lat="46.582369" lon="9.785858" />
      <trkpt lat="46.582788" lon="9.788235" />
      <trkpt lat="46.582847" lon="9.789389" />
      <trkpt lat="46.582761" lon="9.790326" />
      <trkpt lat="46.582845" lon="9.793759" />
      <trkpt lat="46.58249" lon="9.796138" />
      <trkpt lat="46.582673" lon="9.797898" />
      <trkpt lat="46.582439" lon="9.79866" />
      <trkpt lat="46.58165" lon="9.799949" />
      <trkpt lat="46.579795" lon="9.801809" />
      <trkpt lat="46.579483" lon="9.801867" />
      <trkpt lat="46.579235" lon="9.801711" />
      <trkpt lat="46.578783" lon="9.800811" />
      <trkpt lat="46.578188" lon="9.800582" />
      <trkpt lat="46.577865" lon="9.800597" />
      <trkpt lat="46.577116" lon="9.800912" />
      <trkpt lat="46.576732" lon="9.801272" />
      <trkpt lat="46.576324" lon="9.801383" />
      <trkpt lat="46.575485" lon="9.8033" />
      <trkpt lat="46.575449" lon="9.803737" />
      <trkpt lat="46.575809" lon="9.804667" />
      <trkpt lat="46.576467" lon="9.805209" />
      <trkpt lat="46.5765" lon="9.806552" />
      <trkpt lat="46.576012" lon="9.808271" />
      <trkpt lat="46.576158" lon="9.808547" />
      <trkpt lat="46.576584" lon="9.808255" />
      <trkpt lat="46.576703" lon="9.80853" />
      <trkpt lat="46.576126" lon="9.810507" />
      <trkpt lat="46.576344" lon="9.811531" />
      <trkpt lat="46.57676" lon="9.812787" />
      <trkpt lat="46.577524" lon="9.813225" />
      <trkpt lat="46.577827" lon="9.81405" />
      <trkpt lat="46.578298" lon="9.814153" />
      <trkpt lat="46.578686" lon="9.814445" />
      <trkpt lat="46.579409" lon="9.817716" />
      <trkpt lat="46.579416" lon="9.818068" />
      <trkpt lat="46.579085" lon="9.819196" />
      <trkpt lat="46.579342" lon="9.820259" />
      <trkpt lat="46.579036" lon="9.821457" />
      <trkpt lat="46.578574" lon="9.827485" />
      <trkpt lat="46.57862" lon="9.828081" />
      <trkpt lat="46.57893" lon="9.828874" />
      <trkpt lat="46.579629" lon="9.829552" />
      <trkpt lat="46.580209" lon="9.833708" />
      <trkpt lat="46.580401" lon="9.834283" />
      <trkpt lat="46.580988" lon="9.834958" />
      <trkpt lat="46.581414" lon="9.835791" />
      <trkpt lat="46.581882" lon="9.837432" />
      <trkpt lat="46.582486" lon="9.837798" />
      <trkpt lat="46.582643" lon="9.838087" />
      <trkpt lat="46.583307" lon="9.841156" />
      <trkpt lat="46.583408" lon="9.842598" />
      <trkpt lat="46.584184" lon="9.846933" />
      <trkpt lat="46.584803" lon="9.848868" />
      <trkpt lat="46.585512" lon="9.852469" />
      <trkpt lat="46.585743" lon="9.854356" />
      <trkpt lat="46.586752" lon="9.856593" />
      <trkpt lat="46.587235" lon="9.858105" />
      <trkpt lat="46.587147" lon="9.858653" />
      <trkpt lat="46.586672" lon="9.859348" />
      <trkpt lat="46.586621" lon="9.860004" />
      <trkpt lat="46.588002" lon="9.866888" />
      <trkpt lat="46.588024" lon="9.86917" />
      <trkpt lat="46.588715" lon="9.872561" />
      <trkpt lat="46.588811" lon="9.87544" />
      <trkpt lat="46.588415" lon="9.876637" />
      <trkpt lat="46.588523" lon="9.880402" />
      <trkpt lat="46.588207" lon="9.88346" />
      <trkpt lat="46.588343" lon="9.883919" />
      <trkpt lat="46.588849" lon="9.884367" />
      <trkpt lat="46.58905" lon="9.884829" />
      <trkpt lat="46.589041" lon="9.885323" />
      <trkpt lat="46.588771" lon="9.886141" />
      <trkpt lat="46.589068" lon="9.888683" />
      <trkpt lat="46.588753" lon="9.891397" />
      <trkpt lat="46.588434" lon="9.892209" />
      <trkpt lat="46.58771" lon="9.896114" />
      <trkpt lat="46.58717" lon="9.897729" />
      <trkpt lat="46.587065" lon="9.898417" />
      <trkpt lat="46.586902" lon="9.897688" />
      <trkpt lat="46.587065" lon="9.898417" />
      <trkpt lat="46.58717" lon="9.897729" />
      <trkpt lat="46.58771" lon="9.896114" />
      <trkpt lat="46.588434" lon="9.892209" />
      <trkpt lat="46.588753" lon="9.891397" />
      <trkpt lat="46.589068" lon="9.888683" />
      <trkpt lat="46.588771" lon="9.886141" />
      <trkpt lat="46.589041" lon="9.885323" />
      <trkpt lat="46.58905" lon="9.884829" />
      <trkpt lat="46.588849" lon="9.884367" />
      <trkpt lat="46.588343" lon="9.883919" />
      <trkpt lat="46.588207" lon="9.88346" />
      <trkpt lat="46.588523" lon="9.880402" />
      <trkpt lat="46.588415" lon="9.876637" />
      <trkpt lat="46.588811" lon="9.87544" />
      <trkpt lat="46.588715" lon="9.872561" />
      <trkpt lat="46.588024" lon="9.86917" />
      <trkpt lat="46.588002" lon="9.866888" />
      <trkpt lat="46.586621" lon="9.860004" />
      <trkpt lat="46.586672" lon="9.859348" />
      <trkpt lat="46.587147" lon="9.858653" />
      <trkpt lat="46.587235" lon="9.858105" />
      <trkpt lat="46.586752" lon="9.856593" />
      <trkpt lat="46.58572" lon="9.854255" />
      <trkpt lat="46.585512" lon="9.852469" />
      <trkpt lat="46.584803" lon="9.848868" />
      <trkpt lat="46.584184" lon="9.846933" />
      <trkpt lat="46.583408" lon="9.842598" />
      <trkpt lat="46.583307" lon="9.841156" />
      <trkpt lat="46.582575" lon="9.837918" />
      <trkpt lat="46.582708" lon="9.837531" />
      <trkpt lat="46.582575" lon="9.837918" />
      <trkpt lat="46.581912" lon="9.837481" />
      <trkpt lat="46.581414" lon="9.835791" />
      <trkpt lat="46.580988" lon="9.834958" />
      <trkpt lat="46.580401" lon="9.834283" />
      <trkpt lat="46.580209" lon="9.833708" />
      <trkpt lat="46.579629" lon="9.829552" />
      <trkpt lat="46.57893" lon="9.828874" />
      <trkpt lat="46.57862" lon="9.828081" />
      <trkpt lat="46.578574" lon="9.827485" />
      <trkpt lat="46.579036" lon="9.821457" />
      <trkpt lat="46.579342" lon="9.820259" />
      <trkpt lat="46.579085" lon="9.819196" />
      <trkpt lat="46.579416" lon="9.818068" />
      <trkpt lat="46.579409" lon="9.817716" />
      <trkpt lat="46.578686" lon="9.814445" />
      <trkpt lat="46.578298" lon="9.814153" />
      <trkpt lat="46.577827" lon="9.81405" />
      <trkpt lat="46.577524" lon="9.813225" />
      <trkpt lat="46.57676" lon="9.812787" />
      <trkpt lat="46.57636" lon="9.811588" />
      <trkpt lat="46.576126" lon="9.810507" />
      <trkpt lat="46.576703" lon="9.80853" />
      <trkpt lat="46.576584" lon="9.808255" />
      <trkpt lat="46.576158" lon="9.808547" />
      <trkpt lat="46.576012" lon="9.808271" />
      <trkpt lat="46.5765" lon="9.806552" />
      <trkpt lat="46.576467" lon="9.805209" />
      <trkpt lat="46.575882" lon="9.804786" />
      <trkpt lat="46.575433" lon="9.803623" />
      <trkpt lat="46.575663" lon="9.802749" />
      <trkpt lat="46.576365" lon="9.801345" />
      <trkpt lat="46.576732" lon="9.801272" />
      <trkpt lat="46.577116" lon="9.800912" />
      <trkpt lat="46.577738" lon="9.800644" />
      <trkpt lat="46.578188" lon="9.800582" />
      <trkpt lat="46.578838" lon="9.800848" />
      <trkpt lat="46.579235" lon="9.801711" />
      <trkpt lat="46.579699" lon="9.80186" />
      <trkpt lat="46.58165" lon="9.799949" />
      <trkpt lat="46.582488" lon="9.798533" />
      <trkpt lat="46.582675" lon="9.797842" />
      <trkpt lat="46.582495" lon="9.795922" />
      <trkpt lat="46.582845" lon="9.793759" />
      <trkpt lat="46.582761" lon="9.790326" />
      <trkpt lat="46.582847" lon="9.789389" />
      <trkpt lat="46.582788" lon="9.788235" />
      <trkpt lat="46.582369" lon="9.785858" />
      <trkpt lat="46.582926" lon="9.783001" />
      <trkpt lat="46.583415" lon="9.78193" />
      <trkpt lat="46.584553" lon="9.780132" />
      <trkpt lat="46.584728" lon="9.779004" />
      <trkpt lat="46.584952" lon="9.778832" />
      <trkpt lat="46.585289" lon="9.780922" />
      <trkpt lat="46.585246" lon="9.782164" />
      <trkpt lat="46.584915" lon="9.783612" />
      <trkpt lat="46.585102" lon="9.784856" />
      <trkpt lat="46.585213" lon="9.784967" />
      <trkpt lat="46.585362" lon="9.783796" />
      <trkpt lat="46.585551" lon="9.783243" />
      <trkpt lat="46.585862" lon="9.782912" />
      <trkpt lat="46.58603" lon="9.782278" />
      <trkpt lat="46.58604" lon="9.78096" />
      <trkpt lat="46.586177" lon="9.780483" />
      <trkpt lat="46.586515" lon="9.780086" />
      <trkpt lat="46.5876" lon="9.779586" />
      <trkpt lat="46.588131" lon="9.778789" />
      <trkpt lat="46.588688" lon="9.778403" />
      <trkpt lat="46.589223" lon="9.777542" />
      <trkpt lat="46.589447" lon="9.77688" />
      <trkpt lat="46.589516" lon="9.775693" />
      <trkpt lat="46.590667" lon="9.774541" />
      <trkpt lat="46.591625" lon="9.77221" />
      <trkpt lat="46.591591" lon="9.770774" />
      <trkpt lat="46.591346" lon="9.769333" />
      <trkpt lat="46.591725" lon="9.767425" />
      <trkpt lat="46.591524" lon="9.76607" />
      <trkpt lat="46.591924" lon="9.765183" />
      <trkpt lat="46.592565" lon="9.764583" />
      <trkpt lat="46.592761" lon="9.762642" />
      <trkpt lat="46.592629" lon="9.762098" />
      <trkpt lat="46.593229" lon="9.761585" />
      <trkpt lat="46.595341" lon="9.761093" />
      <trkpt lat="46.595307" lon="9.760984" />
      <trkpt lat="46.594643" lon="9.760754" />
      <trkpt lat="46.594165" lon="9.760357" />
      <trkpt lat="46.594197" lon="9.759475" />
      <trkpt lat="46.594482" lon="9.759919" />
      <trkpt lat="46.594829" lon="9.760064" />
      <trkpt lat="46.595124" lon="9.760004" />
      <trkpt lat="46.59542" lon="9.759757" />
      <trkpt lat="46.596074" lon="9.758241" />
      <trkpt lat="46.596577" lon="9.75813" />
      <trkpt lat="46.597012" lon="9.7578" />
      <trkpt lat="46.597578" lon="9.757857" />
      <trkpt lat="46.59782" lon="9.757707" />
      <trkpt lat="46.597963" lon="9.757265" />
      <trkpt lat="46.597969" lon="9.756515" />
      <trkpt lat="46.598142" lon="9.756235" />
      <trkpt lat="46.598406" lon="9.756191" />
      <trkpt lat="46.598929" lon="9.756475" />
      <trkpt lat="46.599438" lon="9.756319" />
      <trkpt lat="46.600199" lon="9.756388" />
      <trkpt lat="46.600858" lon="9.756174" />
      <trkpt lat="46.601706" lon="9.75562" />
      <trkpt lat="46.602108" lon="9.754874" />
      <trkpt lat="46.602526" lon="9.754551" />
      <trkpt lat="46.602865" lon="9.754771" />
      <trkpt lat="46.603007" lon="9.755434" />
      <trkpt lat="46.603384" lon="9.755798" />
      <trkpt lat="46.603871" lon="9.755901" />
      <trkpt lat="46.605099" lon="9.755428" />
      <trkpt lat="46.605378" lon="9.755435" />
      <trkpt lat="46.606428" lon="9.756366" />
      <trkpt lat="46.607302" lon="9.756403" />
      <trkpt lat="46.607704" lon="9.756666" />
      <trkpt lat="46.608452" lon="9.756876" />
      <trkpt lat="46.609059" lon="9.757339" />
      <trkpt lat="46.610902" lon="9.758297" />
      <trkpt lat="46.61168" lon="9.758141" />
      <trkpt lat="46.612508" lon="9.758314" />
      <trkpt lat="46.613042" lon="9.758628" />
      <trkpt lat="46.613755" lon="9.758698" />
      <trkpt lat="46.615147" lon="9.758198" />
      <trkpt lat="46.615602" lon="9.758323" />
      <trkpt lat="46.615943" lon="9.758222" />
      <trkpt lat="46.616213" lon="9.75796" />
      <trkpt lat="46.616779" lon="9.756786" />
      <trkpt lat="46.617869" lon="9.755704" />
      <trkpt lat="46.618078" lon="9.755129" />
      <trkpt lat="46.618138" lon="9.754267" />
      <trkpt lat="46.618924" lon="9.753191" />
      <trkpt lat="46.620619" lon="9.752128" />
      <trkpt lat="46.621875" lon="9.750947" />
      <trkpt lat="46.623705" lon="9.750732" />
      <trkpt lat="46.625707" lon="9.749617" />
      <trkpt lat="46.626426" lon="9.748815" />
      <trkpt lat="46.626747" lon="9.748762" />
      <trkpt lat="46.627313" lon="9.748185" />
      <trkpt lat="46.628304" lon="9.746378" />
      <trkpt lat="46.629004" lon="9.745435" />
      <trkpt lat="46.62941" lon="9.746122" />
      <trkpt lat="46.630121" lon="9.746346" />
      <trkpt lat="46.630573" lon="9.745366" />
      <trkpt lat="46.631461" lon="9.744429" />
      <trkpt lat="46.632963" lon="9.743782" />
      <trkpt lat="46.633293" lon="9.743521" />
      <trkpt lat="46.635278" lon="9.740055" />
      <trkpt lat="46.635883" lon="9.739383" />
      <trkpt lat="46.636343" lon="9.738613" />
      <trkpt lat="46.636901" lon="9.737378" />
      <trkpt lat="46.637286" lon="9.735003" />
      <trkpt lat="46.637733" lon="9.733691" />
      <trkpt lat="46.637998" lon="9.73326" />
      <trkpt lat="46.639068" lon="9.732488" />
      <trkpt lat="46.640076" lon="9.733084" />
      <trkpt lat="46.640462" lon="9.733621" />
      <trkpt lat="46.641203" lon="9.733497" />
      <trkpt lat="46.64211" lon="9.733969" />
      <trkpt lat="46.642621" lon="9.733718" />
      <trkpt lat="46.644294" lon="9.730865" />
      <trkpt lat="46.64479" lon="9.730412" />
      <trkpt lat="46.645289" lon="9.729553" />
      <trkpt lat="46.645177" lon="9.729373" />
      <trkpt lat="46.644677" lon="9.73003" />
      <trkpt lat="46.644244" lon="9.730127" />
      <trkpt lat="46.644268" lon="9.729933" />
      <trkpt lat="46.64479" lon="9.729463" />
      <trkpt lat="46.645176" lon="9.728311" />
      <trkpt lat="46.645613" lon="9.727725" />
      <trkpt lat="46.646406" lon="9.724991" />
      <trkpt lat="46.647349" lon="9.723693" />
      <trkpt lat="46.647937" lon="9.722036" />
      <trkpt lat="46.648162" lon="9.721803" />
      <trkpt lat="46.648918" lon="9.721465" />
      <trkpt lat="46.650276" lon="9.720074" />
      <trkpt lat="46.651278" lon="9.71961" />
      <trkpt lat="46.65157" lon="9.719041" />
      <trkpt lat="46.651845" lon="9.717763" />
      <trkpt lat="46.652913" lon="9.71621" />
      <trkpt lat="46.653503" lon="9.715531" />
      <trkpt lat="46.654759" lon="9.715026" />
      <trkpt lat="46.655625" lon="9.713475" />
      <trkpt lat="46.655894" lon="9.712813" />
      <trkpt lat="46.656536" lon="9.709995" />
      <trkpt lat="46.657341" lon="9.707871" />
      <trkpt lat="46.657465" lon="9.706983" />
      <trkpt lat="46.657867" lon="9.705695" />
      <trkpt lat="46.658611" lon="9.703881" />
      <trkpt lat="46.659057" lon="9.702281" />
      <trkpt lat="46.659581" lon="9.701187" />
      <trkpt lat="46.662106" lon="9.698468" />
      <trkpt lat="46.662548" lon="9.697493" />
      <trkpt lat="46.663727" lon="9.696029" />
      <trkpt lat="46.664695" lon="9.695212" />
      <trkpt lat="46.666709" lon="9.69442" />
      <trkpt lat="46.66768" lon="9.693135" />
      <trkpt lat="46.668407" lon="9.691377" />
      <trkpt lat="46.668736" lon="9.691076" />
      <trkpt lat="46.669568" lon="9.690777" />
      <trkpt lat="46.669954" lon="9.690447" />
      <trkpt lat="46.67227" lon="9.685036" />
      <trkpt lat="46.672599" lon="9.682104" />
      <trkpt lat="46.672768" lon="9.678503" />
      <trkpt lat="46.673282" lon="9.67528" />
      <trkpt lat="46.673061" lon="9.672106" />
      <trkpt lat="46.673254" lon="9.671665" />
      <trkpt lat="46.673547" lon="9.671448" />
      <trkpt lat="46.674518" lon="9.671672" />
      <trkpt lat="46.674997" lon="9.67145" />
      <trkpt lat="46.675352" lon="9.670766" />
      <trkpt lat="46.675372" lon="9.669957" />
      <trkpt lat="46.674792" lon="9.668151" />
      <trkpt lat="46.674467" lon="9.666314" />
      <trkpt lat="46.673986" lon="9.665089" />
      <trkpt lat="46.673206" lon="9.663887" />
      <trkpt lat="46.672131" lon="9.661535" />
      <trkpt lat="46.671789" lon="9.659834" />
      <trkpt lat="46.671288" lon="9.658484" />
      <trkpt lat="46.67122" lon="9.656103" />
      <trkpt lat="46.670267" lon="9.653414" />
      <trkpt lat="46.669683" lon="9.649694" />
      <trkpt lat="46.669167" lon="9.648627" />
      <trkpt lat="46.668482" lon="9.648085" />
      <trkpt lat="46.668308" lon="9.647756" />
      <trkpt lat="46.66809" lon="9.644021" />
      <trkpt lat="46.668441" lon="9.641865" />
      <trkpt lat="46.668453" lon="9.639627" />
      <trkpt lat="46.667863" lon="9.637302" />
      <trkpt lat="46.667572" lon="9.635182" />
      <trkpt lat="46.666952" lon="9.632161" />
      <trkpt lat="46.66647" lon="9.631025" />
      <trkpt lat="46.666355" lon="9.63038" />
      <trkpt lat="46.666553" lon="9.626874" />
      <trkpt lat="46.667371" lon="9.622012" />
      <trkpt lat="46.667302" lon="9.617118" />
      <trkpt lat="46.66692" lon="9.615897" />
      <trkpt lat="46.666605" lon="9.615412" />
      <trkpt lat="46.666547" lon="9.614236" />
      <trkpt lat="46.666113" lon="9.613045" />
      <trkpt lat="46.665104" lon="9.612121" />
      <trkpt lat="46.664868" lon="9.611478" />
      <trkpt lat="46.664432" lon="9.607663" />
      <trkpt lat="46.664549" lon="9.606144" />
      <trkpt lat="46.664445" lon="9.605481" />
      <trkpt lat="46.664184" lon="9.605058" />
      <trkpt lat="46.662524" lon="9.603899" />
      <trkpt lat="46.661435" lon="9.602327" />
      <trkpt lat="46.661195" lon="9.601712" />
      <trkpt lat="46.660537" lon="9.598527" />
      <trkpt lat="46.660798" lon="9.59666" />
      <trkpt lat="46.66063" lon="9.594766" />
      <trkpt lat="46.660732" lon="9.5909" />
      <trkpt lat="46.660983" lon="9.58913" />
      <trkpt lat="46.661001" lon="9.58768" />
      <trkpt lat="46.661533" lon="9.586142" />
      <trkpt lat="46.662075" lon="9.585276" />
      <trkpt lat="46.662429" lon="9.583703" />
      <trkpt lat="46.662458" lon="9.582187" />
      <trkpt lat="46.661989" lon="9.580929" />
      <trkpt lat="46.661737" lon="9.57922" />
      <trkpt lat="46.662695" lon="9.577036" />
      <trkpt lat="46.66264" lon="9.575838" />
      <trkpt lat="46.663146" lon="9.573893" />
      <trkpt lat="46.664183" lon="9.571479" />
      <trkpt lat="46.664447" lon="9.571209" />
      <trkpt lat="46.664803" lon="9.57131" />
      <trkpt lat="46.664023" lon="9.575081" />
      <trkpt lat="46.663984" lon="9.576988" />
      <trkpt lat="46.663515" lon="9.578102" />
      <trkpt lat="46.663524" lon="9.578939" />
      <trkpt lat="46.663247" lon="9.579381" />
      <trkpt lat="46.663376" lon="9.579606" />
      <trkpt lat="46.663608" lon="9.579596" />
      <trkpt lat="46.664012" lon="9.578804" />
      <trkpt lat="46.664339" lon="9.579899" />
      <trkpt lat="46.664184" lon="9.580699" />
      <trkpt lat="46.664478" lon="9.581882" />
      <trkpt lat="46.664417" lon="9.582699" />
      <trkpt lat="46.664551" lon="9.584783" />
      <trkpt lat="46.664271" lon="9.586245" />
      <trkpt lat="46.664669" lon="9.587181" />
      <trkpt lat="46.664862" lon="9.590014" />
      <trkpt lat="46.665125" lon="9.590282" />
      <trkpt lat="46.665353" lon="9.590166" />
      <trkpt lat="46.665485" lon="9.58988" />
      <trkpt lat="46.665456" lon="9.588824" />
      <trkpt lat="46.665731" lon="9.587363" />
      <trkpt lat="46.665693" lon="9.586792" />
      <trkpt lat="46.66603" lon="9.585599" />
      <trkpt lat="46.666668" lon="9.58496" />
      <trkpt lat="46.667701" lon="9.582505" />
      <trkpt lat="46.669228" lon="9.579672" />
      <trkpt lat="46.66955" lon="9.579444" />
      <trkpt lat="46.670193" lon="9.579258" />
      <trkpt lat="46.670494" lon="9.578934" />
      <trkpt lat="46.670773" lon="9.577245" />
      <trkpt lat="46.672111" lon="9.573737" />
      <trkpt lat="46.67247" lon="9.573412" />
      <trkpt lat="46.673052" lon="9.573629" />
      <trkpt lat="46.673211" lon="9.57351" />
      <trkpt lat="46.673092" lon="9.572517" />
      <trkpt lat="46.673446" lon="9.571282" />
      <trkpt lat="46.67403" lon="9.570693" />
      <trkpt lat="46.674896" lon="9.570587" />
      <trkpt lat="46.676272" lon="9.567603" />
      <trkpt lat="46.676961" lon="9.567236" />
      <trkpt lat="46.677385" lon="9.567173" />
      <trkpt lat="46.678485" lon="9.566425" />
      <trkpt lat="46.678694" lon="9.5665" />
      <trkpt lat="46.679153" lon="9.567418" />
      <trkpt lat="46.679728" lon="9.567653" />
      <trkpt lat="46.68025" lon="9.567556" />
      <trkpt lat="46.682969" lon="9.564705" />
      <trkpt lat="46.684512" lon="9.563433" />
      <trkpt lat="46.688634" lon="9.562987" />
      <trkpt lat="46.689534" lon="9.56228" />
      <trkpt lat="46.689728" lon="9.561951" />
      <trkpt lat="46.689901" lon="9.561966" />
      <trkpt lat="46.692354" lon="9.560008" />
      <trkpt lat="46.698598" lon="9.557849" />
      <trkpt lat="46.705839" lon="9.560397" />
      <trkpt lat="46.70933" lon="9.559154" />
      <trkpt lat="46.713567" lon="9.559608" />
      <trkpt lat="46.714692" lon="9.558775" />
      <trkpt lat="46.718523" lon="9.559192" />
      <trkpt lat="46.719486" lon="9.558754" />
      <trkpt lat="46.721342" lon="9.558672" />
      <trkpt lat="46.72249" lon="9.558904" />
      <trkpt lat="46.723035" lon="9.558688" />
      <trkpt lat="46.724061" lon="9.557944" />
      <trkpt lat="46.725934" lon="9.557687" />
      <trkpt lat="46.726854" lon="9.55785" />
      <trkpt lat="46.727601" lon="9.557781" />
      <trkpt lat="46.728385" lon="9.557618" />
      <trkpt lat="46.729218" lon="9.557207" />
      <trkpt lat="46.729876" lon="9.556523" />
      <trkpt lat="46.731539" lon="9.553898" />
      <trkpt lat="46.732406" lon="9.553273" />
      <trkpt lat="46.733209" lon="9.552449" />
      <trkpt lat="46.73428" lon="9.551844" />
      <trkpt lat="46.734976" lon="9.552203" />
      <trkpt lat="46.735608" lon="9.552203" />
      <trkpt lat="46.73792" lon="9.553012" />
      <trkpt lat="46.738851" lon="9.552927" />
      <trkpt lat="46.739132" lon="9.553051" />
      <trkpt lat="46.739402" lon="9.553734" />
      <trkpt lat="46.739246" lon="9.555393" />
      <trkpt lat="46.739426" lon="9.555794" />
      <trkpt lat="46.739723" lon="9.556026" />
      <trkpt lat="46.740085" lon="9.556002" />
      <trkpt lat="46.741071" lon="9.55545" />
      <trkpt lat="46.741499" lon="9.555456" />
      <trkpt lat="46.743083" lon="9.556039" />
      <trkpt lat="46.744089" lon="9.556725" />
      <trkpt lat="46.744754" lon="9.556418" />
      <trkpt lat="46.74468" lon="9.55559" />
    </trkseg>
  </trk>
</gpx>
