<?xml version="1.0" encoding="UTF-8"?>
<gpx version="1.1" creator="Fondue Tour 2026" xmlns="http://www.topografix.com/GPX/1/1" xmlns:xsi="http://www.w3.org/2001/XMLSchema-instance" xsi:schemaLocation="http://www.topografix.com/GPX/1/1 http://www.topografix.com/GPX/1/1/gpx.xsd">
  <metadata><name>Wed 09 – Sun 13 · Full rental route · Zürich to Lugano</name><desc>Fondue Tour 2026 roadbook route. Verify live pass status before departure.</desc></metadata>
  <rte>
    <name>Wed 09 – Sun 13 · Full rental route · Zürich to Lugano stops</name>
    <rtept lat="47.4388589" lon="8.5628106"><name>ibis Budget Zürich Airport</name></rtept>
    <rtept lat="45.872759" lon="6.4634548"><name>Le Chalet Savoyard · Col des Aravis</name></rtept>
    <rtept lat="45.756431" lon="6.541775"><name>Les Saisies</name></rtept>
    <rtept lat="45.695036" lon="6.6348689"><name>Le Chalet de Roselend</name></rtept>
    <rtept lat="45.693806" lon="6.658449"><name>Cormet de Roselend</name></rtept>
    <rtept lat="45.6714524" lon="6.8756012"><name>Hospice du Petit-Saint-Bernard</name></rtept>
    <rtept lat="45.6833134" lon="6.8860358"><name>Colle del Piccolo San Bernardo</name></rtept>
    <rtept lat="45.7081906" lon="6.9511927"><name>Chalet Eden · La Thuile</name></rtept>
    <rtept lat="45.732847" lon="7.2990344"><name>ENI Aosta</name></rtept>
    <rtept lat="45.8706294" lon="7.1573899"><name>Saint-Rhémy viewpoint</name></rtept>
    <rtept lat="45.8689158" lon="7.1705651"><name>Great St Bernard Hospice</name></rtept>
    <rtept lat="46.2873758" lon="7.5409741"><name>Lac de Géronde</name></rtept>
    <rtept lat="46.340697" lon="8.023908"><name>Restaurant Z’Matt</name></rtept>
    <rtept lat="46.410532" lon="8.1509586"><name>Hängebrücke Fürgangen</name></rtept>
    <rtept lat="46.4879271" lon="8.268457"><name>Hotel Landhaus</name></rtept>
    <rtept lat="46.576739" lon="8.38835"><name>Belvedere Furka</name></rtept>
    <rtept lat="46.5716026" lon="8.4093321"><name>Furka photo point</name></rtept>
    <rtept lat="46.5496678" lon="8.5686232"><name>Parcheggio Tremola</name></rtept>
    <rtept lat="46.47819" lon="8.3864176"><name>Nufenenpass</name></rtept>
    <rtept lat="46.5068152" lon="8.3066168"><name>Agrola Ulrichen</name></rtept>
    <rtept lat="46.4879271" lon="8.268457"><name>Hotel Landhaus</name></rtept>
    <rtept lat="46.5614" lon="8.33758"><name>Grimsel Pass</name></rtept>
    <rtept lat="46.6136385" lon="8.3085363"><name>Gelmerbahn</name></rtept>
    <rtept lat="46.7424683" lon="8.3806647"><name>Gschletterkurve</name></rtept>
    <rtept lat="46.7330611" lon="8.4127499"><name>Susten viewpoint</name></rtept>
    <rtept lat="46.7293696" lon="8.4470234"><name>Susten Pass</name></rtept>
    <rtept lat="46.6587706" lon="8.6714017"><name>Ustria Alpsu</name></rtept>
    <rtept lat="46.60218" lon="8.8172"><name>Garviel da Medel</name></rtept>
    <rtept lat="46.42895" lon="8.97053"><name>Motto · Blenio</name></rtept>
    <rtept lat="46.4109835" lon="9.2288448"><name>Mesocco</name></rtept>
    <rtept lat="46.4361286" lon="9.2051555"><name>San Bernardino village</name></rtept>
    <rtept lat="46.4959" lon="9.17079"><name>San Bernardino Pass</name></rtept>
    <rtept lat="46.6626282" lon="9.5765123"><name>Albula Pass</name></rtept>
    <rtept lat="46.6896395" lon="9.5619604"><name>Migrol Lantsch/Lenz</name></rtept>
    <rtept lat="46.7445648" lon="9.5555085"><name>Hotel Waldhaus am See</name></rtept>
    <rtept lat="46.5960964" lon="9.5922141"><name>Wasescha Sport · Savognin</name></rtept>
    <rtept lat="46.4552131" lon="9.7913587"><name>Restaurant PappaLoù</name></rtept>
    <rtept lat="46.4084383" lon="9.701675"><name>Bellavista · Maloja</name></rtept>
    <rtept lat="46.341229" lon="9.584355"><name>Shell Stampa</name></rtept>
    <rtept lat="46.5120593" lon="9.3274123"><name>Berghaus Splügenpass</name></rtept>
    <rtept lat="46.4960855" lon="9.1705533"><name>Ospizio San Bernardino</name></rtept>
    <rtept lat="46.4469956" lon="9.2011886"><name>Mesocco parking</name></rtept>
    <rtept lat="46.1593333" lon="8.7694379"><name>Hotel Ascona</name></rtept>
    <rtept lat="46.0175167" lon="8.9609335"><name>Europcar / AMAG Lugano</name></rtept>
  </rte>
  <trk>
    <name>Wed 09 – Sun 13 · Full rental route · Zürich to Lugano</name>
    <trkseg>
      <trkpt lat="47.438778" lon="8.562677" />
      <trkpt lat="47.438385" lon="8.563196" />
      <trkpt lat="47.437186" lon="8.560991" />
      <trkpt lat="47.437671" lon="8.560466" />
      <trkpt lat="47.438756" lon="8.560488" />
      <trkpt lat="47.438846" lon="8.56003" />
      <trkpt lat="47.438722" lon="8.559345" />
      <trkpt lat="47.437772" lon="8.55759" />
      <trkpt lat="47.437067" lon="8.555594" />
      <trkpt lat="47.430942" lon="8.550122" />
      <trkpt lat="47.432943" lon="8.541693" />
      <trkpt lat="47.433746" lon="8.536047" />
      <trkpt lat="47.433915" lon="8.53314" />
      <trkpt lat="47.43391" lon="8.529799" />
      <trkpt lat="47.433739" lon="8.526957" />
      <trkpt lat="47.43334" lon="8.523637" />
      <trkpt lat="47.43283" lon="8.520842" />
      <trkpt lat="47.432049" lon="8.517678" />
      <trkpt lat="47.42891" lon="8.507922" />
      <trkpt lat="47.427888" lon="8.504002" />
      <trkpt lat="47.42691" lon="8.498367" />
      <trkpt lat="47.426352" lon="8.492212" />
      <trkpt lat="47.425932" lon="8.489167" />
      <trkpt lat="47.425425" lon="8.486875" />
      <trkpt lat="47.423452" lon="8.479558" />
      <trkpt lat="47.421845" lon="8.462511" />
      <trkpt lat="47.421125" lon="8.456303" />
      <trkpt lat="47.420103" lon="8.449199" />
      <trkpt lat="47.419633" lon="8.447655" />
      <trkpt lat="47.418972" lon="8.446256" />
      <trkpt lat="47.416144" lon="8.442237" />
      <trkpt lat="47.414916" lon="8.439574" />
      <trkpt lat="47.414366" lon="8.437789" />
      <trkpt lat="47.413219" lon="8.432733" />
      <trkpt lat="47.412268" lon="8.429187" />
      <trkpt lat="47.412168" lon="8.427938" />
      <trkpt lat="47.412307" lon="8.42709" />
      <trkpt lat="47.413151" lon="8.424774" />
      <trkpt lat="47.418294" lon="8.413869" />
      <trkpt lat="47.419427" lon="8.410975" />
      <trkpt lat="47.420216" lon="8.40852" />
      <trkpt lat="47.421141" lon="8.404822" />
      <trkpt lat="47.421779" lon="8.401123" />
      <trkpt lat="47.422127" lon="8.397808" />
      <trkpt lat="47.422657" lon="8.389943" />
      <trkpt lat="47.423468" lon="8.384901" />
      <trkpt lat="47.425129" lon="8.379253" />
      <trkpt lat="47.429911" lon="8.365615" />
      <trkpt lat="47.430963" lon="8.362926" />
      <trkpt lat="47.433813" lon="8.357376" />
      <trkpt lat="47.436644" lon="8.35061" />
      <trkpt lat="47.437581" lon="8.348926" />
      <trkpt lat="47.438439" lon="8.347699" />
      <trkpt lat="47.43972" lon="8.346264" />
      <trkpt lat="47.441069" lon="8.345088" />
      <trkpt lat="47.451809" lon="8.337118" />
      <trkpt lat="47.452602" lon="8.336262" />
      <trkpt lat="47.453298" lon="8.335227" />
      <trkpt lat="47.454223" lon="8.332998" />
      <trkpt lat="47.454627" lon="8.331157" />
      <trkpt lat="47.454799" lon="8.329297" />
      <trkpt lat="47.454629" lon="8.325093" />
      <trkpt lat="47.45469" lon="8.320739" />
      <trkpt lat="47.454294" lon="8.318185" />
      <trkpt lat="47.453174" lon="8.314516" />
      <trkpt lat="47.453071" lon="8.313334" />
      <trkpt lat="47.453191" lon="8.311929" />
      <trkpt lat="47.453647" lon="8.310411" />
      <trkpt lat="47.454388" lon="8.309214" />
      <trkpt lat="47.455218" lon="8.308474" />
      <trkpt lat="47.457574" lon="8.306935" />
      <trkpt lat="47.458689" lon="8.305596" />
      <trkpt lat="47.459272" lon="8.304442" />
      <trkpt lat="47.459773" lon="8.303065" />
      <trkpt lat="47.460122" lon="8.300834" />
      <trkpt lat="47.460136" lon="8.298914" />
      <trkpt lat="47.459941" lon="8.296279" />
      <trkpt lat="47.457462" lon="8.277201" />
      <trkpt lat="47.456951" lon="8.275037" />
      <trkpt lat="47.456316" lon="8.273217" />
      <trkpt lat="47.453191" lon="8.266561" />
      <trkpt lat="47.451904" lon="8.263295" />
      <trkpt lat="47.450943" lon="8.260259" />
      <trkpt lat="47.449282" lon="8.253896" />
      <trkpt lat="47.448441" lon="8.251329" />
      <trkpt lat="47.447148" lon="8.248653" />
      <trkpt lat="47.445679" lon="8.246415" />
      <trkpt lat="47.444507" lon="8.245036" />
      <trkpt lat="47.443253" lon="8.243829" />
      <trkpt lat="47.440515" lon="8.241845" />
      <trkpt lat="47.437071" lon="8.240112" />
      <trkpt lat="47.430041" lon="8.237358" />
      <trkpt lat="47.428511" lon="8.236464" />
      <trkpt lat="47.427063" lon="8.235295" />
      <trkpt lat="47.425101" lon="8.233079" />
      <trkpt lat="47.421666" lon="8.2278" />
      <trkpt lat="47.419646" lon="8.225317" />
      <trkpt lat="47.417432" lon="8.223308" />
      <trkpt lat="47.412501" lon="8.219718" />
      <trkpt lat="47.410316" lon="8.217548" />
      <trkpt lat="47.408594" lon="8.215274" />
      <trkpt lat="47.405289" lon="8.210029" />
      <trkpt lat="47.403891" lon="8.208375" />
      <trkpt lat="47.401462" lon="8.205953" />
      <trkpt lat="47.399969" lon="8.203742" />
      <trkpt lat="47.398871" lon="8.201082" />
      <trkpt lat="47.398225" lon="8.198115" />
      <trkpt lat="47.397461" lon="8.187534" />
      <trkpt lat="47.396998" lon="8.18467" />
      <trkpt lat="47.395945" lon="8.179703" />
      <trkpt lat="47.395567" lon="8.17705" />
      <trkpt lat="47.395269" lon="8.170498" />
      <trkpt lat="47.394961" lon="8.167754" />
      <trkpt lat="47.394485" lon="8.165493" />
      <trkpt lat="47.392666" lon="8.158851" />
      <trkpt lat="47.392012" lon="8.155183" />
      <trkpt lat="47.391094" lon="8.147563" />
      <trkpt lat="47.3909" lon="8.144721" />
      <trkpt lat="47.390965" lon="8.14139" />
      <trkpt lat="47.391578" lon="8.134109" />
      <trkpt lat="47.391472" lon="8.129818" />
      <trkpt lat="47.391146" lon="8.127211" />
      <trkpt lat="47.390678" lon="8.124884" />
      <trkpt lat="47.390006" lon="8.122496" />
      <trkpt lat="47.389154" lon="8.120201" />
      <trkpt lat="47.387595" lon="8.117097" />
      <trkpt lat="47.385871" lon="8.114596" />
      <trkpt lat="47.38397" lon="8.112546" />
      <trkpt lat="47.3793" lon="8.108599" />
      <trkpt lat="47.376825" lon="8.106088" />
      <trkpt lat="47.374061" lon="8.102465" />
      <trkpt lat="47.371566" lon="8.098212" />
      <trkpt lat="47.369107" lon="8.093223" />
      <trkpt lat="47.36717" lon="8.088297" />
      <trkpt lat="47.365508" lon="8.082616" />
      <trkpt lat="47.363463" lon="8.073194" />
      <trkpt lat="47.362619" lon="8.070877" />
      <trkpt lat="47.361499" lon="8.068808" />
      <trkpt lat="47.360546" lon="8.067512" />
      <trkpt lat="47.356738" lon="8.063082" />
      <trkpt lat="47.351793" lon="8.055556" />
      <trkpt lat="47.348564" lon="8.051391" />
      <trkpt lat="47.343699" lon="8.046216" />
      <trkpt lat="47.335058" lon="8.037851" />
      <trkpt lat="47.332891" lon="8.035377" />
      <trkpt lat="47.330799" lon="8.032421" />
      <trkpt lat="47.327132" lon="8.026385" />
      <trkpt lat="47.324053" lon="8.022161" />
      <trkpt lat="47.323278" lon="8.020669" />
      <trkpt lat="47.322657" lon="8.019039" />
      <trkpt lat="47.321968" lon="8.015889" />
      <trkpt lat="47.321817" lon="8.013131" />
      <trkpt lat="47.322068" lon="8.010346" />
      <trkpt lat="47.323405" lon="8.004588" />
      <trkpt lat="47.323729" lon="8.002022" />
      <trkpt lat="47.323689" lon="7.999175" />
      <trkpt lat="47.323013" lon="7.994081" />
      <trkpt lat="47.322894" lon="7.991735" />
      <trkpt lat="47.323029" lon="7.989635" />
      <trkpt lat="47.323717" lon="7.984292" />
      <trkpt lat="47.323791" lon="7.980976" />
      <trkpt lat="47.323344" lon="7.976527" />
      <trkpt lat="47.320776" lon="7.960188" />
      <trkpt lat="47.320105" lon="7.957031" />
      <trkpt lat="47.319254" lon="7.953851" />
      <trkpt lat="47.315269" lon="7.941926" />
      <trkpt lat="47.314628" lon="7.94057" />
      <trkpt lat="47.313765" lon="7.93915" />
      <trkpt lat="47.308695" lon="7.932663" />
      <trkpt lat="47.306791" lon="7.92959" />
      <trkpt lat="47.305925" lon="7.927603" />
      <trkpt lat="47.305253" lon="7.925462" />
      <trkpt lat="47.304787" lon="7.923209" />
      <trkpt lat="47.30453" lon="7.920872" />
      <trkpt lat="47.30451" lon="7.918458" />
      <trkpt lat="47.304652" lon="7.916558" />
      <trkpt lat="47.305391" lon="7.912788" />
      <trkpt lat="47.306624" lon="7.909479" />
      <trkpt lat="47.309933" lon="7.902904" />
      <trkpt lat="47.31119" lon="7.899522" />
      <trkpt lat="47.311963" lon="7.896799" />
      <trkpt lat="47.312566" lon="7.893954" />
      <trkpt lat="47.313157" lon="7.889007" />
      <trkpt lat="47.313269" lon="7.883701" />
      <trkpt lat="47.313073" lon="7.876423" />
      <trkpt lat="47.312754" lon="7.873106" />
      <trkpt lat="47.311859" lon="7.867503" />
      <trkpt lat="47.311687" lon="7.865297" />
      <trkpt lat="47.311765" lon="7.862923" />
      <trkpt lat="47.312277" lon="7.857506" />
      <trkpt lat="47.312222" lon="7.854569" />
      <trkpt lat="47.311695" lon="7.85084" />
      <trkpt lat="47.309881" lon="7.842426" />
      <trkpt lat="47.309562" lon="7.840006" />
      <trkpt lat="47.309437" lon="7.837648" />
      <trkpt lat="47.309489" lon="7.835264" />
      <trkpt lat="47.309742" lon="7.832448" />
      <trkpt lat="47.311593" lon="7.821107" />
      <trkpt lat="47.312154" lon="7.815474" />
      <trkpt lat="47.312278" lon="7.812703" />
      <trkpt lat="47.312215" lon="7.809171" />
      <trkpt lat="47.311748" lon="7.803104" />
      <trkpt lat="47.311041" lon="7.798475" />
      <trkpt lat="47.30998" lon="7.7935" />
      <trkpt lat="47.308797" lon="7.789051" />
      <trkpt lat="47.30719" lon="7.783928" />
      <trkpt lat="47.304593" lon="7.776682" />
      <trkpt lat="47.296498" lon="7.755632" />
      <trkpt lat="47.289646" lon="7.736552" />
      <trkpt lat="47.287637" lon="7.731558" />
      <trkpt lat="47.286061" lon="7.728265" />
      <trkpt lat="47.284386" lon="7.725361" />
      <trkpt lat="47.282613" lon="7.722883" />
      <trkpt lat="47.280784" lon="7.720883" />
      <trkpt lat="47.278957" lon="7.719352" />
      <trkpt lat="47.27706" lon="7.718151" />
      <trkpt lat="47.275336" lon="7.717289" />
      <trkpt lat="47.269599" lon="7.714823" />
      <trkpt lat="47.267938" lon="7.713924" />
      <trkpt lat="47.266527" lon="7.712977" />
      <trkpt lat="47.264819" lon="7.711521" />
      <trkpt lat="47.263276" lon="7.709853" />
      <trkpt lat="47.261892" lon="7.707996" />
      <trkpt lat="47.260508" lon="7.705679" />
      <trkpt lat="47.259459" lon="7.70348" />
      <trkpt lat="47.258636" lon="7.701333" />
      <trkpt lat="47.257968" lon="7.699139" />
      <trkpt lat="47.257397" lon="7.69665" />
      <trkpt lat="47.256864" lon="7.692817" />
      <trkpt lat="47.256257" lon="7.684104" />
      <trkpt lat="47.255892" lon="7.681694" />
      <trkpt lat="47.255347" lon="7.679414" />
      <trkpt lat="47.254691" lon="7.677443" />
      <trkpt lat="47.253889" lon="7.675583" />
      <trkpt lat="47.250961" lon="7.670317" />
      <trkpt lat="47.249842" lon="7.66791" />
      <trkpt lat="47.248939" lon="7.665176" />
      <trkpt lat="47.247532" lon="7.659638" />
      <trkpt lat="47.246766" lon="7.657478" />
      <trkpt lat="47.245934" lon="7.655675" />
      <trkpt lat="47.244971" lon="7.654016" />
      <trkpt lat="47.241188" lon="7.64902" />
      <trkpt lat="47.239031" lon="7.645542" />
      <trkpt lat="47.238328" lon="7.643661" />
      <trkpt lat="47.237704" lon="7.638914" />
      <trkpt lat="47.23699" lon="7.636719" />
      <trkpt lat="47.235288" lon="7.633511" />
      <trkpt lat="47.231683" lon="7.628405" />
      <trkpt lat="47.230058" lon="7.625605" />
      <trkpt lat="47.228582" lon="7.622224" />
      <trkpt lat="47.225718" lon="7.614488" />
      <trkpt lat="47.224364" lon="7.611528" />
      <trkpt lat="47.223212" lon="7.60953" />
      <trkpt lat="47.22186" lon="7.607615" />
      <trkpt lat="47.220527" lon="7.606072" />
      <trkpt lat="47.218882" lon="7.604536" />
      <trkpt lat="47.217019" lon="7.603188" />
      <trkpt lat="47.214867" lon="7.602014" />
      <trkpt lat="47.212511" lon="7.601079" />
      <trkpt lat="47.210152" lon="7.600447" />
      <trkpt lat="47.208284" lon="7.600161" />
      <trkpt lat="47.206335" lon="7.600029" />
      <trkpt lat="47.19928" lon="7.600171" />
      <trkpt lat="47.196674" lon="7.600103" />
      <trkpt lat="47.194108" lon="7.599774" />
      <trkpt lat="47.191554" lon="7.599135" />
      <trkpt lat="47.189355" lon="7.598323" />
      <trkpt lat="47.186748" lon="7.59705" />
      <trkpt lat="47.179577" lon="7.592721" />
      <trkpt lat="47.177009" lon="7.591316" />
      <trkpt lat="47.174415" lon="7.590181" />
      <trkpt lat="47.17172" lon="7.58938" />
      <trkpt lat="47.168195" lon="7.588852" />
      <trkpt lat="47.164943" lon="7.588874" />
      <trkpt lat="47.161661" lon="7.589409" />
      <trkpt lat="47.155969" lon="7.591124" />
      <trkpt lat="47.153753" lon="7.59163" />
      <trkpt lat="47.151173" lon="7.59183" />
      <trkpt lat="47.148438" lon="7.591565" />
      <trkpt lat="47.14654" lon="7.591092" />
      <trkpt lat="47.144255" lon="7.59026" />
      <trkpt lat="47.133224" lon="7.585129" />
      <trkpt lat="47.126247" lon="7.582219" />
      <trkpt lat="47.119987" lon="7.579969" />
      <trkpt lat="47.114196" lon="7.578203" />
      <trkpt lat="47.104049" lon="7.575629" />
      <trkpt lat="47.092577" lon="7.57301" />
      <trkpt lat="47.0916" lon="7.572915" />
      <trkpt lat="47.090474" lon="7.57298" />
      <trkpt lat="47.086364" lon="7.573867" />
      <trkpt lat="47.084697" lon="7.573983" />
      <trkpt lat="47.08302" lon="7.573703" />
      <trkpt lat="47.081062" lon="7.572865" />
      <trkpt lat="47.075414" lon="7.5691" />
      <trkpt lat="47.068596" lon="7.564212" />
      <trkpt lat="47.065274" lon="7.561332" />
      <trkpt lat="47.062516" lon="7.558443" />
      <trkpt lat="47.061464" lon="7.55694" />
      <trkpt lat="47.060567" lon="7.55521" />
      <trkpt lat="47.057125" lon="7.546234" />
      <trkpt lat="47.055705" lon="7.543057" />
      <trkpt lat="47.054248" lon="7.540196" />
      <trkpt lat="47.052958" lon="7.538076" />
      <trkpt lat="47.051315" lon="7.535786" />
      <trkpt lat="47.049678" lon="7.533852" />
      <trkpt lat="47.047945" lon="7.532115" />
      <trkpt lat="47.04566" lon="7.530298" />
      <trkpt lat="47.044595" lon="7.529721" />
      <trkpt lat="47.043334" lon="7.529257" />
      <trkpt lat="47.04108" lon="7.528871" />
      <trkpt lat="47.035433" lon="7.528465" />
      <trkpt lat="47.03273" lon="7.527792" />
      <trkpt lat="47.030617" lon="7.526663" />
      <trkpt lat="47.02964" lon="7.52586" />
      <trkpt lat="47.028724" lon="7.524888" />
      <trkpt lat="47.027372" lon="7.52293" />
      <trkpt lat="47.026247" lon="7.520494" />
      <trkpt lat="47.019853" lon="7.501239" />
      <trkpt lat="47.018869" lon="7.499352" />
      <trkpt lat="47.017616" lon="7.497866" />
      <trkpt lat="47.016313" lon="7.496936" />
      <trkpt lat="47.014796" lon="7.496402" />
      <trkpt lat="47.013535" lon="7.496354" />
      <trkpt lat="47.010578" lon="7.496815" />
      <trkpt lat="47.00958" lon="7.496696" />
      <trkpt lat="47.008616" lon="7.496373" />
      <trkpt lat="47.007526" lon="7.495792" />
      <trkpt lat="47.006369" lon="7.494958" />
      <trkpt lat="47.002094" lon="7.491117" />
      <trkpt lat="46.99991" lon="7.489028" />
      <trkpt lat="46.99655" lon="7.485491" />
      <trkpt lat="46.993216" lon="7.482676" />
      <trkpt lat="46.991928" lon="7.481263" />
      <trkpt lat="46.991159" lon="7.480039" />
      <trkpt lat="46.990594" lon="7.478809" />
      <trkpt lat="46.988817" lon="7.473142" />
      <trkpt lat="46.987934" lon="7.471062" />
      <trkpt lat="46.987193" lon="7.469838" />
      <trkpt lat="46.986398" lon="7.46884" />
      <trkpt lat="46.984709" lon="7.467428" />
      <trkpt lat="46.983592" lon="7.466894" />
      <trkpt lat="46.982492" lon="7.466619" />
      <trkpt lat="46.981402" lon="7.466579" />
      <trkpt lat="46.980214" lon="7.46679" />
      <trkpt lat="46.978346" lon="7.467582" />
      <trkpt lat="46.973987" lon="7.470361" />
      <trkpt lat="46.972951" lon="7.470735" />
      <trkpt lat="46.972153" lon="7.470767" />
      <trkpt lat="46.971524" lon="7.470604" />
      <trkpt lat="46.97108" lon="7.470307" />
      <trkpt lat="46.970596" lon="7.46969" />
      <trkpt lat="46.970182" lon="7.468445" />
      <trkpt lat="46.970009" lon="7.465138" />
      <trkpt lat="46.969176" lon="7.46114" />
      <trkpt lat="46.968968" lon="7.459302" />
      <trkpt lat="46.969045" lon="7.457223" />
      <trkpt lat="46.969738" lon="7.452616" />
      <trkpt lat="46.969779" lon="7.451158" />
      <trkpt lat="46.969648" lon="7.449433" />
      <trkpt lat="46.969137" lon="7.446934" />
      <trkpt lat="46.967139" lon="7.440179" />
      <trkpt lat="46.965734" lon="7.432474" />
      <trkpt lat="46.964893" lon="7.430061" />
      <trkpt lat="46.963547" lon="7.427631" />
      <trkpt lat="46.961412" lon="7.424692" />
      <trkpt lat="46.954001" lon="7.415197" />
      <trkpt lat="46.952545" lon="7.412848" />
      <trkpt lat="46.951747" lon="7.410993" />
      <trkpt lat="46.951158" lon="7.408784" />
      <trkpt lat="46.950901" lon="7.406969" />
      <trkpt lat="46.950828" lon="7.405016" />
      <trkpt lat="46.950959" lon="7.40313" />
      <trkpt lat="46.951292" lon="7.401275" />
      <trkpt lat="46.951749" lon="7.399708" />
      <trkpt lat="46.953738" lon="7.395391" />
      <trkpt lat="46.954223" lon="7.393919" />
      <trkpt lat="46.954528" lon="7.391637" />
      <trkpt lat="46.954387" lon="7.389533" />
      <trkpt lat="46.953859" lon="7.387565" />
      <trkpt lat="46.952872" lon="7.385724" />
      <trkpt lat="46.951868" lon="7.38464" />
      <trkpt lat="46.949489" lon="7.382932" />
      <trkpt lat="46.948626" lon="7.382141" />
      <trkpt lat="46.947621" lon="7.380871" />
      <trkpt lat="46.946744" lon="7.379306" />
      <trkpt lat="46.945903" lon="7.377185" />
      <trkpt lat="46.945009" lon="7.374081" />
      <trkpt lat="46.944539" lon="7.371562" />
      <trkpt lat="46.944296" lon="7.368681" />
      <trkpt lat="46.944378" lon="7.365356" />
      <trkpt lat="46.945444" lon="7.35677" />
      <trkpt lat="46.945938" lon="7.348712" />
      <trkpt lat="46.946512" lon="7.34521" />
      <trkpt lat="46.946999" lon="7.343516" />
      <trkpt lat="46.948843" lon="7.338464" />
      <trkpt lat="46.949936" lon="7.332282" />
      <trkpt lat="46.950587" lon="7.329884" />
      <trkpt lat="46.95171" lon="7.327433" />
      <trkpt lat="46.954632" lon="7.323213" />
      <trkpt lat="46.955528" lon="7.321537" />
      <trkpt lat="46.956464" lon="7.318758" />
      <trkpt lat="46.956927" lon="7.315979" />
      <trkpt lat="46.956965" lon="7.313026" />
      <trkpt lat="46.956327" lon="7.306944" />
      <trkpt lat="46.956386" lon="7.304362" />
      <trkpt lat="46.956745" lon="7.302052" />
      <trkpt lat="46.957894" lon="7.297623" />
      <trkpt lat="46.958343" lon="7.295347" />
      <trkpt lat="46.959087" lon="7.28809" />
      <trkpt lat="46.960064" lon="7.282381" />
      <trkpt lat="46.960403" lon="7.279136" />
      <trkpt lat="46.96045" lon="7.275167" />
      <trkpt lat="46.959998" lon="7.265624" />
      <trkpt lat="46.960241" lon="7.259997" />
      <trkpt lat="46.961027" lon="7.254502" />
      <trkpt lat="46.963285" lon="7.244251" />
      <trkpt lat="46.963779" lon="7.240578" />
      <trkpt lat="46.964014" lon="7.237323" />
      <trkpt lat="46.964035" lon="7.232876" />
      <trkpt lat="46.963684" lon="7.228191" />
      <trkpt lat="46.963084" lon="7.224057" />
      <trkpt lat="46.960925" lon="7.211821" />
      <trkpt lat="46.960246" lon="7.206291" />
      <trkpt lat="46.959917" lon="7.201883" />
      <trkpt lat="46.959998" lon="7.198659" />
      <trkpt lat="46.960393" lon="7.195866" />
      <trkpt lat="46.960942" lon="7.193629" />
      <trkpt lat="46.962395" lon="7.189114" />
      <trkpt lat="46.96288" lon="7.186577" />
      <trkpt lat="46.962996" lon="7.184912" />
      <trkpt lat="46.962947" lon="7.183062" />
      <trkpt lat="46.962407" lon="7.179893" />
      <trkpt lat="46.961599" lon="7.177547" />
      <trkpt lat="46.960475" lon="7.17522" />
      <trkpt lat="46.958968" lon="7.172739" />
      <trkpt lat="46.957267" lon="7.170504" />
      <trkpt lat="46.955763" lon="7.168899" />
      <trkpt lat="46.954064" lon="7.167427" />
      <trkpt lat="46.950092" lon="7.164846" />
      <trkpt lat="46.948944" lon="7.163965" />
      <trkpt lat="46.947856" lon="7.162886" />
      <trkpt lat="46.946852" lon="7.161612" />
      <trkpt lat="46.945591" lon="7.159528" />
      <trkpt lat="46.941904" lon="7.151991" />
      <trkpt lat="46.939122" lon="7.147026" />
      <trkpt lat="46.935601" lon="7.141622" />
      <trkpt lat="46.932257" lon="7.137238" />
      <trkpt lat="46.929601" lon="7.13448" />
      <trkpt lat="46.927175" lon="7.132586" />
      <trkpt lat="46.925308" lon="7.131447" />
      <trkpt lat="46.920395" lon="7.12894" />
      <trkpt lat="46.919227" lon="7.128178" />
      <trkpt lat="46.917758" lon="7.126711" />
      <trkpt lat="46.91656" lon="7.124848" />
      <trkpt lat="46.915478" lon="7.122025" />
      <trkpt lat="46.911532" lon="7.106141" />
      <trkpt lat="46.91066" lon="7.103085" />
      <trkpt lat="46.909052" lon="7.099296" />
      <trkpt lat="46.90559" lon="7.093663" />
      <trkpt lat="46.903304" lon="7.088862" />
      <trkpt lat="46.900523" lon="7.081788" />
      <trkpt lat="46.89834" lon="7.074943" />
      <trkpt lat="46.896974" lon="7.06971" />
      <trkpt lat="46.896228" lon="7.065911" />
      <trkpt lat="46.895977" lon="7.063074" />
      <trkpt lat="46.895746" lon="7.053865" />
      <trkpt lat="46.895263" lon="7.050742" />
      <trkpt lat="46.894421" lon="7.047712" />
      <trkpt lat="46.893618" lon="7.0457" />
      <trkpt lat="46.892661" lon="7.043845" />
      <trkpt lat="46.886953" lon="7.03499" />
      <trkpt lat="46.884734" lon="7.031059" />
      <trkpt lat="46.882542" lon="7.026231" />
      <trkpt lat="46.880795" lon="7.021298" />
      <trkpt lat="46.879624" lon="7.017019" />
      <trkpt lat="46.878679" lon="7.012434" />
      <trkpt lat="46.876887" lon="6.998269" />
      <trkpt lat="46.876001" lon="6.993218" />
      <trkpt lat="46.874487" lon="6.987348" />
      <trkpt lat="46.87258" lon="6.981962" />
      <trkpt lat="46.861191" lon="6.95541" />
      <trkpt lat="46.8597" lon="6.952302" />
      <trkpt lat="46.857851" lon="6.949015" />
      <trkpt lat="46.854803" lon="6.944589" />
      <trkpt lat="46.83175" lon="6.915541" />
      <trkpt lat="46.830394" lon="6.913543" />
      <trkpt lat="46.829359" lon="6.911745" />
      <trkpt lat="46.827603" lon="6.907795" />
      <trkpt lat="46.826321" lon="6.903488" />
      <trkpt lat="46.825584" lon="6.899383" />
      <trkpt lat="46.825261" lon="6.894702" />
      <trkpt lat="46.825439" lon="6.890272" />
      <trkpt lat="46.826017" lon="6.886267" />
      <trkpt lat="46.827026" lon="6.882271" />
      <trkpt lat="46.828286" lon="6.878814" />
      <trkpt lat="46.831347" lon="6.871672" />
      <trkpt lat="46.832219" lon="6.86884" />
      <trkpt lat="46.83269" lon="6.865938" />
      <trkpt lat="46.832813" lon="6.863349" />
      <trkpt lat="46.832627" lon="6.860533" />
      <trkpt lat="46.832149" lon="6.857979" />
      <trkpt lat="46.831183" lon="6.854873" />
      <trkpt lat="46.828555" lon="6.848532" />
      <trkpt lat="46.827349" lon="6.845022" />
      <trkpt lat="46.826231" lon="6.840681" />
      <trkpt lat="46.824247" lon="6.831449" />
      <trkpt lat="46.823454" lon="6.828641" />
      <trkpt lat="46.822412" lon="6.825802" />
      <trkpt lat="46.820873" lon="6.822621" />
      <trkpt lat="46.818807" lon="6.819372" />
      <trkpt lat="46.811562" lon="6.810979" />
      <trkpt lat="46.808854" lon="6.807312" />
      <trkpt lat="46.806986" lon="6.804377" />
      <trkpt lat="46.805336" lon="6.80149" />
      <trkpt lat="46.802494" lon="6.795612" />
      <trkpt lat="46.792507" lon="6.77007" />
      <trkpt lat="46.791504" lon="6.766562" />
      <trkpt lat="46.789655" lon="6.758531" />
      <trkpt lat="46.788577" lon="6.75509" />
      <trkpt lat="46.787322" lon="6.752037" />
      <trkpt lat="46.785065" lon="6.747683" />
      <trkpt lat="46.784226" lon="6.745637" />
      <trkpt lat="46.783562" lon="6.742871" />
      <trkpt lat="46.782905" lon="6.737052" />
      <trkpt lat="46.782107" lon="6.734158" />
      <trkpt lat="46.780876" lon="6.731642" />
      <trkpt lat="46.778133" lon="6.727961" />
      <trkpt lat="46.777026" lon="6.725958" />
      <trkpt lat="46.776371" lon="6.724224" />
      <trkpt lat="46.775306" lon="6.720232" />
      <trkpt lat="46.77445" lon="6.717702" />
      <trkpt lat="46.770212" lon="6.708535" />
      <trkpt lat="46.765551" lon="6.695954" />
      <trkpt lat="46.763361" lon="6.691168" />
      <trkpt lat="46.759274" lon="6.683676" />
      <trkpt lat="46.75777" lon="6.680066" />
      <trkpt lat="46.756851" lon="6.676904" />
      <trkpt lat="46.756117" lon="6.672389" />
      <trkpt lat="46.755931" lon="6.66861" />
      <trkpt lat="46.756255" lon="6.664043" />
      <trkpt lat="46.756901" lon="6.66059" />
      <trkpt lat="46.757576" lon="6.658143" />
      <trkpt lat="46.758983" lon="6.654577" />
      <trkpt lat="46.761379" lon="6.649816" />
      <trkpt lat="46.761932" lon="6.648325" />
      <trkpt lat="46.762234" lon="6.646333" />
      <trkpt lat="46.762129" lon="6.644488" />
      <trkpt lat="46.761807" lon="6.643114" />
      <trkpt lat="46.761275" lon="6.641856" />
      <trkpt lat="46.758406" lon="6.637415" />
      <trkpt lat="46.75626" lon="6.633475" />
      <trkpt lat="46.754697" lon="6.630028" />
      <trkpt lat="46.753509" lon="6.626934" />
      <trkpt lat="46.751665" lon="6.620784" />
      <trkpt lat="46.749192" lon="6.609192" />
      <trkpt lat="46.747738" lon="6.60363" />
      <trkpt lat="46.745624" lon="6.597214" />
      <trkpt lat="46.743119" lon="6.591099" />
      <trkpt lat="46.741246" lon="6.587226" />
      <trkpt lat="46.739208" lon="6.583511" />
      <trkpt lat="46.737023" lon="6.579988" />
      <trkpt lat="46.734704" lon="6.576674" />
      <trkpt lat="46.732453" lon="6.573821" />
      <trkpt lat="46.730565" lon="6.571852" />
      <trkpt lat="46.72887" lon="6.570588" />
      <trkpt lat="46.727165" lon="6.569853" />
      <trkpt lat="46.725963" lon="6.569662" />
      <trkpt lat="46.724783" lon="6.569728" />
      <trkpt lat="46.723585" lon="6.570055" />
      <trkpt lat="46.722422" lon="6.570643" />
      <trkpt lat="46.720864" lon="6.571902" />
      <trkpt lat="46.716858" lon="6.576248" />
      <trkpt lat="46.715585" lon="6.577258" />
      <trkpt lat="46.713937" lon="6.578231" />
      <trkpt lat="46.712702" lon="6.578745" />
      <trkpt lat="46.711273" lon="6.579132" />
      <trkpt lat="46.709671" lon="6.579311" />
      <trkpt lat="46.708061" lon="6.579227" />
      <trkpt lat="46.706645" lon="6.578935" />
      <trkpt lat="46.705057" lon="6.578378" />
      <trkpt lat="46.698936" lon="6.575303" />
      <trkpt lat="46.695942" lon="6.574218" />
      <trkpt lat="46.693748" lon="6.573749" />
      <trkpt lat="46.691809" lon="6.573555" />
      <trkpt lat="46.68566" lon="6.573799" />
      <trkpt lat="46.683403" lon="6.573607" />
      <trkpt lat="46.680873" lon="6.57284" />
      <trkpt lat="46.676609" lon="6.570621" />
      <trkpt lat="46.675343" lon="6.570198" />
      <trkpt lat="46.674053" lon="6.569941" />
      <trkpt lat="46.671618" lon="6.569886" />
      <trkpt lat="46.668609" lon="6.570253" />
      <trkpt lat="46.666409" lon="6.570761" />
      <trkpt lat="46.662278" lon="6.57208" />
      <trkpt lat="46.660484" lon="6.572482" />
      <trkpt lat="46.658609" lon="6.572563" />
      <trkpt lat="46.656684" lon="6.572274" />
      <trkpt lat="46.655114" lon="6.571747" />
      <trkpt lat="46.653279" lon="6.570782" />
      <trkpt lat="46.647497" lon="6.566438" />
      <trkpt lat="46.644519" lon="6.564505" />
      <trkpt lat="46.641763" lon="6.563113" />
      <trkpt lat="46.639288" lon="6.562161" />
      <trkpt lat="46.636742" lon="6.561462" />
      <trkpt lat="46.634159" lon="6.561029" />
      <trkpt lat="46.631895" lon="6.56087" />
      <trkpt lat="46.626027" lon="6.560752" />
      <trkpt lat="46.623797" lon="6.560502" />
      <trkpt lat="46.621541" lon="6.560082" />
      <trkpt lat="46.61931" lon="6.559501" />
      <trkpt lat="46.617103" lon="6.558756" />
      <trkpt lat="46.610998" lon="6.55608" />
      <trkpt lat="46.608473" lon="6.555139" />
      <trkpt lat="46.605275" lon="6.554265" />
      <trkpt lat="46.602203" lon="6.553747" />
      <trkpt lat="46.599766" lon="6.553555" />
      <trkpt lat="46.597166" lon="6.553561" />
      <trkpt lat="46.58744" lon="6.554388" />
      <trkpt lat="46.578246" lon="6.555737" />
      <trkpt lat="46.569899" lon="6.557445" />
      <trkpt lat="46.564816" lon="6.558768" />
      <trkpt lat="46.56095" lon="6.560451" />
      <trkpt lat="46.557833" lon="6.562463" />
      <trkpt lat="46.552415" lon="6.566682" />
      <trkpt lat="46.550951" lon="6.567584" />
      <trkpt lat="46.549403" lon="6.568282" />
      <trkpt lat="46.547523" lon="6.568709" />
      <trkpt lat="46.545779" lon="6.568691" />
      <trkpt lat="46.543848" lon="6.568182" />
      <trkpt lat="46.542884" lon="6.567458" />
      <trkpt lat="46.542387" lon="6.566808" />
      <trkpt lat="46.54193" lon="6.56585" />
      <trkpt lat="46.540559" lon="6.560406" />
      <trkpt lat="46.539117" lon="6.556785" />
      <trkpt lat="46.537485" lon="6.553952" />
      <trkpt lat="46.531567" lon="6.544924" />
      <trkpt lat="46.529804" lon="6.541413" />
      <trkpt lat="46.528625" lon="6.5379" />
      <trkpt lat="46.526173" lon="6.52785" />
      <trkpt lat="46.524364" lon="6.522173" />
      <trkpt lat="46.52191" lon="6.515922" />
      <trkpt lat="46.516566" lon="6.503949" />
      <trkpt lat="46.514289" lon="6.49753" />
      <trkpt lat="46.513141" lon="6.495498" />
      <trkpt lat="46.506568" lon="6.485956" />
      <trkpt lat="46.504634" lon="6.48274" />
      <trkpt lat="46.502465" lon="6.478735" />
      <trkpt lat="46.500244" lon="6.474091" />
      <trkpt lat="46.498128" lon="6.469014" />
      <trkpt lat="46.496488" lon="6.46448" />
      <trkpt lat="46.493456" lon="6.45508" />
      <trkpt lat="46.49114" lon="6.449407" />
      <trkpt lat="46.489393" lon="6.445995" />
      <trkpt lat="46.48769" lon="6.443154" />
      <trkpt lat="46.486073" lon="6.440802" />
      <trkpt lat="46.482728" lon="6.436398" />
      <trkpt lat="46.481189" lon="6.434078" />
      <trkpt lat="46.479848" lon="6.431529" />
      <trkpt lat="46.478592" lon="6.428352" />
      <trkpt lat="46.477827" lon="6.425675" />
      <trkpt lat="46.477344" lon="6.423335" />
      <trkpt lat="46.47702" lon="6.420999" />
      <trkpt lat="46.476834" lon="6.418253" />
      <trkpt lat="46.476945" lon="6.413981" />
      <trkpt lat="46.47792" lon="6.40547" />
      <trkpt lat="46.477968" lon="6.40264" />
      <trkpt lat="46.477827" lon="6.399727" />
      <trkpt lat="46.473739" lon="6.365556" />
      <trkpt lat="46.472925" lon="6.360888" />
      <trkpt lat="46.471645" lon="6.355675" />
      <trkpt lat="46.465857" lon="6.33541" />
      <trkpt lat="46.464246" lon="6.330766" />
      <trkpt lat="46.462831" lon="6.327629" />
      <trkpt lat="46.461197" lon="6.324673" />
      <trkpt lat="46.454776" lon="6.315441" />
      <trkpt lat="46.452523" lon="6.311743" />
      <trkpt lat="46.450446" lon="6.307943" />
      <trkpt lat="46.447347" lon="6.301376" />
      <trkpt lat="46.44272" lon="6.289791" />
      <trkpt lat="46.439189" lon="6.282084" />
      <trkpt lat="46.435029" lon="6.274312" />
      <trkpt lat="46.424502" lon="6.256749" />
      <trkpt lat="46.42237" lon="6.252925" />
      <trkpt lat="46.419926" lon="6.247691" />
      <trkpt lat="46.415246" lon="6.236014" />
      <trkpt lat="46.412224" lon="6.229982" />
      <trkpt lat="46.409199" lon="6.224972" />
      <trkpt lat="46.405961" lon="6.220417" />
      <trkpt lat="46.402416" lon="6.216179" />
      <trkpt lat="46.398577" lon="6.212319" />
      <trkpt lat="46.396082" lon="6.210158" />
      <trkpt lat="46.393808" lon="6.208399" />
      <trkpt lat="46.391184" lon="6.206606" />
      <trkpt lat="46.38877" lon="6.205204" />
      <trkpt lat="46.384253" lon="6.203166" />
      <trkpt lat="46.374592" lon="6.199741" />
      <trkpt lat="46.372471" lon="6.198673" />
      <trkpt lat="46.370151" lon="6.197063" />
      <trkpt lat="46.367982" lon="6.195068" />
      <trkpt lat="46.366239" lon="6.193038" />
      <trkpt lat="46.364414" lon="6.190432" />
      <trkpt lat="46.360166" lon="6.183411" />
      <trkpt lat="46.357899" lon="6.180074" />
      <trkpt lat="46.354911" lon="6.176361" />
      <trkpt lat="46.351941" lon="6.17329" />
      <trkpt lat="46.348843" lon="6.17063" />
      <trkpt lat="46.343874" lon="6.166969" />
      <trkpt lat="46.341485" lon="6.165058" />
      <trkpt lat="46.328922" lon="6.153605" />
      <trkpt lat="46.324965" lon="6.150283" />
      <trkpt lat="46.322346" lon="6.148425" />
      <trkpt lat="46.319639" lon="6.146809" />
      <trkpt lat="46.317023" lon="6.145518" />
      <trkpt lat="46.314303" lon="6.144458" />
      <trkpt lat="46.312385" lon="6.143926" />
      <trkpt lat="46.310764" lon="6.143638" />
      <trkpt lat="46.307429" lon="6.143488" />
      <trkpt lat="46.304175" lon="6.143909" />
      <trkpt lat="46.297794" lon="6.145545" />
      <trkpt lat="46.294803" lon="6.146054" />
      <trkpt lat="46.291216" lon="6.146128" />
      <trkpt lat="46.287491" lon="6.145586" />
      <trkpt lat="46.282942" lon="6.144276" />
      <trkpt lat="46.278952" lon="6.142595" />
      <trkpt lat="46.276505" lon="6.141304" />
      <trkpt lat="46.2738" lon="6.139668" />
      <trkpt lat="46.264416" lon="6.133428" />
      <trkpt lat="46.262693" lon="6.132653" />
      <trkpt lat="46.261219" lon="6.132469" />
      <trkpt lat="46.259921" lon="6.132758" />
      <trkpt lat="46.258846" lon="6.133351" />
      <trkpt lat="46.257718" lon="6.134299" />
      <trkpt lat="46.256152" lon="6.135991" />
      <trkpt lat="46.251036" lon="6.142082" />
      <trkpt lat="46.250095" lon="6.14336" />
      <trkpt lat="46.248843" lon="6.145506" />
      <trkpt lat="46.247206" lon="6.149241" />
      <trkpt lat="46.246756" lon="6.150024" />
      <trkpt lat="46.245838" lon="6.15098" />
      <trkpt lat="46.244823" lon="6.151485" />
      <trkpt lat="46.243875" lon="6.151603" />
      <trkpt lat="46.24268" lon="6.151359" />
      <trkpt lat="46.241714" lon="6.150894" />
      <trkpt lat="46.239516" lon="6.149467" />
      <trkpt lat="46.238095" lon="6.148972" />
      <trkpt lat="46.236946" lon="6.148921" />
      <trkpt lat="46.232402" lon="6.149379" />
      <trkpt lat="46.230625" lon="6.149333" />
      <trkpt lat="46.227842" lon="6.148795" />
      <trkpt lat="46.225954" lon="6.148015" />
      <trkpt lat="46.225367" lon="6.147904" />
      <trkpt lat="46.22398" lon="6.14834" />
      <trkpt lat="46.220816" lon="6.149932" />
      <trkpt lat="46.220121" lon="6.149676" />
      <trkpt lat="46.218848" lon="6.148754" />
      <trkpt lat="46.21853" lon="6.149365" />
      <trkpt lat="46.21781" lon="6.150159" />
      <trkpt lat="46.216306" lon="6.151369" />
      <trkpt lat="46.215541" lon="6.151694" />
      <trkpt lat="46.21155" lon="6.152733" />
      <trkpt lat="46.206941" lon="6.147704" />
      <trkpt lat="46.203931" lon="6.150573" />
      <trkpt lat="46.20322" lon="6.154002" />
      <trkpt lat="46.201991" lon="6.153448" />
      <trkpt lat="46.201785" lon="6.153117" />
      <trkpt lat="46.201574" lon="6.153058" />
      <trkpt lat="46.201395" lon="6.15329" />
      <trkpt lat="46.201465" lon="6.153903" />
      <trkpt lat="46.201151" lon="6.155439" />
      <trkpt lat="46.199421" lon="6.154697" />
      <trkpt lat="46.199318" lon="6.154676" />
      <trkpt lat="46.199168" lon="6.15495" />
      <trkpt lat="46.197942" lon="6.159766" />
      <trkpt lat="46.196831" lon="6.163138" />
      <trkpt lat="46.195935" lon="6.167297" />
      <trkpt lat="46.193671" lon="6.173264" />
      <trkpt lat="46.193375" lon="6.1751" />
      <trkpt lat="46.193326" lon="6.17836" />
      <trkpt lat="46.193078" lon="6.180119" />
      <trkpt lat="46.192538" lon="6.181331" />
      <trkpt lat="46.190893" lon="6.183533" />
      <trkpt lat="46.190335" lon="6.185063" />
      <trkpt lat="46.190164" lon="6.187144" />
      <trkpt lat="46.190728" lon="6.194545" />
      <trkpt lat="46.190588" lon="6.196239" />
      <trkpt lat="46.190291" lon="6.197287" />
      <trkpt lat="46.189108" lon="6.200236" />
      <trkpt lat="46.188142" lon="6.201958" />
      <trkpt lat="46.188212" lon="6.202217" />
      <trkpt lat="46.187825" lon="6.20353" />
      <trkpt lat="46.185929" lon="6.208379" />
      <trkpt lat="46.185132" lon="6.210802" />
      <trkpt lat="46.184494" lon="6.213723" />
      <trkpt lat="46.18287" lon="6.223566" />
      <trkpt lat="46.182006" lon="6.225723" />
      <trkpt lat="46.181573" lon="6.228334" />
      <trkpt lat="46.180319" lon="6.231702" />
      <trkpt lat="46.17896" lon="6.233869" />
      <trkpt lat="46.178164" lon="6.234732" />
      <trkpt lat="46.176018" lon="6.236613" />
      <trkpt lat="46.173193" lon="6.239902" />
      <trkpt lat="46.170152" lon="6.242216" />
      <trkpt lat="46.169083" lon="6.243249" />
      <trkpt lat="46.167932" lon="6.24479" />
      <trkpt lat="46.166839" lon="6.246979" />
      <trkpt lat="46.166086" lon="6.24929" />
      <trkpt lat="46.162359" lon="6.263076" />
      <trkpt lat="46.156866" lon="6.280655" />
      <trkpt lat="46.153031" lon="6.294236" />
      <trkpt lat="46.151041" lon="6.302324" />
      <trkpt lat="46.149889" lon="6.305619" />
      <trkpt lat="46.148345" lon="6.308793" />
      <trkpt lat="46.147395" lon="6.310324" />
      <trkpt lat="46.146064" lon="6.312111" />
      <trkpt lat="46.144647" lon="6.313651" />
      <trkpt lat="46.143085" lon="6.31503" />
      <trkpt lat="46.140574" lon="6.316653" />
      <trkpt lat="46.135543" lon="6.318831" />
      <trkpt lat="46.133793" lon="6.319793" />
      <trkpt lat="46.128409" lon="6.324289" />
      <trkpt lat="46.122148" lon="6.329018" />
      <trkpt lat="46.120291" lon="6.330703" />
      <trkpt lat="46.118452" lon="6.332596" />
      <trkpt lat="46.113611" lon="6.33835" />
      <trkpt lat="46.110477" lon="6.341599" />
      <trkpt lat="46.106927" lon="6.344634" />
      <trkpt lat="46.099715" lon="6.350035" />
      <trkpt lat="46.096024" lon="6.353293" />
      <trkpt lat="46.092633" lon="6.356967" />
      <trkpt lat="46.090022" lon="6.360342" />
      <trkpt lat="46.087635" lon="6.363939" />
      <trkpt lat="46.08374" lon="6.370414" />
      <trkpt lat="46.081869" lon="6.373077" />
      <trkpt lat="46.07961" lon="6.375653" />
      <trkpt lat="46.075081" lon="6.380232" />
      <trkpt lat="46.073648" lon="6.381372" />
      <trkpt lat="46.072718" lon="6.382571" />
      <trkpt lat="46.072476" lon="6.382534" />
      <trkpt lat="46.072371" lon="6.382184" />
      <trkpt lat="46.072272" lon="6.38054" />
      <trkpt lat="46.072363" lon="6.379925" />
      <trkpt lat="46.072176" lon="6.379591" />
      <trkpt lat="46.072118" lon="6.377989" />
      <trkpt lat="46.072227" lon="6.376938" />
      <trkpt lat="46.072054" lon="6.37677" />
      <trkpt lat="46.071685" lon="6.376938" />
      <trkpt lat="46.071536" lon="6.376669" />
      <trkpt lat="46.071837" lon="6.37541" />
      <trkpt lat="46.071627" lon="6.373348" />
      <trkpt lat="46.070171" lon="6.373194" />
      <trkpt lat="46.069458" lon="6.373396" />
      <trkpt lat="46.068763" lon="6.373338" />
      <trkpt lat="46.068446" lon="6.373693" />
      <trkpt lat="46.067545" lon="6.373418" />
      <trkpt lat="46.064459" lon="6.373534" />
      <trkpt lat="46.063754" lon="6.373375" />
      <trkpt lat="46.063532" lon="6.373205" />
      <trkpt lat="46.063309" lon="6.373417" />
      <trkpt lat="46.062584" lon="6.373663" />
      <trkpt lat="46.061495" lon="6.373796" />
      <trkpt lat="46.059384" lon="6.373197" />
      <trkpt lat="46.058888" lon="6.374064" />
      <trkpt lat="46.058496" lon="6.374453" />
      <trkpt lat="46.057305" lon="6.375049" />
      <trkpt lat="46.05663" lon="6.373591" />
      <trkpt lat="46.055161" lon="6.371952" />
      <trkpt lat="46.054733" lon="6.3719" />
      <trkpt lat="46.053579" lon="6.372899" />
      <trkpt lat="46.053575" lon="6.373235" />
      <trkpt lat="46.053892" lon="6.373639" />
      <trkpt lat="46.053795" lon="6.374018" />
      <trkpt lat="46.053512" lon="6.374165" />
      <trkpt lat="46.052553" lon="6.374122" />
      <trkpt lat="46.052091" lon="6.374903" />
      <trkpt lat="46.051793" lon="6.375791" />
      <trkpt lat="46.050987" lon="6.376719" />
      <trkpt lat="46.050624" lon="6.376663" />
      <trkpt lat="46.050202" lon="6.376212" />
      <trkpt lat="46.049749" lon="6.37639" />
      <trkpt lat="46.048571" lon="6.375749" />
      <trkpt lat="46.048149" lon="6.376167" />
      <trkpt lat="46.047443" lon="6.375655" />
      <trkpt lat="46.046934" lon="6.375796" />
      <trkpt lat="46.046655" lon="6.37572" />
      <trkpt lat="46.046347" lon="6.376501" />
      <trkpt lat="46.045593" lon="6.376823" />
      <trkpt lat="46.0455" lon="6.377899" />
      <trkpt lat="46.045324" lon="6.378154" />
      <trkpt lat="46.044293" lon="6.378399" />
      <trkpt lat="46.043376" lon="6.379465" />
      <trkpt lat="46.04246" lon="6.379402" />
      <trkpt lat="46.042046" lon="6.379863" />
      <trkpt lat="46.041481" lon="6.380142" />
      <trkpt lat="46.040695" lon="6.380229" />
      <trkpt lat="46.039601" lon="6.380972" />
      <trkpt lat="46.038983" lon="6.382117" />
      <trkpt lat="46.038049" lon="6.382804" />
      <trkpt lat="46.037221" lon="6.382988" />
      <trkpt lat="46.036594" lon="6.383461" />
      <trkpt lat="46.035803" lon="6.383843" />
      <trkpt lat="46.035189" lon="6.383861" />
      <trkpt lat="46.034315" lon="6.38507" />
      <trkpt lat="46.034141" lon="6.386315" />
      <trkpt lat="46.03259" lon="6.388883" />
      <trkpt lat="46.030155" lon="6.390962" />
      <trkpt lat="46.029512" lon="6.391082" />
      <trkpt lat="46.028994" lon="6.390952" />
      <trkpt lat="46.028838" lon="6.391055" />
      <trkpt lat="46.02873" lon="6.392762" />
      <trkpt lat="46.028577" lon="6.393105" />
      <trkpt lat="46.028262" lon="6.39316" />
      <trkpt lat="46.027964" lon="6.392889" />
      <trkpt lat="46.027376" lon="6.391722" />
      <trkpt lat="46.026706" lon="6.391918" />
      <trkpt lat="46.025418" lon="6.393104" />
      <trkpt lat="46.024769" lon="6.39394" />
      <trkpt lat="46.024458" lon="6.394841" />
      <trkpt lat="46.023779" lon="6.394934" />
      <trkpt lat="46.023338" lon="6.395339" />
      <trkpt lat="46.022932" lon="6.395279" />
      <trkpt lat="46.022686" lon="6.395411" />
      <trkpt lat="46.022037" lon="6.396481" />
      <trkpt lat="46.021632" lon="6.396963" />
      <trkpt lat="46.021338" lon="6.397113" />
      <trkpt lat="46.019891" lon="6.396204" />
      <trkpt lat="46.019454" lon="6.396325" />
      <trkpt lat="46.019155" lon="6.39692" />
      <trkpt lat="46.018917" lon="6.397027" />
      <trkpt lat="46.018129" lon="6.396601" />
      <trkpt lat="46.017096" lon="6.396364" />
      <trkpt lat="46.016068" lon="6.395946" />
      <trkpt lat="46.013469" lon="6.396514" />
      <trkpt lat="46.01162" lon="6.39582" />
      <trkpt lat="46.01028" lon="6.39684" />
      <trkpt lat="46.007754" lon="6.39673" />
      <trkpt lat="46.006055" lon="6.396929" />
      <trkpt lat="46.005499" lon="6.397033" />
      <trkpt lat="46.004976" lon="6.397502" />
      <trkpt lat="46.004638" lon="6.397545" />
      <trkpt lat="46.002156" lon="6.396266" />
      <trkpt lat="46.001056" lon="6.396203" />
      <trkpt lat="46.000651" lon="6.396035" />
      <trkpt lat="45.999699" lon="6.3948" />
      <trkpt lat="45.999284" lon="6.394506" />
      <trkpt lat="45.997536" lon="6.394502" />
      <trkpt lat="45.996037" lon="6.394315" />
      <trkpt lat="45.994641" lon="6.394473" />
      <trkpt lat="45.993924" lon="6.394247" />
      <trkpt lat="45.991956" lon="6.393192" />
      <trkpt lat="45.991738" lon="6.393281" />
      <trkpt lat="45.991372" lon="6.393825" />
      <trkpt lat="45.990782" lon="6.393691" />
      <trkpt lat="45.990274" lon="6.393802" />
      <trkpt lat="45.989795" lon="6.393364" />
      <trkpt lat="45.989291" lon="6.393486" />
      <trkpt lat="45.988846" lon="6.393259" />
      <trkpt lat="45.988025" lon="6.392353" />
      <trkpt lat="45.987532" lon="6.391544" />
      <trkpt lat="45.986137" lon="6.390315" />
      <trkpt lat="45.984632" lon="6.388187" />
      <trkpt lat="45.984158" lon="6.387706" />
      <trkpt lat="45.982424" lon="6.387269" />
      <trkpt lat="45.980762" lon="6.387416" />
      <trkpt lat="45.978279" lon="6.387067" />
      <trkpt lat="45.977509" lon="6.387288" />
      <trkpt lat="45.977014" lon="6.387026" />
      <trkpt lat="45.975005" lon="6.386638" />
      <trkpt lat="45.974584" lon="6.386377" />
      <trkpt lat="45.973258" lon="6.384377" />
      <trkpt lat="45.973054" lon="6.384285" />
      <trkpt lat="45.970836" lon="6.384933" />
      <trkpt lat="45.969831" lon="6.384458" />
      <trkpt lat="45.969476" lon="6.384421" />
      <trkpt lat="45.967476" lon="6.385347" />
      <trkpt lat="45.965796" lon="6.385405" />
      <trkpt lat="45.964189" lon="6.386211" />
      <trkpt lat="45.963105" lon="6.385905" />
      <trkpt lat="45.962329" lon="6.385872" />
      <trkpt lat="45.959851" lon="6.387335" />
      <trkpt lat="45.959759" lon="6.387286" />
      <trkpt lat="45.959722" lon="6.387446" />
      <trkpt lat="45.956513" lon="6.388354" />
      <trkpt lat="45.955529" lon="6.38897" />
      <trkpt lat="45.954581" lon="6.390051" />
      <trkpt lat="45.953444" lon="6.390173" />
      <trkpt lat="45.953031" lon="6.390415" />
      <trkpt lat="45.950751" lon="6.394576" />
      <trkpt lat="45.949906" lon="6.396705" />
      <trkpt lat="45.948788" lon="6.397686" />
      <trkpt lat="45.94651" lon="6.400676" />
      <trkpt lat="45.943985" lon="6.402789" />
      <trkpt lat="45.943194" lon="6.403064" />
      <trkpt lat="45.942696" lon="6.40306" />
      <trkpt lat="45.94124" lon="6.402758" />
      <trkpt lat="45.940672" lon="6.402196" />
      <trkpt lat="45.940153" lon="6.402027" />
      <trkpt lat="45.939412" lon="6.402129" />
      <trkpt lat="45.938475" lon="6.401934" />
      <trkpt lat="45.938183" lon="6.401705" />
      <trkpt lat="45.937698" lon="6.400932" />
      <trkpt lat="45.936541" lon="6.400423" />
      <trkpt lat="45.934693" lon="6.400315" />
      <trkpt lat="45.933412" lon="6.401178" />
      <trkpt lat="45.932008" lon="6.403152" />
      <trkpt lat="45.931296" lon="6.404929" />
      <trkpt lat="45.931044" lon="6.405074" />
      <trkpt lat="45.929367" lon="6.405215" />
      <trkpt lat="45.928911" lon="6.405462" />
      <trkpt lat="45.928594" lon="6.405897" />
      <trkpt lat="45.927745" lon="6.407893" />
      <trkpt lat="45.927278" lon="6.409442" />
      <trkpt lat="45.92732" lon="6.410153" />
      <trkpt lat="45.928099" lon="6.411425" />
      <trkpt lat="45.928469" lon="6.411614" />
      <trkpt lat="45.929233" lon="6.411475" />
      <trkpt lat="45.929417" lon="6.411712" />
      <trkpt lat="45.929398" lon="6.412101" />
      <trkpt lat="45.929096" lon="6.412186" />
      <trkpt lat="45.927519" lon="6.412098" />
      <trkpt lat="45.92625" lon="6.411567" />
      <trkpt lat="45.925129" lon="6.409605" />
      <trkpt lat="45.924853" lon="6.409406" />
      <trkpt lat="45.924473" lon="6.409399" />
      <trkpt lat="45.923601" lon="6.410026" />
      <trkpt lat="45.922481" lon="6.410409" />
      <trkpt lat="45.922729" lon="6.411337" />
      <trkpt lat="45.923247" lon="6.412157" />
      <trkpt lat="45.923374" lon="6.412727" />
      <trkpt lat="45.923302" lon="6.413143" />
      <trkpt lat="45.922739" lon="6.414238" />
      <trkpt lat="45.921555" lon="6.415447" />
      <trkpt lat="45.921313" lon="6.415409" />
      <trkpt lat="45.920563" lon="6.414736" />
      <trkpt lat="45.919334" lon="6.415551" />
      <trkpt lat="45.917392" lon="6.418808" />
      <trkpt lat="45.916658" lon="6.419693" />
      <trkpt lat="45.916368" lon="6.419782" />
      <trkpt lat="45.916073" lon="6.419664" />
      <trkpt lat="45.914956" lon="6.418374" />
      <trkpt lat="45.913584" lon="6.418165" />
      <trkpt lat="45.91274" lon="6.418409" />
      <trkpt lat="45.912174" lon="6.419135" />
      <trkpt lat="45.911114" lon="6.419651" />
      <trkpt lat="45.910493" lon="6.419544" />
      <trkpt lat="45.909331" lon="6.418911" />
      <trkpt lat="45.908032" lon="6.419077" />
      <trkpt lat="45.907718" lon="6.419226" />
      <trkpt lat="45.90632" lon="6.421132" />
      <trkpt lat="45.905977" lon="6.421866" />
      <trkpt lat="45.905885" lon="6.425609" />
      <trkpt lat="45.906049" lon="6.427479" />
      <trkpt lat="45.905872" lon="6.428934" />
      <trkpt lat="45.905931" lon="6.430386" />
      <trkpt lat="45.905623" lon="6.430422" />
      <trkpt lat="45.905265" lon="6.430099" />
      <trkpt lat="45.904143" lon="6.427363" />
      <trkpt lat="45.903433" lon="6.426381" />
      <trkpt lat="45.902313" lon="6.425485" />
      <trkpt lat="45.901566" lon="6.425342" />
      <trkpt lat="45.900698" lon="6.425513" />
      <trkpt lat="45.900081" lon="6.425162" />
      <trkpt lat="45.899865" lon="6.425468" />
      <trkpt lat="45.899888" lon="6.426851" />
      <trkpt lat="45.899663" lon="6.427332" />
      <trkpt lat="45.89886" lon="6.427701" />
      <trkpt lat="45.897117" lon="6.42903" />
      <trkpt lat="45.896495" lon="6.429301" />
      <trkpt lat="45.895691" lon="6.42926" />
      <trkpt lat="45.895156" lon="6.429719" />
      <trkpt lat="45.893367" lon="6.429661" />
      <trkpt lat="45.89124" lon="6.430422" />
      <trkpt lat="45.890202" lon="6.431075" />
      <trkpt lat="45.889007" lon="6.432282" />
      <trkpt lat="45.8872" lon="6.433277" />
      <trkpt lat="45.886191" lon="6.433391" />
      <trkpt lat="45.885168" lon="6.434269" />
      <trkpt lat="45.883997" lon="6.436091" />
      <trkpt lat="45.883449" lon="6.438244" />
      <trkpt lat="45.882917" lon="6.439336" />
      <trkpt lat="45.882638" lon="6.440795" />
      <trkpt lat="45.882146" lon="6.44204" />
      <trkpt lat="45.881618" lon="6.442481" />
      <trkpt lat="45.88124" lon="6.443055" />
      <trkpt lat="45.880702" lon="6.443408" />
      <trkpt lat="45.880268" lon="6.444078" />
      <trkpt lat="45.88026" lon="6.444483" />
      <trkpt lat="45.880402" lon="6.444612" />
      <trkpt lat="45.881542" lon="6.443744" />
      <trkpt lat="45.881788" lon="6.443832" />
      <trkpt lat="45.881784" lon="6.444104" />
      <trkpt lat="45.881412" lon="6.444715" />
      <trkpt lat="45.881043" lon="6.445737" />
      <trkpt lat="45.88004" lon="6.446957" />
      <trkpt lat="45.879666" lon="6.448088" />
      <trkpt lat="45.877872" lon="6.449457" />
      <trkpt lat="45.876852" lon="6.450862" />
      <trkpt lat="45.876874" lon="6.451131" />
      <trkpt lat="45.876993" lon="6.4512" />
      <trkpt lat="45.877522" lon="6.4509" />
      <trkpt lat="45.878333" lon="6.450955" />
      <trkpt lat="45.878791" lon="6.450741" />
      <trkpt lat="45.879005" lon="6.450921" />
      <trkpt lat="45.878944" lon="6.45121" />
      <trkpt lat="45.878408" lon="6.451819" />
      <trkpt lat="45.876577" lon="6.45292" />
      <trkpt lat="45.875406" lon="6.454051" />
      <trkpt lat="45.873857" lon="6.454776" />
      <trkpt lat="45.873655" lon="6.455014" />
      <trkpt lat="45.873674" lon="6.455251" />
      <trkpt lat="45.873889" lon="6.455358" />
      <trkpt lat="45.875928" lon="6.454715" />
      <trkpt lat="45.876125" lon="6.454945" />
      <trkpt lat="45.875996" lon="6.455192" />
      <trkpt lat="45.874956" lon="6.456028" />
      <trkpt lat="45.874343" lon="6.456966" />
      <trkpt lat="45.874146" lon="6.457794" />
      <trkpt lat="45.873934" lon="6.461208" />
      <trkpt lat="45.871971" lon="6.465528" />
      <trkpt lat="45.871605" lon="6.466953" />
      <trkpt lat="45.871519" lon="6.468461" />
      <trkpt lat="45.870909" lon="6.469511" />
      <trkpt lat="45.871126" lon="6.471315" />
      <trkpt lat="45.871685" lon="6.472937" />
      <trkpt lat="45.872321" lon="6.474138" />
      <trkpt lat="45.872233" lon="6.47425" />
      <trkpt lat="45.871636" lon="6.473955" />
      <trkpt lat="45.871539" lon="6.474075" />
      <trkpt lat="45.871604" lon="6.474255" />
      <trkpt lat="45.872007" lon="6.474487" />
      <trkpt lat="45.871944" lon="6.474661" />
      <trkpt lat="45.871507" lon="6.474672" />
      <trkpt lat="45.871454" lon="6.474788" />
      <trkpt lat="45.871538" lon="6.47494" />
      <trkpt lat="45.871891" lon="6.47502" />
      <trkpt lat="45.871947" lon="6.475588" />
      <trkpt lat="45.872157" lon="6.476099" />
      <trkpt lat="45.871816" lon="6.476688" />
      <trkpt lat="45.871668" lon="6.477625" />
      <trkpt lat="45.871857" lon="6.480237" />
      <trkpt lat="45.871523" lon="6.481229" />
      <trkpt lat="45.871381" lon="6.481124" />
      <trkpt lat="45.871397" lon="6.480514" />
      <trkpt lat="45.871167" lon="6.480536" />
      <trkpt lat="45.870773" lon="6.482186" />
      <trkpt lat="45.871111" lon="6.483092" />
      <trkpt lat="45.871457" lon="6.484666" />
      <trkpt lat="45.871812" lon="6.485213" />
      <trkpt lat="45.87167" lon="6.486565" />
      <trkpt lat="45.871068" lon="6.486855" />
      <trkpt lat="45.870753" lon="6.487467" />
      <trkpt lat="45.870582" lon="6.487546" />
      <trkpt lat="45.870563" lon="6.486913" />
      <trkpt lat="45.870734" lon="6.486656" />
      <trkpt lat="45.871063" lon="6.48652" />
      <trkpt lat="45.871102" lon="6.486239" />
      <trkpt lat="45.870525" lon="6.485635" />
      <trkpt lat="45.870139" lon="6.483803" />
      <trkpt lat="45.869515" lon="6.48325" />
      <trkpt lat="45.869288" lon="6.482464" />
      <trkpt lat="45.86927" lon="6.481888" />
      <trkpt lat="45.869129" lon="6.481785" />
      <trkpt lat="45.868992" lon="6.483214" />
      <trkpt lat="45.868885" lon="6.483375" />
      <trkpt lat="45.868532" lon="6.483484" />
      <trkpt lat="45.868414" lon="6.483773" />
      <trkpt lat="45.86846" lon="6.48415" />
      <trkpt lat="45.868902" lon="6.484952" />
      <trkpt lat="45.868866" lon="6.486165" />
      <trkpt lat="45.86843" lon="6.487372" />
      <trkpt lat="45.868059" lon="6.487918" />
      <trkpt lat="45.868213" lon="6.489022" />
      <trkpt lat="45.868503" lon="6.489492" />
      <trkpt lat="45.868317" lon="6.489547" />
      <trkpt lat="45.867759" lon="6.488958" />
      <trkpt lat="45.86735" lon="6.488118" />
      <trkpt lat="45.867289" lon="6.487493" />
      <trkpt lat="45.866899" lon="6.486623" />
      <trkpt lat="45.866893" lon="6.487543" />
      <trkpt lat="45.866333" lon="6.488544" />
      <trkpt lat="45.866243" lon="6.489169" />
      <trkpt lat="45.866487" lon="6.489966" />
      <trkpt lat="45.867296" lon="6.490757" />
      <trkpt lat="45.867354" lon="6.491028" />
      <trkpt lat="45.866733" lon="6.491826" />
      <trkpt lat="45.86668" lon="6.492937" />
      <trkpt lat="45.865318" lon="6.493936" />
      <trkpt lat="45.864968" lon="6.494421" />
      <trkpt lat="45.864972" lon="6.494687" />
      <trkpt lat="45.864589" lon="6.495379" />
      <trkpt lat="45.864425" lon="6.495459" />
      <trkpt lat="45.864265" lon="6.495336" />
      <trkpt lat="45.864265" lon="6.494737" />
      <trkpt lat="45.863991" lon="6.494011" />
      <trkpt lat="45.864309" lon="6.492736" />
      <trkpt lat="45.864178" lon="6.492579" />
      <trkpt lat="45.863933" lon="6.492591" />
      <trkpt lat="45.863076" lon="6.493104" />
      <trkpt lat="45.862913" lon="6.493328" />
      <trkpt lat="45.862603" lon="6.493412" />
      <trkpt lat="45.862469" lon="6.493787" />
      <trkpt lat="45.862709" lon="6.494392" />
      <trkpt lat="45.862665" lon="6.49495" />
      <trkpt lat="45.861929" lon="6.494868" />
      <trkpt lat="45.86158" lon="6.495468" />
      <trkpt lat="45.860687" lon="6.495617" />
      <trkpt lat="45.860712" lon="6.495795" />
      <trkpt lat="45.861307" lon="6.496261" />
      <trkpt lat="45.861274" lon="6.496734" />
      <trkpt lat="45.860782" lon="6.496507" />
      <trkpt lat="45.859542" lon="6.496512" />
      <trkpt lat="45.859131" lon="6.496848" />
      <trkpt lat="45.858804" lon="6.497417" />
      <trkpt lat="45.855576" lon="6.499407" />
      <trkpt lat="45.854946" lon="6.500011" />
      <trkpt lat="45.854655" lon="6.500485" />
      <trkpt lat="45.854368" lon="6.500498" />
      <trkpt lat="45.854045" lon="6.50012" />
      <trkpt lat="45.853807" lon="6.500031" />
      <trkpt lat="45.852447" lon="6.500451" />
      <trkpt lat="45.851322" lon="6.501221" />
      <trkpt lat="45.849042" lon="6.503147" />
      <trkpt lat="45.847614" lon="6.503445" />
      <trkpt lat="45.847219" lon="6.504308" />
      <trkpt lat="45.847017" lon="6.504494" />
      <trkpt lat="45.846487" lon="6.504723" />
      <trkpt lat="45.845845" lon="6.504816" />
      <trkpt lat="45.844501" lon="6.505614" />
      <trkpt lat="45.843452" lon="6.505778" />
      <trkpt lat="45.842288" lon="6.506434" />
      <trkpt lat="45.841724" lon="6.506511" />
      <trkpt lat="45.841092" lon="6.506395" />
      <trkpt lat="45.840105" lon="6.506737" />
      <trkpt lat="45.839925" lon="6.506936" />
      <trkpt lat="45.83974" lon="6.507689" />
      <trkpt lat="45.839303" lon="6.508212" />
      <trkpt lat="45.839007" lon="6.507898" />
      <trkpt lat="45.838703" lon="6.507839" />
      <trkpt lat="45.838125" lon="6.508101" />
      <trkpt lat="45.836836" lon="6.508202" />
      <trkpt lat="45.836572" lon="6.508851" />
      <trkpt lat="45.836195" lon="6.508606" />
      <trkpt lat="45.835582" lon="6.508694" />
      <trkpt lat="45.835257" lon="6.508485" />
      <trkpt lat="45.834788" lon="6.508421" />
      <trkpt lat="45.834576" lon="6.508482" />
      <trkpt lat="45.83427" lon="6.508938" />
      <trkpt lat="45.834014" lon="6.508657" />
      <trkpt lat="45.833451" lon="6.508542" />
      <trkpt lat="45.832838" lon="6.508943" />
      <trkpt lat="45.83241" lon="6.508437" />
      <trkpt lat="45.831756" lon="6.50879" />
      <trkpt lat="45.83132" lon="6.508411" />
      <trkpt lat="45.830819" lon="6.509003" />
      <trkpt lat="45.830422" lon="6.509169" />
      <trkpt lat="45.829478" lon="6.509999" />
      <trkpt lat="45.828648" lon="6.510169" />
      <trkpt lat="45.828259" lon="6.510057" />
      <trkpt lat="45.827906" lon="6.510209" />
      <trkpt lat="45.827146" lon="6.510266" />
      <trkpt lat="45.82664" lon="6.509965" />
      <trkpt lat="45.826457" lon="6.509978" />
      <trkpt lat="45.825287" lon="6.510896" />
      <trkpt lat="45.824849" lon="6.511684" />
      <trkpt lat="45.824106" lon="6.512199" />
      <trkpt lat="45.82381" lon="6.512832" />
      <trkpt lat="45.823633" lon="6.512733" />
      <trkpt lat="45.823111" lon="6.511864" />
      <trkpt lat="45.822816" lon="6.511853" />
      <trkpt lat="45.822428" lon="6.512522" />
      <trkpt lat="45.822268" lon="6.513233" />
      <trkpt lat="45.821601" lon="6.51429" />
      <trkpt lat="45.820613" lon="6.514975" />
      <trkpt lat="45.820012" lon="6.516075" />
      <trkpt lat="45.819634" lon="6.516328" />
      <trkpt lat="45.819562" lon="6.51667" />
      <trkpt lat="45.818809" lon="6.517365" />
      <trkpt lat="45.81857" lon="6.516284" />
      <trkpt lat="45.818025" lon="6.516443" />
      <trkpt lat="45.817814" lon="6.515891" />
      <trkpt lat="45.817737" lon="6.516006" />
      <trkpt lat="45.817889" lon="6.516452" />
      <trkpt lat="45.817787" lon="6.516455" />
      <trkpt lat="45.817666" lon="6.516096" />
      <trkpt lat="45.817539" lon="6.516188" />
      <trkpt lat="45.817725" lon="6.516542" />
      <trkpt lat="45.817655" lon="6.516697" />
      <trkpt lat="45.817247" lon="6.516116" />
      <trkpt lat="45.81661" lon="6.516187" />
      <trkpt lat="45.816697" lon="6.516361" />
      <trkpt lat="45.81701" lon="6.516299" />
      <trkpt lat="45.817194" lon="6.516572" />
      <trkpt lat="45.817261" lon="6.517152" />
      <trkpt lat="45.817181" lon="6.517303" />
      <trkpt lat="45.816971" lon="6.517331" />
      <trkpt lat="45.816592" lon="6.516973" />
      <trkpt lat="45.816367" lon="6.516551" />
      <trkpt lat="45.815098" lon="6.515605" />
      <trkpt lat="45.813827" lon="6.514088" />
      <trkpt lat="45.813071" lon="6.513367" />
      <trkpt lat="45.812895" lon="6.51333" />
      <trkpt lat="45.812864" lon="6.513558" />
      <trkpt lat="45.813373" lon="6.513987" />
      <trkpt lat="45.813834" lon="6.514938" />
      <trkpt lat="45.814729" lon="6.517186" />
      <trkpt lat="45.814944" lon="6.518129" />
      <trkpt lat="45.815766" lon="6.519798" />
      <trkpt lat="45.816694" lon="6.522884" />
      <trkpt lat="45.8167" lon="6.523374" />
      <trkpt lat="45.816515" lon="6.523511" />
      <trkpt lat="45.816242" lon="6.52241" />
      <trkpt lat="45.815865" lon="6.521521" />
      <trkpt lat="45.814026" lon="6.518247" />
      <trkpt lat="45.812805" lon="6.516746" />
      <trkpt lat="45.811375" lon="6.51569" />
      <trkpt lat="45.810663" lon="6.515422" />
      <trkpt lat="45.810418" lon="6.515502" />
      <trkpt lat="45.809898" lon="6.515987" />
      <trkpt lat="45.8092" lon="6.515858" />
      <trkpt lat="45.807997" lon="6.51682" />
      <trkpt lat="45.807898" lon="6.517044" />
      <trkpt lat="45.807978" lon="6.517344" />
      <trkpt lat="45.809735" lon="6.519854" />
      <trkpt lat="45.809593" lon="6.520102" />
      <trkpt lat="45.808857" lon="6.519951" />
      <trkpt lat="45.808204" lon="6.520458" />
      <trkpt lat="45.808265" lon="6.520698" />
      <trkpt lat="45.808606" lon="6.520619" />
      <trkpt lat="45.808827" lon="6.520707" />
      <trkpt lat="45.809438" lon="6.521279" />
      <trkpt lat="45.809516" lon="6.521556" />
      <trkpt lat="45.809108" lon="6.521834" />
      <trkpt lat="45.808835" lon="6.523153" />
      <trkpt lat="45.808427" lon="6.523962" />
      <trkpt lat="45.8075" lon="6.524851" />
      <trkpt lat="45.807052" lon="6.525504" />
      <trkpt lat="45.806566" lon="6.527161" />
      <trkpt lat="45.805841" lon="6.528553" />
      <trkpt lat="45.805651" lon="6.529202" />
      <trkpt lat="45.805074" lon="6.530205" />
      <trkpt lat="45.804549" lon="6.530842" />
      <trkpt lat="45.804629" lon="6.532341" />
      <trkpt lat="45.804367" lon="6.53513" />
      <trkpt lat="45.805034" lon="6.537089" />
      <trkpt lat="45.805053" lon="6.538192" />
      <trkpt lat="45.804599" lon="6.53916" />
      <trkpt lat="45.80434" lon="6.540721" />
      <trkpt lat="45.805363" lon="6.546794" />
      <trkpt lat="45.805271" lon="6.547257" />
      <trkpt lat="45.804745" lon="6.547828" />
      <trkpt lat="45.804671" lon="6.548526" />
      <trkpt lat="45.804353" lon="6.54917" />
      <trkpt lat="45.804383" lon="6.550076" />
      <trkpt lat="45.804203" lon="6.55043" />
      <trkpt lat="45.804016" lon="6.550472" />
      <trkpt lat="45.803858" lon="6.550355" />
      <trkpt lat="45.803695" lon="6.549644" />
      <trkpt lat="45.8034" lon="6.549125" />
      <trkpt lat="45.801125" lon="6.54663" />
      <trkpt lat="45.800034" lon="6.544876" />
      <trkpt lat="45.797717" lon="6.542283" />
      <trkpt lat="45.797405" lon="6.541514" />
      <trkpt lat="45.796589" lon="6.540912" />
      <trkpt lat="45.795943" lon="6.540915" />
      <trkpt lat="45.795319" lon="6.541594" />
      <trkpt lat="45.793706" lon="6.542685" />
      <trkpt lat="45.793377" lon="6.543044" />
      <trkpt lat="45.792899" lon="6.543239" />
      <trkpt lat="45.791753" lon="6.544324" />
      <trkpt lat="45.790388" lon="6.544895" />
      <trkpt lat="45.78987" lon="6.545433" />
      <trkpt lat="45.789051" lon="6.54675" />
      <trkpt lat="45.788699" lon="6.546933" />
      <trkpt lat="45.787246" lon="6.547002" />
      <trkpt lat="45.786675" lon="6.547285" />
      <trkpt lat="45.785836" lon="6.548785" />
      <trkpt lat="45.785201" lon="6.550543" />
      <trkpt lat="45.784066" lon="6.551952" />
      <trkpt lat="45.78268" lon="6.554196" />
      <trkpt lat="45.781229" lon="6.557586" />
      <trkpt lat="45.780484" lon="6.558167" />
      <trkpt lat="45.779488" lon="6.559583" />
      <trkpt lat="45.778896" lon="6.559902" />
      <trkpt lat="45.778571" lon="6.559905" />
      <trkpt lat="45.778247" lon="6.559634" />
      <trkpt lat="45.778135" lon="6.559282" />
      <trkpt lat="45.778671" lon="6.55751" />
      <trkpt lat="45.779672" lon="6.55545" />
      <trkpt lat="45.779903" lon="6.553843" />
      <trkpt lat="45.779845" lon="6.552871" />
      <trkpt lat="45.780241" lon="6.551124" />
      <trkpt lat="45.780055" lon="6.550113" />
      <trkpt lat="45.780218" lon="6.549631" />
      <trkpt lat="45.781375" lon="6.548089" />
      <trkpt lat="45.781665" lon="6.547339" />
      <trkpt lat="45.781791" lon="6.546409" />
      <trkpt lat="45.78164" lon="6.54436" />
      <trkpt lat="45.781302" lon="6.543813" />
      <trkpt lat="45.780495" lon="6.543302" />
      <trkpt lat="45.780634" lon="6.542173" />
      <trkpt lat="45.780492" lon="6.54138" />
      <trkpt lat="45.779835" lon="6.539356" />
      <trkpt lat="45.779099" lon="6.537866" />
      <trkpt lat="45.777958" lon="6.53699" />
      <trkpt lat="45.776477" lon="6.53649" />
      <trkpt lat="45.775738" lon="6.535871" />
      <trkpt lat="45.774974" lon="6.535542" />
      <trkpt lat="45.77402" lon="6.535529" />
      <trkpt lat="45.773239" lon="6.536268" />
      <trkpt lat="45.772309" lon="6.536422" />
      <trkpt lat="45.770975" lon="6.534519" />
      <trkpt lat="45.770284" lon="6.533119" />
      <trkpt lat="45.769258" lon="6.532159" />
      <trkpt lat="45.768567" lon="6.531832" />
      <trkpt lat="45.768247" lon="6.531828" />
      <trkpt lat="45.766961" lon="6.532242" />
      <trkpt lat="45.766078" lon="6.532638" />
      <trkpt lat="45.76507" lon="6.533416" />
      <trkpt lat="45.763698" lon="6.533903" />
      <trkpt lat="45.763384" lon="6.533867" />
      <trkpt lat="45.763288" lon="6.53364" />
      <trkpt lat="45.763153" lon="6.533725" />
      <trkpt lat="45.762664" lon="6.533436" />
      <trkpt lat="45.762188" lon="6.533364" />
      <trkpt lat="45.761138" lon="6.533393" />
      <trkpt lat="45.760222" lon="6.533629" />
      <trkpt lat="45.759545" lon="6.53419" />
      <trkpt lat="45.759411" lon="6.534177" />
      <trkpt lat="45.758949" lon="6.535303" />
      <trkpt lat="45.758405" lon="6.536008" />
      <trkpt lat="45.757362" lon="6.539084" />
      <trkpt lat="45.75713" lon="6.539308" />
      <trkpt lat="45.757048" lon="6.539694" />
      <trkpt lat="45.756417" lon="6.540817" />
      <trkpt lat="45.75608" lon="6.542485" />
      <trkpt lat="45.755198" lon="6.544986" />
      <trkpt lat="45.754802" lon="6.545582" />
      <trkpt lat="45.75434" lon="6.545903" />
      <trkpt lat="45.753794" lon="6.545907" />
      <trkpt lat="45.753138" lon="6.546343" />
      <trkpt lat="45.750567" lon="6.547276" />
      <trkpt lat="45.74868" lon="6.547705" />
      <trkpt lat="45.748144" lon="6.547477" />
      <trkpt lat="45.747781" lon="6.54754" />
      <trkpt lat="45.747514" lon="6.547789" />
      <trkpt lat="45.747343" lon="6.548516" />
      <trkpt lat="45.747069" lon="6.548926" />
      <trkpt lat="45.746135" lon="6.549153" />
      <trkpt lat="45.745267" lon="6.549559" />
      <trkpt lat="45.744779" lon="6.549247" />
      <trkpt lat="45.744454" lon="6.549265" />
      <trkpt lat="45.743158" lon="6.5508" />
      <trkpt lat="45.742917" lon="6.551795" />
      <trkpt lat="45.743156" lon="6.553124" />
      <trkpt lat="45.742971" lon="6.554842" />
      <trkpt lat="45.743229" lon="6.556392" />
      <trkpt lat="45.743969" lon="6.557928" />
      <trkpt lat="45.743996" lon="6.558759" />
      <trkpt lat="45.744199" lon="6.559333" />
      <trkpt lat="45.744006" lon="6.559199" />
      <trkpt lat="45.743657" lon="6.558223" />
      <trkpt lat="45.742849" lon="6.557996" />
      <trkpt lat="45.742209" lon="6.557481" />
      <trkpt lat="45.741701" lon="6.556357" />
      <trkpt lat="45.741569" lon="6.556379" />
      <trkpt lat="45.741749" lon="6.557759" />
      <trkpt lat="45.742012" lon="6.558363" />
      <trkpt lat="45.742094" lon="6.559326" />
      <trkpt lat="45.742371" lon="6.55997" />
      <trkpt lat="45.742919" lon="6.560762" />
      <trkpt lat="45.743034" lon="6.561692" />
      <trkpt lat="45.743355" lon="6.562814" />
      <trkpt lat="45.743222" lon="6.563262" />
      <trkpt lat="45.742675" lon="6.56372" />
      <trkpt lat="45.742631" lon="6.564129" />
      <trkpt lat="45.743715" lon="6.566542" />
      <trkpt lat="45.7446" lon="6.567995" />
      <trkpt lat="45.744518" lon="6.569014" />
      <trkpt lat="45.744602" lon="6.569421" />
      <trkpt lat="45.745227" lon="6.570304" />
      <trkpt lat="45.747514" lon="6.571965" />
      <trkpt lat="45.747943" lon="6.572793" />
      <trkpt lat="45.749636" lon="6.574798" />
      <trkpt lat="45.750044" lon="6.575052" />
      <trkpt lat="45.750552" lon="6.575831" />
      <trkpt lat="45.751072" lon="6.576111" />
      <trkpt lat="45.751529" lon="6.576756" />
      <trkpt lat="45.751632" lon="6.577515" />
      <trkpt lat="45.751901" lon="6.57766" />
      <trkpt lat="45.751779" lon="6.57782" />
      <trkpt lat="45.751471" lon="6.577651" />
      <trkpt lat="45.751228" lon="6.577017" />
      <trkpt lat="45.750931" lon="6.576731" />
      <trkpt lat="45.750518" lon="6.576755" />
      <trkpt lat="45.749202" lon="6.57627" />
      <trkpt lat="45.748385" lon="6.575657" />
      <trkpt lat="45.746807" lon="6.57492" />
      <trkpt lat="45.746384" lon="6.574289" />
      <trkpt lat="45.746" lon="6.574136" />
      <trkpt lat="45.745076" lon="6.573" />
      <trkpt lat="45.743445" lon="6.571497" />
      <trkpt lat="45.743109" lon="6.57087" />
      <trkpt lat="45.742754" lon="6.570827" />
      <trkpt lat="45.741078" lon="6.569932" />
      <trkpt lat="45.740294" lon="6.568952" />
      <trkpt lat="45.73922" lon="6.568132" />
      <trkpt lat="45.738225" lon="6.566038" />
      <trkpt lat="45.737591" lon="6.565673" />
      <trkpt lat="45.736713" lon="6.564872" />
      <trkpt lat="45.734668" lon="6.564024" />
      <trkpt lat="45.733851" lon="6.562457" />
      <trkpt lat="45.73267" lon="6.561086" />
      <trkpt lat="45.732572" lon="6.56063" />
      <trkpt lat="45.732975" lon="6.559482" />
      <trkpt lat="45.733018" lon="6.55791" />
      <trkpt lat="45.733798" lon="6.556336" />
      <trkpt lat="45.733973" lon="6.552381" />
      <trkpt lat="45.734288" lon="6.551376" />
      <trkpt lat="45.734209" lon="6.55105" />
      <trkpt lat="45.733679" lon="6.550506" />
      <trkpt lat="45.733386" lon="6.549842" />
      <trkpt lat="45.733634" lon="6.548324" />
      <trkpt lat="45.733563" lon="6.547739" />
      <trkpt lat="45.732944" lon="6.545741" />
      <trkpt lat="45.731753" lon="6.542856" />
      <trkpt lat="45.731925" lon="6.541564" />
      <trkpt lat="45.732287" lon="6.54075" />
      <trkpt lat="45.732208" lon="6.540537" />
      <trkpt lat="45.73209" lon="6.540597" />
      <trkpt lat="45.731702" lon="6.541619" />
      <trkpt lat="45.731362" lon="6.543164" />
      <trkpt lat="45.731766" lon="6.544549" />
      <trkpt lat="45.731652" lon="6.546075" />
      <trkpt lat="45.732087" lon="6.548786" />
      <trkpt lat="45.731966" lon="6.550041" />
      <trkpt lat="45.732184" lon="6.551546" />
      <trkpt lat="45.731945" lon="6.552021" />
      <trkpt lat="45.731352" lon="6.552686" />
      <trkpt lat="45.730315" lon="6.554989" />
      <trkpt lat="45.730241" lon="6.557053" />
      <trkpt lat="45.729725" lon="6.560553" />
      <trkpt lat="45.729704" lon="6.562082" />
      <trkpt lat="45.729647" lon="6.562238" />
      <trkpt lat="45.729513" lon="6.56224" />
      <trkpt lat="45.72919" lon="6.556393" />
      <trkpt lat="45.72927" lon="6.555002" />
      <trkpt lat="45.728959" lon="6.55336" />
      <trkpt lat="45.728854" lon="6.550713" />
      <trkpt lat="45.729213" lon="6.550071" />
      <trkpt lat="45.729063" lon="6.549971" />
      <trkpt lat="45.728655" lon="6.550434" />
      <trkpt lat="45.728656" lon="6.551486" />
      <trkpt lat="45.728271" lon="6.554021" />
      <trkpt lat="45.727398" lon="6.555967" />
      <trkpt lat="45.727267" lon="6.556012" />
      <trkpt lat="45.727216" lon="6.555835" />
      <trkpt lat="45.72761" lon="6.554733" />
      <trkpt lat="45.727906" lon="6.55125" />
      <trkpt lat="45.727822" lon="6.551122" />
      <trkpt lat="45.727714" lon="6.551204" />
      <trkpt lat="45.727587" lon="6.552281" />
      <trkpt lat="45.727172" lon="6.553804" />
      <trkpt lat="45.727025" lon="6.553903" />
      <trkpt lat="45.726852" lon="6.550659" />
      <trkpt lat="45.727352" lon="6.549408" />
      <trkpt lat="45.727029" lon="6.54769" />
      <trkpt lat="45.726938" lon="6.545912" />
      <trkpt lat="45.726792" lon="6.545788" />
      <trkpt lat="45.725943" lon="6.547673" />
      <trkpt lat="45.725671" lon="6.550206" />
      <trkpt lat="45.725268" lon="6.551657" />
      <trkpt lat="45.724854" lon="6.552503" />
      <trkpt lat="45.721523" lon="6.557856" />
      <trkpt lat="45.719692" lon="6.562641" />
      <trkpt lat="45.719543" lon="6.563591" />
      <trkpt lat="45.719588" lon="6.565502" />
      <trkpt lat="45.720014" lon="6.571618" />
      <trkpt lat="45.71975" lon="6.572625" />
      <trkpt lat="45.719485" lon="6.573146" />
      <trkpt lat="45.719085" lon="6.573434" />
      <trkpt lat="45.718676" lon="6.57418" />
      <trkpt lat="45.717752" lon="6.575378" />
      <trkpt lat="45.716726" lon="6.576052" />
      <trkpt lat="45.716017" lon="6.576232" />
      <trkpt lat="45.715041" lon="6.576272" />
      <trkpt lat="45.714507" lon="6.576687" />
      <trkpt lat="45.714137" lon="6.578399" />
      <trkpt lat="45.713244" lon="6.579716" />
      <trkpt lat="45.71295" lon="6.582232" />
      <trkpt lat="45.711948" lon="6.584312" />
      <trkpt lat="45.711807" lon="6.586479" />
      <trkpt lat="45.711429" lon="6.587492" />
      <trkpt lat="45.711075" lon="6.589318" />
      <trkpt lat="45.71024" lon="6.590069" />
      <trkpt lat="45.709945" lon="6.590197" />
      <trkpt lat="45.709905" lon="6.589981" />
      <trkpt lat="45.710147" lon="6.589804" />
      <trkpt lat="45.71029" lon="6.589483" />
      <trkpt lat="45.710267" lon="6.589332" />
      <trkpt lat="45.710131" lon="6.589325" />
      <trkpt lat="45.708606" lon="6.591546" />
      <trkpt lat="45.707882" lon="6.591949" />
      <trkpt lat="45.707528" lon="6.59305" />
      <trkpt lat="45.707203" lon="6.593635" />
      <trkpt lat="45.707031" lon="6.595418" />
      <trkpt lat="45.707059" lon="6.597244" />
      <trkpt lat="45.706566" lon="6.600971" />
      <trkpt lat="45.706964" lon="6.602655" />
      <trkpt lat="45.707248" lon="6.603265" />
      <trkpt lat="45.707536" lon="6.604824" />
      <trkpt lat="45.707299" lon="6.60535" />
      <trkpt lat="45.707299" lon="6.60597" />
      <trkpt lat="45.706976" lon="6.607101" />
      <trkpt lat="45.707355" lon="6.608744" />
      <trkpt lat="45.707039" lon="6.609463" />
      <trkpt lat="45.706754" lon="6.610993" />
      <trkpt lat="45.7068" lon="6.61133" />
      <trkpt lat="45.707129" lon="6.611926" />
      <trkpt lat="45.707019" lon="6.612537" />
      <trkpt lat="45.707119" lon="6.613035" />
      <trkpt lat="45.70643" lon="6.614691" />
      <trkpt lat="45.706401" lon="6.616677" />
      <trkpt lat="45.706255" lon="6.618207" />
      <trkpt lat="45.706016" lon="6.619103" />
      <trkpt lat="45.705487" lon="6.61969" />
      <trkpt lat="45.703619" lon="6.620576" />
      <trkpt lat="45.703462" lon="6.620958" />
      <trkpt lat="45.703752" lon="6.621615" />
      <trkpt lat="45.703637" lon="6.622855" />
      <trkpt lat="45.703777" lon="6.623338" />
      <trkpt lat="45.704245" lon="6.623992" />
      <trkpt lat="45.704758" lon="6.624314" />
      <trkpt lat="45.705221" lon="6.624387" />
      <trkpt lat="45.705216" lon="6.624643" />
      <trkpt lat="45.703882" lon="6.624359" />
      <trkpt lat="45.702181" lon="6.62323" />
      <trkpt lat="45.701222" lon="6.62145" />
      <trkpt lat="45.700781" lon="6.619115" />
      <trkpt lat="45.699721" lon="6.618415" />
      <trkpt lat="45.699282" lon="6.61778" />
      <trkpt lat="45.698429" lon="6.614929" />
      <trkpt lat="45.698148" lon="6.614671" />
      <trkpt lat="45.697404" lon="6.614504" />
      <trkpt lat="45.697053" lon="6.614177" />
      <trkpt lat="45.696901" lon="6.614269" />
      <trkpt lat="45.69692" lon="6.614435" />
      <trkpt lat="45.697643" lon="6.615258" />
      <trkpt lat="45.698087" lon="6.616168" />
      <trkpt lat="45.697949" lon="6.617349" />
      <trkpt lat="45.698059" lon="6.618632" />
      <trkpt lat="45.698249" lon="6.619324" />
      <trkpt lat="45.698626" lon="6.619942" />
      <trkpt lat="45.698594" lon="6.620102" />
      <trkpt lat="45.697724" lon="6.618795" />
      <trkpt lat="45.696949" lon="6.616685" />
      <trkpt lat="45.69684" lon="6.616955" />
      <trkpt lat="45.697287" lon="6.618995" />
      <trkpt lat="45.697949" lon="6.620397" />
      <trkpt lat="45.698441" lon="6.621036" />
      <trkpt lat="45.698455" lon="6.621995" />
      <trkpt lat="45.698984" lon="6.623523" />
      <trkpt lat="45.699385" lon="6.625804" />
      <trkpt lat="45.699717" lon="6.626455" />
      <trkpt lat="45.700647" lon="6.627512" />
      <trkpt lat="45.701065" lon="6.628221" />
      <trkpt lat="45.701599" lon="6.628463" />
      <trkpt lat="45.702778" lon="6.629412" />
      <trkpt lat="45.703106" lon="6.629514" />
      <trkpt lat="45.704256" lon="6.629393" />
      <trkpt lat="45.704974" lon="6.629471" />
      <trkpt lat="45.705589" lon="6.630017" />
      <trkpt lat="45.706926" lon="6.630754" />
      <trkpt lat="45.707421" lon="6.630824" />
      <trkpt lat="45.707511" lon="6.630987" />
      <trkpt lat="45.707355" lon="6.631178" />
      <trkpt lat="45.706016" lon="6.630863" />
      <trkpt lat="45.705515" lon="6.630961" />
      <trkpt lat="45.705006" lon="6.630679" />
      <trkpt lat="45.704557" lon="6.630896" />
      <trkpt lat="45.701856" lon="6.631449" />
      <trkpt lat="45.700175" lon="6.630696" />
      <trkpt lat="45.700185" lon="6.630909" />
      <trkpt lat="45.700927" lon="6.631633" />
      <trkpt lat="45.701637" lon="6.632018" />
      <trkpt lat="45.70288" lon="6.632253" />
      <trkpt lat="45.703694" lon="6.632123" />
      <trkpt lat="45.70411" lon="6.632412" />
      <trkpt lat="45.70456" lon="6.632493" />
      <trkpt lat="45.705368" lon="6.633029" />
      <trkpt lat="45.706134" lon="6.633134" />
      <trkpt lat="45.706866" lon="6.632892" />
      <trkpt lat="45.706985" lon="6.632974" />
      <trkpt lat="45.706938" lon="6.633152" />
      <trkpt lat="45.705367" lon="6.633566" />
      <trkpt lat="45.704484" lon="6.633587" />
      <trkpt lat="45.704173" lon="6.63347" />
      <trkpt lat="45.703694" lon="6.633608" />
      <trkpt lat="45.703082" lon="6.633452" />
      <trkpt lat="45.701754" lon="6.63378" />
      <trkpt lat="45.699572" lon="6.633851" />
      <trkpt lat="45.699088" lon="6.634165" />
      <trkpt lat="45.69858" lon="6.634204" />
      <trkpt lat="45.698316" lon="6.634177" />
      <trkpt lat="45.697891" lon="6.63383" />
      <trkpt lat="45.69728" lon="6.633902" />
      <trkpt lat="45.696849" lon="6.633765" />
      <trkpt lat="45.695476" lon="6.633023" />
      <trkpt lat="45.695075" lon="6.633138" />
      <trkpt lat="45.694907" lon="6.633882" />
      <trkpt lat="45.695244" lon="6.635187" />
      <trkpt lat="45.695811" lon="6.636142" />
      <trkpt lat="45.696401" lon="6.636718" />
      <trkpt lat="45.696914" lon="6.637656" />
      <trkpt lat="45.698005" lon="6.638482" />
      <trkpt lat="45.699381" lon="6.640337" />
      <trkpt lat="45.700182" lon="6.642076" />
      <trkpt lat="45.700728" lon="6.643941" />
      <trkpt lat="45.700756" lon="6.644323" />
      <trkpt lat="45.700596" lon="6.644827" />
      <trkpt lat="45.69991" lon="6.645415" />
      <trkpt lat="45.699762" lon="6.645814" />
      <trkpt lat="45.700369" lon="6.647499" />
      <trkpt lat="45.700912" lon="6.648282" />
      <trkpt lat="45.701074" lon="6.64885" />
      <trkpt lat="45.700965" lon="6.649492" />
      <trkpt lat="45.700339" lon="6.650126" />
      <trkpt lat="45.700212" lon="6.650423" />
      <trkpt lat="45.700355" lon="6.653041" />
      <trkpt lat="45.699851" lon="6.654073" />
      <trkpt lat="45.699542" lon="6.655084" />
      <trkpt lat="45.698796" lon="6.655385" />
      <trkpt lat="45.698181" lon="6.656129" />
      <trkpt lat="45.697873" lon="6.65632" />
      <trkpt lat="45.697248" lon="6.656358" />
      <trkpt lat="45.694937" lon="6.655414" />
      <trkpt lat="45.694587" lon="6.655544" />
      <trkpt lat="45.694415" lon="6.656097" />
      <trkpt lat="45.694613" lon="6.656676" />
      <trkpt lat="45.69492" lon="6.656822" />
      <trkpt lat="45.695685" lon="6.656759" />
      <trkpt lat="45.695933" lon="6.657059" />
      <trkpt lat="45.695936" lon="6.6576" />
      <trkpt lat="45.695601" lon="6.657984" />
      <trkpt lat="45.69422" lon="6.657616" />
      <trkpt lat="45.693835" lon="6.656823" />
      <trkpt lat="45.692568" lon="6.655476" />
      <trkpt lat="45.691223" lon="6.653646" />
      <trkpt lat="45.691091" lon="6.653663" />
      <trkpt lat="45.691717" lon="6.654639" />
      <trkpt lat="45.692324" lon="6.656175" />
      <trkpt lat="45.693206" lon="6.657761" />
      <trkpt lat="45.694415" lon="6.6595" />
      <trkpt lat="45.695427" lon="6.660528" />
      <trkpt lat="45.696023" lon="6.661828" />
      <trkpt lat="45.696289" lon="6.66292" />
      <trkpt lat="45.6963" lon="6.663761" />
      <trkpt lat="45.695655" lon="6.665033" />
      <trkpt lat="45.69538" lon="6.66518" />
      <trkpt lat="45.69494" lon="6.664942" />
      <trkpt lat="45.694556" lon="6.664991" />
      <trkpt lat="45.693825" lon="6.665562" />
      <trkpt lat="45.693554" lon="6.666544" />
      <trkpt lat="45.693522" lon="6.667736" />
      <trkpt lat="45.692972" lon="6.670145" />
      <trkpt lat="45.692623" lon="6.670785" />
      <trkpt lat="45.692466" lon="6.671474" />
      <trkpt lat="45.691824" lon="6.672627" />
      <trkpt lat="45.69121" lon="6.673236" />
      <trkpt lat="45.690876" lon="6.674949" />
      <trkpt lat="45.691173" lon="6.677219" />
      <trkpt lat="45.692235" lon="6.679145" />
      <trkpt lat="45.69296" lon="6.679701" />
      <trkpt lat="45.69336" lon="6.681502" />
      <trkpt lat="45.69419" lon="6.682371" />
      <trkpt lat="45.694246" lon="6.682665" />
      <trkpt lat="45.69403" lon="6.682758" />
      <trkpt lat="45.692635" lon="6.681838" />
      <trkpt lat="45.691617" lon="6.680542" />
      <trkpt lat="45.690956" lon="6.679986" />
      <trkpt lat="45.690619" lon="6.680005" />
      <trkpt lat="45.690328" lon="6.680227" />
      <trkpt lat="45.690109" lon="6.680642" />
      <trkpt lat="45.690025" lon="6.681249" />
      <trkpt lat="45.690157" lon="6.681841" />
      <trkpt lat="45.690872" lon="6.682513" />
      <trkpt lat="45.691562" lon="6.684041" />
      <trkpt lat="45.691193" lon="6.685072" />
      <trkpt lat="45.691048" lon="6.686849" />
      <trkpt lat="45.691456" lon="6.687676" />
      <trkpt lat="45.6912" lon="6.689759" />
      <trkpt lat="45.691588" lon="6.691851" />
      <trkpt lat="45.691956" lon="6.692386" />
      <trkpt lat="45.692849" lon="6.692515" />
      <trkpt lat="45.69316" lon="6.692748" />
      <trkpt lat="45.693696" lon="6.693762" />
      <trkpt lat="45.69386" lon="6.694394" />
      <trkpt lat="45.693891" lon="6.695244" />
      <trkpt lat="45.693676" lon="6.696788" />
      <trkpt lat="45.693439" lon="6.697623" />
      <trkpt lat="45.692229" lon="6.700502" />
      <trkpt lat="45.692114" lon="6.701371" />
      <trkpt lat="45.692174" lon="6.701967" />
      <trkpt lat="45.692977" lon="6.704787" />
      <trkpt lat="45.693902" lon="6.712641" />
      <trkpt lat="45.694467" lon="6.714789" />
      <trkpt lat="45.694322" lon="6.716119" />
      <trkpt lat="45.694519" lon="6.716507" />
      <trkpt lat="45.694746" lon="6.716657" />
      <trkpt lat="45.695446" lon="6.716333" />
      <trkpt lat="45.695739" lon="6.716408" />
      <trkpt lat="45.695875" lon="6.716676" />
      <trkpt lat="45.695687" lon="6.717393" />
      <trkpt lat="45.695843" lon="6.718411" />
      <trkpt lat="45.697323" lon="6.719509" />
      <trkpt lat="45.697403" lon="6.719938" />
      <trkpt lat="45.697263" lon="6.721477" />
      <trkpt lat="45.697634" lon="6.722091" />
      <trkpt lat="45.697707" lon="6.722518" />
      <trkpt lat="45.697397" lon="6.723732" />
      <trkpt lat="45.698035" lon="6.724734" />
      <trkpt lat="45.69807" lon="6.72514" />
      <trkpt lat="45.697801" lon="6.725334" />
      <trkpt lat="45.697152" lon="6.725084" />
      <trkpt lat="45.69607" lon="6.722663" />
      <trkpt lat="45.695902" lon="6.722547" />
      <trkpt lat="45.695829" lon="6.722733" />
      <trkpt lat="45.696093" lon="6.723474" />
      <trkpt lat="45.696127" lon="6.725337" />
      <trkpt lat="45.696353" lon="6.726384" />
      <trkpt lat="45.696277" lon="6.726748" />
      <trkpt lat="45.696104" lon="6.726745" />
      <trkpt lat="45.695783" lon="6.725461" />
      <trkpt lat="45.695174" lon="6.724137" />
      <trkpt lat="45.69531" lon="6.723275" />
      <trkpt lat="45.695186" lon="6.722479" />
      <trkpt lat="45.694913" lon="6.722055" />
      <trkpt lat="45.694608" lon="6.722112" />
      <trkpt lat="45.694265" lon="6.722578" />
      <trkpt lat="45.693901" lon="6.723527" />
      <trkpt lat="45.694024" lon="6.726499" />
      <trkpt lat="45.693316" lon="6.730926" />
      <trkpt lat="45.693324" lon="6.731949" />
      <trkpt lat="45.692729" lon="6.732323" />
      <trkpt lat="45.690797" lon="6.732625" />
      <trkpt lat="45.688991" lon="6.733081" />
      <trkpt lat="45.687964" lon="6.732772" />
      <trkpt lat="45.686298" lon="6.733265" />
      <trkpt lat="45.685905" lon="6.733857" />
      <trkpt lat="45.685752" lon="6.735541" />
      <trkpt lat="45.685148" lon="6.736714" />
      <trkpt lat="45.684576" lon="6.737187" />
      <trkpt lat="45.683097" lon="6.737746" />
      <trkpt lat="45.682104" lon="6.739383" />
      <trkpt lat="45.681164" lon="6.739955" />
      <trkpt lat="45.678376" lon="6.743213" />
      <trkpt lat="45.677219" lon="6.746122" />
      <trkpt lat="45.676117" lon="6.747361" />
      <trkpt lat="45.675685" lon="6.748491" />
      <trkpt lat="45.675448" lon="6.749879" />
      <trkpt lat="45.67421" lon="6.751605" />
      <trkpt lat="45.674138" lon="6.753792" />
      <trkpt lat="45.673846" lon="6.754536" />
      <trkpt lat="45.673267" lon="6.755333" />
      <trkpt lat="45.672924" lon="6.756411" />
      <trkpt lat="45.672209" lon="6.757311" />
      <trkpt lat="45.671677" lon="6.757557" />
      <trkpt lat="45.671206" lon="6.757486" />
      <trkpt lat="45.670462" lon="6.75891" />
      <trkpt lat="45.670499" lon="6.759164" />
      <trkpt lat="45.671009" lon="6.759818" />
      <trkpt lat="45.67123" lon="6.760802" />
      <trkpt lat="45.671242" lon="6.76249" />
      <trkpt lat="45.671048" lon="6.763565" />
      <trkpt lat="45.671257" lon="6.764798" />
      <trkpt lat="45.671083" lon="6.765321" />
      <trkpt lat="45.67107" lon="6.767795" />
      <trkpt lat="45.670798" lon="6.76916" />
      <trkpt lat="45.670172" lon="6.77033" />
      <trkpt lat="45.670361" lon="6.770955" />
      <trkpt lat="45.670108" lon="6.771742" />
      <trkpt lat="45.670066" lon="6.773435" />
      <trkpt lat="45.669817" lon="6.774401" />
      <trkpt lat="45.669722" lon="6.774336" />
      <trkpt lat="45.669681" lon="6.771621" />
      <trkpt lat="45.669587" lon="6.771629" />
      <trkpt lat="45.669299" lon="6.772417" />
      <trkpt lat="45.669244" lon="6.774166" />
      <trkpt lat="45.668953" lon="6.772973" />
      <trkpt lat="45.668902" lon="6.771819" />
      <trkpt lat="45.668797" lon="6.771821" />
      <trkpt lat="45.6686" lon="6.774236" />
      <trkpt lat="45.66878" lon="6.774695" />
      <trkpt lat="45.668538" lon="6.775417" />
      <trkpt lat="45.668592" lon="6.774735" />
      <trkpt lat="45.668271" lon="6.774199" />
      <trkpt lat="45.668175" lon="6.77334" />
      <trkpt lat="45.667948" lon="6.772757" />
      <trkpt lat="45.668133" lon="6.772247" />
      <trkpt lat="45.668135" lon="6.771673" />
      <trkpt lat="45.667969" lon="6.772219" />
      <trkpt lat="45.66766" lon="6.772286" />
      <trkpt lat="45.667586" lon="6.772467" />
      <trkpt lat="45.667815" lon="6.774889" />
      <trkpt lat="45.667299" lon="6.773659" />
      <trkpt lat="45.667333" lon="6.773126" />
      <trkpt lat="45.66708" lon="6.772772" />
      <trkpt lat="45.667027" lon="6.772109" />
      <trkpt lat="45.666799" lon="6.773392" />
      <trkpt lat="45.667102" lon="6.774437" />
      <trkpt lat="45.666533" lon="6.776044" />
      <trkpt lat="45.666427" lon="6.776028" />
      <trkpt lat="45.666414" lon="6.77559" />
      <trkpt lat="45.66611" lon="6.775084" />
      <trkpt lat="45.666207" lon="6.774492" />
      <trkpt lat="45.666044" lon="6.774329" />
      <trkpt lat="45.665439" lon="6.775404" />
      <trkpt lat="45.664924" lon="6.777089" />
      <trkpt lat="45.663727" lon="6.778202" />
      <trkpt lat="45.663218" lon="6.779046" />
      <trkpt lat="45.662981" lon="6.779225" />
      <trkpt lat="45.662448" lon="6.77928" />
      <trkpt lat="45.661914" lon="6.780022" />
      <trkpt lat="45.661037" lon="6.780686" />
      <trkpt lat="45.660381" lon="6.781634" />
      <trkpt lat="45.65933" lon="6.781804" />
      <trkpt lat="45.65864" lon="6.782677" />
      <trkpt lat="45.657529" lon="6.783141" />
      <trkpt lat="45.656458" lon="6.78391" />
      <trkpt lat="45.654506" lon="6.786054" />
      <trkpt lat="45.653575" lon="6.786838" />
      <trkpt lat="45.653368" lon="6.786952" />
      <trkpt lat="45.65258" lon="6.786964" />
      <trkpt lat="45.651939" lon="6.787245" />
      <trkpt lat="45.651328" lon="6.787706" />
      <trkpt lat="45.649941" lon="6.787795" />
      <trkpt lat="45.648395" lon="6.786669" />
      <trkpt lat="45.647223" lon="6.786089" />
      <trkpt lat="45.646393" lon="6.78611" />
      <trkpt lat="45.645623" lon="6.785848" />
      <trkpt lat="45.643664" lon="6.78613" />
      <trkpt lat="45.641969" lon="6.786155" />
      <trkpt lat="45.640484" lon="6.785086" />
      <trkpt lat="45.639834" lon="6.785042" />
      <trkpt lat="45.639011" lon="6.784367" />
      <trkpt lat="45.638467" lon="6.784557" />
      <trkpt lat="45.637942" lon="6.784466" />
      <trkpt lat="45.637299" lon="6.784663" />
      <trkpt lat="45.636498" lon="6.785263" />
      <trkpt lat="45.635563" lon="6.785562" />
      <trkpt lat="45.634679" lon="6.785373" />
      <trkpt lat="45.634165" lon="6.785475" />
      <trkpt lat="45.633286" lon="6.785018" />
      <trkpt lat="45.632323" lon="6.784164" />
      <trkpt lat="45.631175" lon="6.784228" />
      <trkpt lat="45.630617" lon="6.784075" />
      <trkpt lat="45.630013" lon="6.783768" />
      <trkpt lat="45.629053" lon="6.782975" />
      <trkpt lat="45.628749" lon="6.783404" />
      <trkpt lat="45.628899" lon="6.784606" />
      <trkpt lat="45.629051" lon="6.784825" />
      <trkpt lat="45.629965" lon="6.785404" />
      <trkpt lat="45.630008" lon="6.785599" />
      <trkpt lat="45.629881" lon="6.785633" />
      <trkpt lat="45.62889" lon="6.785195" />
      <trkpt lat="45.62789" lon="6.783843" />
      <trkpt lat="45.627357" lon="6.78161" />
      <trkpt lat="45.627184" lon="6.782888" />
      <trkpt lat="45.626993" lon="6.782861" />
      <trkpt lat="45.626839" lon="6.78242" />
      <trkpt lat="45.626839" lon="6.781869" />
      <trkpt lat="45.62622" lon="6.780204" />
      <trkpt lat="45.625576" lon="6.779396" />
      <trkpt lat="45.625171" lon="6.778653" />
      <trkpt lat="45.624576" lon="6.778907" />
      <trkpt lat="45.623847" lon="6.778516" />
      <trkpt lat="45.623616" lon="6.778218" />
      <trkpt lat="45.62333" lon="6.778227" />
      <trkpt lat="45.623341" lon="6.778563" />
      <trkpt lat="45.623756" lon="6.778572" />
      <trkpt lat="45.625158" lon="6.780367" />
      <trkpt lat="45.625571" lon="6.781453" />
      <trkpt lat="45.625684" lon="6.783345" />
      <trkpt lat="45.626151" lon="6.784969" />
      <trkpt lat="45.626293" lon="6.785385" />
      <trkpt lat="45.627016" lon="6.786304" />
      <trkpt lat="45.627114" lon="6.787068" />
      <trkpt lat="45.62685" lon="6.790559" />
      <trkpt lat="45.626232" lon="6.793307" />
      <trkpt lat="45.625736" lon="6.794094" />
      <trkpt lat="45.625223" lon="6.79445" />
      <trkpt lat="45.625086" lon="6.794952" />
      <trkpt lat="45.623811" lon="6.797569" />
      <trkpt lat="45.624067" lon="6.797414" />
      <trkpt lat="45.624284" lon="6.797536" />
      <trkpt lat="45.624213" lon="6.79871" />
      <trkpt lat="45.623874" lon="6.799825" />
      <trkpt lat="45.623586" lon="6.800271" />
      <trkpt lat="45.623106" lon="6.800595" />
      <trkpt lat="45.623412" lon="6.801407" />
      <trkpt lat="45.623449" lon="6.802228" />
      <trkpt lat="45.623166" lon="6.803362" />
      <trkpt lat="45.623347" lon="6.803873" />
      <trkpt lat="45.623315" lon="6.804717" />
      <trkpt lat="45.623425" lon="6.805174" />
      <trkpt lat="45.623278" lon="6.806356" />
      <trkpt lat="45.623748" lon="6.807449" />
      <trkpt lat="45.623964" lon="6.808951" />
      <trkpt lat="45.624382" lon="6.808004" />
      <trkpt lat="45.624609" lon="6.808069" />
      <trkpt lat="45.625229" lon="6.811638" />
      <trkpt lat="45.625429" lon="6.811513" />
      <trkpt lat="45.626156" lon="6.809605" />
      <trkpt lat="45.626508" lon="6.80906" />
      <trkpt lat="45.626734" lon="6.809064" />
      <trkpt lat="45.626877" lon="6.811879" />
      <trkpt lat="45.626772" lon="6.812362" />
      <trkpt lat="45.626095" lon="6.813021" />
      <trkpt lat="45.625827" lon="6.813049" />
      <trkpt lat="45.625365" lon="6.812689" />
      <trkpt lat="45.625202" lon="6.812749" />
      <trkpt lat="45.624376" lon="6.813473" />
      <trkpt lat="45.623959" lon="6.814256" />
      <trkpt lat="45.623301" lon="6.814608" />
      <trkpt lat="45.622542" lon="6.815272" />
      <trkpt lat="45.622209" lon="6.816277" />
      <trkpt lat="45.621484" lon="6.816945" />
      <trkpt lat="45.62109" lon="6.817604" />
      <trkpt lat="45.620602" lon="6.819566" />
      <trkpt lat="45.619371" lon="6.821854" />
      <trkpt lat="45.618912" lon="6.823086" />
      <trkpt lat="45.619042" lon="6.823207" />
      <trkpt lat="45.619292" lon="6.822516" />
      <trkpt lat="45.621979" lon="6.819121" />
      <trkpt lat="45.622655" lon="6.818834" />
      <trkpt lat="45.623339" lon="6.8179" />
      <trkpt lat="45.6245" lon="6.817404" />
      <trkpt lat="45.625676" lon="6.817286" />
      <trkpt lat="45.626308" lon="6.816707" />
      <trkpt lat="45.626878" lon="6.815894" />
      <trkpt lat="45.627023" lon="6.81586" />
      <trkpt lat="45.626494" lon="6.817177" />
      <trkpt lat="45.625942" lon="6.81801" />
      <trkpt lat="45.625236" lon="6.818274" />
      <trkpt lat="45.623764" lon="6.819472" />
      <trkpt lat="45.622961" lon="6.820752" />
      <trkpt lat="45.622197" lon="6.821328" />
      <trkpt lat="45.621822" lon="6.82244" />
      <trkpt lat="45.621226" lon="6.823127" />
      <trkpt lat="45.620303" lon="6.825398" />
      <trkpt lat="45.620341" lon="6.825511" />
      <trkpt lat="45.620462" lon="6.82548" />
      <trkpt lat="45.621098" lon="6.824004" />
      <trkpt lat="45.622085" lon="6.822815" />
      <trkpt lat="45.623883" lon="6.821355" />
      <trkpt lat="45.624467" lon="6.821068" />
      <trkpt lat="45.626147" lon="6.820882" />
      <trkpt lat="45.627025" lon="6.820227" />
      <trkpt lat="45.627909" lon="6.82029" />
      <trkpt lat="45.628728" lon="6.81998" />
      <trkpt lat="45.628617" lon="6.820264" />
      <trkpt lat="45.627211" lon="6.820874" />
      <trkpt lat="45.626828" lon="6.821442" />
      <trkpt lat="45.626389" lon="6.821747" />
      <trkpt lat="45.625534" lon="6.821853" />
      <trkpt lat="45.624434" lon="6.822295" />
      <trkpt lat="45.623804" lon="6.82306" />
      <trkpt lat="45.623159" lon="6.824499" />
      <trkpt lat="45.622756" lon="6.825965" />
      <trkpt lat="45.623026" lon="6.827127" />
      <trkpt lat="45.622772" lon="6.828244" />
      <trkpt lat="45.622842" lon="6.828376" />
      <trkpt lat="45.623159" lon="6.827349" />
      <trkpt lat="45.623119" lon="6.825988" />
      <trkpt lat="45.623233" lon="6.825493" />
      <trkpt lat="45.623623" lon="6.824762" />
      <trkpt lat="45.624378" lon="6.823837" />
      <trkpt lat="45.62497" lon="6.823942" />
      <trkpt lat="45.626237" lon="6.823426" />
      <trkpt lat="45.626701" lon="6.823639" />
      <trkpt lat="45.628586" lon="6.823465" />
      <trkpt lat="45.628819" lon="6.823325" />
      <trkpt lat="45.629328" lon="6.822604" />
      <trkpt lat="45.629581" lon="6.822492" />
      <trkpt lat="45.629737" lon="6.822589" />
      <trkpt lat="45.629692" lon="6.822778" />
      <trkpt lat="45.629225" lon="6.822941" />
      <trkpt lat="45.628826" lon="6.823749" />
      <trkpt lat="45.626739" lon="6.824468" />
      <trkpt lat="45.625841" lon="6.825126" />
      <trkpt lat="45.62514" lon="6.826109" />
      <trkpt lat="45.624808" lon="6.827067" />
      <trkpt lat="45.625176" lon="6.828086" />
      <trkpt lat="45.62509" lon="6.830028" />
      <trkpt lat="45.625397" lon="6.83057" />
      <trkpt lat="45.625532" lon="6.831126" />
      <trkpt lat="45.625438" lon="6.831441" />
      <trkpt lat="45.625032" lon="6.83175" />
      <trkpt lat="45.625078" lon="6.831989" />
      <trkpt lat="45.625576" lon="6.831607" />
      <trkpt lat="45.625725" lon="6.831279" />
      <trkpt lat="45.625627" lon="6.829675" />
      <trkpt lat="45.625753" lon="6.828917" />
      <trkpt lat="45.625645" lon="6.827944" />
      <trkpt lat="45.625801" lon="6.827396" />
      <trkpt lat="45.626304" lon="6.826988" />
      <trkpt lat="45.626876" lon="6.826926" />
      <trkpt lat="45.627354" lon="6.826668" />
      <trkpt lat="45.628115" lon="6.826772" />
      <trkpt lat="45.628194" lon="6.826895" />
      <trkpt lat="45.628062" lon="6.827078" />
      <trkpt lat="45.627483" lon="6.82695" />
      <trkpt lat="45.627061" lon="6.827515" />
      <trkpt lat="45.626516" lon="6.827766" />
      <trkpt lat="45.626326" lon="6.828054" />
      <trkpt lat="45.627056" lon="6.830293" />
      <trkpt lat="45.626795" lon="6.831802" />
      <trkpt lat="45.626289" lon="6.833205" />
      <trkpt lat="45.625809" lon="6.833707" />
      <trkpt lat="45.625641" lon="6.834701" />
      <trkpt lat="45.624364" lon="6.835891" />
      <trkpt lat="45.624182" lon="6.836697" />
      <trkpt lat="45.623803" lon="6.837181" />
      <trkpt lat="45.623662" lon="6.837618" />
      <trkpt lat="45.622926" lon="6.838212" />
      <trkpt lat="45.622412" lon="6.839478" />
      <trkpt lat="45.620931" lon="6.841485" />
      <trkpt lat="45.620177" lon="6.843866" />
      <trkpt lat="45.619644" lon="6.844982" />
      <trkpt lat="45.619764" lon="6.845148" />
      <trkpt lat="45.621125" lon="6.842102" />
      <trkpt lat="45.621622" lon="6.84155" />
      <trkpt lat="45.622009" lon="6.84087" />
      <trkpt lat="45.623054" lon="6.840426" />
      <trkpt lat="45.624249" lon="6.838946" />
      <trkpt lat="45.624545" lon="6.838785" />
      <trkpt lat="45.625175" lon="6.838773" />
      <trkpt lat="45.625544" lon="6.838489" />
      <trkpt lat="45.626116" lon="6.837712" />
      <trkpt lat="45.626535" lon="6.83684" />
      <trkpt lat="45.627521" lon="6.836011" />
      <trkpt lat="45.628056" lon="6.835011" />
      <trkpt lat="45.628192" lon="6.834974" />
      <trkpt lat="45.628202" lon="6.835171" />
      <trkpt lat="45.627715" lon="6.836103" />
      <trkpt lat="45.627317" lon="6.836454" />
      <trkpt lat="45.626671" lon="6.837896" />
      <trkpt lat="45.626099" lon="6.838572" />
      <trkpt lat="45.625573" lon="6.839806" />
      <trkpt lat="45.62496" lon="6.840213" />
      <trkpt lat="45.624315" lon="6.841315" />
      <trkpt lat="45.623453" lon="6.842085" />
      <trkpt lat="45.623198" lon="6.842747" />
      <trkpt lat="45.623111" lon="6.843607" />
      <trkpt lat="45.621703" lon="6.846542" />
      <trkpt lat="45.621808" lon="6.850347" />
      <trkpt lat="45.621535" lon="6.851384" />
      <trkpt lat="45.62142" lon="6.852451" />
      <trkpt lat="45.621488" lon="6.854084" />
      <trkpt lat="45.621714" lon="6.854917" />
      <trkpt lat="45.621405" lon="6.856368" />
      <trkpt lat="45.621455" lon="6.857136" />
      <trkpt lat="45.621196" lon="6.85778" />
      <trkpt lat="45.62099" lon="6.85967" />
      <trkpt lat="45.621075" lon="6.859796" />
      <trkpt lat="45.621171" lon="6.859668" />
      <trkpt lat="45.621433" lon="6.857752" />
      <trkpt lat="45.621945" lon="6.857002" />
      <trkpt lat="45.621972" lon="6.856119" />
      <trkpt lat="45.622381" lon="6.855368" />
      <trkpt lat="45.622631" lon="6.852884" />
      <trkpt lat="45.623052" lon="6.851643" />
      <trkpt lat="45.623175" lon="6.850816" />
      <trkpt lat="45.623296" lon="6.850742" />
      <trkpt lat="45.623347" lon="6.85096" />
      <trkpt lat="45.622847" lon="6.853312" />
      <trkpt lat="45.623064" lon="6.855311" />
      <trkpt lat="45.622946" lon="6.85699" />
      <trkpt lat="45.6226" lon="6.85818" />
      <trkpt lat="45.622731" lon="6.859914" />
      <trkpt lat="45.623275" lon="6.861225" />
      <trkpt lat="45.624075" lon="6.865238" />
      <trkpt lat="45.624239" lon="6.865109" />
      <trkpt lat="45.624001" lon="6.864367" />
      <trkpt lat="45.624143" lon="6.862648" />
      <trkpt lat="45.623997" lon="6.860471" />
      <trkpt lat="45.624014" lon="6.858299" />
      <trkpt lat="45.624178" lon="6.858169" />
      <trkpt lat="45.624222" lon="6.857638" />
      <trkpt lat="45.62489" lon="6.856798" />
      <trkpt lat="45.625632" lon="6.855162" />
      <trkpt lat="45.625812" lon="6.852397" />
      <trkpt lat="45.626092" lon="6.851359" />
      <trkpt lat="45.626658" lon="6.850562" />
      <trkpt lat="45.626901" lon="6.849911" />
      <trkpt lat="45.627347" lon="6.849477" />
      <trkpt lat="45.62776" lon="6.848758" />
      <trkpt lat="45.628835" lon="6.84811" />
      <trkpt lat="45.630003" lon="6.84672" />
      <trkpt lat="45.630209" lon="6.846628" />
      <trkpt lat="45.631808" lon="6.848053" />
      <trkpt lat="45.632501" lon="6.848924" />
      <trkpt lat="45.63297" lon="6.849094" />
      <trkpt lat="45.634344" lon="6.849203" />
      <trkpt lat="45.634916" lon="6.850081" />
      <trkpt lat="45.63591" lon="6.850528" />
      <trkpt lat="45.637038" lon="6.849362" />
      <trkpt lat="45.637436" lon="6.848652" />
      <trkpt lat="45.637628" lon="6.848091" />
      <trkpt lat="45.637694" lon="6.847142" />
      <trkpt lat="45.637839" lon="6.846875" />
      <trkpt lat="45.638104" lon="6.846699" />
      <trkpt lat="45.638625" lon="6.846667" />
      <trkpt lat="45.639281" lon="6.846407" />
      <trkpt lat="45.640223" lon="6.845391" />
      <trkpt lat="45.641702" lon="6.844291" />
      <trkpt lat="45.642197" lon="6.845545" />
      <trkpt lat="45.64322" lon="6.847103" />
      <trkpt lat="45.643728" lon="6.84763" />
      <trkpt lat="45.644174" lon="6.8478" />
      <trkpt lat="45.644484" lon="6.848104" />
      <trkpt lat="45.645709" lon="6.850149" />
      <trkpt lat="45.647035" lon="6.851946" />
      <trkpt lat="45.647729" lon="6.852198" />
      <trkpt lat="45.649021" lon="6.852957" />
      <trkpt lat="45.649583" lon="6.854151" />
      <trkpt lat="45.649788" lon="6.854996" />
      <trkpt lat="45.65052" lon="6.856379" />
      <trkpt lat="45.651723" lon="6.857182" />
      <trkpt lat="45.652432" lon="6.85793" />
      <trkpt lat="45.653214" lon="6.858334" />
      <trkpt lat="45.654163" lon="6.859541" />
      <trkpt lat="45.654779" lon="6.859796" />
      <trkpt lat="45.655436" lon="6.86102" />
      <trkpt lat="45.656141" lon="6.861341" />
      <trkpt lat="45.656411" lon="6.861615" />
      <trkpt lat="45.656859" lon="6.862624" />
      <trkpt lat="45.657281" lon="6.863132" />
      <trkpt lat="45.659068" lon="6.864386" />
      <trkpt lat="45.659693" lon="6.865788" />
      <trkpt lat="45.661425" lon="6.868009" />
      <trkpt lat="45.661871" lon="6.868928" />
      <trkpt lat="45.66233" lon="6.869319" />
      <trkpt lat="45.662428" lon="6.869804" />
      <trkpt lat="45.662273" lon="6.870537" />
      <trkpt lat="45.662343" lon="6.870728" />
      <trkpt lat="45.663208" lon="6.870402" />
      <trkpt lat="45.663952" lon="6.870538" />
      <trkpt lat="45.665027" lon="6.8713" />
      <trkpt lat="45.665798" lon="6.871486" />
      <trkpt lat="45.66643" lon="6.871901" />
      <trkpt lat="45.667583" lon="6.872327" />
      <trkpt lat="45.668315" lon="6.872265" />
      <trkpt lat="45.668779" lon="6.872724" />
      <trkpt lat="45.669349" lon="6.87248" />
      <trkpt lat="45.670105" lon="6.872938" />
      <trkpt lat="45.67062" lon="6.873401" />
      <trkpt lat="45.670601" lon="6.87373" />
      <trkpt lat="45.670345" lon="6.873722" />
      <trkpt lat="45.669626" lon="6.873165" />
      <trkpt lat="45.669432" lon="6.873203" />
      <trkpt lat="45.66948" lon="6.873481" />
      <trkpt lat="45.676632" lon="6.881495" />
      <trkpt lat="45.678926" lon="6.882653" />
      <trkpt lat="45.6797" lon="6.88332" />
      <trkpt lat="45.680106" lon="6.884531" />
      <trkpt lat="45.680321" lon="6.884661" />
      <trkpt lat="45.680886" lon="6.88458" />
      <trkpt lat="45.681146" lon="6.884671" />
      <trkpt lat="45.682086" lon="6.88527" />
      <trkpt lat="45.684927" lon="6.887589" />
      <trkpt lat="45.685512" lon="6.887829" />
      <trkpt lat="45.686644" lon="6.8886" />
      <trkpt lat="45.687531" lon="6.888783" />
      <trkpt lat="45.687957" lon="6.888637" />
      <trkpt lat="45.688401" lon="6.888683" />
      <trkpt lat="45.69002" lon="6.889606" />
      <trkpt lat="45.690258" lon="6.890013" />
      <trkpt lat="45.690357" lon="6.891157" />
      <trkpt lat="45.690788" lon="6.891549" />
      <trkpt lat="45.691025" lon="6.891579" />
      <trkpt lat="45.691158" lon="6.89136" />
      <trkpt lat="45.690916" lon="6.890424" />
      <trkpt lat="45.690887" lon="6.889151" />
      <trkpt lat="45.691131" lon="6.88948" />
      <trkpt lat="45.691584" lon="6.89076" />
      <trkpt lat="45.691622" lon="6.890214" />
      <trkpt lat="45.691805" lon="6.890124" />
      <trkpt lat="45.69276" lon="6.890761" />
      <trkpt lat="45.693478" lon="6.891983" />
      <trkpt lat="45.693497" lon="6.893169" />
      <trkpt lat="45.693927" lon="6.894292" />
      <trkpt lat="45.693984" lon="6.895258" />
      <trkpt lat="45.694697" lon="6.896954" />
      <trkpt lat="45.69515" lon="6.898522" />
      <trkpt lat="45.695365" lon="6.898823" />
      <trkpt lat="45.696261" lon="6.899506" />
      <trkpt lat="45.697377" lon="6.901309" />
      <trkpt lat="45.698158" lon="6.902209" />
      <trkpt lat="45.698415" lon="6.903035" />
      <trkpt lat="45.699324" lon="6.904455" />
      <trkpt lat="45.699767" lon="6.905776" />
      <trkpt lat="45.700522" lon="6.906938" />
      <trkpt lat="45.700737" lon="6.907037" />
      <trkpt lat="45.701023" lon="6.90652" />
      <trkpt lat="45.70158" lon="6.906604" />
      <trkpt lat="45.701932" lon="6.906428" />
      <trkpt lat="45.702853" lon="6.907819" />
      <trkpt lat="45.704553" lon="6.911601" />
      <trkpt lat="45.704708" lon="6.911745" />
      <trkpt lat="45.704978" lon="6.911535" />
      <trkpt lat="45.705224" lon="6.91161" />
      <trkpt lat="45.705766" lon="6.912478" />
      <trkpt lat="45.706149" lon="6.912806" />
      <trkpt lat="45.70672" lon="6.912634" />
      <trkpt lat="45.707028" lon="6.912285" />
      <trkpt lat="45.707505" lon="6.912061" />
      <trkpt lat="45.708046" lon="6.911205" />
      <trkpt lat="45.708244" lon="6.910541" />
      <trkpt lat="45.708335" lon="6.910547" />
      <trkpt lat="45.708115" lon="6.91149" />
      <trkpt lat="45.707639" lon="6.912621" />
      <trkpt lat="45.707102" lon="6.913472" />
      <trkpt lat="45.70707" lon="6.914341" />
      <trkpt lat="45.706839" lon="6.914729" />
      <trkpt lat="45.706915" lon="6.914942" />
      <trkpt lat="45.707131" lon="6.914818" />
      <trkpt lat="45.707236" lon="6.914232" />
      <trkpt lat="45.70745" lon="6.913852" />
      <trkpt lat="45.708128" lon="6.91327" />
      <trkpt lat="45.708509" lon="6.9125" />
      <trkpt lat="45.709193" lon="6.911652" />
      <trkpt lat="45.709411" lon="6.909361" />
      <trkpt lat="45.709505" lon="6.909239" />
      <trkpt lat="45.709637" lon="6.909304" />
      <trkpt lat="45.709612" lon="6.911445" />
      <trkpt lat="45.710061" lon="6.912679" />
      <trkpt lat="45.709113" lon="6.915961" />
      <trkpt lat="45.709144" lon="6.917288" />
      <trkpt lat="45.708632" lon="6.917951" />
      <trkpt lat="45.708138" lon="6.917992" />
      <trkpt lat="45.707716" lon="6.918337" />
      <trkpt lat="45.707445" lon="6.918294" />
      <trkpt lat="45.707325" lon="6.92024" />
      <trkpt lat="45.706738" lon="6.920806" />
      <trkpt lat="45.706842" lon="6.921" />
      <trkpt lat="45.707252" lon="6.920972" />
      <trkpt lat="45.707408" lon="6.921073" />
      <trkpt lat="45.707776" lon="6.922834" />
      <trkpt lat="45.707677" lon="6.923124" />
      <trkpt lat="45.707476" lon="6.922982" />
      <trkpt lat="45.707367" lon="6.923042" />
      <trkpt lat="45.707241" lon="6.923535" />
      <trkpt lat="45.707624" lon="6.925447" />
      <trkpt lat="45.707588" lon="6.925658" />
      <trkpt lat="45.707342" lon="6.925887" />
      <trkpt lat="45.707556" lon="6.926444" />
      <trkpt lat="45.707576" lon="6.92698" />
      <trkpt lat="45.70761" lon="6.929549" />
      <trkpt lat="45.707435" lon="6.931324" />
      <trkpt lat="45.707538" lon="6.933817" />
      <trkpt lat="45.707621" lon="6.933877" />
      <trkpt lat="45.707666" lon="6.933709" />
      <trkpt lat="45.707806" lon="6.93165" />
      <trkpt lat="45.708669" lon="6.930195" />
      <trkpt lat="45.70882" lon="6.929255" />
      <trkpt lat="45.708946" lon="6.93046" />
      <trkpt lat="45.708851" lon="6.931962" />
      <trkpt lat="45.708443" lon="6.933514" />
      <trkpt lat="45.709003" lon="6.932866" />
      <trkpt lat="45.709308" lon="6.932167" />
      <trkpt lat="45.709798" lon="6.930296" />
      <trkpt lat="45.709579" lon="6.931641" />
      <trkpt lat="45.70969" lon="6.93304" />
      <trkpt lat="45.709378" lon="6.934285" />
      <trkpt lat="45.709719" lon="6.933739" />
      <trkpt lat="45.709989" lon="6.932665" />
      <trkpt lat="45.710313" lon="6.932325" />
      <trkpt lat="45.710513" lon="6.931073" />
      <trkpt lat="45.710725" lon="6.930954" />
      <trkpt lat="45.711347" lon="6.932035" />
      <trkpt lat="45.712022" lon="6.934327" />
      <trkpt lat="45.71268" lon="6.935282" />
      <trkpt lat="45.713505" lon="6.937578" />
      <trkpt lat="45.713117" lon="6.936833" />
      <trkpt lat="45.712236" lon="6.936262" />
      <trkpt lat="45.712043" lon="6.936415" />
      <trkpt lat="45.712069" lon="6.936712" />
      <trkpt lat="45.712912" lon="6.937506" />
      <trkpt lat="45.714067" lon="6.939665" />
      <trkpt lat="45.714489" lon="6.940165" />
      <trkpt lat="45.714998" lon="6.940353" />
      <trkpt lat="45.715517" lon="6.941262" />
      <trkpt lat="45.715357" lon="6.94129" />
      <trkpt lat="45.714927" lon="6.940789" />
      <trkpt lat="45.714261" lon="6.940452" />
      <trkpt lat="45.713199" lon="6.939576" />
      <trkpt lat="45.713074" lon="6.939546" />
      <trkpt lat="45.713058" lon="6.939696" />
      <trkpt lat="45.713572" lon="6.940348" />
      <trkpt lat="45.713953" lon="6.941457" />
      <trkpt lat="45.714609" lon="6.94171" />
      <trkpt lat="45.715755" lon="6.942425" />
      <trkpt lat="45.715686" lon="6.942547" />
      <trkpt lat="45.714991" lon="6.942306" />
      <trkpt lat="45.714517" lon="6.942496" />
      <trkpt lat="45.714125" lon="6.942365" />
      <trkpt lat="45.713372" lon="6.942793" />
      <trkpt lat="45.713112" lon="6.943363" />
      <trkpt lat="45.713811" lon="6.944214" />
      <trkpt lat="45.713387" lon="6.945076" />
      <trkpt lat="45.712506" lon="6.944723" />
      <trkpt lat="45.712163" lon="6.944899" />
      <trkpt lat="45.712071" lon="6.945514" />
      <trkpt lat="45.711464" lon="6.946847" />
      <trkpt lat="45.711576" lon="6.947775" />
      <trkpt lat="45.711854" lon="6.948247" />
      <trkpt lat="45.711264" lon="6.948714" />
      <trkpt lat="45.710718" lon="6.948664" />
      <trkpt lat="45.710432" lon="6.94887" />
      <trkpt lat="45.709635" lon="6.949731" />
      <trkpt lat="45.708818" lon="6.950993" />
      <trkpt lat="45.7083" lon="6.951439" />
      <trkpt lat="45.708818" lon="6.950993" />
      <trkpt lat="45.709635" lon="6.949731" />
      <trkpt lat="45.710131" lon="6.949251" />
      <trkpt lat="45.711885" lon="6.949503" />
      <trkpt lat="45.712525" lon="6.949373" />
      <trkpt lat="45.714203" lon="6.948953" />
      <trkpt lat="45.715655" lon="6.948321" />
      <trkpt lat="45.716417" lon="6.948267" />
      <trkpt lat="45.717088" lon="6.947967" />
      <trkpt lat="45.717672" lon="6.947467" />
      <trkpt lat="45.717812" lon="6.947697" />
      <trkpt lat="45.71862" lon="6.94721" />
      <trkpt lat="45.720314" lon="6.947671" />
      <trkpt lat="45.722078" lon="6.947337" />
      <trkpt lat="45.722483" lon="6.947719" />
      <trkpt lat="45.725527" lon="6.951638" />
      <trkpt lat="45.726915" lon="6.953669" />
      <trkpt lat="45.728052" lon="6.954992" />
      <trkpt lat="45.728704" lon="6.957406" />
      <trkpt lat="45.729033" lon="6.958037" />
      <trkpt lat="45.729171" lon="6.957943" />
      <trkpt lat="45.728868" lon="6.957204" />
      <trkpt lat="45.728853" lon="6.955874" />
      <trkpt lat="45.729062" lon="6.956282" />
      <trkpt lat="45.729223" lon="6.957179" />
      <trkpt lat="45.729657" lon="6.957873" />
      <trkpt lat="45.730283" lon="6.958576" />
      <trkpt lat="45.731376" lon="6.959476" />
      <trkpt lat="45.73195" lon="6.959612" />
      <trkpt lat="45.73261" lon="6.960069" />
      <trkpt lat="45.733117" lon="6.960129" />
      <trkpt lat="45.734134" lon="6.960584" />
      <trkpt lat="45.735647" lon="6.961464" />
      <trkpt lat="45.735782" lon="6.961302" />
      <trkpt lat="45.735754" lon="6.961101" />
      <trkpt lat="45.73517" lon="6.960868" />
      <trkpt lat="45.735005" lon="6.960667" />
      <trkpt lat="45.735176" lon="6.959714" />
      <trkpt lat="45.735882" lon="6.959804" />
      <trkpt lat="45.736616" lon="6.960204" />
      <trkpt lat="45.737131" lon="6.95999" />
      <trkpt lat="45.737464" lon="6.960031" />
      <trkpt lat="45.739038" lon="6.961863" />
      <trkpt lat="45.739606" lon="6.963151" />
      <trkpt lat="45.74113" lon="6.963848" />
      <trkpt lat="45.742619" lon="6.96524" />
      <trkpt lat="45.74313" lon="6.966038" />
      <trkpt lat="45.74341" lon="6.966801" />
      <trkpt lat="45.743912" lon="6.967478" />
      <trkpt lat="45.745088" lon="6.967915" />
      <trkpt lat="45.746617" lon="6.969022" />
      <trkpt lat="45.747983" lon="6.971098" />
      <trkpt lat="45.748715" lon="6.971868" />
      <trkpt lat="45.749643" lon="6.972245" />
      <trkpt lat="45.750039" lon="6.972707" />
      <trkpt lat="45.750454" lon="6.973847" />
      <trkpt lat="45.752346" lon="6.977014" />
      <trkpt lat="45.753718" lon="6.978618" />
      <trkpt lat="45.754194" lon="6.979433" />
      <trkpt lat="45.754845" lon="6.979964" />
      <trkpt lat="45.755943" lon="6.982535" />
      <trkpt lat="45.756538" lon="6.982853" />
      <trkpt lat="45.757158" lon="6.98389" />
      <trkpt lat="45.757436" lon="6.983965" />
      <trkpt lat="45.758867" lon="6.983319" />
      <trkpt lat="45.759268" lon="6.982368" />
      <trkpt lat="45.760368" lon="6.98176" />
      <trkpt lat="45.760387" lon="6.981958" />
      <trkpt lat="45.759788" lon="6.982209" />
      <trkpt lat="45.759405" lon="6.982671" />
      <trkpt lat="45.759271" lon="6.984617" />
      <trkpt lat="45.759545" lon="6.983071" />
      <trkpt lat="45.759833" lon="6.982603" />
      <trkpt lat="45.760651" lon="6.982337" />
      <trkpt lat="45.761401" lon="6.981676" />
      <trkpt lat="45.761506" lon="6.981769" />
      <trkpt lat="45.761451" lon="6.981908" />
      <trkpt lat="45.761183" lon="6.982032" />
      <trkpt lat="45.760652" lon="6.982739" />
      <trkpt lat="45.760147" lon="6.983014" />
      <trkpt lat="45.759737" lon="6.984242" />
      <trkpt lat="45.759729" lon="6.984673" />
      <trkpt lat="45.760003" lon="6.983692" />
      <trkpt lat="45.760452" lon="6.983327" />
      <trkpt lat="45.760795" lon="6.983279" />
      <trkpt lat="45.760962" lon="6.982947" />
      <trkpt lat="45.761331" lon="6.982719" />
      <trkpt lat="45.761706" lon="6.982205" />
      <trkpt lat="45.761746" lon="6.982401" />
      <trkpt lat="45.76111" lon="6.983084" />
      <trkpt lat="45.760933" lon="6.983624" />
      <trkpt lat="45.760577" lon="6.983799" />
      <trkpt lat="45.760549" lon="6.983977" />
      <trkpt lat="45.760903" lon="6.98388" />
      <trkpt lat="45.761215" lon="6.983322" />
      <trkpt lat="45.761886" lon="6.982772" />
      <trkpt lat="45.761947" lon="6.982926" />
      <trkpt lat="45.761305" lon="6.983533" />
      <trkpt lat="45.761103" lon="6.984107" />
      <trkpt lat="45.760709" lon="6.984339" />
      <trkpt lat="45.760716" lon="6.984515" />
      <trkpt lat="45.762202" lon="6.983364" />
      <trkpt lat="45.76285" lon="6.983141" />
      <trkpt lat="45.763938" lon="6.983351" />
      <trkpt lat="45.765626" lon="6.983256" />
      <trkpt lat="45.766229" lon="6.983007" />
      <trkpt lat="45.766289" lon="6.98308" />
      <trkpt lat="45.764684" lon="6.984904" />
      <trkpt lat="45.763939" lon="6.986514" />
      <trkpt lat="45.763485" lon="6.989012" />
      <trkpt lat="45.762609" lon="6.990007" />
      <trkpt lat="45.762371" lon="6.990598" />
      <trkpt lat="45.762382" lon="6.991248" />
      <trkpt lat="45.762802" lon="6.992695" />
      <trkpt lat="45.762675" lon="6.994951" />
      <trkpt lat="45.763495" lon="6.997329" />
      <trkpt lat="45.763591" lon="6.998336" />
      <trkpt lat="45.763194" lon="6.9998" />
      <trkpt lat="45.76249" lon="7.001506" />
      <trkpt lat="45.762503" lon="7.003347" />
      <trkpt lat="45.762326" lon="7.004706" />
      <trkpt lat="45.76141" lon="7.007858" />
      <trkpt lat="45.761555" lon="7.00986" />
      <trkpt lat="45.761447" lon="7.011235" />
      <trkpt lat="45.760695" lon="7.014862" />
      <trkpt lat="45.760388" lon="7.0172" />
      <trkpt lat="45.760688" lon="7.020635" />
      <trkpt lat="45.760288" lon="7.023156" />
      <trkpt lat="45.760189" lon="7.026142" />
      <trkpt lat="45.760336" lon="7.028655" />
      <trkpt lat="45.759737" lon="7.030401" />
      <trkpt lat="45.759436" lon="7.030592" />
      <trkpt lat="45.759463" lon="7.03114" />
      <trkpt lat="45.758359" lon="7.035534" />
      <trkpt lat="45.757857" lon="7.036395" />
      <trkpt lat="45.756022" lon="7.038613" />
      <trkpt lat="45.753813" lon="7.043641" />
      <trkpt lat="45.753494" lon="7.04384" />
      <trkpt lat="45.753485" lon="7.044369" />
      <trkpt lat="45.750685" lon="7.050624" />
      <trkpt lat="45.750535" lon="7.050757" />
      <trkpt lat="45.750071" lon="7.050792" />
      <trkpt lat="45.747353" lon="7.050596" />
      <trkpt lat="45.746542" lon="7.051006" />
      <trkpt lat="45.746044" lon="7.051922" />
      <trkpt lat="45.745377" lon="7.055194" />
      <trkpt lat="45.744539" lon="7.057967" />
      <trkpt lat="45.74362" lon="7.059554" />
      <trkpt lat="45.742953" lon="7.06037" />
      <trkpt lat="45.742184" lon="7.061026" />
      <trkpt lat="45.74144" lon="7.061481" />
      <trkpt lat="45.739376" lon="7.062366" />
      <trkpt lat="45.738455" lon="7.062997" />
      <trkpt lat="45.73762" lon="7.063887" />
      <trkpt lat="45.73717" lon="7.064649" />
      <trkpt lat="45.736579" lon="7.066097" />
      <trkpt lat="45.73635" lon="7.067186" />
      <trkpt lat="45.736289" lon="7.069239" />
      <trkpt lat="45.736676" lon="7.071221" />
      <trkpt lat="45.738151" lon="7.075984" />
      <trkpt lat="45.738395" lon="7.07754" />
      <trkpt lat="45.738529" lon="7.080023" />
      <trkpt lat="45.73832" lon="7.082148" />
      <trkpt lat="45.737871" lon="7.084315" />
      <trkpt lat="45.736717" lon="7.087094" />
      <trkpt lat="45.736403" lon="7.087791" />
      <trkpt lat="45.734636" lon="7.090023" />
      <trkpt lat="45.726054" lon="7.097319" />
      <trkpt lat="45.724956" lon="7.098655" />
      <trkpt lat="45.72415" lon="7.100364" />
      <trkpt lat="45.722185" lon="7.107569" />
      <trkpt lat="45.720705" lon="7.112231" />
      <trkpt lat="45.719402" lon="7.115278" />
      <trkpt lat="45.718323" lon="7.117413" />
      <trkpt lat="45.717274" lon="7.119323" />
      <trkpt lat="45.714684" lon="7.123141" />
      <trkpt lat="45.707855" lon="7.130875" />
      <trkpt lat="45.706044" lon="7.133271" />
      <trkpt lat="45.704936" lon="7.135438" />
      <trkpt lat="45.702463" lon="7.142905" />
      <trkpt lat="45.699848" lon="7.151209" />
      <trkpt lat="45.699074" lon="7.153984" />
      <trkpt lat="45.698237" lon="7.158054" />
      <trkpt lat="45.697641" lon="7.16558" />
      <trkpt lat="45.698158" lon="7.188307" />
      <trkpt lat="45.698065" lon="7.190878" />
      <trkpt lat="45.697437" lon="7.19444" />
      <trkpt lat="45.695528" lon="7.200208" />
      <trkpt lat="45.694936" lon="7.202531" />
      <trkpt lat="45.694561" lon="7.204977" />
      <trkpt lat="45.694378" lon="7.20731" />
      <trkpt lat="45.694396" lon="7.209467" />
      <trkpt lat="45.694835" lon="7.212943" />
      <trkpt lat="45.69555" lon="7.215728" />
      <trkpt lat="45.696165" lon="7.21754" />
      <trkpt lat="45.705825" lon="7.238159" />
      <trkpt lat="45.706591" lon="7.240242" />
      <trkpt lat="45.706802" lon="7.241153" />
      <trkpt lat="45.706731" lon="7.241642" />
      <trkpt lat="45.706441" lon="7.242188" />
      <trkpt lat="45.706514" lon="7.242651" />
      <trkpt lat="45.707129" lon="7.243518" />
      <trkpt lat="45.708491" lon="7.244616" />
      <trkpt lat="45.710901" lon="7.247312" />
      <trkpt lat="45.711098" lon="7.247714" />
      <trkpt lat="45.711078" lon="7.250839" />
      <trkpt lat="45.711614" lon="7.251949" />
      <trkpt lat="45.711784" lon="7.254691" />
      <trkpt lat="45.711971" lon="7.255491" />
      <trkpt lat="45.712353" lon="7.255983" />
      <trkpt lat="45.713206" lon="7.256251" />
      <trkpt lat="45.713569" lon="7.256536" />
      <trkpt lat="45.717936" lon="7.261947" />
      <trkpt lat="45.718416" lon="7.262687" />
      <trkpt lat="45.71874" lon="7.26292" />
      <trkpt lat="45.720901" lon="7.265415" />
      <trkpt lat="45.721327" lon="7.266205" />
      <trkpt lat="45.721862" lon="7.267705" />
      <trkpt lat="45.723487" lon="7.270223" />
      <trkpt lat="45.723897" lon="7.271383" />
      <trkpt lat="45.724145" lon="7.274002" />
      <trkpt lat="45.724496" lon="7.275219" />
      <trkpt lat="45.729066" lon="7.282794" />
      <trkpt lat="45.729365" lon="7.283475" />
      <trkpt lat="45.729351" lon="7.283974" />
      <trkpt lat="45.729666" lon="7.28449" />
      <trkpt lat="45.729741" lon="7.284875" />
      <trkpt lat="45.729586" lon="7.287886" />
      <trkpt lat="45.72981" lon="7.288595" />
      <trkpt lat="45.730313" lon="7.28929" />
      <trkpt lat="45.732175" lon="7.29543" />
      <trkpt lat="45.733196" lon="7.302365" />
      <trkpt lat="45.733201" lon="7.303069" />
      <trkpt lat="45.733346" lon="7.30318" />
      <trkpt lat="45.733677" lon="7.303043" />
      <trkpt lat="45.736452" lon="7.30399" />
      <trkpt lat="45.736937" lon="7.304369" />
      <trkpt lat="45.738375" lon="7.307416" />
      <trkpt lat="45.738833" lon="7.310076" />
      <trkpt lat="45.738806" lon="7.311035" />
      <trkpt lat="45.739734" lon="7.31053" />
      <trkpt lat="45.739908" lon="7.310529" />
      <trkpt lat="45.740225" lon="7.310817" />
      <trkpt lat="45.741505" lon="7.312944" />
      <trkpt lat="45.741453" lon="7.314389" />
      <trkpt lat="45.741741" lon="7.314356" />
      <trkpt lat="45.74239" lon="7.315" />
      <trkpt lat="45.742751" lon="7.315902" />
      <trkpt lat="45.74345" lon="7.316323" />
      <trkpt lat="45.7443" lon="7.317744" />
      <trkpt lat="45.744697" lon="7.319467" />
      <trkpt lat="45.744806" lon="7.322188" />
      <trkpt lat="45.745342" lon="7.322306" />
      <trkpt lat="45.747038" lon="7.32121" />
      <trkpt lat="45.747184" lon="7.31998" />
      <trkpt lat="45.746942" lon="7.318951" />
      <trkpt lat="45.747166" lon="7.318101" />
      <trkpt lat="45.746954" lon="7.317023" />
      <trkpt lat="45.747049" lon="7.316827" />
      <trkpt lat="45.747233" lon="7.316816" />
      <trkpt lat="45.747361" lon="7.316999" />
      <trkpt lat="45.748549" lon="7.319167" />
      <trkpt lat="45.748927" lon="7.319352" />
      <trkpt lat="45.749754" lon="7.319032" />
      <trkpt lat="45.750234" lon="7.318558" />
      <trkpt lat="45.750622" lon="7.31878" />
      <trkpt lat="45.75192" lon="7.317743" />
      <trkpt lat="45.752772" lon="7.317784" />
      <trkpt lat="45.753371" lon="7.317529" />
      <trkpt lat="45.753832" lon="7.317713" />
      <trkpt lat="45.754378" lon="7.317326" />
      <trkpt lat="45.756437" lon="7.316934" />
      <trkpt lat="45.758858" lon="7.315533" />
      <trkpt lat="45.761457" lon="7.314909" />
      <trkpt lat="45.762103" lon="7.314635" />
      <trkpt lat="45.76462" lon="7.312067" />
      <trkpt lat="45.766174" lon="7.311591" />
      <trkpt lat="45.770691" lon="7.308629" />
      <trkpt lat="45.772558" lon="7.307843" />
      <trkpt lat="45.773287" lon="7.307662" />
      <trkpt lat="45.773552" lon="7.307133" />
      <trkpt lat="45.773453" lon="7.306847" />
      <trkpt lat="45.773234" lon="7.306734" />
      <trkpt lat="45.771801" lon="7.307327" />
      <trkpt lat="45.770487" lon="7.307674" />
      <trkpt lat="45.770227" lon="7.30756" />
      <trkpt lat="45.770156" lon="7.307143" />
      <trkpt lat="45.770378" lon="7.306879" />
      <trkpt lat="45.771159" lon="7.307012" />
      <trkpt lat="45.771687" lon="7.306659" />
      <trkpt lat="45.772121" lon="7.305355" />
      <trkpt lat="45.772006" lon="7.30413" />
      <trkpt lat="45.77225" lon="7.303246" />
      <trkpt lat="45.772672" lon="7.302717" />
      <trkpt lat="45.773591" lon="7.302194" />
      <trkpt lat="45.774082" lon="7.301606" />
      <trkpt lat="45.774645" lon="7.301612" />
      <trkpt lat="45.774853" lon="7.301464" />
      <trkpt lat="45.775247" lon="7.29967" />
      <trkpt lat="45.776688" lon="7.29892" />
      <trkpt lat="45.777329" lon="7.297518" />
      <trkpt lat="45.77752" lon="7.297649" />
      <trkpt lat="45.777799" lon="7.298196" />
      <trkpt lat="45.77793" lon="7.298258" />
      <trkpt lat="45.778058" lon="7.298155" />
      <trkpt lat="45.778309" lon="7.297537" />
      <trkpt lat="45.778425" lon="7.295934" />
      <trkpt lat="45.778748" lon="7.295437" />
      <trkpt lat="45.779886" lon="7.295006" />
      <trkpt lat="45.780976" lon="7.295478" />
      <trkpt lat="45.781241" lon="7.296005" />
      <trkpt lat="45.78107" lon="7.297199" />
      <trkpt lat="45.781145" lon="7.297614" />
      <trkpt lat="45.781448" lon="7.297959" />
      <trkpt lat="45.781747" lon="7.297975" />
      <trkpt lat="45.782822" lon="7.29748" />
      <trkpt lat="45.783898" lon="7.296178" />
      <trkpt lat="45.787936" lon="7.294875" />
      <trkpt lat="45.790551" lon="7.293215" />
      <trkpt lat="45.791031" lon="7.292744" />
      <trkpt lat="45.791234" lon="7.29185" />
      <trkpt lat="45.790759" lon="7.288409" />
      <trkpt lat="45.791327" lon="7.286332" />
      <trkpt lat="45.791164" lon="7.284875" />
      <trkpt lat="45.791413" lon="7.284631" />
      <trkpt lat="45.791749" lon="7.284895" />
      <trkpt lat="45.79241" lon="7.286093" />
      <trkpt lat="45.792721" lon="7.287361" />
      <trkpt lat="45.79292" lon="7.287535" />
      <trkpt lat="45.793168" lon="7.28755" />
      <trkpt lat="45.793416" lon="7.28732" />
      <trkpt lat="45.795904" lon="7.2833" />
      <trkpt lat="45.796661" lon="7.280887" />
      <trkpt lat="45.797831" lon="7.278858" />
      <trkpt lat="45.799125" lon="7.275017" />
      <trkpt lat="45.799929" lon="7.273931" />
      <trkpt lat="45.800682" lon="7.272592" />
      <trkpt lat="45.80124" lon="7.270425" />
      <trkpt lat="45.8018" lon="7.269042" />
      <trkpt lat="45.803348" lon="7.261115" />
      <trkpt lat="45.804309" lon="7.257188" />
      <trkpt lat="45.804854" lon="7.255693" />
      <trkpt lat="45.806499" lon="7.252602" />
      <trkpt lat="45.807396" lon="7.250517" />
      <trkpt lat="45.80784" lon="7.248994" />
      <trkpt lat="45.807782" lon="7.246819" />
      <trkpt lat="45.807932" lon="7.245657" />
      <trkpt lat="45.810298" lon="7.239864" />
      <trkpt lat="45.810529" lon="7.239444" />
      <trkpt lat="45.811167" lon="7.238812" />
      <trkpt lat="45.812972" lon="7.237791" />
      <trkpt lat="45.815775" lon="7.237855" />
      <trkpt lat="45.816276" lon="7.237689" />
      <trkpt lat="45.816758" lon="7.237203" />
      <trkpt lat="45.81896" lon="7.231957" />
      <trkpt lat="45.819285" lon="7.230085" />
      <trkpt lat="45.820572" lon="7.229851" />
      <trkpt lat="45.821213" lon="7.229141" />
      <trkpt lat="45.821311" lon="7.229402" />
      <trkpt lat="45.820945" lon="7.230269" />
      <trkpt lat="45.821048" lon="7.230468" />
      <trkpt lat="45.82122" lon="7.23033" />
      <trkpt lat="45.82151" lon="7.229226" />
      <trkpt lat="45.822508" lon="7.222988" />
      <trkpt lat="45.82478" lon="7.218965" />
      <trkpt lat="45.824637" lon="7.21636" />
      <trkpt lat="45.825012" lon="7.214788" />
      <trkpt lat="45.824474" lon="7.213042" />
      <trkpt lat="45.824225" lon="7.210727" />
      <trkpt lat="45.82389" lon="7.209205" />
      <trkpt lat="45.823955" lon="7.2081" />
      <trkpt lat="45.823053" lon="7.20458" />
      <trkpt lat="45.823037" lon="7.203543" />
      <trkpt lat="45.822752" lon="7.202185" />
      <trkpt lat="45.822679" lon="7.199953" />
      <trkpt lat="45.822422" lon="7.199291" />
      <trkpt lat="45.822132" lon="7.19755" />
      <trkpt lat="45.822219" lon="7.193771" />
      <trkpt lat="45.822406" lon="7.193154" />
      <trkpt lat="45.822675" lon="7.190915" />
      <trkpt lat="45.82303" lon="7.189756" />
      <trkpt lat="45.824083" lon="7.187767" />
      <trkpt lat="45.824213" lon="7.18781" />
      <trkpt lat="45.824593" lon="7.187572" />
      <trkpt lat="45.825472" lon="7.187639" />
      <trkpt lat="45.827007" lon="7.187508" />
      <trkpt lat="45.827092" lon="7.187629" />
      <trkpt lat="45.827011" lon="7.187755" />
      <trkpt lat="45.826374" lon="7.187656" />
      <trkpt lat="45.825488" lon="7.187939" />
      <trkpt lat="45.824959" lon="7.187946" />
      <trkpt lat="45.824544" lon="7.188143" />
      <trkpt lat="45.824593" lon="7.188364" />
      <trkpt lat="45.824968" lon="7.188072" />
      <trkpt lat="45.827775" lon="7.188324" />
      <trkpt lat="45.829886" lon="7.187898" />
      <trkpt lat="45.831934" lon="7.18779" />
      <trkpt lat="45.832982" lon="7.18654" />
      <trkpt lat="45.833469" lon="7.185714" />
      <trkpt lat="45.83452" lon="7.184798" />
      <trkpt lat="45.834531" lon="7.184975" />
      <trkpt lat="45.833507" lon="7.185966" />
      <trkpt lat="45.833058" lon="7.187352" />
      <trkpt lat="45.833186" lon="7.18748" />
      <trkpt lat="45.833351" lon="7.186742" />
      <trkpt lat="45.833683" lon="7.186154" />
      <trkpt lat="45.837386" lon="7.183624" />
      <trkpt lat="45.837818" lon="7.183108" />
      <trkpt lat="45.838804" lon="7.182463" />
      <trkpt lat="45.839365" lon="7.181748" />
      <trkpt lat="45.840727" lon="7.180523" />
      <trkpt lat="45.841567" lon="7.180147" />
      <trkpt lat="45.842696" lon="7.179917" />
      <trkpt lat="45.842916" lon="7.179594" />
      <trkpt lat="45.843119" lon="7.1788" />
      <trkpt lat="45.843784" lon="7.177624" />
      <trkpt lat="45.845106" lon="7.176315" />
      <trkpt lat="45.84566" lon="7.175929" />
      <trkpt lat="45.845667" lon="7.175635" />
      <trkpt lat="45.845343" lon="7.175262" />
      <trkpt lat="45.84521" lon="7.175282" />
      <trkpt lat="45.843698" lon="7.176886" />
      <trkpt lat="45.843005" lon="7.177039" />
      <trkpt lat="45.841067" lon="7.17813" />
      <trkpt lat="45.840822" lon="7.178044" />
      <trkpt lat="45.840923" lon="7.177837" />
      <trkpt lat="45.841335" lon="7.177823" />
      <trkpt lat="45.842964" lon="7.176191" />
      <trkpt lat="45.844325" lon="7.174134" />
      <trkpt lat="45.84509" lon="7.172314" />
      <trkpt lat="45.846124" lon="7.170431" />
      <trkpt lat="45.84655" lon="7.168774" />
      <trkpt lat="45.847307" lon="7.167207" />
      <trkpt lat="45.84743" lon="7.165307" />
      <trkpt lat="45.847776" lon="7.164803" />
      <trkpt lat="45.849034" lon="7.161432" />
      <trkpt lat="45.849824" lon="7.160424" />
      <trkpt lat="45.850291" lon="7.158962" />
      <trkpt lat="45.850542" lon="7.157326" />
      <trkpt lat="45.850737" lon="7.156766" />
      <trkpt lat="45.851617" lon="7.155315" />
      <trkpt lat="45.85214" lon="7.153833" />
      <trkpt lat="45.852521" lon="7.15345" />
      <trkpt lat="45.852488" lon="7.15263" />
      <trkpt lat="45.852668" lon="7.152394" />
      <trkpt lat="45.853209" lon="7.152408" />
      <trkpt lat="45.853543" lon="7.15217" />
      <trkpt lat="45.854471" lon="7.150443" />
      <trkpt lat="45.855044" lon="7.150717" />
      <trkpt lat="45.855714" lon="7.151341" />
      <trkpt lat="45.855862" lon="7.151241" />
      <trkpt lat="45.85613" lon="7.150515" />
      <trkpt lat="45.856302" lon="7.150512" />
      <trkpt lat="45.856559" lon="7.151475" />
      <trkpt lat="45.856548" lon="7.15298" />
      <trkpt lat="45.857034" lon="7.154023" />
      <trkpt lat="45.857059" lon="7.154774" />
      <trkpt lat="45.857194" lon="7.154784" />
      <trkpt lat="45.85718" lon="7.153669" />
      <trkpt lat="45.856883" lon="7.152925" />
      <trkpt lat="45.857074" lon="7.151667" />
      <trkpt lat="45.857132" lon="7.150091" />
      <trkpt lat="45.856984" lon="7.14884" />
      <trkpt lat="45.857015" lon="7.147806" />
      <trkpt lat="45.856549" lon="7.145695" />
      <trkpt lat="45.855759" lon="7.144881" />
      <trkpt lat="45.855299" lon="7.144596" />
      <trkpt lat="45.855336" lon="7.144402" />
      <trkpt lat="45.856132" lon="7.144905" />
      <trkpt lat="45.856919" lon="7.14521" />
      <trkpt lat="45.857716" lon="7.146674" />
      <trkpt lat="45.858519" lon="7.151956" />
      <trkpt lat="45.85854" lon="7.153187" />
      <trkpt lat="45.859194" lon="7.154247" />
      <trkpt lat="45.85971" lon="7.154567" />
      <trkpt lat="45.859942" lon="7.154876" />
      <trkpt lat="45.860954" lon="7.155457" />
      <trkpt lat="45.861358" lon="7.155916" />
      <trkpt lat="45.861428" lon="7.156268" />
      <trkpt lat="45.861223" lon="7.157185" />
      <trkpt lat="45.860553" lon="7.157848" />
      <trkpt lat="45.860438" lon="7.158118" />
      <trkpt lat="45.860837" lon="7.158741" />
      <trkpt lat="45.861158" lon="7.158749" />
      <trkpt lat="45.861713" lon="7.159025" />
      <trkpt lat="45.861725" lon="7.159371" />
      <trkpt lat="45.861196" lon="7.16009" />
      <trkpt lat="45.861299" lon="7.160458" />
      <trkpt lat="45.861948" lon="7.160855" />
      <trkpt lat="45.862504" lon="7.160823" />
      <trkpt lat="45.863071" lon="7.160229" />
      <trkpt lat="45.863138" lon="7.15948" />
      <trkpt lat="45.863876" lon="7.159383" />
      <trkpt lat="45.864227" lon="7.159147" />
      <trkpt lat="45.865149" lon="7.159256" />
      <trkpt lat="45.865371" lon="7.159139" />
      <trkpt lat="45.86551" lon="7.158309" />
      <trkpt lat="45.864385" lon="7.157309" />
      <trkpt lat="45.86405" lon="7.156227" />
      <trkpt lat="45.863823" lon="7.155819" />
      <trkpt lat="45.863545" lon="7.155626" />
      <trkpt lat="45.863536" lon="7.155441" />
      <trkpt lat="45.863629" lon="7.155352" />
      <trkpt lat="45.863898" lon="7.155433" />
      <trkpt lat="45.864302" lon="7.155682" />
      <trkpt lat="45.864461" lon="7.155126" />
      <trkpt lat="45.864296" lon="7.154322" />
      <trkpt lat="45.864734" lon="7.154191" />
      <trkpt lat="45.86539" lon="7.15363" />
      <trkpt lat="45.866546" lon="7.151446" />
      <trkpt lat="45.866654" lon="7.151415" />
      <trkpt lat="45.866887" lon="7.151642" />
      <trkpt lat="45.867375" lon="7.15151" />
      <trkpt lat="45.867853" lon="7.151986" />
      <trkpt lat="45.867746" lon="7.152929" />
      <trkpt lat="45.86802" lon="7.153919" />
      <trkpt lat="45.868306" lon="7.154078" />
      <trkpt lat="45.869243" lon="7.153783" />
      <trkpt lat="45.869179" lon="7.156578" />
      <trkpt lat="45.869493" lon="7.156913" />
      <trkpt lat="45.870309" lon="7.156883" />
      <trkpt lat="45.87056" lon="7.157491" />
      <trkpt lat="45.870599" lon="7.157981" />
      <trkpt lat="45.870447" lon="7.158492" />
      <trkpt lat="45.868943" lon="7.16136" />
      <trkpt lat="45.868781" lon="7.161497" />
      <trkpt lat="45.868024" lon="7.161583" />
      <trkpt lat="45.867827" lon="7.161841" />
      <trkpt lat="45.867458" lon="7.162695" />
      <trkpt lat="45.867082" lon="7.16412" />
      <trkpt lat="45.867338" lon="7.164853" />
      <trkpt lat="45.868022" lon="7.165278" />
      <trkpt lat="45.868656" lon="7.165273" />
      <trkpt lat="45.869059" lon="7.165683" />
      <trkpt lat="45.869197" lon="7.166075" />
      <trkpt lat="45.869281" lon="7.167149" />
      <trkpt lat="45.869593" lon="7.16857" />
      <trkpt lat="45.869391" lon="7.169778" />
      <trkpt lat="45.869009" lon="7.170482" />
      <trkpt lat="45.868919" lon="7.171035" />
      <trkpt lat="45.869372" lon="7.172186" />
      <trkpt lat="45.86937" lon="7.173096" />
      <trkpt lat="45.869833" lon="7.173998" />
      <trkpt lat="45.870158" lon="7.175648" />
      <trkpt lat="45.870646" lon="7.176407" />
      <trkpt lat="45.870813" lon="7.177116" />
      <trkpt lat="45.871722" lon="7.178069" />
      <trkpt lat="45.871736" lon="7.178376" />
      <trkpt lat="45.871568" lon="7.17837" />
      <trkpt lat="45.870809" lon="7.177641" />
      <trkpt lat="45.870388" lon="7.17702" />
      <trkpt lat="45.870304" lon="7.177135" />
      <trkpt lat="45.870954" lon="7.178236" />
      <trkpt lat="45.87193" lon="7.179503" />
      <trkpt lat="45.872099" lon="7.179527" />
      <trkpt lat="45.872697" lon="7.17903" />
      <trkpt lat="45.873079" lon="7.179173" />
      <trkpt lat="45.873764" lon="7.179088" />
      <trkpt lat="45.874297" lon="7.179339" />
      <trkpt lat="45.874648" lon="7.179105" />
      <trkpt lat="45.87505" lon="7.179317" />
      <trkpt lat="45.875601" lon="7.179303" />
      <trkpt lat="45.876199" lon="7.179974" />
      <trkpt lat="45.87673" lon="7.180043" />
      <trkpt lat="45.876769" lon="7.18021" />
      <trkpt lat="45.876201" lon="7.180178" />
      <trkpt lat="45.875608" lon="7.179872" />
      <trkpt lat="45.875175" lon="7.180093" />
      <trkpt lat="45.874575" lon="7.180072" />
      <trkpt lat="45.873956" lon="7.1806" />
      <trkpt lat="45.873917" lon="7.180851" />
      <trkpt lat="45.874364" lon="7.180921" />
      <trkpt lat="45.874801" lon="7.181204" />
      <trkpt lat="45.875901" lon="7.181589" />
      <trkpt lat="45.877642" lon="7.183047" />
      <trkpt lat="45.878469" lon="7.182912" />
      <trkpt lat="45.879533" lon="7.182436" />
      <trkpt lat="45.879705" lon="7.18253" />
      <trkpt lat="45.880044" lon="7.183169" />
      <trkpt lat="45.880476" lon="7.182587" />
      <trkpt lat="45.880729" lon="7.183999" />
      <trkpt lat="45.881675" lon="7.184373" />
      <trkpt lat="45.8828" lon="7.185429" />
      <trkpt lat="45.884242" lon="7.185277" />
      <trkpt lat="45.884778" lon="7.185385" />
      <trkpt lat="45.885073" lon="7.185724" />
      <trkpt lat="45.886216" lon="7.188168" />
      <trkpt lat="45.886315" lon="7.188109" />
      <trkpt lat="45.886233" lon="7.187078" />
      <trkpt lat="45.886631" lon="7.187793" />
      <trkpt lat="45.887473" lon="7.18873" />
      <trkpt lat="45.888105" lon="7.188807" />
      <trkpt lat="45.889554" lon="7.188665" />
      <trkpt lat="45.890251" lon="7.187947" />
      <trkpt lat="45.890945" lon="7.187542" />
      <trkpt lat="45.891642" lon="7.186898" />
      <trkpt lat="45.893056" lon="7.186438" />
      <trkpt lat="45.894634" lon="7.186455" />
      <trkpt lat="45.897401" lon="7.187244" />
      <trkpt lat="45.898099" lon="7.187557" />
      <trkpt lat="45.89861" lon="7.188557" />
      <trkpt lat="45.898994" lon="7.190017" />
      <trkpt lat="45.898825" lon="7.191105" />
      <trkpt lat="45.898515" lon="7.191501" />
      <trkpt lat="45.897998" lon="7.193432" />
      <trkpt lat="45.898221" lon="7.194565" />
      <trkpt lat="45.898588" lon="7.195247" />
      <trkpt lat="45.898969" lon="7.19561" />
      <trkpt lat="45.899368" lon="7.195713" />
      <trkpt lat="45.9008" lon="7.195696" />
      <trkpt lat="45.90132" lon="7.195897" />
      <trkpt lat="45.901897" lon="7.196335" />
      <trkpt lat="45.902219" lon="7.196665" />
      <trkpt lat="45.902882" lon="7.197868" />
      <trkpt lat="45.903541" lon="7.199771" />
      <trkpt lat="45.9039" lon="7.200245" />
      <trkpt lat="45.904365" lon="7.200575" />
      <trkpt lat="45.905639" lon="7.200953" />
      <trkpt lat="45.906705" lon="7.201042" />
      <trkpt lat="45.908105" lon="7.200913" />
      <trkpt lat="45.910188" lon="7.201087" />
      <trkpt lat="45.912468" lon="7.201716" />
      <trkpt lat="45.915904" lon="7.20154" />
      <trkpt lat="45.917283" lon="7.201934" />
      <trkpt lat="45.91873" lon="7.201521" />
      <trkpt lat="45.920096" lon="7.201492" />
      <trkpt lat="45.921354" lon="7.201207" />
      <trkpt lat="45.923792" lon="7.201355" />
      <trkpt lat="45.924326" lon="7.201621" />
      <trkpt lat="45.926336" lon="7.203535" />
      <trkpt lat="45.927232" lon="7.203923" />
      <trkpt lat="45.928448" lon="7.204233" />
      <trkpt lat="45.929981" lon="7.205566" />
      <trkpt lat="45.931215" lon="7.206023" />
      <trkpt lat="45.931994" lon="7.206573" />
      <trkpt lat="45.933953" lon="7.207559" />
      <trkpt lat="45.935218" lon="7.207846" />
      <trkpt lat="45.937146" lon="7.208562" />
      <trkpt lat="45.939985" lon="7.20845" />
      <trkpt lat="45.941666" lon="7.209209" />
      <trkpt lat="45.943502" lon="7.208818" />
      <trkpt lat="45.94423" lon="7.208817" />
      <trkpt lat="45.945123" lon="7.209011" />
      <trkpt lat="45.946505" lon="7.209604" />
      <trkpt lat="45.947764" lon="7.209586" />
      <trkpt lat="45.948828" lon="7.20975" />
      <trkpt lat="45.951561" lon="7.209249" />
      <trkpt lat="45.952631" lon="7.209341" />
      <trkpt lat="45.954246" lon="7.209776" />
      <trkpt lat="45.955339" lon="7.209788" />
      <trkpt lat="45.956099" lon="7.20961" />
      <trkpt lat="45.957919" lon="7.208838" />
      <trkpt lat="45.959055" lon="7.20867" />
      <trkpt lat="45.960242" lon="7.208821" />
      <trkpt lat="45.962374" lon="7.209591" />
      <trkpt lat="45.963856" lon="7.209461" />
      <trkpt lat="45.96588" lon="7.209591" />
      <trkpt lat="45.967654" lon="7.208968" />
      <trkpt lat="45.970601" lon="7.20877" />
      <trkpt lat="45.972906" lon="7.207485" />
      <trkpt lat="45.973596" lon="7.206514" />
      <trkpt lat="45.974055" lon="7.204821" />
      <trkpt lat="45.974304" lon="7.204333" />
      <trkpt lat="45.97519" lon="7.203415" />
      <trkpt lat="45.975906" lon="7.202433" />
      <trkpt lat="45.978145" lon="7.200195" />
      <trkpt lat="45.978912" lon="7.199077" />
      <trkpt lat="45.979674" lon="7.19762" />
      <trkpt lat="45.980177" lon="7.19723" />
      <trkpt lat="45.981236" lon="7.196999" />
      <trkpt lat="45.981681" lon="7.196613" />
      <trkpt lat="45.982324" lon="7.195339" />
      <trkpt lat="45.983155" lon="7.194149" />
      <trkpt lat="45.984576" lon="7.191249" />
      <trkpt lat="45.986356" lon="7.189928" />
      <trkpt lat="45.987229" lon="7.188743" />
      <trkpt lat="45.988245" lon="7.187838" />
      <trkpt lat="45.988679" lon="7.187134" />
      <trkpt lat="45.990077" lon="7.185906" />
      <trkpt lat="45.990965" lon="7.184035" />
      <trkpt lat="45.991261" lon="7.183979" />
      <trkpt lat="45.992304" lon="7.184311" />
      <trkpt lat="45.993474" lon="7.183632" />
      <trkpt lat="45.995269" lon="7.179757" />
      <trkpt lat="45.995999" lon="7.177761" />
      <trkpt lat="45.996164" lon="7.17772" />
      <trkpt lat="45.996936" lon="7.178443" />
      <trkpt lat="45.997278" lon="7.178451" />
      <trkpt lat="45.997533" lon="7.178312" />
      <trkpt lat="45.998299" lon="7.176923" />
      <trkpt lat="46.001343" lon="7.175121" />
      <trkpt lat="46.003257" lon="7.17358" />
      <trkpt lat="46.004233" lon="7.172021" />
      <trkpt lat="46.00518" lon="7.171145" />
      <trkpt lat="46.005809" lon="7.170184" />
      <trkpt lat="46.00621" lon="7.16986" />
      <trkpt lat="46.0067" lon="7.169754" />
      <trkpt lat="46.007135" lon="7.169922" />
      <trkpt lat="46.007727" lon="7.171001" />
      <trkpt lat="46.008085" lon="7.171386" />
      <trkpt lat="46.008567" lon="7.171481" />
      <trkpt lat="46.008944" lon="7.171261" />
      <trkpt lat="46.010468" lon="7.169868" />
      <trkpt lat="46.010521" lon="7.169477" />
      <trkpt lat="46.010277" lon="7.169409" />
      <trkpt lat="46.009833" lon="7.170057" />
      <trkpt lat="46.00933" lon="7.170263" />
      <trkpt lat="46.008053" lon="7.169873" />
      <trkpt lat="46.007928" lon="7.169677" />
      <trkpt lat="46.007981" lon="7.169441" />
      <trkpt lat="46.008956" lon="7.169409" />
      <trkpt lat="46.00975" lon="7.168887" />
      <trkpt lat="46.011895" lon="7.167903" />
      <trkpt lat="46.012479" lon="7.167115" />
      <trkpt lat="46.01294" lon="7.165948" />
      <trkpt lat="46.014704" lon="7.16476" />
      <trkpt lat="46.015597" lon="7.163515" />
      <trkpt lat="46.016024" lon="7.162616" />
      <trkpt lat="46.016304" lon="7.161075" />
      <trkpt lat="46.01656" lon="7.161016" />
      <trkpt lat="46.017023" lon="7.1617" />
      <trkpt lat="46.017267" lon="7.161702" />
      <trkpt lat="46.017345" lon="7.160889" />
      <trkpt lat="46.017784" lon="7.159714" />
      <trkpt lat="46.018123" lon="7.15922" />
      <trkpt lat="46.018745" lon="7.156848" />
      <trkpt lat="46.019528" lon="7.155692" />
      <trkpt lat="46.020514" lon="7.153589" />
      <trkpt lat="46.021182" lon="7.152602" />
      <trkpt lat="46.023563" lon="7.150797" />
      <trkpt lat="46.025091" lon="7.150638" />
      <trkpt lat="46.026211" lon="7.150286" />
      <trkpt lat="46.027284" lon="7.150398" />
      <trkpt lat="46.027665" lon="7.150145" />
      <trkpt lat="46.02785" lon="7.149669" />
      <trkpt lat="46.027823" lon="7.149197" />
      <trkpt lat="46.02765" lon="7.14885" />
      <trkpt lat="46.02731" lon="7.148588" />
      <trkpt lat="46.026485" lon="7.148559" />
      <trkpt lat="46.024708" lon="7.148933" />
      <trkpt lat="46.023736" lon="7.148795" />
      <trkpt lat="46.023338" lon="7.148568" />
      <trkpt lat="46.023026" lon="7.1481" />
      <trkpt lat="46.022938" lon="7.147501" />
      <trkpt lat="46.023134" lon="7.146863" />
      <trkpt lat="46.023446" lon="7.146576" />
      <trkpt lat="46.024005" lon="7.146572" />
      <trkpt lat="46.024958" lon="7.147274" />
      <trkpt lat="46.025714" lon="7.147507" />
      <trkpt lat="46.026871" lon="7.147381" />
      <trkpt lat="46.02871" lon="7.147522" />
      <trkpt lat="46.030778" lon="7.147328" />
      <trkpt lat="46.032631" lon="7.147473" />
      <trkpt lat="46.034786" lon="7.146953" />
      <trkpt lat="46.036665" lon="7.147203" />
      <trkpt lat="46.038407" lon="7.146938" />
      <trkpt lat="46.038839" lon="7.146989" />
      <trkpt lat="46.039174" lon="7.147202" />
      <trkpt lat="46.039507" lon="7.147043" />
      <trkpt lat="46.039966" lon="7.147029" />
      <trkpt lat="46.040972" lon="7.147337" />
      <trkpt lat="46.042987" lon="7.148495" />
      <trkpt lat="46.044081" lon="7.148789" />
      <trkpt lat="46.045261" lon="7.148706" />
      <trkpt lat="46.047056" lon="7.147981" />
      <trkpt lat="46.048072" lon="7.147822" />
      <trkpt lat="46.049198" lon="7.148092" />
      <trkpt lat="46.050872" lon="7.149221" />
      <trkpt lat="46.051678" lon="7.149555" />
      <trkpt lat="46.05265" lon="7.149672" />
      <trkpt lat="46.053894" lon="7.149622" />
      <trkpt lat="46.055425" lon="7.149825" />
      <trkpt lat="46.056613" lon="7.149688" />
      <trkpt lat="46.058765" lon="7.148658" />
      <trkpt lat="46.059819" lon="7.148307" />
      <trkpt lat="46.061449" lon="7.148304" />
      <trkpt lat="46.062003" lon="7.148482" />
      <trkpt lat="46.063101" lon="7.149284" />
      <trkpt lat="46.063779" lon="7.150147" />
      <trkpt lat="46.064527" lon="7.151455" />
      <trkpt lat="46.065385" lon="7.152452" />
      <trkpt lat="46.06594" lon="7.152758" />
      <trkpt lat="46.067342" lon="7.153114" />
      <trkpt lat="46.068402" lon="7.15413" />
      <trkpt lat="46.068725" lon="7.154184" />
      <trkpt lat="46.069287" lon="7.153921" />
      <trkpt lat="46.070023" lon="7.153888" />
      <trkpt lat="46.072177" lon="7.154893" />
      <trkpt lat="46.073312" lon="7.154013" />
      <trkpt lat="46.074652" lon="7.153978" />
      <trkpt lat="46.074945" lon="7.15405" />
      <trkpt lat="46.075994" lon="7.155013" />
      <trkpt lat="46.076551" lon="7.155036" />
      <trkpt lat="46.076989" lon="7.154792" />
      <trkpt lat="46.078951" lon="7.152996" />
      <trkpt lat="46.079053" lon="7.153053" />
      <trkpt lat="46.079134" lon="7.152947" />
      <trkpt lat="46.07933" lon="7.149767" />
      <trkpt lat="46.07909" lon="7.146045" />
      <trkpt lat="46.079175" lon="7.145469" />
      <trkpt lat="46.078938" lon="7.144362" />
      <trkpt lat="46.078478" lon="7.143507" />
      <trkpt lat="46.078294" lon="7.142874" />
      <trkpt lat="46.078084" lon="7.141285" />
      <trkpt lat="46.07799" lon="7.138107" />
      <trkpt lat="46.078204" lon="7.134084" />
      <trkpt lat="46.079233" lon="7.130616" />
      <trkpt lat="46.079419" lon="7.128945" />
      <trkpt lat="46.079252" lon="7.127882" />
      <trkpt lat="46.078399" lon="7.12579" />
      <trkpt lat="46.078284" lon="7.124574" />
      <trkpt lat="46.078416" lon="7.123736" />
      <trkpt lat="46.079573" lon="7.11978" />
      <trkpt lat="46.07986" lon="7.117531" />
      <trkpt lat="46.0804" lon="7.115421" />
      <trkpt lat="46.080589" lon="7.113189" />
      <trkpt lat="46.081193" lon="7.110518" />
      <trkpt lat="46.08135" lon="7.107652" />
      <trkpt lat="46.081877" lon="7.104788" />
      <trkpt lat="46.082303" lon="7.096051" />
      <trkpt lat="46.082102" lon="7.09456" />
      <trkpt lat="46.081104" lon="7.092041" />
      <trkpt lat="46.080843" lon="7.090997" />
      <trkpt lat="46.080906" lon="7.087976" />
      <trkpt lat="46.080754" lon="7.087022" />
      <trkpt lat="46.080244" lon="7.086093" />
      <trkpt lat="46.078941" lon="7.084943" />
      <trkpt lat="46.078515" lon="7.083961" />
      <trkpt lat="46.078396" lon="7.080368" />
      <trkpt lat="46.077809" lon="7.078147" />
      <trkpt lat="46.077484" lon="7.075415" />
      <trkpt lat="46.077011" lon="7.074333" />
      <trkpt lat="46.075683" lon="7.072453" />
      <trkpt lat="46.075322" lon="7.071355" />
      <trkpt lat="46.074783" lon="7.06781" />
      <trkpt lat="46.074387" lon="7.066928" />
      <trkpt lat="46.073423" lon="7.065408" />
      <trkpt lat="46.073111" lon="7.064408" />
      <trkpt lat="46.072611" lon="7.058921" />
      <trkpt lat="46.073213" lon="7.056734" />
      <trkpt lat="46.073516" lon="7.054254" />
      <trkpt lat="46.073804" lon="7.053329" />
      <trkpt lat="46.074306" lon="7.052499" />
      <trkpt lat="46.074996" lon="7.05192" />
      <trkpt lat="46.07581" lon="7.051644" />
      <trkpt lat="46.076862" lon="7.051879" />
      <trkpt lat="46.079032" lon="7.053454" />
      <trkpt lat="46.079449" lon="7.053635" />
      <trkpt lat="46.081185" lon="7.053561" />
      <trkpt lat="46.082452" lon="7.052957" />
      <trkpt lat="46.08313" lon="7.052972" />
      <trkpt lat="46.08349" lon="7.053197" />
      <trkpt lat="46.08438" lon="7.054219" />
      <trkpt lat="46.084737" lon="7.054361" />
      <trkpt lat="46.086297" lon="7.054443" />
      <trkpt lat="46.08769" lon="7.055249" />
      <trkpt lat="46.088422" lon="7.056" />
      <trkpt lat="46.088968" lon="7.057112" />
      <trkpt lat="46.089114" lon="7.05801" />
      <trkpt lat="46.088519" lon="7.061478" />
      <trkpt lat="46.088361" lon="7.063643" />
      <trkpt lat="46.088568" lon="7.065969" />
      <trkpt lat="46.089043" lon="7.067959" />
      <trkpt lat="46.092427" lon="7.075504" />
      <trkpt lat="46.093623" lon="7.077221" />
      <trkpt lat="46.096336" lon="7.080039" />
      <trkpt lat="46.097313" lon="7.081563" />
      <trkpt lat="46.099917" lon="7.088758" />
      <trkpt lat="46.101323" lon="7.091569" />
      <trkpt lat="46.102619" lon="7.09339" />
      <trkpt lat="46.103919" lon="7.094763" />
      <trkpt lat="46.105447" lon="7.095952" />
      <trkpt lat="46.106835" lon="7.096709" />
      <trkpt lat="46.108434" lon="7.097261" />
      <trkpt lat="46.11019" lon="7.097501" />
      <trkpt lat="46.111757" lon="7.097406" />
      <trkpt lat="46.113639" lon="7.096912" />
      <trkpt lat="46.114166" lon="7.097083" />
      <trkpt lat="46.114661" lon="7.097541" />
      <trkpt lat="46.117336" lon="7.104123" />
      <trkpt lat="46.118925" lon="7.107296" />
      <trkpt lat="46.120674" lon="7.110358" />
      <trkpt lat="46.149511" lon="7.15539" />
      <trkpt lat="46.151491" lon="7.158865" />
      <trkpt lat="46.153016" lon="7.161878" />
      <trkpt lat="46.154451" lon="7.165212" />
      <trkpt lat="46.155546" lon="7.168324" />
      <trkpt lat="46.156276" lon="7.170894" />
      <trkpt lat="46.157018" lon="7.174266" />
      <trkpt lat="46.158767" lon="7.185256" />
      <trkpt lat="46.159878" lon="7.190623" />
      <trkpt lat="46.161306" lon="7.195415" />
      <trkpt lat="46.163156" lon="7.199691" />
      <trkpt lat="46.165621" lon="7.203924" />
      <trkpt lat="46.175053" lon="7.217944" />
      <trkpt lat="46.178626" lon="7.223678" />
      <trkpt lat="46.181786" lon="7.229488" />
      <trkpt lat="46.187282" lon="7.240702" />
      <trkpt lat="46.189637" lon="7.244844" />
      <trkpt lat="46.192613" lon="7.249155" />
      <trkpt lat="46.200976" lon="7.259622" />
      <trkpt lat="46.203434" lon="7.263378" />
      <trkpt lat="46.205697" lon="7.26755" />
      <trkpt lat="46.207736" lon="7.272161" />
      <trkpt lat="46.209152" lon="7.276083" />
      <trkpt lat="46.210456" lon="7.280569" />
      <trkpt lat="46.211481" lon="7.285168" />
      <trkpt lat="46.212248" lon="7.29003" />
      <trkpt lat="46.212678" lon="7.294452" />
      <trkpt lat="46.213157" lon="7.311659" />
      <trkpt lat="46.213457" lon="7.315447" />
      <trkpt lat="46.213958" lon="7.319249" />
      <trkpt lat="46.215208" lon="7.325389" />
      <trkpt lat="46.218805" lon="7.338563" />
      <trkpt lat="46.220114" lon="7.34394" />
      <trkpt lat="46.221297" lon="7.349823" />
      <trkpt lat="46.223083" lon="7.360149" />
      <trkpt lat="46.224141" lon="7.364462" />
      <trkpt lat="46.225303" lon="7.367578" />
      <trkpt lat="46.227005" lon="7.370864" />
      <trkpt lat="46.234889" lon="7.38175" />
      <trkpt lat="46.23682" lon="7.38503" />
      <trkpt lat="46.238434" lon="7.388381" />
      <trkpt lat="46.239997" lon="7.392468" />
      <trkpt lat="46.241254" lon="7.396823" />
      <trkpt lat="46.242226" lon="7.401352" />
      <trkpt lat="46.244195" lon="7.41274" />
      <trkpt lat="46.245289" lon="7.41814" />
      <trkpt lat="46.246811" lon="7.423787" />
      <trkpt lat="46.24846" lon="7.428613" />
      <trkpt lat="46.250578" lon="7.433658" />
      <trkpt lat="46.252772" lon="7.437987" />
      <trkpt lat="46.254953" lon="7.441646" />
      <trkpt lat="46.262366" lon="7.452947" />
      <trkpt lat="46.264081" lon="7.456245" />
      <trkpt lat="46.265377" lon="7.459493" />
      <trkpt lat="46.266247" lon="7.462274" />
      <trkpt lat="46.271568" lon="7.48148" />
      <trkpt lat="46.274457" lon="7.492668" />
      <trkpt lat="46.275281" lon="7.496459" />
      <trkpt lat="46.277572" lon="7.508837" />
      <trkpt lat="46.278417" lon="7.512412" />
      <trkpt lat="46.278492" lon="7.514531" />
      <trkpt lat="46.27869" lon="7.515285" />
      <trkpt lat="46.278887" lon="7.515415" />
      <trkpt lat="46.279275" lon="7.514972" />
      <trkpt lat="46.280129" lon="7.513217" />
      <trkpt lat="46.280624" lon="7.513412" />
      <trkpt lat="46.281038" lon="7.514025" />
      <trkpt lat="46.2825" lon="7.518551" />
      <trkpt lat="46.282521" lon="7.519181" />
      <trkpt lat="46.282256" lon="7.520029" />
      <trkpt lat="46.282242" lon="7.520558" />
      <trkpt lat="46.283261" lon="7.524349" />
      <trkpt lat="46.284434" lon="7.531678" />
      <trkpt lat="46.284068" lon="7.533921" />
      <trkpt lat="46.284052" lon="7.534874" />
      <trkpt lat="46.284693" lon="7.536795" />
      <trkpt lat="46.284733" lon="7.538113" />
      <trkpt lat="46.284544" lon="7.539388" />
      <trkpt lat="46.284747" lon="7.539767" />
      <trkpt lat="46.28497" lon="7.541044" />
      <trkpt lat="46.286277" lon="7.539824" />
      <trkpt lat="46.286977" lon="7.540197" />
      <trkpt lat="46.287415" lon="7.540664" />
      <trkpt lat="46.287803" lon="7.541495" />
      <trkpt lat="46.288359" lon="7.541805" />
      <trkpt lat="46.288772" lon="7.541687" />
      <trkpt lat="46.289106" lon="7.541922" />
      <trkpt lat="46.289719" lon="7.541356" />
      <trkpt lat="46.289106" lon="7.541922" />
      <trkpt lat="46.288772" lon="7.541687" />
      <trkpt lat="46.288359" lon="7.541805" />
      <trkpt lat="46.287803" lon="7.541495" />
      <trkpt lat="46.287415" lon="7.540664" />
      <trkpt lat="46.286977" lon="7.540197" />
      <trkpt lat="46.286277" lon="7.539824" />
      <trkpt lat="46.28497" lon="7.541044" />
      <trkpt lat="46.285071" lon="7.54137" />
      <trkpt lat="46.285566" lon="7.542094" />
      <trkpt lat="46.286652" lon="7.542511" />
      <trkpt lat="46.287234" lon="7.54326" />
      <trkpt lat="46.288333" lon="7.54405" />
      <trkpt lat="46.289351" lon="7.544516" />
      <trkpt lat="46.291556" lon="7.544997" />
      <trkpt lat="46.292097" lon="7.545258" />
      <trkpt lat="46.292802" lon="7.545855" />
      <trkpt lat="46.293551" lon="7.547276" />
      <trkpt lat="46.29617" lon="7.549352" />
      <trkpt lat="46.296778" lon="7.550418" />
      <trkpt lat="46.297616" lon="7.553166" />
      <trkpt lat="46.302798" lon="7.565413" />
      <trkpt lat="46.303541" lon="7.566357" />
      <trkpt lat="46.305699" lon="7.56757" />
      <trkpt lat="46.306186" lon="7.568124" />
      <trkpt lat="46.306401" lon="7.568592" />
      <trkpt lat="46.309767" lon="7.581504" />
      <trkpt lat="46.310265" lon="7.582116" />
      <trkpt lat="46.311807" lon="7.585504" />
      <trkpt lat="46.312099" lon="7.586431" />
      <trkpt lat="46.312167" lon="7.587345" />
      <trkpt lat="46.31197" lon="7.589566" />
      <trkpt lat="46.312133" lon="7.592029" />
      <trkpt lat="46.31204" lon="7.594612" />
      <trkpt lat="46.312144" lon="7.595414" />
      <trkpt lat="46.312412" lon="7.596536" />
      <trkpt lat="46.313085" lon="7.598336" />
      <trkpt lat="46.314014" lon="7.60201" />
      <trkpt lat="46.314199" lon="7.604089" />
      <trkpt lat="46.314847" lon="7.6078" />
      <trkpt lat="46.315927" lon="7.616075" />
      <trkpt lat="46.316448" lon="7.618977" />
      <trkpt lat="46.316518" lon="7.621751" />
      <trkpt lat="46.315576" lon="7.627441" />
      <trkpt lat="46.315073" lon="7.628948" />
      <trkpt lat="46.31337" lon="7.632131" />
      <trkpt lat="46.312841" lon="7.633477" />
      <trkpt lat="46.31259" lon="7.63484" />
      <trkpt lat="46.312549" lon="7.63793" />
      <trkpt lat="46.312218" lon="7.639345" />
      <trkpt lat="46.312116" lon="7.639575" />
      <trkpt lat="46.311994" lon="7.639515" />
      <trkpt lat="46.311903" lon="7.639624" />
      <trkpt lat="46.311698" lon="7.641475" />
      <trkpt lat="46.310921" lon="7.643252" />
      <trkpt lat="46.310548" lon="7.647124" />
      <trkpt lat="46.309418" lon="7.649933" />
      <trkpt lat="46.308915" lon="7.650865" />
      <trkpt lat="46.308732" lon="7.650956" />
      <trkpt lat="46.308783" lon="7.651147" />
      <trkpt lat="46.308932" lon="7.651117" />
      <trkpt lat="46.309138" lon="7.651378" />
      <trkpt lat="46.309205" lon="7.651804" />
      <trkpt lat="46.308395" lon="7.654695" />
      <trkpt lat="46.306051" lon="7.66493" />
      <trkpt lat="46.305464" lon="7.668557" />
      <trkpt lat="46.305176" lon="7.671964" />
      <trkpt lat="46.305151" lon="7.675782" />
      <trkpt lat="46.305464" lon="7.679819" />
      <trkpt lat="46.306028" lon="7.683472" />
      <trkpt lat="46.308718" lon="7.69814" />
      <trkpt lat="46.309077" lon="7.701063" />
      <trkpt lat="46.309364" lon="7.706096" />
      <trkpt lat="46.309289" lon="7.709919" />
      <trkpt lat="46.308994" lon="7.71361" />
      <trkpt lat="46.306917" lon="7.729165" />
      <trkpt lat="46.3058" lon="7.734929" />
      <trkpt lat="46.304961" lon="7.737778" />
      <trkpt lat="46.304814" lon="7.737995" />
      <trkpt lat="46.304595" lon="7.737962" />
      <trkpt lat="46.304527" lon="7.738126" />
      <trkpt lat="46.304669" lon="7.738271" />
      <trkpt lat="46.305592" lon="7.74168" />
      <trkpt lat="46.306108" lon="7.747511" />
      <trkpt lat="46.306557" lon="7.751093" />
      <trkpt lat="46.305848" lon="7.753706" />
      <trkpt lat="46.306164" lon="7.754294" />
      <trkpt lat="46.307129" lon="7.75741" />
      <trkpt lat="46.307462" lon="7.759279" />
      <trkpt lat="46.307616" lon="7.761354" />
      <trkpt lat="46.307461" lon="7.764155" />
      <trkpt lat="46.305681" lon="7.777877" />
      <trkpt lat="46.305215" lon="7.785532" />
      <trkpt lat="46.305443" lon="7.794767" />
      <trkpt lat="46.306311" lon="7.813479" />
      <trkpt lat="46.307604" lon="7.826896" />
      <trkpt lat="46.307476" lon="7.830637" />
      <trkpt lat="46.306112" lon="7.841809" />
      <trkpt lat="46.305088" lon="7.848493" />
      <trkpt lat="46.304346" lon="7.851448" />
      <trkpt lat="46.301865" lon="7.859108" />
      <trkpt lat="46.301361" lon="7.860192" />
      <trkpt lat="46.300817" lon="7.860958" />
      <trkpt lat="46.300143" lon="7.861567" />
      <trkpt lat="46.299317" lon="7.861997" />
      <trkpt lat="46.296302" lon="7.862301" />
      <trkpt lat="46.295164" lon="7.862726" />
      <trkpt lat="46.294102" lon="7.863411" />
      <trkpt lat="46.281298" lon="7.872288" />
      <trkpt lat="46.280515" lon="7.873079" />
      <trkpt lat="46.279772" lon="7.874123" />
      <trkpt lat="46.279189" lon="7.875257" />
      <trkpt lat="46.278457" lon="7.87767" />
      <trkpt lat="46.276813" lon="7.887774" />
      <trkpt lat="46.276569" lon="7.890489" />
      <trkpt lat="46.276564" lon="7.893406" />
      <trkpt lat="46.276957" lon="7.898564" />
      <trkpt lat="46.277706" lon="7.902981" />
      <trkpt lat="46.278285" lon="7.905147" />
      <trkpt lat="46.279036" lon="7.907158" />
      <trkpt lat="46.279984" lon="7.908945" />
      <trkpt lat="46.281136" lon="7.91061" />
      <trkpt lat="46.283018" lon="7.912645" />
      <trkpt lat="46.294125" lon="7.922769" />
      <trkpt lat="46.295997" lon="7.92513" />
      <trkpt lat="46.297046" lon="7.927117" />
      <trkpt lat="46.298988" lon="7.932731" />
      <trkpt lat="46.29972" lon="7.934282" />
      <trkpt lat="46.301571" lon="7.937506" />
      <trkpt lat="46.302163" lon="7.938965" />
      <trkpt lat="46.302648" lon="7.940729" />
      <trkpt lat="46.30298" lon="7.94342" />
      <trkpt lat="46.302894" lon="7.946251" />
      <trkpt lat="46.302711" lon="7.947852" />
      <trkpt lat="46.301977" lon="7.950876" />
      <trkpt lat="46.301796" lon="7.952634" />
      <trkpt lat="46.301834" lon="7.953636" />
      <trkpt lat="46.30229" lon="7.955767" />
      <trkpt lat="46.304804" lon="7.963724" />
      <trkpt lat="46.305119" lon="7.964432" />
      <trkpt lat="46.305567" lon="7.964901" />
      <trkpt lat="46.306513" lon="7.965063" />
      <trkpt lat="46.306803" lon="7.965464" />
      <trkpt lat="46.307384" lon="7.965233" />
      <trkpt lat="46.31037" lon="7.966461" />
      <trkpt lat="46.311355" lon="7.967122" />
      <trkpt lat="46.312217" lon="7.968036" />
      <trkpt lat="46.313131" lon="7.969496" />
      <trkpt lat="46.313555" lon="7.970627" />
      <trkpt lat="46.314462" lon="7.975236" />
      <trkpt lat="46.314901" lon="7.976738" />
      <trkpt lat="46.315635" lon="7.977767" />
      <trkpt lat="46.317137" lon="7.97886" />
      <trkpt lat="46.31755" lon="7.979526" />
      <trkpt lat="46.318104" lon="7.981175" />
      <trkpt lat="46.319901" lon="7.9838" />
      <trkpt lat="46.320475" lon="7.988911" />
      <trkpt lat="46.320861" lon="7.991289" />
      <trkpt lat="46.324278" lon="8.001974" />
      <trkpt lat="46.324803" lon="8.004479" />
      <trkpt lat="46.325301" lon="8.008508" />
      <trkpt lat="46.32563" lon="8.009636" />
      <trkpt lat="46.326013" lon="8.010445" />
      <trkpt lat="46.326798" lon="8.011479" />
      <trkpt lat="46.3278" lon="8.01212" />
      <trkpt lat="46.330328" lon="8.012247" />
      <trkpt lat="46.331541" lon="8.012432" />
      <trkpt lat="46.332729" lon="8.012713" />
      <trkpt lat="46.333656" lon="8.01316" />
      <trkpt lat="46.334304" lon="8.013706" />
      <trkpt lat="46.335604" lon="8.015365" />
      <trkpt lat="46.337199" lon="8.016958" />
      <trkpt lat="46.337913" lon="8.018266" />
      <trkpt lat="46.338675" lon="8.020702" />
      <trkpt lat="46.339049" lon="8.021336" />
      <trkpt lat="46.340812" lon="8.023446" />
      <trkpt lat="46.340635" lon="8.023779" />
      <trkpt lat="46.340812" lon="8.023446" />
      <trkpt lat="46.34243" lon="8.025365" />
      <trkpt lat="46.343757" lon="8.026126" />
      <trkpt lat="46.344512" lon="8.026852" />
      <trkpt lat="46.345136" lon="8.027913" />
      <trkpt lat="46.346554" lon="8.031571" />
      <trkpt lat="46.347129" lon="8.032357" />
      <trkpt lat="46.348696" lon="8.033804" />
      <trkpt lat="46.349909" lon="8.036416" />
      <trkpt lat="46.351162" lon="8.037777" />
      <trkpt lat="46.352252" lon="8.03971" />
      <trkpt lat="46.353568" lon="8.041256" />
      <trkpt lat="46.354622" lon="8.044048" />
      <trkpt lat="46.355449" lon="8.045293" />
      <trkpt lat="46.356912" lon="8.046889" />
      <trkpt lat="46.357666" lon="8.049074" />
      <trkpt lat="46.358578" lon="8.050248" />
      <trkpt lat="46.359536" lon="8.050959" />
      <trkpt lat="46.360402" lon="8.053024" />
      <trkpt lat="46.360678" lon="8.053195" />
      <trkpt lat="46.36138" lon="8.053297" />
      <trkpt lat="46.361752" lon="8.053739" />
      <trkpt lat="46.362246" lon="8.054626" />
      <trkpt lat="46.364021" lon="8.059362" />
      <trkpt lat="46.364988" lon="8.060496" />
      <trkpt lat="46.366162" lon="8.063698" />
      <trkpt lat="46.366933" lon="8.065048" />
      <trkpt lat="46.367303" lon="8.066091" />
      <trkpt lat="46.367468" lon="8.067258" />
      <trkpt lat="46.367732" lon="8.067892" />
      <trkpt lat="46.367998" lon="8.068178" />
      <trkpt lat="46.369109" lon="8.068683" />
      <trkpt lat="46.369434" lon="8.069136" />
      <trkpt lat="46.36956" lon="8.069839" />
      <trkpt lat="46.369351" lon="8.071194" />
      <trkpt lat="46.369446" lon="8.071975" />
      <trkpt lat="46.369667" lon="8.072459" />
      <trkpt lat="46.370719" lon="8.073882" />
      <trkpt lat="46.371136" lon="8.075323" />
      <trkpt lat="46.371643" lon="8.076389" />
      <trkpt lat="46.371629" lon="8.077199" />
      <trkpt lat="46.370862" lon="8.07917" />
      <trkpt lat="46.370772" lon="8.079727" />
      <trkpt lat="46.371359" lon="8.081177" />
      <trkpt lat="46.371584" lon="8.082466" />
      <trkpt lat="46.372141" lon="8.083801" />
      <trkpt lat="46.372848" lon="8.085049" />
      <trkpt lat="46.373574" lon="8.086832" />
      <trkpt lat="46.374563" lon="8.088299" />
      <trkpt lat="46.375228" lon="8.089668" />
      <trkpt lat="46.375525" lon="8.089839" />
      <trkpt lat="46.377367" lon="8.089893" />
      <trkpt lat="46.378633" lon="8.090993" />
      <trkpt lat="46.378902" lon="8.091374" />
      <trkpt lat="46.378988" lon="8.093311" />
      <trkpt lat="46.378675" lon="8.094614" />
      <trkpt lat="46.377188" lon="8.096124" />
      <trkpt lat="46.376433" lon="8.096379" />
      <trkpt lat="46.376239" lon="8.096658" />
      <trkpt lat="46.37651" lon="8.099977" />
      <trkpt lat="46.376687" lon="8.099944" />
      <trkpt lat="46.376712" lon="8.098589" />
      <trkpt lat="46.376965" lon="8.097116" />
      <trkpt lat="46.377077" lon="8.096998" />
      <trkpt lat="46.377345" lon="8.098861" />
      <trkpt lat="46.377883" lon="8.100074" />
      <trkpt lat="46.378283" lon="8.101401" />
      <trkpt lat="46.378572" lon="8.101956" />
      <trkpt lat="46.380613" lon="8.104593" />
      <trkpt lat="46.381048" lon="8.106466" />
      <trkpt lat="46.381602" lon="8.107733" />
      <trkpt lat="46.38335" lon="8.110155" />
      <trkpt lat="46.384282" lon="8.110815" />
      <trkpt lat="46.385942" lon="8.1126" />
      <trkpt lat="46.387052" lon="8.114286" />
      <trkpt lat="46.387402" lon="8.115202" />
      <trkpt lat="46.387658" lon="8.116991" />
      <trkpt lat="46.388009" lon="8.118385" />
      <trkpt lat="46.389617" lon="8.121687" />
      <trkpt lat="46.389884" lon="8.121921" />
      <trkpt lat="46.390217" lon="8.121975" />
      <trkpt lat="46.390535" lon="8.121899" />
      <trkpt lat="46.391212" lon="8.121282" />
      <trkpt lat="46.391489" lon="8.121324" />
      <trkpt lat="46.391706" lon="8.121525" />
      <trkpt lat="46.392159" lon="8.123025" />
      <trkpt lat="46.39277" lon="8.124192" />
      <trkpt lat="46.393193" lon="8.125632" />
      <trkpt lat="46.393415" lon="8.125976" />
      <trkpt lat="46.393958" lon="8.12642" />
      <trkpt lat="46.395759" lon="8.128968" />
      <trkpt lat="46.396275" lon="8.130584" />
      <trkpt lat="46.396894" lon="8.131954" />
      <trkpt lat="46.396869" lon="8.132162" />
      <trkpt lat="46.397011" lon="8.132207" />
      <trkpt lat="46.398625" lon="8.134509" />
      <trkpt lat="46.39985" lon="8.136795" />
      <trkpt lat="46.400279" lon="8.137162" />
      <trkpt lat="46.401214" lon="8.137529" />
      <trkpt lat="46.401846" lon="8.138377" />
      <trkpt lat="46.402345" lon="8.138554" />
      <trkpt lat="46.403819" lon="8.137067" />
      <trkpt lat="46.404045" lon="8.136973" />
      <trkpt lat="46.403579" lon="8.137732" />
      <trkpt lat="46.403544" lon="8.138951" />
      <trkpt lat="46.402935" lon="8.140001" />
      <trkpt lat="46.403357" lon="8.141596" />
      <trkpt lat="46.403932" lon="8.142097" />
      <trkpt lat="46.404176" lon="8.142725" />
      <trkpt lat="46.40525" lon="8.14447" />
      <trkpt lat="46.408099" lon="8.14715" />
      <trkpt lat="46.408984" lon="8.148829" />
      <trkpt lat="46.410167" lon="8.150041" />
      <trkpt lat="46.411558" lon="8.152871" />
      <trkpt lat="46.412412" lon="8.154004" />
      <trkpt lat="46.412983" lon="8.15626" />
      <trkpt lat="46.413672" lon="8.157692" />
      <trkpt lat="46.414747" lon="8.159112" />
      <trkpt lat="46.415486" lon="8.159703" />
      <trkpt lat="46.41705" lon="8.16301" />
      <trkpt lat="46.417745" lon="8.164197" />
      <trkpt lat="46.418969" lon="8.165831" />
      <trkpt lat="46.419831" lon="8.167924" />
      <trkpt lat="46.420564" lon="8.16891" />
      <trkpt lat="46.422253" lon="8.170333" />
      <trkpt lat="46.42344" lon="8.172121" />
      <trkpt lat="46.425191" lon="8.174207" />
      <trkpt lat="46.426062" lon="8.174907" />
      <trkpt lat="46.427406" lon="8.177476" />
      <trkpt lat="46.4287" lon="8.179051" />
      <trkpt lat="46.429369" lon="8.179555" />
      <trkpt lat="46.430797" lon="8.181418" />
      <trkpt lat="46.431049" lon="8.182204" />
      <trkpt lat="46.431753" lon="8.183595" />
      <trkpt lat="46.432698" lon="8.184711" />
      <trkpt lat="46.433336" lon="8.185856" />
      <trkpt lat="46.433716" lon="8.18716" />
      <trkpt lat="46.43435" lon="8.187776" />
      <trkpt lat="46.435179" lon="8.189203" />
      <trkpt lat="46.435477" lon="8.190193" />
      <trkpt lat="46.435469" lon="8.191688" />
      <trkpt lat="46.435639" lon="8.192371" />
      <trkpt lat="46.436707" lon="8.193924" />
      <trkpt lat="46.437451" lon="8.195913" />
      <trkpt lat="46.439681" lon="8.20014" />
      <trkpt lat="46.440496" lon="8.201202" />
      <trkpt lat="46.441809" lon="8.202537" />
      <trkpt lat="46.442299" lon="8.202725" />
      <trkpt lat="46.44334" lon="8.202768" />
      <trkpt lat="46.444132" lon="8.203247" />
      <trkpt lat="46.44453" lon="8.203646" />
      <trkpt lat="46.445135" lon="8.204827" />
      <trkpt lat="46.446502" lon="8.206457" />
      <trkpt lat="46.44854" lon="8.208307" />
      <trkpt lat="46.450463" lon="8.210382" />
      <trkpt lat="46.450959" lon="8.210782" />
      <trkpt lat="46.451834" lon="8.211109" />
      <trkpt lat="46.453087" lon="8.212352" />
      <trkpt lat="46.453704" lon="8.213635" />
      <trkpt lat="46.453875" lon="8.214292" />
      <trkpt lat="46.453929" lon="8.215303" />
      <trkpt lat="46.454629" lon="8.216895" />
      <trkpt lat="46.45486" lon="8.217017" />
      <trkpt lat="46.456142" lon="8.216896" />
      <trkpt lat="46.456456" lon="8.217103" />
      <trkpt lat="46.456766" lon="8.217969" />
      <trkpt lat="46.457196" lon="8.224545" />
      <trkpt lat="46.458027" lon="8.226881" />
      <trkpt lat="46.459557" lon="8.229567" />
      <trkpt lat="46.461052" lon="8.231405" />
      <trkpt lat="46.462131" lon="8.232205" />
      <trkpt lat="46.462645" lon="8.232479" />
      <trkpt lat="46.465009" lon="8.233212" />
      <trkpt lat="46.465897" lon="8.233933" />
      <trkpt lat="46.466547" lon="8.235255" />
      <trkpt lat="46.467129" lon="8.238126" />
      <trkpt lat="46.467409" lon="8.238921" />
      <trkpt lat="46.469529" lon="8.24203" />
      <trkpt lat="46.469922" lon="8.243113" />
      <trkpt lat="46.470782" lon="8.244778" />
      <trkpt lat="46.472501" lon="8.246983" />
      <trkpt lat="46.473237" lon="8.248168" />
      <trkpt lat="46.475128" lon="8.250583" />
      <trkpt lat="46.476689" lon="8.251852" />
      <trkpt lat="46.477232" lon="8.252454" />
      <trkpt lat="46.478386" lon="8.254662" />
      <trkpt lat="46.479676" lon="8.256403" />
      <trkpt lat="46.486271" lon="8.262372" />
      <trkpt lat="46.486465" lon="8.262347" />
      <trkpt lat="46.486718" lon="8.261841" />
      <trkpt lat="46.486873" lon="8.261882" />
      <trkpt lat="46.486952" lon="8.262327" />
      <trkpt lat="46.487341" lon="8.263025" />
      <trkpt lat="46.487363" lon="8.264073" />
      <trkpt lat="46.487214" lon="8.264873" />
      <trkpt lat="46.487405" lon="8.266876" />
      <trkpt lat="46.488495" lon="8.271542" />
      <trkpt lat="46.489568" lon="8.274205" />
      <trkpt lat="46.491042" lon="8.276844" />
      <trkpt lat="46.492058" lon="8.278103" />
      <trkpt lat="46.493134" lon="8.278966" />
      <trkpt lat="46.495694" lon="8.280437" />
      <trkpt lat="46.495987" lon="8.281045" />
      <trkpt lat="46.496652" lon="8.28438" />
      <trkpt lat="46.497341" lon="8.285699" />
      <trkpt lat="46.498173" lon="8.286454" />
      <trkpt lat="46.499983" lon="8.287443" />
      <trkpt lat="46.500491" lon="8.288029" />
      <trkpt lat="46.501044" lon="8.290314" />
      <trkpt lat="46.500916" lon="8.292268" />
      <trkpt lat="46.501879" lon="8.294777" />
      <trkpt lat="46.502487" lon="8.29567" />
      <trkpt lat="46.504003" lon="8.296649" />
      <trkpt lat="46.504898" lon="8.297777" />
      <trkpt lat="46.50585" lon="8.300657" />
      <trkpt lat="46.506485" lon="8.305002" />
      <trkpt lat="46.507801" lon="8.307236" />
      <trkpt lat="46.508344" lon="8.308644" />
      <trkpt lat="46.508621" lon="8.309984" />
      <trkpt lat="46.509699" lon="8.310967" />
      <trkpt lat="46.510415" lon="8.311894" />
      <trkpt lat="46.513747" lon="8.318756" />
      <trkpt lat="46.513995" lon="8.319782" />
      <trkpt lat="46.514043" lon="8.32076" />
      <trkpt lat="46.513632" lon="8.323412" />
      <trkpt lat="46.513725" lon="8.323958" />
      <trkpt lat="46.513992" lon="8.324415" />
      <trkpt lat="46.514563" lon="8.325277" />
      <trkpt lat="46.515518" lon="8.325248" />
      <trkpt lat="46.515868" lon="8.325386" />
      <trkpt lat="46.517553" lon="8.327562" />
      <trkpt lat="46.519649" lon="8.328886" />
      <trkpt lat="46.521043" lon="8.329337" />
      <trkpt lat="46.5226" lon="8.329498" />
      <trkpt lat="46.523133" lon="8.329748" />
      <trkpt lat="46.523732" lon="8.330315" />
      <trkpt lat="46.525777" lon="8.334378" />
      <trkpt lat="46.52745" lon="8.337161" />
      <trkpt lat="46.528344" lon="8.339454" />
      <trkpt lat="46.531649" lon="8.342994" />
      <trkpt lat="46.532807" lon="8.343851" />
      <trkpt lat="46.533235" lon="8.345702" />
      <trkpt lat="46.534207" lon="8.34722" />
      <trkpt lat="46.534462" lon="8.348773" />
      <trkpt lat="46.535075" lon="8.349483" />
      <trkpt lat="46.536061" lon="8.349684" />
      <trkpt lat="46.536416" lon="8.349974" />
      <trkpt lat="46.536905" lon="8.351249" />
      <trkpt lat="46.538251" lon="8.35393" />
      <trkpt lat="46.538653" lon="8.355204" />
      <trkpt lat="46.539246" lon="8.356517" />
      <trkpt lat="46.540791" lon="8.358403" />
      <trkpt lat="46.54134" lon="8.359642" />
      <trkpt lat="46.541442" lon="8.359484" />
      <trkpt lat="46.541067" lon="8.358403" />
      <trkpt lat="46.540511" lon="8.355737" />
      <trkpt lat="46.540521" lon="8.355148" />
      <trkpt lat="46.539369" lon="8.353425" />
      <trkpt lat="46.538654" lon="8.351525" />
      <trkpt lat="46.538324" lon="8.35026" />
      <trkpt lat="46.538395" lon="8.350115" />
      <trkpt lat="46.53892" lon="8.351286" />
      <trkpt lat="46.539983" lon="8.352895" />
      <trkpt lat="46.540757" lon="8.35355" />
      <trkpt lat="46.54147" lon="8.354325" />
      <trkpt lat="46.541778" lon="8.354853" />
      <trkpt lat="46.542322" lon="8.355307" />
      <trkpt lat="46.543043" lon="8.357661" />
      <trkpt lat="46.543659" lon="8.357874" />
      <trkpt lat="46.543808" lon="8.357776" />
      <trkpt lat="46.543866" lon="8.356707" />
      <trkpt lat="46.544526" lon="8.355872" />
      <trkpt lat="46.544283" lon="8.355059" />
      <trkpt lat="46.544402" lon="8.35493" />
      <trkpt lat="46.544714" lon="8.355253" />
      <trkpt lat="46.545248" lon="8.356217" />
      <trkpt lat="46.545425" lon="8.357367" />
      <trkpt lat="46.546053" lon="8.358477" />
      <trkpt lat="46.546328" lon="8.358646" />
      <trkpt lat="46.546932" lon="8.3587" />
      <trkpt lat="46.548389" lon="8.36037" />
      <trkpt lat="46.54884" lon="8.360406" />
      <trkpt lat="46.54994" lon="8.359712" />
      <trkpt lat="46.551942" lon="8.358709" />
      <trkpt lat="46.555147" lon="8.355938" />
      <trkpt lat="46.556619" lon="8.355735" />
      <trkpt lat="46.556563" lon="8.355537" />
      <trkpt lat="46.555442" lon="8.355477" />
      <trkpt lat="46.555468" lon="8.355227" />
      <trkpt lat="46.557487" lon="8.35516" />
      <trkpt lat="46.557846" lon="8.355476" />
      <trkpt lat="46.557914" lon="8.355703" />
      <trkpt lat="46.557514" lon="8.356519" />
      <trkpt lat="46.557549" lon="8.356698" />
      <trkpt lat="46.558171" lon="8.355944" />
      <trkpt lat="46.558885" lon="8.356079" />
      <trkpt lat="46.560355" lon="8.358083" />
      <trkpt lat="46.560737" lon="8.359326" />
      <trkpt lat="46.561321" lon="8.359911" />
      <trkpt lat="46.562257" lon="8.361536" />
      <trkpt lat="46.56247" lon="8.362172" />
      <trkpt lat="46.562263" lon="8.362766" />
      <trkpt lat="46.562076" lon="8.363022" />
      <trkpt lat="46.561883" lon="8.36306" />
      <trkpt lat="46.560757" lon="8.36141" />
      <trkpt lat="46.560349" lon="8.35941" />
      <trkpt lat="46.560072" lon="8.358405" />
      <trkpt lat="46.559927" lon="8.358299" />
      <trkpt lat="46.559867" lon="8.358495" />
      <trkpt lat="46.560201" lon="8.359381" />
      <trkpt lat="46.560267" lon="8.361494" />
      <trkpt lat="46.561378" lon="8.363775" />
      <trkpt lat="46.561824" lon="8.366285" />
      <trkpt lat="46.562743" lon="8.368239" />
      <trkpt lat="46.562724" lon="8.368607" />
      <trkpt lat="46.562555" lon="8.36854" />
      <trkpt lat="46.562397" lon="8.367991" />
      <trkpt lat="46.561318" lon="8.366141" />
      <trkpt lat="46.561001" lon="8.364167" />
      <trkpt lat="46.560972" lon="8.365417" />
      <trkpt lat="46.561167" lon="8.366739" />
      <trkpt lat="46.561898" lon="8.368937" />
      <trkpt lat="46.562508" lon="8.369804" />
      <trkpt lat="46.563258" lon="8.371359" />
      <trkpt lat="46.56398" lon="8.374925" />
      <trkpt lat="46.564016" lon="8.376041" />
      <trkpt lat="46.56471" lon="8.378917" />
      <trkpt lat="46.565596" lon="8.38096" />
      <trkpt lat="46.566915" lon="8.382463" />
      <trkpt lat="46.567425" lon="8.383689" />
      <trkpt lat="46.568867" lon="8.386121" />
      <trkpt lat="46.570162" lon="8.38955" />
      <trkpt lat="46.570472" lon="8.392332" />
      <trkpt lat="46.570503" lon="8.39678" />
      <trkpt lat="46.570761" lon="8.396801" />
      <trkpt lat="46.571022" lon="8.396626" />
      <trkpt lat="46.571606" lon="8.395623" />
      <trkpt lat="46.572067" lon="8.393054" />
      <trkpt lat="46.572387" lon="8.392155" />
      <trkpt lat="46.572416" lon="8.391151" />
      <trkpt lat="46.572809" lon="8.389161" />
      <trkpt lat="46.572945" lon="8.389226" />
      <trkpt lat="46.572721" lon="8.391218" />
      <trkpt lat="46.572801" lon="8.392235" />
      <trkpt lat="46.572686" lon="8.39478" />
      <trkpt lat="46.572517" lon="8.395532" />
      <trkpt lat="46.572649" lon="8.395727" />
      <trkpt lat="46.572799" lon="8.395518" />
      <trkpt lat="46.572847" lon="8.394273" />
      <trkpt lat="46.573446" lon="8.390325" />
      <trkpt lat="46.574" lon="8.389418" />
      <trkpt lat="46.574294" lon="8.388558" />
      <trkpt lat="46.57465" lon="8.388275" />
      <trkpt lat="46.575396" lon="8.388003" />
      <trkpt lat="46.576267" lon="8.386613" />
      <trkpt lat="46.576407" lon="8.386606" />
      <trkpt lat="46.576434" lon="8.386822" />
      <trkpt lat="46.575701" lon="8.38855" />
      <trkpt lat="46.574977" lon="8.3892" />
      <trkpt lat="46.574727" lon="8.389906" />
      <trkpt lat="46.574292" lon="8.390549" />
      <trkpt lat="46.574369" lon="8.390731" />
      <trkpt lat="46.575295" lon="8.389567" />
      <trkpt lat="46.575988" lon="8.389197" />
      <trkpt lat="46.576768" lon="8.388082" />
      <trkpt lat="46.576925" lon="8.388159" />
      <trkpt lat="46.576488" lon="8.388793" />
      <trkpt lat="46.576177" lon="8.389645" />
      <trkpt lat="46.575182" lon="8.391108" />
      <trkpt lat="46.574949" lon="8.391781" />
      <trkpt lat="46.57484" lon="8.392714" />
      <trkpt lat="46.574968" lon="8.392897" />
      <trkpt lat="46.575323" lon="8.391624" />
      <trkpt lat="46.575962" lon="8.390845" />
      <trkpt lat="46.576143" lon="8.390827" />
      <trkpt lat="46.576178" lon="8.391077" />
      <trkpt lat="46.575579" lon="8.392069" />
      <trkpt lat="46.575405" lon="8.392871" />
      <trkpt lat="46.575471" lon="8.395299" />
      <trkpt lat="46.575182" lon="8.396842" />
      <trkpt lat="46.575264" lon="8.399042" />
      <trkpt lat="46.574563" lon="8.401724" />
      <trkpt lat="46.574525" lon="8.403981" />
      <trkpt lat="46.574335" lon="8.404361" />
      <trkpt lat="46.573532" lon="8.405154" />
      <trkpt lat="46.573183" lon="8.405757" />
      <trkpt lat="46.572643" lon="8.408415" />
      <trkpt lat="46.571723" lon="8.410058" />
      <trkpt lat="46.5717" lon="8.410617" />
      <trkpt lat="46.572207" lon="8.414357" />
      <trkpt lat="46.572595" lon="8.415086" />
      <trkpt lat="46.573394" lon="8.415846" />
      <trkpt lat="46.573769" lon="8.416631" />
      <trkpt lat="46.574405" lon="8.418806" />
      <trkpt lat="46.575118" lon="8.419609" />
      <trkpt lat="46.575464" lon="8.420505" />
      <trkpt lat="46.576005" lon="8.421094" />
      <trkpt lat="46.577465" lon="8.423523" />
      <trkpt lat="46.578354" lon="8.424672" />
      <trkpt lat="46.578599" lon="8.424906" />
      <trkpt lat="46.579021" lon="8.424854" />
      <trkpt lat="46.5794" lon="8.425053" />
      <trkpt lat="46.579852" lon="8.42587" />
      <trkpt lat="46.580222" lon="8.426112" />
      <trkpt lat="46.580247" lon="8.426365" />
      <trkpt lat="46.580103" lon="8.426431" />
      <trkpt lat="46.579557" lon="8.425732" />
      <trkpt lat="46.579456" lon="8.425742" />
      <trkpt lat="46.580259" lon="8.426957" />
      <trkpt lat="46.580421" lon="8.427046" />
      <trkpt lat="46.580953" lon="8.426659" />
      <trkpt lat="46.581708" lon="8.42748" />
      <trkpt lat="46.582633" lon="8.427152" />
      <trkpt lat="46.582862" lon="8.427194" />
      <trkpt lat="46.583075" lon="8.427417" />
      <trkpt lat="46.583512" lon="8.4284" />
      <trkpt lat="46.584382" lon="8.428789" />
      <trkpt lat="46.585492" lon="8.430034" />
      <trkpt lat="46.586162" lon="8.430373" />
      <trkpt lat="46.587336" lon="8.431401" />
      <trkpt lat="46.588089" lon="8.432966" />
      <trkpt lat="46.587239" lon="8.436402" />
      <trkpt lat="46.587312" lon="8.43787" />
      <trkpt lat="46.587779" lon="8.439957" />
      <trkpt lat="46.588041" lon="8.44236" />
      <trkpt lat="46.58921" lon="8.445523" />
      <trkpt lat="46.590705" lon="8.45112" />
      <trkpt lat="46.591559" lon="8.453497" />
      <trkpt lat="46.591718" lon="8.453715" />
      <trkpt lat="46.593962" lon="8.455151" />
      <trkpt lat="46.594675" lon="8.456213" />
      <trkpt lat="46.594833" lon="8.45708" />
      <trkpt lat="46.594762" lon="8.457558" />
      <trkpt lat="46.59382" lon="8.459201" />
      <trkpt lat="46.593047" lon="8.461094" />
      <trkpt lat="46.592455" lon="8.462137" />
      <trkpt lat="46.592387" lon="8.463545" />
      <trkpt lat="46.59208" lon="8.464541" />
      <trkpt lat="46.591961" lon="8.466506" />
      <trkpt lat="46.591323" lon="8.471233" />
      <trkpt lat="46.591007" lon="8.472232" />
      <trkpt lat="46.590414" lon="8.472499" />
      <trkpt lat="46.589806" lon="8.473746" />
      <trkpt lat="46.589256" lon="8.475727" />
      <trkpt lat="46.58904" lon="8.477086" />
      <trkpt lat="46.589205" lon="8.478744" />
      <trkpt lat="46.589861" lon="8.479917" />
      <trkpt lat="46.589894" lon="8.480241" />
      <trkpt lat="46.589776" lon="8.480419" />
      <trkpt lat="46.589592" lon="8.480408" />
      <trkpt lat="46.588791" lon="8.479683" />
      <trkpt lat="46.587676" lon="8.477721" />
      <trkpt lat="46.587541" lon="8.477877" />
      <trkpt lat="46.587136" lon="8.480326" />
      <trkpt lat="46.587405" lon="8.482505" />
      <trkpt lat="46.588013" lon="8.484103" />
      <trkpt lat="46.589313" lon="8.486078" />
      <trkpt lat="46.589533" lon="8.486083" />
      <trkpt lat="46.589852" lon="8.485704" />
      <trkpt lat="46.590048" lon="8.485832" />
      <trkpt lat="46.589839" lon="8.487084" />
      <trkpt lat="46.58955" lon="8.487161" />
      <trkpt lat="46.588063" lon="8.486179" />
      <trkpt lat="46.586767" lon="8.484689" />
      <trkpt lat="46.586639" lon="8.484813" />
      <trkpt lat="46.587916" lon="8.487267" />
      <trkpt lat="46.589337" lon="8.488978" />
      <trkpt lat="46.589507" lon="8.488964" />
      <trkpt lat="46.590151" lon="8.488311" />
      <trkpt lat="46.590992" lon="8.48822" />
      <trkpt lat="46.59149" lon="8.48791" />
      <trkpt lat="46.59254" lon="8.488144" />
      <trkpt lat="46.592519" lon="8.488318" />
      <trkpt lat="46.591572" lon="8.488408" />
      <trkpt lat="46.591219" lon="8.488844" />
      <trkpt lat="46.590544" lon="8.489196" />
      <trkpt lat="46.589671" lon="8.490154" />
      <trkpt lat="46.588706" lon="8.489934" />
      <trkpt lat="46.588226" lon="8.489971" />
      <trkpt lat="46.587769" lon="8.489398" />
      <trkpt lat="46.587644" lon="8.489587" />
      <trkpt lat="46.588274" lon="8.490578" />
      <trkpt lat="46.588618" lon="8.490902" />
      <trkpt lat="46.589067" lon="8.49069" />
      <trkpt lat="46.589977" lon="8.490941" />
      <trkpt lat="46.590811" lon="8.49086" />
      <trkpt lat="46.591641" lon="8.491243" />
      <trkpt lat="46.591631" lon="8.491445" />
      <trkpt lat="46.591142" lon="8.49136" />
      <trkpt lat="46.590489" lon="8.49178" />
      <trkpt lat="46.589953" lon="8.491862" />
      <trkpt lat="46.589506" lon="8.492408" />
      <trkpt lat="46.589563" lon="8.492664" />
      <trkpt lat="46.590251" lon="8.492753" />
      <trkpt lat="46.590673" lon="8.493255" />
      <trkpt lat="46.590816" lon="8.494013" />
      <trkpt lat="46.59068" lon="8.494613" />
      <trkpt lat="46.590825" lon="8.494606" />
      <trkpt lat="46.590989" lon="8.493942" />
      <trkpt lat="46.591258" lon="8.493665" />
      <trkpt lat="46.591891" lon="8.49369" />
      <trkpt lat="46.592652" lon="8.493998" />
      <trkpt lat="46.592891" lon="8.494625" />
      <trkpt lat="46.594427" lon="8.496905" />
      <trkpt lat="46.595494" lon="8.497643" />
      <trkpt lat="46.595488" lon="8.498322" />
      <trkpt lat="46.595881" lon="8.499522" />
      <trkpt lat="46.596525" lon="8.500192" />
      <trkpt lat="46.597041" lon="8.501203" />
      <trkpt lat="46.597451" lon="8.501579" />
      <trkpt lat="46.598929" lon="8.50227" />
      <trkpt lat="46.600728" lon="8.505182" />
      <trkpt lat="46.600978" lon="8.506281" />
      <trkpt lat="46.601132" lon="8.508669" />
      <trkpt lat="46.602583" lon="8.514852" />
      <trkpt lat="46.610804" lon="8.536681" />
      <trkpt lat="46.610951" lon="8.537685" />
      <trkpt lat="46.610651" lon="8.539535" />
      <trkpt lat="46.610783" lon="8.540707" />
      <trkpt lat="46.61258" lon="8.54613" />
      <trkpt lat="46.61315" lon="8.548528" />
      <trkpt lat="46.613917" lon="8.550509" />
      <trkpt lat="46.614823" lon="8.553689" />
      <trkpt lat="46.615138" lon="8.55583" />
      <trkpt lat="46.615879" lon="8.557874" />
      <trkpt lat="46.616095" lon="8.560464" />
      <trkpt lat="46.617925" lon="8.564184" />
      <trkpt lat="46.617945" lon="8.565404" />
      <trkpt lat="46.617656" lon="8.566363" />
      <trkpt lat="46.617496" lon="8.566448" />
      <trkpt lat="46.6172" lon="8.565381" />
      <trkpt lat="46.617085" lon="8.563475" />
      <trkpt lat="46.616714" lon="8.563124" />
      <trkpt lat="46.616323" lon="8.563386" />
      <trkpt lat="46.616252" lon="8.564027" />
      <trkpt lat="46.616802" lon="8.566066" />
      <trkpt lat="46.616647" lon="8.56729" />
      <trkpt lat="46.616705" lon="8.568544" />
      <trkpt lat="46.616559" lon="8.569136" />
      <trkpt lat="46.615494" lon="8.570932" />
      <trkpt lat="46.615096" lon="8.5711" />
      <trkpt lat="46.614259" lon="8.570961" />
      <trkpt lat="46.613441" lon="8.571973" />
      <trkpt lat="46.613061" lon="8.571974" />
      <trkpt lat="46.611564" lon="8.571143" />
      <trkpt lat="46.611215" lon="8.571305" />
      <trkpt lat="46.610697" lon="8.571953" />
      <trkpt lat="46.610216" lon="8.571997" />
      <trkpt lat="46.609945" lon="8.571731" />
      <trkpt lat="46.608934" lon="8.569787" />
      <trkpt lat="46.607872" lon="8.568158" />
      <trkpt lat="46.60584" lon="8.56593" />
      <trkpt lat="46.604441" lon="8.565537" />
      <trkpt lat="46.602759" lon="8.564349" />
      <trkpt lat="46.599749" lon="8.563063" />
      <trkpt lat="46.599159" lon="8.563006" />
      <trkpt lat="46.597444" lon="8.563206" />
      <trkpt lat="46.596019" lon="8.562334" />
      <trkpt lat="46.595054" lon="8.562382" />
      <trkpt lat="46.594193" lon="8.562081" />
      <trkpt lat="46.593972" lon="8.562141" />
      <trkpt lat="46.593231" lon="8.562779" />
      <trkpt lat="46.592754" lon="8.56283" />
      <trkpt lat="46.592284" lon="8.562695" />
      <trkpt lat="46.591482" lon="8.561852" />
      <trkpt lat="46.591092" lon="8.560782" />
      <trkpt lat="46.591097" lon="8.560337" />
      <trkpt lat="46.59132" lon="8.560121" />
      <trkpt lat="46.591522" lon="8.560213" />
      <trkpt lat="46.59226" lon="8.561536" />
      <trkpt lat="46.592568" lon="8.561436" />
      <trkpt lat="46.592605" lon="8.560955" />
      <trkpt lat="46.591573" lon="8.559464" />
      <trkpt lat="46.590911" lon="8.558057" />
      <trkpt lat="46.590395" lon="8.557655" />
      <trkpt lat="46.589481" lon="8.557688" />
      <trkpt lat="46.588885" lon="8.557221" />
      <trkpt lat="46.588125" lon="8.55691" />
      <trkpt lat="46.586784" lon="8.557105" />
      <trkpt lat="46.585895" lon="8.557646" />
      <trkpt lat="46.584742" lon="8.557444" />
      <trkpt lat="46.584034" lon="8.557572" />
      <trkpt lat="46.583486" lon="8.557948" />
      <trkpt lat="46.582518" lon="8.558942" />
      <trkpt lat="46.581964" lon="8.5592" />
      <trkpt lat="46.57986" lon="8.558762" />
      <trkpt lat="46.578916" lon="8.558795" />
      <trkpt lat="46.578323" lon="8.559003" />
      <trkpt lat="46.576192" lon="8.560258" />
      <trkpt lat="46.574272" lon="8.560802" />
      <trkpt lat="46.573557" lon="8.560888" />
      <trkpt lat="46.571918" lon="8.560823" />
      <trkpt lat="46.570125" lon="8.560946" />
      <trkpt lat="46.567602" lon="8.560437" />
      <trkpt lat="46.565561" lon="8.560714" />
      <trkpt lat="46.564957" lon="8.560664" />
      <trkpt lat="46.563745" lon="8.560109" />
      <trkpt lat="46.562683" lon="8.559169" />
      <trkpt lat="46.562023" lon="8.558752" />
      <trkpt lat="46.561488" lon="8.558637" />
      <trkpt lat="46.560873" lon="8.55877" />
      <trkpt lat="46.560023" lon="8.559516" />
      <trkpt lat="46.559063" lon="8.561693" />
      <trkpt lat="46.558265" lon="8.562848" />
      <trkpt lat="46.558017" lon="8.563715" />
      <trkpt lat="46.558044" lon="8.565168" />
      <trkpt lat="46.557471" lon="8.566503" />
      <trkpt lat="46.556999" lon="8.56706" />
      <trkpt lat="46.556527" lon="8.567381" />
      <trkpt lat="46.556116" lon="8.567359" />
      <trkpt lat="46.555437" lon="8.566968" />
      <trkpt lat="46.554827" lon="8.567395" />
      <trkpt lat="46.554143" lon="8.569146" />
      <trkpt lat="46.552985" lon="8.571368" />
      <trkpt lat="46.552713" lon="8.571685" />
      <trkpt lat="46.550851" lon="8.572762" />
      <trkpt lat="46.5506" lon="8.572731" />
      <trkpt lat="46.549963" lon="8.570214" />
      <trkpt lat="46.549619" lon="8.569689" />
      <trkpt lat="46.549074" lon="8.569232" />
      <trkpt lat="46.549139" lon="8.569097" />
      <trkpt lat="46.549672" lon="8.569305" />
      <trkpt lat="46.54978" lon="8.568875" />
      <trkpt lat="46.549637" lon="8.568738" />
      <trkpt lat="46.54925" lon="8.568906" />
      <trkpt lat="46.548773" lon="8.568778" />
      <trkpt lat="46.548767" lon="8.568618" />
      <trkpt lat="46.549353" lon="8.568441" />
      <trkpt lat="46.549444" lon="8.568255" />
      <trkpt lat="46.54926" lon="8.568011" />
      <trkpt lat="46.548574" lon="8.568417" />
      <trkpt lat="46.548554" lon="8.568259" />
      <trkpt lat="46.548899" lon="8.568074" />
      <trkpt lat="46.54882" lon="8.567805" />
      <trkpt lat="46.548428" lon="8.568194" />
      <trkpt lat="46.548349" lon="8.568071" />
      <trkpt lat="46.548524" lon="8.567911" />
      <trkpt lat="46.548499" lon="8.567784" />
      <trkpt lat="46.547891" lon="8.567991" />
      <trkpt lat="46.547554" lon="8.569114" />
      <trkpt lat="46.546403" lon="8.569879" />
      <trkpt lat="46.546385" lon="8.569728" />
      <trkpt lat="46.546985" lon="8.569271" />
      <trkpt lat="46.54737" lon="8.568725" />
      <trkpt lat="46.547598" lon="8.567094" />
      <trkpt lat="46.548222" lon="8.566773" />
      <trkpt lat="46.548142" lon="8.566688" />
      <trkpt lat="46.547328" lon="8.566836" />
      <trkpt lat="46.547" lon="8.567974" />
      <trkpt lat="46.545937" lon="8.568591" />
      <trkpt lat="46.54589" lon="8.568444" />
      <trkpt lat="46.546374" lon="8.568012" />
      <trkpt lat="46.546487" lon="8.567758" />
      <trkpt lat="46.546456" lon="8.567212" />
      <trkpt lat="46.546208" lon="8.566657" />
      <trkpt lat="46.546203" lon="8.567309" />
      <trkpt lat="46.545957" lon="8.567833" />
      <trkpt lat="46.54586" lon="8.567767" />
      <trkpt lat="46.546075" lon="8.567365" />
      <trkpt lat="46.54603" lon="8.56724" />
      <trkpt lat="46.545494" lon="8.567686" />
      <trkpt lat="46.545304" lon="8.568048" />
      <trkpt lat="46.54522" lon="8.569181" />
      <trkpt lat="46.544506" lon="8.570976" />
      <trkpt lat="46.5444" lon="8.570859" />
      <trkpt lat="46.544857" lon="8.568856" />
      <trkpt lat="46.54465" lon="8.569432" />
      <trkpt lat="46.544298" lon="8.569895" />
      <trkpt lat="46.544116" lon="8.570762" />
      <trkpt lat="46.544025" lon="8.570698" />
      <trkpt lat="46.544086" lon="8.569243" />
      <trkpt lat="46.543722" lon="8.570905" />
      <trkpt lat="46.543627" lon="8.57083" />
      <trkpt lat="46.543812" lon="8.570126" />
      <trkpt lat="46.543746" lon="8.569991" />
      <trkpt lat="46.542619" lon="8.572301" />
      <trkpt lat="46.542479" lon="8.572221" />
      <trkpt lat="46.542845" lon="8.571479" />
      <trkpt lat="46.542804" lon="8.571285" />
      <trkpt lat="46.542335" lon="8.572158" />
      <trkpt lat="46.542565" lon="8.571551" />
      <trkpt lat="46.542539" lon="8.571455" />
      <trkpt lat="46.542456" lon="8.571511" />
      <trkpt lat="46.542059" lon="8.572742" />
      <trkpt lat="46.541546" lon="8.57321" />
      <trkpt lat="46.541435" lon="8.573666" />
      <trkpt lat="46.541155" lon="8.574109" />
      <trkpt lat="46.540738" lon="8.578102" />
      <trkpt lat="46.540455" lon="8.579153" />
      <trkpt lat="46.540048" lon="8.579785" />
      <trkpt lat="46.53899" lon="8.580053" />
      <trkpt lat="46.538323" lon="8.57931" />
      <trkpt lat="46.537617" lon="8.579009" />
      <trkpt lat="46.537207" lon="8.579142" />
      <trkpt lat="46.536564" lon="8.579711" />
      <trkpt lat="46.536081" lon="8.57991" />
      <trkpt lat="46.535019" lon="8.579943" />
      <trkpt lat="46.533394" lon="8.580802" />
      <trkpt lat="46.532518" lon="8.58075" />
      <trkpt lat="46.532535" lon="8.580885" />
      <trkpt lat="46.533273" lon="8.581171" />
      <trkpt lat="46.53368" lon="8.581156" />
      <trkpt lat="46.533646" lon="8.581324" />
      <trkpt lat="46.53265" lon="8.581427" />
      <trkpt lat="46.53197" lon="8.581002" />
      <trkpt lat="46.531992" lon="8.581351" />
      <trkpt lat="46.5333" lon="8.582045" />
      <trkpt lat="46.533434" lon="8.582961" />
      <trkpt lat="46.534069" lon="8.584533" />
      <trkpt lat="46.534344" lon="8.584516" />
      <trkpt lat="46.534527" lon="8.58374" />
      <trkpt lat="46.534848" lon="8.58358" />
      <trkpt lat="46.535205" lon="8.58398" />
      <trkpt lat="46.535433" lon="8.584956" />
      <trkpt lat="46.534795" lon="8.585299" />
      <trkpt lat="46.533803" lon="8.585223" />
      <trkpt lat="46.53307" lon="8.584992" />
      <trkpt lat="46.532495" lon="8.584588" />
      <trkpt lat="46.531483" lon="8.583209" />
      <trkpt lat="46.529443" lon="8.579512" />
      <trkpt lat="46.529283" lon="8.579405" />
      <trkpt lat="46.529112" lon="8.579491" />
      <trkpt lat="46.529097" lon="8.579934" />
      <trkpt lat="46.5298" lon="8.580821" />
      <trkpt lat="46.530136" lon="8.581699" />
      <trkpt lat="46.530599" lon="8.585541" />
      <trkpt lat="46.531539" lon="8.589363" />
      <trkpt lat="46.532042" lon="8.590684" />
      <trkpt lat="46.532883" lon="8.592212" />
      <trkpt lat="46.533146" lon="8.593103" />
      <trkpt lat="46.533355" lon="8.595076" />
      <trkpt lat="46.533196" lon="8.597861" />
      <trkpt lat="46.533356" lon="8.599866" />
      <trkpt lat="46.533179" lon="8.600074" />
      <trkpt lat="46.532953" lon="8.599902" />
      <trkpt lat="46.532822" lon="8.598746" />
      <trkpt lat="46.531763" lon="8.594588" />
      <trkpt lat="46.531325" lon="8.593408" />
      <trkpt lat="46.530815" lon="8.592547" />
      <trkpt lat="46.530257" lon="8.5919" />
      <trkpt lat="46.52865" lon="8.590813" />
      <trkpt lat="46.527801" lon="8.589871" />
      <trkpt lat="46.527142" lon="8.58834" />
      <trkpt lat="46.526889" lon="8.586409" />
      <trkpt lat="46.526738" lon="8.586194" />
      <trkpt lat="46.526545" lon="8.586186" />
      <trkpt lat="46.526364" lon="8.586577" />
      <trkpt lat="46.526635" lon="8.589784" />
      <trkpt lat="46.528249" lon="8.595167" />
      <trkpt lat="46.528385" lon="8.596552" />
      <trkpt lat="46.528267" lon="8.597229" />
      <trkpt lat="46.52795" lon="8.597985" />
      <trkpt lat="46.526075" lon="8.599787" />
      <trkpt lat="46.52533" lon="8.601228" />
      <trkpt lat="46.52508" lon="8.602329" />
      <trkpt lat="46.52497" lon="8.60405" />
      <trkpt lat="46.525015" lon="8.606227" />
      <trkpt lat="46.525145" lon="8.606382" />
      <trkpt lat="46.525255" lon="8.606206" />
      <trkpt lat="46.525172" lon="8.603086" />
      <trkpt lat="46.525643" lon="8.600912" />
      <trkpt lat="46.525598" lon="8.600549" />
      <trkpt lat="46.525397" lon="8.600337" />
      <trkpt lat="46.525034" lon="8.601327" />
      <trkpt lat="46.524789" lon="8.602815" />
      <trkpt lat="46.524615" lon="8.602913" />
      <trkpt lat="46.524491" lon="8.602676" />
      <trkpt lat="46.525303" lon="8.5984" />
      <trkpt lat="46.525" lon="8.595866" />
      <trkpt lat="46.525016" lon="8.594672" />
      <trkpt lat="46.523917" lon="8.591941" />
      <trkpt lat="46.523942" lon="8.589735" />
      <trkpt lat="46.523511" lon="8.588048" />
      <trkpt lat="46.522777" lon="8.583841" />
      <trkpt lat="46.522434" lon="8.582944" />
      <trkpt lat="46.522402" lon="8.581517" />
      <trkpt lat="46.522103" lon="8.580647" />
      <trkpt lat="46.522021" lon="8.579701" />
      <trkpt lat="46.521146" lon="8.577406" />
      <trkpt lat="46.521143" lon="8.576835" />
      <trkpt lat="46.521366" lon="8.575811" />
      <trkpt lat="46.521359" lon="8.57496" />
      <trkpt lat="46.52078" lon="8.571462" />
      <trkpt lat="46.520077" lon="8.569554" />
      <trkpt lat="46.519695" lon="8.56713" />
      <trkpt lat="46.519655" lon="8.565981" />
      <trkpt lat="46.519293" lon="8.564581" />
      <trkpt lat="46.519428" lon="8.563126" />
      <trkpt lat="46.518346" lon="8.560772" />
      <trkpt lat="46.517873" lon="8.55906" />
      <trkpt lat="46.517171" lon="8.557773" />
      <trkpt lat="46.517135" lon="8.555305" />
      <trkpt lat="46.516635" lon="8.55296" />
      <trkpt lat="46.516394" lon="8.550318" />
      <trkpt lat="46.516047" lon="8.549214" />
      <trkpt lat="46.515364" lon="8.547846" />
      <trkpt lat="46.514922" lon="8.546159" />
      <trkpt lat="46.514125" lon="8.544763" />
      <trkpt lat="46.513458" lon="8.541644" />
      <trkpt lat="46.513371" lon="8.539823" />
      <trkpt lat="46.512197" lon="8.537481" />
      <trkpt lat="46.511678" lon="8.535325" />
      <trkpt lat="46.511185" lon="8.534209" />
      <trkpt lat="46.510952" lon="8.530979" />
      <trkpt lat="46.509984" lon="8.528827" />
      <trkpt lat="46.509257" lon="8.526332" />
      <trkpt lat="46.509019" lon="8.523668" />
      <trkpt lat="46.506406" lon="8.517232" />
      <trkpt lat="46.505592" lon="8.513344" />
      <trkpt lat="46.502862" lon="8.507097" />
      <trkpt lat="46.500854" lon="8.50358" />
      <trkpt lat="46.500391" lon="8.503321" />
      <trkpt lat="46.498936" lon="8.503063" />
      <trkpt lat="46.498303" lon="8.502495" />
      <trkpt lat="46.497521" lon="8.50088" />
      <trkpt lat="46.497201" lon="8.498111" />
      <trkpt lat="46.495635" lon="8.494316" />
      <trkpt lat="46.494578" lon="8.492636" />
      <trkpt lat="46.493709" lon="8.491705" />
      <trkpt lat="46.493107" lon="8.490646" />
      <trkpt lat="46.492004" lon="8.489587" />
      <trkpt lat="46.491633" lon="8.489023" />
      <trkpt lat="46.489339" lon="8.481359" />
      <trkpt lat="46.487774" lon="8.478294" />
      <trkpt lat="46.487207" lon="8.475885" />
      <trkpt lat="46.485863" lon="8.473863" />
      <trkpt lat="46.484884" lon="8.470415" />
      <trkpt lat="46.484476" lon="8.469854" />
      <trkpt lat="46.483343" lon="8.46893" />
      <trkpt lat="46.482997" lon="8.468351" />
      <trkpt lat="46.482817" lon="8.467455" />
      <trkpt lat="46.482825" lon="8.465785" />
      <trkpt lat="46.482589" lon="8.464922" />
      <trkpt lat="46.481357" lon="8.463267" />
      <trkpt lat="46.480583" lon="8.460993" />
      <trkpt lat="46.478915" lon="8.459317" />
      <trkpt lat="46.478121" lon="8.456773" />
      <trkpt lat="46.476879" lon="8.454574" />
      <trkpt lat="46.476275" lon="8.452716" />
      <trkpt lat="46.475255" lon="8.451429" />
      <trkpt lat="46.474664" lon="8.450271" />
      <trkpt lat="46.47418" lon="8.44987" />
      <trkpt lat="46.474195" lon="8.449694" />
      <trkpt lat="46.474339" lon="8.449647" />
      <trkpt lat="46.475035" lon="8.449946" />
      <trkpt lat="46.475472" lon="8.450416" />
      <trkpt lat="46.475614" lon="8.450317" />
      <trkpt lat="46.474758" lon="8.44853" />
      <trkpt lat="46.473776" lon="8.446905" />
      <trkpt lat="46.473506" lon="8.445866" />
      <trkpt lat="46.473672" lon="8.442361" />
      <trkpt lat="46.473407" lon="8.439602" />
      <trkpt lat="46.473419" lon="8.435492" />
      <trkpt lat="46.473884" lon="8.432839" />
      <trkpt lat="46.473959" lon="8.43121" />
      <trkpt lat="46.474416" lon="8.429006" />
      <trkpt lat="46.474481" lon="8.427926" />
      <trkpt lat="46.474269" lon="8.426316" />
      <trkpt lat="46.474028" lon="8.425709" />
      <trkpt lat="46.473622" lon="8.425506" />
      <trkpt lat="46.472867" lon="8.425779" />
      <trkpt lat="46.472766" lon="8.425572" />
      <trkpt lat="46.47412" lon="8.424289" />
      <trkpt lat="46.475096" lon="8.423618" />
      <trkpt lat="46.475514" lon="8.423576" />
      <trkpt lat="46.475843" lon="8.423886" />
      <trkpt lat="46.47639" lon="8.426994" />
      <trkpt lat="46.476309" lon="8.430095" />
      <trkpt lat="46.476484" lon="8.432289" />
      <trkpt lat="46.476648" lon="8.432461" />
      <trkpt lat="46.476727" lon="8.431318" />
      <trkpt lat="46.477216" lon="8.42974" />
      <trkpt lat="46.477648" lon="8.427402" />
      <trkpt lat="46.477715" lon="8.424652" />
      <trkpt lat="46.478853" lon="8.421314" />
      <trkpt lat="46.479007" lon="8.420122" />
      <trkpt lat="46.478936" lon="8.418838" />
      <trkpt lat="46.478641" lon="8.417706" />
      <trkpt lat="46.478636" lon="8.415099" />
      <trkpt lat="46.478111" lon="8.413463" />
      <trkpt lat="46.477533" lon="8.412443" />
      <trkpt lat="46.477444" lon="8.411043" />
      <trkpt lat="46.47758" lon="8.41032" />
      <trkpt lat="46.478235" lon="8.409595" />
      <trkpt lat="46.478426" lon="8.409128" />
      <trkpt lat="46.4785" lon="8.408055" />
      <trkpt lat="46.47886" lon="8.406429" />
      <trkpt lat="46.478844" lon="8.40566" />
      <trkpt lat="46.47868" lon="8.405015" />
      <trkpt lat="46.477567" lon="8.402646" />
      <trkpt lat="46.477254" lon="8.402266" />
      <trkpt lat="46.476708" lon="8.401895" />
      <trkpt lat="46.476656" lon="8.401672" />
      <trkpt lat="46.477617" lon="8.401124" />
      <trkpt lat="46.478162" lon="8.401178" />
      <trkpt lat="46.479146" lon="8.402269" />
      <trkpt lat="46.479385" lon="8.403171" />
      <trkpt lat="46.479531" lon="8.403249" />
      <trkpt lat="46.479592" lon="8.403001" />
      <trkpt lat="46.479389" lon="8.401431" />
      <trkpt lat="46.479137" lon="8.401072" />
      <trkpt lat="46.478594" lon="8.400661" />
      <trkpt lat="46.478661" lon="8.400439" />
      <trkpt lat="46.478985" lon="8.400477" />
      <trkpt lat="46.479374" lon="8.400592" />
      <trkpt lat="46.479688" lon="8.400883" />
      <trkpt lat="46.480266" lon="8.402572" />
      <trkpt lat="46.480403" lon="8.402616" />
      <trkpt lat="46.480462" lon="8.40247" />
      <trkpt lat="46.480139" lon="8.39983" />
      <trkpt lat="46.479931" lon="8.399138" />
      <trkpt lat="46.479519" lon="8.398817" />
      <trkpt lat="46.478158" lon="8.398557" />
      <trkpt lat="46.477872" lon="8.398286" />
      <trkpt lat="46.477653" lon="8.397795" />
      <trkpt lat="46.477534" lon="8.396432" />
      <trkpt lat="46.478124" lon="8.394365" />
      <trkpt lat="46.478083" lon="8.391372" />
      <trkpt lat="46.477927" lon="8.390505" />
      <trkpt lat="46.477181" lon="8.388111" />
      <trkpt lat="46.477125" lon="8.387404" />
      <trkpt lat="46.477312" lon="8.386959" />
      <trkpt lat="46.47761" lon="8.386739" />
      <trkpt lat="46.479322" lon="8.386839" />
      <trkpt lat="46.480577" lon="8.385975" />
      <trkpt lat="46.481014" lon="8.386129" />
      <trkpt lat="46.482349" lon="8.387261" />
      <trkpt lat="46.482492" lon="8.387097" />
      <trkpt lat="46.481732" lon="8.386262" />
      <trkpt lat="46.481182" lon="8.385411" />
      <trkpt lat="46.479186" lon="8.383972" />
      <trkpt lat="46.477256" lon="8.381215" />
      <trkpt lat="46.476336" lon="8.380234" />
      <trkpt lat="46.475984" lon="8.380201" />
      <trkpt lat="46.475393" lon="8.380367" />
      <trkpt lat="46.473544" lon="8.381323" />
      <trkpt lat="46.473224" lon="8.381627" />
      <trkpt lat="46.472899" lon="8.382421" />
      <trkpt lat="46.472731" lon="8.382435" />
      <trkpt lat="46.473076" lon="8.38083" />
      <trkpt lat="46.474785" lon="8.379412" />
      <trkpt lat="46.475704" lon="8.378326" />
      <trkpt lat="46.476615" lon="8.378271" />
      <trkpt lat="46.478502" lon="8.379154" />
      <trkpt lat="46.47907" lon="8.37932" />
      <trkpt lat="46.479178" lon="8.379117" />
      <trkpt lat="46.478723" lon="8.378929" />
      <trkpt lat="46.477583" lon="8.377981" />
      <trkpt lat="46.477641" lon="8.377727" />
      <trkpt lat="46.478484" lon="8.378044" />
      <trkpt lat="46.478623" lon="8.377885" />
      <trkpt lat="46.477211" lon="8.376974" />
      <trkpt lat="46.477327" lon="8.37672" />
      <trkpt lat="46.477768" lon="8.376746" />
      <trkpt lat="46.478137" lon="8.377046" />
      <trkpt lat="46.478238" lon="8.376989" />
      <trkpt lat="46.478198" lon="8.376759" />
      <trkpt lat="46.477556" lon="8.376222" />
      <trkpt lat="46.476842" lon="8.376315" />
      <trkpt lat="46.475686" lon="8.376236" />
      <trkpt lat="46.474372" lon="8.375914" />
      <trkpt lat="46.473728" lon="8.376299" />
      <trkpt lat="46.473777" lon="8.37602" />
      <trkpt lat="46.474058" lon="8.375802" />
      <trkpt lat="46.475475" lon="8.37546" />
      <trkpt lat="46.476353" lon="8.374965" />
      <trkpt lat="46.476714" lon="8.374897" />
      <trkpt lat="46.476766" lon="8.374695" />
      <trkpt lat="46.476674" lon="8.374606" />
      <trkpt lat="46.476181" lon="8.374794" />
      <trkpt lat="46.475415" lon="8.374692" />
      <trkpt lat="46.473296" lon="8.374774" />
      <trkpt lat="46.472051" lon="8.372771" />
      <trkpt lat="46.471797" lon="8.371559" />
      <trkpt lat="46.471823" lon="8.371082" />
      <trkpt lat="46.472102" lon="8.370287" />
      <trkpt lat="46.472239" lon="8.37019" />
      <trkpt lat="46.472476" lon="8.371399" />
      <trkpt lat="46.472906" lon="8.372014" />
      <trkpt lat="46.473411" lon="8.372257" />
      <trkpt lat="46.475109" lon="8.372148" />
      <trkpt lat="46.475828" lon="8.371356" />
      <trkpt lat="46.476218" lon="8.370266" />
      <trkpt lat="46.477651" lon="8.368603" />
      <trkpt lat="46.478225" lon="8.3685" />
      <trkpt lat="46.478739" lon="8.367761" />
      <trkpt lat="46.479146" lon="8.367731" />
      <trkpt lat="46.479656" lon="8.367289" />
      <trkpt lat="46.480168" lon="8.367128" />
      <trkpt lat="46.480521" lon="8.366824" />
      <trkpt lat="46.48242" lon="8.366638" />
      <trkpt lat="46.483162" lon="8.365689" />
      <trkpt lat="46.483578" lon="8.365357" />
      <trkpt lat="46.483939" lon="8.365136" />
      <trkpt lat="46.484406" lon="8.365147" />
      <trkpt lat="46.484947" lon="8.364883" />
      <trkpt lat="46.485655" lon="8.364035" />
      <trkpt lat="46.486926" lon="8.362937" />
      <trkpt lat="46.488044" lon="8.361339" />
      <trkpt lat="46.488625" lon="8.360249" />
      <trkpt lat="46.488738" lon="8.359642" />
      <trkpt lat="46.488409" lon="8.358493" />
      <trkpt lat="46.487687" lon="8.357283" />
      <trkpt lat="46.48812" lon="8.356629" />
      <trkpt lat="46.488678" lon="8.355028" />
      <trkpt lat="46.489323" lon="8.354333" />
      <trkpt lat="46.489847" lon="8.353328" />
      <trkpt lat="46.490422" lon="8.352835" />
      <trkpt lat="46.490726" lon="8.352154" />
      <trkpt lat="46.491492" lon="8.351083" />
      <trkpt lat="46.492347" lon="8.35045" />
      <trkpt lat="46.492814" lon="8.349629" />
      <trkpt lat="46.493302" lon="8.349125" />
      <trkpt lat="46.494153" lon="8.347877" />
      <trkpt lat="46.495223" lon="8.347203" />
      <trkpt lat="46.498875" lon="8.341942" />
      <trkpt lat="46.499622" lon="8.340694" />
      <trkpt lat="46.50018" lon="8.339223" />
      <trkpt lat="46.500672" lon="8.337128" />
      <trkpt lat="46.500679" lon="8.335425" />
      <trkpt lat="46.500392" lon="8.333998" />
      <trkpt lat="46.499259" lon="8.331586" />
      <trkpt lat="46.498941" lon="8.330029" />
      <trkpt lat="46.49913" lon="8.329763" />
      <trkpt lat="46.49959" lon="8.330005" />
      <trkpt lat="46.500338" lon="8.331248" />
      <trkpt lat="46.50067" lon="8.331" />
      <trkpt lat="46.500482" lon="8.330386" />
      <trkpt lat="46.500487" lon="8.329666" />
      <trkpt lat="46.500717" lon="8.328864" />
      <trkpt lat="46.500858" lon="8.325851" />
      <trkpt lat="46.501005" lon="8.325245" />
      <trkpt lat="46.501934" lon="8.323904" />
      <trkpt lat="46.502552" lon="8.323271" />
      <trkpt lat="46.503208" lon="8.322077" />
      <trkpt lat="46.504827" lon="8.321395" />
      <trkpt lat="46.505344" lon="8.321391" />
      <trkpt lat="46.50573" lon="8.320638" />
      <trkpt lat="46.506232" lon="8.320028" />
      <trkpt lat="46.506072" lon="8.319871" />
      <trkpt lat="46.505348" lon="8.320604" />
      <trkpt lat="46.505051" lon="8.320712" />
      <trkpt lat="46.504707" lon="8.320578" />
      <trkpt lat="46.503872" lon="8.319828" />
      <trkpt lat="46.503243" lon="8.320076" />
      <trkpt lat="46.502698" lon="8.320013" />
      <trkpt lat="46.501617" lon="8.320486" />
      <trkpt lat="46.501396" lon="8.320253" />
      <trkpt lat="46.501516" lon="8.320033" />
      <trkpt lat="46.501948" lon="8.320002" />
      <trkpt lat="46.502481" lon="8.319647" />
      <trkpt lat="46.503486" lon="8.318706" />
      <trkpt lat="46.503565" lon="8.317602" />
      <trkpt lat="46.504182" lon="8.316718" />
      <trkpt lat="46.504568" lon="8.315446" />
      <trkpt lat="46.505403" lon="8.310229" />
      <trkpt lat="46.506901" lon="8.306905" />
      <trkpt lat="46.506731" lon="8.306646" />
      <trkpt lat="46.506901" lon="8.306905" />
      <trkpt lat="46.507204" lon="8.306287" />
      <trkpt lat="46.506419" lon="8.304804" />
      <trkpt lat="46.50585" lon="8.300657" />
      <trkpt lat="46.505149" lon="8.298377" />
      <trkpt lat="46.504372" lon="8.296997" />
      <trkpt lat="46.504003" lon="8.296649" />
      <trkpt lat="46.502715" lon="8.295886" />
      <trkpt lat="46.501879" lon="8.294777" />
      <trkpt lat="46.500916" lon="8.292268" />
      <trkpt lat="46.501044" lon="8.290314" />
      <trkpt lat="46.500577" lon="8.288211" />
      <trkpt lat="46.50014" lon="8.287567" />
      <trkpt lat="46.497985" lon="8.286328" />
      <trkpt lat="46.497154" lon="8.285434" />
      <trkpt lat="46.496552" lon="8.284032" />
      <trkpt lat="46.495987" lon="8.281045" />
      <trkpt lat="46.495789" lon="8.28058" />
      <trkpt lat="46.495484" lon="8.280243" />
      <trkpt lat="46.493134" lon="8.278966" />
      <trkpt lat="46.492058" lon="8.278103" />
      <trkpt lat="46.491229" lon="8.277122" />
      <trkpt lat="46.48994" lon="8.274985" />
      <trkpt lat="46.488604" lon="8.271885" />
      <trkpt lat="46.487794" lon="8.26852" />
      <trkpt lat="46.488729" lon="8.272232" />
      <trkpt lat="46.489823" lon="8.274764" />
      <trkpt lat="46.491042" lon="8.276844" />
      <trkpt lat="46.491683" lon="8.277707" />
      <trkpt lat="46.492603" lon="8.278588" />
      <trkpt lat="46.495694" lon="8.280437" />
      <trkpt lat="46.495987" lon="8.281045" />
      <trkpt lat="46.496652" lon="8.28438" />
      <trkpt lat="46.497154" lon="8.285434" />
      <trkpt lat="46.497985" lon="8.286328" />
      <trkpt lat="46.50014" lon="8.287567" />
      <trkpt lat="46.500577" lon="8.288211" />
      <trkpt lat="46.501044" lon="8.290314" />
      <trkpt lat="46.500916" lon="8.292268" />
      <trkpt lat="46.501879" lon="8.294777" />
      <trkpt lat="46.502487" lon="8.29567" />
      <trkpt lat="46.504003" lon="8.296649" />
      <trkpt lat="46.504898" lon="8.297777" />
      <trkpt lat="46.50585" lon="8.300657" />
      <trkpt lat="46.506485" lon="8.305002" />
      <trkpt lat="46.507801" lon="8.307236" />
      <trkpt lat="46.508344" lon="8.308644" />
      <trkpt lat="46.508621" lon="8.309984" />
      <trkpt lat="46.509699" lon="8.310967" />
      <trkpt lat="46.510415" lon="8.311894" />
      <trkpt lat="46.513747" lon="8.318756" />
      <trkpt lat="46.514044" lon="8.320408" />
      <trkpt lat="46.513632" lon="8.323412" />
      <trkpt lat="46.513811" lon="8.324118" />
      <trkpt lat="46.514563" lon="8.325277" />
      <trkpt lat="46.515609" lon="8.325257" />
      <trkpt lat="46.515945" lon="8.325453" />
      <trkpt lat="46.51722" lon="8.327222" />
      <trkpt lat="46.517721" lon="8.327692" />
      <trkpt lat="46.520014" lon="8.329063" />
      <trkpt lat="46.521043" lon="8.329337" />
      <trkpt lat="46.5226" lon="8.329498" />
      <trkpt lat="46.523133" lon="8.329748" />
      <trkpt lat="46.523732" lon="8.330315" />
      <trkpt lat="46.525777" lon="8.334378" />
      <trkpt lat="46.52745" lon="8.337161" />
      <trkpt lat="46.528344" lon="8.339454" />
      <trkpt lat="46.531649" lon="8.342994" />
      <trkpt lat="46.532807" lon="8.343851" />
      <trkpt lat="46.533235" lon="8.345702" />
      <trkpt lat="46.534207" lon="8.34722" />
      <trkpt lat="46.534462" lon="8.348773" />
      <trkpt lat="46.535075" lon="8.349483" />
      <trkpt lat="46.536061" lon="8.349684" />
      <trkpt lat="46.536416" lon="8.349974" />
      <trkpt lat="46.536905" lon="8.351249" />
      <trkpt lat="46.538251" lon="8.35393" />
      <trkpt lat="46.538653" lon="8.355204" />
      <trkpt lat="46.539246" lon="8.356517" />
      <trkpt lat="46.540791" lon="8.358403" />
      <trkpt lat="46.541319" lon="8.359624" />
      <trkpt lat="46.541447" lon="8.359512" />
      <trkpt lat="46.541067" lon="8.358403" />
      <trkpt lat="46.540511" lon="8.355737" />
      <trkpt lat="46.540521" lon="8.355148" />
      <trkpt lat="46.539369" lon="8.353425" />
      <trkpt lat="46.538654" lon="8.351525" />
      <trkpt lat="46.538324" lon="8.35026" />
      <trkpt lat="46.538395" lon="8.350115" />
      <trkpt lat="46.53892" lon="8.351286" />
      <trkpt lat="46.539983" lon="8.352895" />
      <trkpt lat="46.540757" lon="8.35355" />
      <trkpt lat="46.54147" lon="8.354325" />
      <trkpt lat="46.541778" lon="8.354853" />
      <trkpt lat="46.542322" lon="8.355307" />
      <trkpt lat="46.543043" lon="8.357661" />
      <trkpt lat="46.543659" lon="8.357874" />
      <trkpt lat="46.543808" lon="8.357776" />
      <trkpt lat="46.543866" lon="8.356707" />
      <trkpt lat="46.544526" lon="8.355872" />
      <trkpt lat="46.544283" lon="8.355059" />
      <trkpt lat="46.544402" lon="8.35493" />
      <trkpt lat="46.544714" lon="8.355253" />
      <trkpt lat="46.545248" lon="8.356217" />
      <trkpt lat="46.545425" lon="8.357367" />
      <trkpt lat="46.546053" lon="8.358477" />
      <trkpt lat="46.546328" lon="8.358646" />
      <trkpt lat="46.546932" lon="8.3587" />
      <trkpt lat="46.548348" lon="8.360353" />
      <trkpt lat="46.54884" lon="8.360406" />
      <trkpt lat="46.54994" lon="8.359712" />
      <trkpt lat="46.551942" lon="8.358709" />
      <trkpt lat="46.555147" lon="8.355938" />
      <trkpt lat="46.556619" lon="8.355735" />
      <trkpt lat="46.556563" lon="8.355537" />
      <trkpt lat="46.555442" lon="8.355477" />
      <trkpt lat="46.555441" lon="8.355235" />
      <trkpt lat="46.55665" lon="8.355264" />
      <trkpt lat="46.557377" lon="8.355122" />
      <trkpt lat="46.557792" lon="8.355417" />
      <trkpt lat="46.557911" lon="8.355656" />
      <trkpt lat="46.557537" lon="8.356685" />
      <trkpt lat="46.557647" lon="8.356688" />
      <trkpt lat="46.558206" lon="8.35593" />
      <trkpt lat="46.558975" lon="8.356144" />
      <trkpt lat="46.560327" lon="8.358037" />
      <trkpt lat="46.560756" lon="8.359361" />
      <trkpt lat="46.561292" lon="8.359868" />
      <trkpt lat="46.562209" lon="8.361453" />
      <trkpt lat="46.562515" lon="8.361206" />
      <trkpt lat="46.562575" lon="8.360981" />
      <trkpt lat="46.562116" lon="8.36057" />
      <trkpt lat="46.561166" lon="8.35872" />
      <trkpt lat="46.560707" lon="8.356639" />
      <trkpt lat="46.560877" lon="8.355581" />
      <trkpt lat="46.560802" lon="8.354944" />
      <trkpt lat="46.560503" lon="8.353949" />
      <trkpt lat="46.56008" lon="8.353411" />
      <trkpt lat="46.560133" lon="8.353244" />
      <trkpt lat="46.560279" lon="8.353293" />
      <trkpt lat="46.561282" lon="8.354832" />
      <trkpt lat="46.562275" lon="8.357116" />
      <trkpt lat="46.562459" lon="8.358323" />
      <trkpt lat="46.56259" lon="8.358422" />
      <trkpt lat="46.562672" lon="8.358254" />
      <trkpt lat="46.56259" lon="8.357104" />
      <trkpt lat="46.561786" lon="8.353825" />
      <trkpt lat="46.561395" lon="8.353116" />
      <trkpt lat="46.560929" lon="8.352685" />
      <trkpt lat="46.560966" lon="8.352434" />
      <trkpt lat="46.561894" lon="8.35347" />
      <trkpt lat="46.563543" lon="8.357075" />
      <trkpt lat="46.563935" lon="8.358406" />
      <trkpt lat="46.564058" lon="8.358411" />
      <trkpt lat="46.56412" lon="8.358224" />
      <trkpt lat="46.563235" lon="8.35463" />
      <trkpt lat="46.562946" lon="8.352968" />
      <trkpt lat="46.562174" lon="8.351799" />
      <trkpt lat="46.56185" lon="8.351607" />
      <trkpt lat="46.561902" lon="8.351379" />
      <trkpt lat="46.563236" lon="8.352624" />
      <trkpt lat="46.56393" lon="8.354366" />
      <trkpt lat="46.564753" lon="8.355515" />
      <trkpt lat="46.565775" lon="8.357575" />
      <trkpt lat="46.567072" lon="8.358577" />
      <trkpt lat="46.567642" lon="8.359559" />
      <trkpt lat="46.567836" lon="8.359436" />
      <trkpt lat="46.566171" lon="8.356899" />
      <trkpt lat="46.565291" lon="8.354407" />
      <trkpt lat="46.564147" lon="8.350532" />
      <trkpt lat="46.563313" lon="8.349612" />
      <trkpt lat="46.562813" lon="8.348359" />
      <trkpt lat="46.561913" lon="8.347754" />
      <trkpt lat="46.5617" lon="8.347444" />
      <trkpt lat="46.561686" lon="8.345127" />
      <trkpt lat="46.562423" lon="8.343684" />
      <trkpt lat="46.562463" lon="8.342007" />
      <trkpt lat="46.562821" lon="8.340697" />
      <trkpt lat="46.562069" lon="8.338649" />
      <trkpt lat="46.561117" lon="8.33698" />
      <trkpt lat="46.56125" lon="8.336593" />
      <trkpt lat="46.561614" lon="8.336491" />
      <trkpt lat="46.562473" lon="8.337601" />
      <trkpt lat="46.562795" lon="8.33771" />
      <trkpt lat="46.563586" lon="8.337688" />
      <trkpt lat="46.564419" lon="8.338095" />
      <trkpt lat="46.565171" lon="8.338214" />
      <trkpt lat="46.565534" lon="8.338464" />
      <trkpt lat="46.56589" lon="8.338994" />
      <trkpt lat="46.566028" lon="8.338974" />
      <trkpt lat="46.56606" lon="8.338693" />
      <trkpt lat="46.564814" lon="8.336575" />
      <trkpt lat="46.564625" lon="8.335907" />
      <trkpt lat="46.564675" lon="8.335193" />
      <trkpt lat="46.565103" lon="8.333675" />
      <trkpt lat="46.565109" lon="8.332689" />
      <trkpt lat="46.565276" lon="8.33254" />
      <trkpt lat="46.565389" lon="8.332782" />
      <trkpt lat="46.565406" lon="8.334888" />
      <trkpt lat="46.565526" lon="8.335413" />
      <trkpt lat="46.56581" lon="8.335733" />
      <trkpt lat="46.56645" lon="8.335871" />
      <trkpt lat="46.566704" lon="8.336079" />
      <trkpt lat="46.567839" lon="8.338565" />
      <trkpt lat="46.56805" lon="8.338594" />
      <trkpt lat="46.568086" lon="8.33838" />
      <trkpt lat="46.567329" lon="8.335465" />
      <trkpt lat="46.56675" lon="8.334323" />
      <trkpt lat="46.566637" lon="8.330337" />
      <trkpt lat="46.566848" lon="8.330436" />
      <trkpt lat="46.566853" lon="8.331495" />
      <trkpt lat="46.567262" lon="8.333206" />
      <trkpt lat="46.569607" lon="8.337304" />
      <trkpt lat="46.570222" lon="8.338917" />
      <trkpt lat="46.570592" lon="8.339415" />
      <trkpt lat="46.571333" lon="8.339877" />
      <trkpt lat="46.572537" lon="8.340212" />
      <trkpt lat="46.574207" lon="8.340209" />
      <trkpt lat="46.57571" lon="8.339761" />
      <trkpt lat="46.57632" lon="8.339705" />
      <trkpt lat="46.57645" lon="8.339509" />
      <trkpt lat="46.576354" lon="8.339312" />
      <trkpt lat="46.575669" lon="8.339544" />
      <trkpt lat="46.575302" lon="8.339531" />
      <trkpt lat="46.574156" lon="8.338719" />
      <trkpt lat="46.573677" lon="8.337725" />
      <trkpt lat="46.573447" lon="8.336593" />
      <trkpt lat="46.57351" lon="8.336304" />
      <trkpt lat="46.573689" lon="8.33638" />
      <trkpt lat="46.573777" lon="8.33707" />
      <trkpt lat="46.573994" lon="8.337461" />
      <trkpt lat="46.57504" lon="8.338027" />
      <trkpt lat="46.575699" lon="8.337958" />
      <trkpt lat="46.576639" lon="8.337035" />
      <trkpt lat="46.576943" lon="8.337078" />
      <trkpt lat="46.577446" lon="8.337433" />
      <trkpt lat="46.577697" lon="8.337436" />
      <trkpt lat="46.578684" lon="8.336292" />
      <trkpt lat="46.579551" lon="8.334606" />
      <trkpt lat="46.580469" lon="8.333964" />
      <trkpt lat="46.581052" lon="8.333177" />
      <trkpt lat="46.582424" lon="8.332883" />
      <trkpt lat="46.583439" lon="8.333173" />
      <trkpt lat="46.584363" lon="8.333247" />
      <trkpt lat="46.584848" lon="8.333021" />
      <trkpt lat="46.585663" lon="8.33291" />
      <trkpt lat="46.586365" lon="8.332151" />
      <trkpt lat="46.586977" lon="8.331715" />
      <trkpt lat="46.587463" lon="8.331108" />
      <trkpt lat="46.587697" lon="8.331105" />
      <trkpt lat="46.588306" lon="8.331505" />
      <trkpt lat="46.588659" lon="8.331459" />
      <trkpt lat="46.589823" lon="8.32952" />
      <trkpt lat="46.590512" lon="8.328703" />
      <trkpt lat="46.590669" lon="8.327643" />
      <trkpt lat="46.591088" lon="8.326673" />
      <trkpt lat="46.591907" lon="8.325759" />
      <trkpt lat="46.59223" lon="8.324962" />
      <trkpt lat="46.59248" lon="8.324959" />
      <trkpt lat="46.592933" lon="8.325674" />
      <trkpt lat="46.593591" lon="8.325767" />
      <trkpt lat="46.59403" lon="8.326187" />
      <trkpt lat="46.594239" lon="8.326121" />
      <trkpt lat="46.594255" lon="8.325676" />
      <trkpt lat="46.593499" lon="8.325378" />
      <trkpt lat="46.593082" lon="8.324543" />
      <trkpt lat="46.592842" lon="8.324321" />
      <trkpt lat="46.592535" lon="8.324276" />
      <trkpt lat="46.591884" lon="8.324493" />
      <trkpt lat="46.591269" lon="8.324998" />
      <trkpt lat="46.591098" lon="8.324778" />
      <trkpt lat="46.59118" lon="8.324622" />
      <trkpt lat="46.592271" lon="8.324068" />
      <trkpt lat="46.593156" lon="8.323845" />
      <trkpt lat="46.594077" lon="8.322815" />
      <trkpt lat="46.594576" lon="8.322443" />
      <trkpt lat="46.59501" lon="8.322437" />
      <trkpt lat="46.595808" lon="8.323035" />
      <trkpt lat="46.596235" lon="8.323852" />
      <trkpt lat="46.596598" lon="8.325381" />
      <trkpt lat="46.596936" lon="8.325637" />
      <trkpt lat="46.597356" lon="8.325484" />
      <trkpt lat="46.598429" lon="8.32447" />
      <trkpt lat="46.598879" lon="8.322494" />
      <trkpt lat="46.599534" lon="8.321515" />
      <trkpt lat="46.60597" lon="8.317699" />
      <trkpt lat="46.607799" lon="8.316101" />
      <trkpt lat="46.607822" lon="8.315831" />
      <trkpt lat="46.607679" lon="8.315774" />
      <trkpt lat="46.60721" lon="8.316288" />
      <trkpt lat="46.606338" lon="8.316745" />
      <trkpt lat="46.605996" lon="8.316678" />
      <trkpt lat="46.605626" lon="8.316328" />
      <trkpt lat="46.605415" lon="8.315818" />
      <trkpt lat="46.605107" lon="8.313695" />
      <trkpt lat="46.605151" lon="8.313046" />
      <trkpt lat="46.605432" lon="8.312322" />
      <trkpt lat="46.605954" lon="8.311761" />
      <trkpt lat="46.610128" lon="8.308255" />
      <trkpt lat="46.61054" lon="8.308089" />
      <trkpt lat="46.611037" lon="8.308109" />
      <trkpt lat="46.612024" lon="8.3088" />
      <trkpt lat="46.612521" lon="8.308869" />
      <trkpt lat="46.61294" lon="8.308611" />
      <trkpt lat="46.61335" lon="8.307815" />
      <trkpt lat="46.613804" lon="8.307752" />
      <trkpt lat="46.61335" lon="8.307815" />
      <trkpt lat="46.613642" lon="8.307487" />
      <trkpt lat="46.614771" lon="8.307087" />
      <trkpt lat="46.614984" lon="8.306499" />
      <trkpt lat="46.614762" lon="8.30535" />
      <trkpt lat="46.614864" lon="8.303979" />
      <trkpt lat="46.61506" lon="8.304159" />
      <trkpt lat="46.614861" lon="8.304778" />
      <trkpt lat="46.614887" lon="8.305134" />
      <trkpt lat="46.615331" lon="8.30604" />
      <trkpt lat="46.615516" lon="8.307121" />
      <trkpt lat="46.615687" lon="8.306943" />
      <trkpt lat="46.615805" lon="8.305423" />
      <trkpt lat="46.616055" lon="8.304998" />
      <trkpt lat="46.616382" lon="8.304856" />
      <trkpt lat="46.61836" lon="8.305645" />
      <trkpt lat="46.620087" lon="8.305546" />
      <trkpt lat="46.621391" lon="8.306273" />
      <trkpt lat="46.622255" lon="8.306551" />
      <trkpt lat="46.622868" lon="8.306577" />
      <trkpt lat="46.623887" lon="8.30633" />
      <trkpt lat="46.624358" lon="8.306006" />
      <trkpt lat="46.625708" lon="8.303992" />
      <trkpt lat="46.626248" lon="8.303502" />
      <trkpt lat="46.626712" lon="8.303301" />
      <trkpt lat="46.627429" lon="8.303409" />
      <trkpt lat="46.628176" lon="8.304072" />
      <trkpt lat="46.628693" lon="8.304302" />
      <trkpt lat="46.629731" lon="8.304208" />
      <trkpt lat="46.630762" lon="8.304334" />
      <trkpt lat="46.631531" lon="8.304211" />
      <trkpt lat="46.632254" lon="8.304499" />
      <trkpt lat="46.632716" lon="8.304534" />
      <trkpt lat="46.634249" lon="8.304342" />
      <trkpt lat="46.635009" lon="8.304002" />
      <trkpt lat="46.635869" lon="8.303876" />
      <trkpt lat="46.636868" lon="8.303353" />
      <trkpt lat="46.63814" lon="8.303471" />
      <trkpt lat="46.638546" lon="8.303377" />
      <trkpt lat="46.638942" lon="8.303107" />
      <trkpt lat="46.639681" lon="8.302251" />
      <trkpt lat="46.640167" lon="8.301999" />
      <trkpt lat="46.6434" lon="8.301638" />
      <trkpt lat="46.644884" lon="8.301817" />
      <trkpt lat="46.645446" lon="8.301567" />
      <trkpt lat="46.646621" lon="8.299879" />
      <trkpt lat="46.64782" lon="8.298798" />
      <trkpt lat="46.6497" lon="8.296098" />
      <trkpt lat="46.649947" lon="8.295541" />
      <trkpt lat="46.650117" lon="8.294402" />
      <trkpt lat="46.650389" lon="8.293856" />
      <trkpt lat="46.650723" lon="8.293615" />
      <trkpt lat="46.651762" lon="8.29328" />
      <trkpt lat="46.652542" lon="8.292734" />
      <trkpt lat="46.655204" lon="8.289198" />
      <trkpt lat="46.656262" lon="8.28696" />
      <trkpt lat="46.656638" lon="8.286718" />
      <trkpt lat="46.657864" lon="8.286575" />
      <trkpt lat="46.658232" lon="8.286284" />
      <trkpt lat="46.65894" lon="8.285303" />
      <trkpt lat="46.659197" lon="8.284648" />
      <trkpt lat="46.659107" lon="8.283088" />
      <trkpt lat="46.659428" lon="8.281516" />
      <trkpt lat="46.65997" lon="8.280205" />
      <trkpt lat="46.661076" lon="8.27834" />
      <trkpt lat="46.661118" lon="8.277834" />
      <trkpt lat="46.660833" lon="8.27671" />
      <trkpt lat="46.660923" lon="8.276198" />
      <trkpt lat="46.661999" lon="8.275885" />
      <trkpt lat="46.662675" lon="8.275339" />
      <trkpt lat="46.66339" lon="8.274104" />
      <trkpt lat="46.663852" lon="8.272737" />
      <trkpt lat="46.664078" lon="8.272849" />
      <trkpt lat="46.664764" lon="8.274791" />
      <trkpt lat="46.664909" lon="8.274889" />
      <trkpt lat="46.665079" lon="8.274792" />
      <trkpt lat="46.665318" lon="8.273705" />
      <trkpt lat="46.666359" lon="8.270839" />
      <trkpt lat="46.667975" lon="8.268962" />
      <trkpt lat="46.668177" lon="8.267403" />
      <trkpt lat="46.668372" lon="8.267312" />
      <trkpt lat="46.668549" lon="8.26757" />
      <trkpt lat="46.668325" lon="8.2687" />
      <trkpt lat="46.668467" lon="8.269005" />
      <trkpt lat="46.669152" lon="8.268759" />
      <trkpt lat="46.669657" lon="8.268196" />
      <trkpt lat="46.67024" lon="8.266637" />
      <trkpt lat="46.670466" lon="8.264929" />
      <trkpt lat="46.671505" lon="8.262351" />
      <trkpt lat="46.672449" lon="8.261527" />
      <trkpt lat="46.672964" lon="8.260704" />
      <trkpt lat="46.673683" lon="8.259077" />
      <trkpt lat="46.674105" lon="8.257508" />
      <trkpt lat="46.674617" lon="8.256518" />
      <trkpt lat="46.675164" lon="8.255785" />
      <trkpt lat="46.677651" lon="8.254215" />
      <trkpt lat="46.678152" lon="8.253424" />
      <trkpt lat="46.678489" lon="8.252174" />
      <trkpt lat="46.679176" lon="8.251163" />
      <trkpt lat="46.679708" lon="8.250786" />
      <trkpt lat="46.681396" lon="8.249024" />
      <trkpt lat="46.683392" lon="8.247598" />
      <trkpt lat="46.683893" lon="8.24624" />
      <trkpt lat="46.684223" lon="8.243994" />
      <trkpt lat="46.684406" lon="8.243588" />
      <trkpt lat="46.684985" lon="8.243167" />
      <trkpt lat="46.685604" lon="8.242432" />
      <trkpt lat="46.686181" lon="8.24237" />
      <trkpt lat="46.686647" lon="8.242632" />
      <trkpt lat="46.686916" lon="8.24354" />
      <trkpt lat="46.687165" lon="8.243899" />
      <trkpt lat="46.687536" lon="8.244033" />
      <trkpt lat="46.687949" lon="8.244004" />
      <trkpt lat="46.688396" lon="8.243685" />
      <trkpt lat="46.68893" lon="8.24252" />
      <trkpt lat="46.689866" lon="8.24214" />
      <trkpt lat="46.691405" lon="8.240324" />
      <trkpt lat="46.692003" lon="8.239908" />
      <trkpt lat="46.692597" lon="8.239747" />
      <trkpt lat="46.692982" lon="8.239821" />
      <trkpt lat="46.693564" lon="8.240184" />
      <trkpt lat="46.695036" lon="8.240107" />
      <trkpt lat="46.695569" lon="8.239875" />
      <trkpt lat="46.696176" lon="8.23924" />
      <trkpt lat="46.696931" lon="8.237725" />
      <trkpt lat="46.698834" lon="8.235264" />
      <trkpt lat="46.700036" lon="8.233468" />
      <trkpt lat="46.7036" lon="8.230102" />
      <trkpt lat="46.704042" lon="8.229833" />
      <trkpt lat="46.705231" lon="8.229572" />
      <trkpt lat="46.70587" lon="8.22921" />
      <trkpt lat="46.70611" lon="8.229754" />
      <trkpt lat="46.706542" lon="8.23023" />
      <trkpt lat="46.70661" lon="8.232943" />
      <trkpt lat="46.706153" lon="8.233722" />
      <trkpt lat="46.706153" lon="8.235073" />
      <trkpt lat="46.707117" lon="8.236602" />
      <trkpt lat="46.707312" lon="8.236487" />
      <trkpt lat="46.707509" lon="8.235805" />
      <trkpt lat="46.707848" lon="8.235392" />
      <trkpt lat="46.708112" lon="8.235258" />
      <trkpt lat="46.708358" lon="8.235416" />
      <trkpt lat="46.708467" lon="8.235843" />
      <trkpt lat="46.708462" lon="8.238582" />
      <trkpt lat="46.708665" lon="8.239296" />
      <trkpt lat="46.708597" lon="8.239636" />
      <trkpt lat="46.708132" lon="8.240301" />
      <trkpt lat="46.707774" lon="8.240487" />
      <trkpt lat="46.707215" lon="8.24048" />
      <trkpt lat="46.707057" lon="8.240958" />
      <trkpt lat="46.709012" lon="8.243079" />
      <trkpt lat="46.709071" lon="8.243408" />
      <trkpt lat="46.708922" lon="8.244474" />
      <trkpt lat="46.709019" lon="8.244983" />
      <trkpt lat="46.709802" lon="8.246779" />
      <trkpt lat="46.71096" lon="8.248023" />
      <trkpt lat="46.711023" lon="8.24919" />
      <trkpt lat="46.710735" lon="8.250618" />
      <trkpt lat="46.710971" lon="8.253568" />
      <trkpt lat="46.710937" lon="8.254972" />
      <trkpt lat="46.711422" lon="8.256275" />
      <trkpt lat="46.711918" lon="8.257139" />
      <trkpt lat="46.712855" lon="8.260489" />
      <trkpt lat="46.713172" lon="8.261122" />
      <trkpt lat="46.713848" lon="8.261915" />
      <trkpt lat="46.713951" lon="8.263658" />
      <trkpt lat="46.714423" lon="8.265215" />
      <trkpt lat="46.714288" lon="8.266216" />
      <trkpt lat="46.71375" lon="8.267219" />
      <trkpt lat="46.713659" lon="8.267893" />
      <trkpt lat="46.714328" lon="8.269622" />
      <trkpt lat="46.714175" lon="8.271102" />
      <trkpt lat="46.714796" lon="8.274043" />
      <trkpt lat="46.715812" lon="8.276911" />
      <trkpt lat="46.716176" lon="8.280306" />
      <trkpt lat="46.716422" lon="8.280907" />
      <trkpt lat="46.717953" lon="8.283352" />
      <trkpt lat="46.720296" lon="8.289679" />
      <trkpt lat="46.720326" lon="8.291534" />
      <trkpt lat="46.720086" lon="8.291847" />
      <trkpt lat="46.719355" lon="8.292296" />
      <trkpt lat="46.719176" lon="8.292992" />
      <trkpt lat="46.719408" lon="8.294246" />
      <trkpt lat="46.720303" lon="8.295314" />
      <trkpt lat="46.720514" lon="8.295901" />
      <trkpt lat="46.720675" lon="8.297701" />
      <trkpt lat="46.720557" lon="8.298031" />
      <trkpt lat="46.720092" lon="8.298525" />
      <trkpt lat="46.719998" lon="8.299113" />
      <trkpt lat="46.720497" lon="8.300122" />
      <trkpt lat="46.720752" lon="8.301093" />
      <trkpt lat="46.721375" lon="8.302342" />
      <trkpt lat="46.721769" lon="8.304375" />
      <trkpt lat="46.72169" lon="8.304902" />
      <trkpt lat="46.720899" lon="8.307084" />
      <trkpt lat="46.721075" lon="8.308721" />
      <trkpt lat="46.721538" lon="8.310091" />
      <trkpt lat="46.721677" lon="8.311387" />
      <trkpt lat="46.721238" lon="8.312154" />
      <trkpt lat="46.7208" lon="8.3138" />
      <trkpt lat="46.720863" lon="8.3148" />
      <trkpt lat="46.720614" lon="8.315819" />
      <trkpt lat="46.720667" lon="8.318123" />
      <trkpt lat="46.720824" lon="8.318331" />
      <trkpt lat="46.72105" lon="8.318216" />
      <trkpt lat="46.721241" lon="8.317074" />
      <trkpt lat="46.721858" lon="8.315785" />
      <trkpt lat="46.722029" lon="8.315011" />
      <trkpt lat="46.722276" lon="8.314753" />
      <trkpt lat="46.722529" lon="8.314802" />
      <trkpt lat="46.722733" lon="8.315132" />
      <trkpt lat="46.722899" lon="8.316172" />
      <trkpt lat="46.723377" lon="8.316867" />
      <trkpt lat="46.723583" lon="8.318282" />
      <trkpt lat="46.724251" lon="8.320617" />
      <trkpt lat="46.72417" lon="8.321277" />
      <trkpt lat="46.723302" lon="8.323838" />
      <trkpt lat="46.723333" lon="8.324257" />
      <trkpt lat="46.723867" lon="8.324732" />
      <trkpt lat="46.724221" lon="8.325264" />
      <trkpt lat="46.724602" lon="8.327095" />
      <trkpt lat="46.725383" lon="8.328525" />
      <trkpt lat="46.727254" lon="8.330902" />
      <trkpt lat="46.728019" lon="8.33153" />
      <trkpt lat="46.72928" lon="8.332202" />
      <trkpt lat="46.730023" lon="8.333271" />
      <trkpt lat="46.732154" lon="8.338358" />
      <trkpt lat="46.734043" lon="8.341435" />
      <trkpt lat="46.734911" lon="8.342506" />
      <trkpt lat="46.735171" lon="8.343296" />
      <trkpt lat="46.735418" lon="8.345157" />
      <trkpt lat="46.736624" lon="8.348099" />
      <trkpt lat="46.738123" lon="8.35362" />
      <trkpt lat="46.738078" lon="8.356718" />
      <trkpt lat="46.738618" lon="8.359415" />
      <trkpt lat="46.73836" lon="8.362297" />
      <trkpt lat="46.73866" lon="8.36519" />
      <trkpt lat="46.739094" lon="8.366651" />
      <trkpt lat="46.739176" lon="8.371236" />
      <trkpt lat="46.739325" lon="8.372361" />
      <trkpt lat="46.739068" lon="8.375096" />
      <trkpt lat="46.739228" lon="8.37607" />
      <trkpt lat="46.739178" lon="8.376444" />
      <trkpt lat="46.738987" lon="8.376712" />
      <trkpt lat="46.738699" lon="8.376784" />
      <trkpt lat="46.73811" lon="8.376044" />
      <trkpt lat="46.737986" lon="8.376053" />
      <trkpt lat="46.737926" lon="8.376232" />
      <trkpt lat="46.738853" lon="8.377659" />
      <trkpt lat="46.7394" lon="8.377979" />
      <trkpt lat="46.739879" lon="8.377902" />
      <trkpt lat="46.739963" lon="8.378094" />
      <trkpt lat="46.739847" lon="8.378266" />
      <trkpt lat="46.739005" lon="8.378319" />
      <trkpt lat="46.738473" lon="8.37798" />
      <trkpt lat="46.738055" lon="8.377485" />
      <trkpt lat="46.73777" lon="8.377542" />
      <trkpt lat="46.737439" lon="8.378536" />
      <trkpt lat="46.737469" lon="8.380731" />
      <trkpt lat="46.736866" lon="8.381652" />
      <trkpt lat="46.736551" lon="8.382695" />
      <trkpt lat="46.736514" lon="8.383394" />
      <trkpt lat="46.736328" lon="8.383591" />
      <trkpt lat="46.736116" lon="8.383554" />
      <trkpt lat="46.735764" lon="8.38291" />
      <trkpt lat="46.735647" lon="8.383195" />
      <trkpt lat="46.736182" lon="8.383958" />
      <trkpt lat="46.73677" lon="8.384024" />
      <trkpt lat="46.736902" lon="8.383784" />
      <trkpt lat="46.737007" lon="8.382462" />
      <trkpt lat="46.737197" lon="8.382312" />
      <trkpt lat="46.73798" lon="8.382352" />
      <trkpt lat="46.73871" lon="8.380881" />
      <trkpt lat="46.738949" lon="8.380651" />
      <trkpt lat="46.739389" lon="8.380659" />
      <trkpt lat="46.740154" lon="8.381273" />
      <trkpt lat="46.741293" lon="8.38178" />
      <trkpt lat="46.74196" lon="8.381406" />
      <trkpt lat="46.742375" lon="8.380687" />
      <trkpt lat="46.74255" lon="8.380828" />
      <trkpt lat="46.741835" lon="8.381872" />
      <trkpt lat="46.741421" lon="8.382231" />
      <trkpt lat="46.739927" lon="8.381792" />
      <trkpt lat="46.739667" lon="8.381927" />
      <trkpt lat="46.739359" lon="8.383281" />
      <trkpt lat="46.738611" lon="8.38432" />
      <trkpt lat="46.738609" lon="8.385115" />
      <trkpt lat="46.738142" lon="8.386955" />
      <trkpt lat="46.738155" lon="8.388051" />
      <trkpt lat="46.737921" lon="8.388501" />
      <trkpt lat="46.737652" lon="8.388617" />
      <trkpt lat="46.73736" lon="8.388504" />
      <trkpt lat="46.737082" lon="8.387845" />
      <trkpt lat="46.736261" lon="8.386646" />
      <trkpt lat="46.735674" lon="8.386284" />
      <trkpt lat="46.735287" lon="8.386511" />
      <trkpt lat="46.734602" lon="8.387979" />
      <trkpt lat="46.734611" lon="8.389264" />
      <trkpt lat="46.735348" lon="8.39228" />
      <trkpt lat="46.736023" lon="8.394008" />
      <trkpt lat="46.736853" lon="8.395557" />
      <trkpt lat="46.73706" lon="8.395643" />
      <trkpt lat="46.737325" lon="8.395546" />
      <trkpt lat="46.738494" lon="8.393935" />
      <trkpt lat="46.739095" lon="8.393546" />
      <trkpt lat="46.739487" lon="8.392876" />
      <trkpt lat="46.739681" lon="8.392211" />
      <trkpt lat="46.739714" lon="8.39133" />
      <trkpt lat="46.739529" lon="8.390595" />
      <trkpt lat="46.739649" lon="8.390408" />
      <trkpt lat="46.739788" lon="8.390598" />
      <trkpt lat="46.739935" lon="8.392634" />
      <trkpt lat="46.739512" lon="8.393885" />
      <trkpt lat="46.738698" lon="8.394818" />
      <trkpt lat="46.737743" lon="8.397022" />
      <trkpt lat="46.73746" lon="8.398192" />
      <trkpt lat="46.736976" lon="8.39895" />
      <trkpt lat="46.736602" lon="8.399093" />
      <trkpt lat="46.735486" lon="8.39845" />
      <trkpt lat="46.734827" lon="8.399803" />
      <trkpt lat="46.734966" lon="8.401338" />
      <trkpt lat="46.735523" lon="8.402484" />
      <trkpt lat="46.735808" lon="8.404734" />
      <trkpt lat="46.735172" lon="8.407391" />
      <trkpt lat="46.734831" lon="8.40833" />
      <trkpt lat="46.734209" lon="8.40935" />
      <trkpt lat="46.733848" lon="8.409419" />
      <trkpt lat="46.733042" lon="8.409067" />
      <trkpt lat="46.73172" lon="8.410041" />
      <trkpt lat="46.731483" lon="8.410526" />
      <trkpt lat="46.731131" lon="8.419141" />
      <trkpt lat="46.731247" lon="8.420333" />
      <trkpt lat="46.731678" lon="8.422179" />
      <trkpt lat="46.73184" lon="8.423854" />
      <trkpt lat="46.730924" lon="8.426947" />
      <trkpt lat="46.730949" lon="8.42727" />
      <trkpt lat="46.731131" lon="8.427367" />
      <trkpt lat="46.731268" lon="8.427241" />
      <trkpt lat="46.731587" lon="8.426223" />
      <trkpt lat="46.73214" lon="8.425079" />
      <trkpt lat="46.732426" lon="8.423588" />
      <trkpt lat="46.732172" lon="8.415106" />
      <trkpt lat="46.732251" lon="8.414472" />
      <trkpt lat="46.732956" lon="8.4128" />
      <trkpt lat="46.733093" lon="8.413068" />
      <trkpt lat="46.732476" lon="8.414579" />
      <trkpt lat="46.732354" lon="8.415461" />
      <trkpt lat="46.732761" lon="8.418615" />
      <trkpt lat="46.733335" lon="8.419673" />
      <trkpt lat="46.733705" lon="8.420908" />
      <trkpt lat="46.733793" lon="8.421888" />
      <trkpt lat="46.734129" lon="8.422844" />
      <trkpt lat="46.734142" lon="8.423867" />
      <trkpt lat="46.734484" lon="8.425674" />
      <trkpt lat="46.734371" lon="8.426354" />
      <trkpt lat="46.733163" lon="8.429127" />
      <trkpt lat="46.732718" lon="8.433886" />
      <trkpt lat="46.732519" lon="8.434916" />
      <trkpt lat="46.731774" lon="8.436595" />
      <trkpt lat="46.730139" lon="8.438559" />
      <trkpt lat="46.729601" lon="8.439608" />
      <trkpt lat="46.728817" lon="8.440638" />
      <trkpt lat="46.727922" lon="8.441343" />
      <trkpt lat="46.726822" lon="8.441548" />
      <trkpt lat="46.72669" lon="8.441725" />
      <trkpt lat="46.726799" lon="8.441924" />
      <trkpt lat="46.727968" lon="8.442069" />
      <trkpt lat="46.729399" lon="8.441804" />
      <trkpt lat="46.729729" lon="8.441474" />
      <trkpt lat="46.730337" lon="8.439844" />
      <trkpt lat="46.730519" lon="8.43978" />
      <trkpt lat="46.730562" lon="8.439997" />
      <trkpt lat="46.730207" lon="8.440734" />
      <trkpt lat="46.72987" lon="8.44253" />
      <trkpt lat="46.729389" lon="8.444095" />
      <trkpt lat="46.729636" lon="8.444688" />
      <trkpt lat="46.72961" lon="8.445592" />
      <trkpt lat="46.729807" lon="8.446198" />
      <trkpt lat="46.729714" lon="8.446665" />
      <trkpt lat="46.729345" lon="8.447054" />
      <trkpt lat="46.731416" lon="8.451394" />
      <trkpt lat="46.731828" lon="8.451819" />
      <trkpt lat="46.734085" lon="8.452058" />
      <trkpt lat="46.73484" lon="8.452359" />
      <trkpt lat="46.735514" lon="8.451988" />
      <trkpt lat="46.736261" lon="8.452151" />
      <trkpt lat="46.736979" lon="8.451883" />
      <trkpt lat="46.737219" lon="8.451947" />
      <trkpt lat="46.737682" lon="8.452481" />
      <trkpt lat="46.738217" lon="8.45284" />
      <trkpt lat="46.738536" lon="8.453459" />
      <trkpt lat="46.73926" lon="8.454303" />
      <trkpt lat="46.739874" lon="8.455776" />
      <trkpt lat="46.73996" lon="8.457339" />
      <trkpt lat="46.7398" lon="8.457315" />
      <trkpt lat="46.739815" lon="8.456466" />
      <trkpt lat="46.739672" lon="8.455893" />
      <trkpt lat="46.739131" lon="8.455105" />
      <trkpt lat="46.738852" lon="8.454409" />
      <trkpt lat="46.738347" lon="8.454073" />
      <trkpt lat="46.737575" lon="8.45417" />
      <trkpt lat="46.736829" lon="8.453821" />
      <trkpt lat="46.735113" lon="8.454404" />
      <trkpt lat="46.734466" lon="8.454925" />
      <trkpt lat="46.733801" lon="8.454648" />
      <trkpt lat="46.733361" lon="8.454291" />
      <trkpt lat="46.733234" lon="8.454359" />
      <trkpt lat="46.733247" lon="8.454522" />
      <trkpt lat="46.73468" lon="8.455346" />
      <trkpt lat="46.735446" lon="8.455171" />
      <trkpt lat="46.736258" lon="8.455282" />
      <trkpt lat="46.736893" lon="8.455147" />
      <trkpt lat="46.737215" lon="8.455271" />
      <trkpt lat="46.738146" lon="8.456221" />
      <trkpt lat="46.739082" lon="8.458725" />
      <trkpt lat="46.73999" lon="8.460397" />
      <trkpt lat="46.740209" lon="8.46066" />
      <trkpt lat="46.740691" lon="8.460919" />
      <trkpt lat="46.741116" lon="8.461828" />
      <trkpt lat="46.741984" lon="8.462806" />
      <trkpt lat="46.742547" lon="8.463028" />
      <trkpt lat="46.743056" lon="8.463447" />
      <trkpt lat="46.744645" lon="8.463242" />
      <trkpt lat="46.745057" lon="8.463528" />
      <trkpt lat="46.745715" lon="8.463743" />
      <trkpt lat="46.746385" lon="8.464511" />
      <trkpt lat="46.747241" lon="8.464872" />
      <trkpt lat="46.747503" lon="8.465282" />
      <trkpt lat="46.747488" lon="8.465831" />
      <trkpt lat="46.746936" lon="8.46668" />
      <trkpt lat="46.746763" lon="8.467611" />
      <trkpt lat="46.747175" lon="8.468901" />
      <trkpt lat="46.747059" lon="8.470207" />
      <trkpt lat="46.747269" lon="8.472267" />
      <trkpt lat="46.747589" lon="8.473501" />
      <trkpt lat="46.747598" lon="8.474706" />
      <trkpt lat="46.746494" lon="8.478266" />
      <trkpt lat="46.746171" lon="8.479813" />
      <trkpt lat="46.745746" lon="8.483273" />
      <trkpt lat="46.745517" lon="8.484111" />
      <trkpt lat="46.745049" lon="8.487271" />
      <trkpt lat="46.744765" lon="8.489931" />
      <trkpt lat="46.744056" lon="8.492008" />
      <trkpt lat="46.743917" lon="8.493" />
      <trkpt lat="46.743469" lon="8.493875" />
      <trkpt lat="46.743359" lon="8.494776" />
      <trkpt lat="46.743055" lon="8.495719" />
      <trkpt lat="46.742078" lon="8.497151" />
      <trkpt lat="46.74168" lon="8.498301" />
      <trkpt lat="46.740863" lon="8.499931" />
      <trkpt lat="46.740854" lon="8.500989" />
      <trkpt lat="46.740651" lon="8.501898" />
      <trkpt lat="46.740881" lon="8.503129" />
      <trkpt lat="46.742247" lon="8.505453" />
      <trkpt lat="46.742857" lon="8.506242" />
      <trkpt lat="46.743476" lon="8.507548" />
      <trkpt lat="46.74369" lon="8.508462" />
      <trkpt lat="46.743517" lon="8.508758" />
      <trkpt lat="46.742461" lon="8.509384" />
      <trkpt lat="46.740875" lon="8.511138" />
      <trkpt lat="46.740174" lon="8.512337" />
      <trkpt lat="46.739509" lon="8.513074" />
      <trkpt lat="46.738581" lon="8.515892" />
      <trkpt lat="46.737404" lon="8.517795" />
      <trkpt lat="46.736285" lon="8.520901" />
      <trkpt lat="46.735749" lon="8.52413" />
      <trkpt lat="46.735712" lon="8.525581" />
      <trkpt lat="46.735096" lon="8.528527" />
      <trkpt lat="46.733922" lon="8.531818" />
      <trkpt lat="46.733979" lon="8.532858" />
      <trkpt lat="46.733761" lon="8.534391" />
      <trkpt lat="46.733233" lon="8.536376" />
      <trkpt lat="46.7329" lon="8.538852" />
      <trkpt lat="46.732223" lon="8.54007" />
      <trkpt lat="46.731687" lon="8.541816" />
      <trkpt lat="46.730784" lon="8.5437" />
      <trkpt lat="46.729275" lon="8.545827" />
      <trkpt lat="46.728975" lon="8.546638" />
      <trkpt lat="46.727916" lon="8.547874" />
      <trkpt lat="46.726394" lon="8.5515" />
      <trkpt lat="46.725144" lon="8.552715" />
      <trkpt lat="46.724752" lon="8.554331" />
      <trkpt lat="46.724373" lon="8.554917" />
      <trkpt lat="46.723805" lon="8.55537" />
      <trkpt lat="46.723414" lon="8.55615" />
      <trkpt lat="46.7232" lon="8.557099" />
      <trkpt lat="46.723255" lon="8.558996" />
      <trkpt lat="46.722538" lon="8.560039" />
      <trkpt lat="46.722262" lon="8.56078" />
      <trkpt lat="46.722226" lon="8.561489" />
      <trkpt lat="46.722408" lon="8.562844" />
      <trkpt lat="46.721951" lon="8.564325" />
      <trkpt lat="46.722035" lon="8.565257" />
      <trkpt lat="46.721729" lon="8.565724" />
      <trkpt lat="46.721629" lon="8.566503" />
      <trkpt lat="46.721312" lon="8.56719" />
      <trkpt lat="46.721078" lon="8.568133" />
      <trkpt lat="46.720431" lon="8.569232" />
      <trkpt lat="46.720187" lon="8.570798" />
      <trkpt lat="46.718791" lon="8.572787" />
      <trkpt lat="46.717984" lon="8.575355" />
      <trkpt lat="46.716745" lon="8.577726" />
      <trkpt lat="46.7164" lon="8.580235" />
      <trkpt lat="46.716211" lon="8.580814" />
      <trkpt lat="46.71411" lon="8.58382" />
      <trkpt lat="46.712885" lon="8.586216" />
      <trkpt lat="46.712513" lon="8.587929" />
      <trkpt lat="46.712139" lon="8.588815" />
      <trkpt lat="46.711565" lon="8.591445" />
      <trkpt lat="46.711541" lon="8.592801" />
      <trkpt lat="46.711121" lon="8.594545" />
      <trkpt lat="46.710984" lon="8.594837" />
      <trkpt lat="46.710406" lon="8.595242" />
      <trkpt lat="46.710096" lon="8.595835" />
      <trkpt lat="46.710004" lon="8.597043" />
      <trkpt lat="46.709761" lon="8.597981" />
      <trkpt lat="46.709879" lon="8.598806" />
      <trkpt lat="46.710398" lon="8.599663" />
      <trkpt lat="46.710598" lon="8.60039" />
      <trkpt lat="46.711243" lon="8.601619" />
      <trkpt lat="46.711667" lon="8.602184" />
      <trkpt lat="46.711646" lon="8.602437" />
      <trkpt lat="46.711492" lon="8.602419" />
      <trkpt lat="46.709436" lon="8.599599" />
      <trkpt lat="46.709235" lon="8.598147" />
      <trkpt lat="46.709297" lon="8.597432" />
      <trkpt lat="46.709031" lon="8.596635" />
      <trkpt lat="46.708802" lon="8.596407" />
      <trkpt lat="46.708538" lon="8.59662" />
      <trkpt lat="46.708443" lon="8.597908" />
      <trkpt lat="46.708223" lon="8.598354" />
      <trkpt lat="46.708042" lon="8.598357" />
      <trkpt lat="46.707615" lon="8.597981" />
      <trkpt lat="46.70687" lon="8.597893" />
      <trkpt lat="46.706508" lon="8.598174" />
      <trkpt lat="46.705825" lon="8.599241" />
      <trkpt lat="46.705006" lon="8.598767" />
      <trkpt lat="46.703816" lon="8.598711" />
      <trkpt lat="46.703346" lon="8.598562" />
      <trkpt lat="46.702316" lon="8.597655" />
      <trkpt lat="46.701069" lon="8.596837" />
      <trkpt lat="46.699696" lon="8.596285" />
      <trkpt lat="46.698934" lon="8.596173" />
      <trkpt lat="46.696702" lon="8.596618" />
      <trkpt lat="46.696111" lon="8.596595" />
      <trkpt lat="46.69404" lon="8.595812" />
      <trkpt lat="46.692883" lon="8.594884" />
      <trkpt lat="46.692498" lon="8.594844" />
      <trkpt lat="46.69178" lon="8.59511" />
      <trkpt lat="46.691354" lon="8.595095" />
      <trkpt lat="46.690153" lon="8.594481" />
      <trkpt lat="46.689012" lon="8.594315" />
      <trkpt lat="46.687883" lon="8.593583" />
      <trkpt lat="46.687311" lon="8.593605" />
      <trkpt lat="46.68541" lon="8.594527" />
      <trkpt lat="46.684904" lon="8.594525" />
      <trkpt lat="46.684254" lon="8.594268" />
      <trkpt lat="46.683578" lon="8.594556" />
      <trkpt lat="46.683236" lon="8.594413" />
      <trkpt lat="46.682489" lon="8.59329" />
      <trkpt lat="46.681668" lon="8.593837" />
      <trkpt lat="46.680524" lon="8.593949" />
      <trkpt lat="46.679375" lon="8.593829" />
      <trkpt lat="46.677816" lon="8.593399" />
      <trkpt lat="46.675941" lon="8.593604" />
      <trkpt lat="46.674433" lon="8.593616" />
      <trkpt lat="46.671229" lon="8.592686" />
      <trkpt lat="46.671023" lon="8.592171" />
      <trkpt lat="46.670929" lon="8.592358" />
      <trkpt lat="46.670478" lon="8.592515" />
      <trkpt lat="46.667617" lon="8.592058" />
      <trkpt lat="46.666675" lon="8.592462" />
      <trkpt lat="46.66611" lon="8.592468" />
      <trkpt lat="46.665631" lon="8.592163" />
      <trkpt lat="46.663799" lon="8.5903" />
      <trkpt lat="46.662582" lon="8.58943" />
      <trkpt lat="46.660777" lon="8.585958" />
      <trkpt lat="46.659954" lon="8.585919" />
      <trkpt lat="46.658298" lon="8.584612" />
      <trkpt lat="46.658302" lon="8.584873" />
      <trkpt lat="46.659082" lon="8.585649" />
      <trkpt lat="46.659129" lon="8.585862" />
      <trkpt lat="46.659017" lon="8.585933" />
      <trkpt lat="46.658475" lon="8.585314" />
      <trkpt lat="46.657315" lon="8.584558" />
      <trkpt lat="46.656047" lon="8.584117" />
      <trkpt lat="46.655668" lon="8.583853" />
      <trkpt lat="46.65554" lon="8.583583" />
      <trkpt lat="46.655563" lon="8.583192" />
      <trkpt lat="46.656033" lon="8.582583" />
      <trkpt lat="46.656526" lon="8.582258" />
      <trkpt lat="46.656469" lon="8.581991" />
      <trkpt lat="46.65448" lon="8.583703" />
      <trkpt lat="46.653053" lon="8.584701" />
      <trkpt lat="46.65263" lon="8.584788" />
      <trkpt lat="46.651975" lon="8.584552" />
      <trkpt lat="46.65117" lon="8.585395" />
      <trkpt lat="46.650212" lon="8.58572" />
      <trkpt lat="46.649827" lon="8.586377" />
      <trkpt lat="46.64971" lon="8.587571" />
      <trkpt lat="46.649486" lon="8.58763" />
      <trkpt lat="46.649349" lon="8.587407" />
      <trkpt lat="46.649507" lon="8.586592" />
      <trkpt lat="46.649346" lon="8.586653" />
      <trkpt lat="46.649141" lon="8.587052" />
      <trkpt lat="46.649099" lon="8.587611" />
      <trkpt lat="46.649249" lon="8.58852" />
      <trkpt lat="46.649164" lon="8.588704" />
      <trkpt lat="46.649041" lon="8.588585" />
      <trkpt lat="46.648791" lon="8.587498" />
      <trkpt lat="46.648834" lon="8.587088" />
      <trkpt lat="46.649159" lon="8.586512" />
      <trkpt lat="46.64909" lon="8.586353" />
      <trkpt lat="46.648921" lon="8.58645" />
      <trkpt lat="46.648571" lon="8.587226" />
      <trkpt lat="46.648643" lon="8.589561" />
      <trkpt lat="46.648401" lon="8.590252" />
      <trkpt lat="46.648066" lon="8.59075" />
      <trkpt lat="46.647646" lon="8.590822" />
      <trkpt lat="46.645945" lon="8.590253" />
      <trkpt lat="46.645634" lon="8.590434" />
      <trkpt lat="46.644954" lon="8.591307" />
      <trkpt lat="46.642074" lon="8.592027" />
      <trkpt lat="46.64148" lon="8.592085" />
      <trkpt lat="46.641015" lon="8.591882" />
      <trkpt lat="46.640911" lon="8.592077" />
      <trkpt lat="46.640941" lon="8.59265" />
      <trkpt lat="46.640231" lon="8.592923" />
      <trkpt lat="46.63912" lon="8.594144" />
      <trkpt lat="46.638244" lon="8.594565" />
      <trkpt lat="46.636803" lon="8.595003" />
      <trkpt lat="46.634752" lon="8.596306" />
      <trkpt lat="46.63497" lon="8.596661" />
      <trkpt lat="46.63545" lon="8.596742" />
      <trkpt lat="46.635517" lon="8.597011" />
      <trkpt lat="46.63538" lon="8.597141" />
      <trkpt lat="46.634936" lon="8.596888" />
      <trkpt lat="46.634672" lon="8.596937" />
      <trkpt lat="46.634458" lon="8.597232" />
      <trkpt lat="46.634376" lon="8.597745" />
      <trkpt lat="46.634637" lon="8.598876" />
      <trkpt lat="46.635568" lon="8.599958" />
      <trkpt lat="46.635592" lon="8.600454" />
      <trkpt lat="46.635316" lon="8.601561" />
      <trkpt lat="46.635593" lon="8.602239" />
      <trkpt lat="46.636026" lon="8.602289" />
      <trkpt lat="46.636352" lon="8.601935" />
      <trkpt lat="46.636689" lon="8.6001" />
      <trkpt lat="46.636873" lon="8.599691" />
      <trkpt lat="46.637254" lon="8.599601" />
      <trkpt lat="46.637523" lon="8.600073" />
      <trkpt lat="46.63722" lon="8.601465" />
      <trkpt lat="46.636243" lon="8.603993" />
      <trkpt lat="46.636032" lon="8.605398" />
      <trkpt lat="46.635427" lon="8.60636" />
      <trkpt lat="46.635469" lon="8.606784" />
      <trkpt lat="46.635716" lon="8.606912" />
      <trkpt lat="46.635922" lon="8.606718" />
      <trkpt lat="46.636752" lon="8.604361" />
      <trkpt lat="46.63832" lon="8.601902" />
      <trkpt lat="46.639141" lon="8.601097" />
      <trkpt lat="46.6395" lon="8.601073" />
      <trkpt lat="46.639603" lon="8.601569" />
      <trkpt lat="46.638488" lon="8.602459" />
      <trkpt lat="46.637392" lon="8.60483" />
      <trkpt lat="46.637371" lon="8.605737" />
      <trkpt lat="46.6378" lon="8.606817" />
      <trkpt lat="46.637906" lon="8.607508" />
      <trkpt lat="46.637429" lon="8.609662" />
      <trkpt lat="46.637609" lon="8.609763" />
      <trkpt lat="46.63774" lon="8.60963" />
      <trkpt lat="46.637956" lon="8.608705" />
      <trkpt lat="46.638522" lon="8.607691" />
      <trkpt lat="46.639227" lon="8.604173" />
      <trkpt lat="46.63965" lon="8.60303" />
      <trkpt lat="46.639872" lon="8.602935" />
      <trkpt lat="46.639979" lon="8.603311" />
      <trkpt lat="46.639731" lon="8.60438" />
      <trkpt lat="46.63963" lon="8.605602" />
      <trkpt lat="46.639726" lon="8.610383" />
      <trkpt lat="46.639982" lon="8.611393" />
      <trkpt lat="46.640113" lon="8.611577" />
      <trkpt lat="46.640318" lon="8.611599" />
      <trkpt lat="46.640493" lon="8.611359" />
      <trkpt lat="46.640502" lon="8.610304" />
      <trkpt lat="46.64085" lon="8.609168" />
      <trkpt lat="46.64068" lon="8.607825" />
      <trkpt lat="46.640743" lon="8.607615" />
      <trkpt lat="46.640898" lon="8.607558" />
      <trkpt lat="46.641615" lon="8.609731" />
      <trkpt lat="46.64173" lon="8.612131" />
      <trkpt lat="46.642267" lon="8.617615" />
      <trkpt lat="46.642721" lon="8.619653" />
      <trkpt lat="46.643121" lon="8.620824" />
      <trkpt lat="46.645192" lon="8.625294" />
      <trkpt lat="46.646518" lon="8.626806" />
      <trkpt lat="46.649985" lon="8.631679" />
      <trkpt lat="46.652108" lon="8.634037" />
      <trkpt lat="46.652906" lon="8.635277" />
      <trkpt lat="46.65369" lon="8.636925" />
      <trkpt lat="46.654814" lon="8.637918" />
      <trkpt lat="46.655271" lon="8.638655" />
      <trkpt lat="46.656053" lon="8.641811" />
      <trkpt lat="46.656826" lon="8.643906" />
      <trkpt lat="46.657178" lon="8.64631" />
      <trkpt lat="46.657743" lon="8.648072" />
      <trkpt lat="46.65783" lon="8.650346" />
      <trkpt lat="46.659436" lon="8.654928" />
      <trkpt lat="46.661729" lon="8.664662" />
      <trkpt lat="46.6618" lon="8.665735" />
      <trkpt lat="46.661592" lon="8.668535" />
      <trkpt lat="46.661342" lon="8.669419" />
      <trkpt lat="46.660916" lon="8.670244" />
      <trkpt lat="46.660345" lon="8.670973" />
      <trkpt lat="46.659829" lon="8.671338" />
      <trkpt lat="46.658829" lon="8.671129" />
      <trkpt lat="46.65891" lon="8.67137" />
      <trkpt lat="46.659152" lon="8.671522" />
      <trkpt lat="46.65891" lon="8.67137" />
      <trkpt lat="46.658829" lon="8.671129" />
      <trkpt lat="46.658621" lon="8.671273" />
      <trkpt lat="46.65829" lon="8.67331" />
      <trkpt lat="46.657194" lon="8.6741" />
      <trkpt lat="46.65636" lon="8.676388" />
      <trkpt lat="46.655866" lon="8.677083" />
      <trkpt lat="46.655547" lon="8.677111" />
      <trkpt lat="46.654911" lon="8.676571" />
      <trkpt lat="46.654717" lon="8.676662" />
      <trkpt lat="46.654561" lon="8.677491" />
      <trkpt lat="46.654279" lon="8.678133" />
      <trkpt lat="46.653919" lon="8.678745" />
      <trkpt lat="46.653336" lon="8.679375" />
      <trkpt lat="46.65329" lon="8.679209" />
      <trkpt lat="46.653835" lon="8.678154" />
      <trkpt lat="46.653805" lon="8.677996" />
      <trkpt lat="46.653696" lon="8.678028" />
      <trkpt lat="46.65274" lon="8.679945" />
      <trkpt lat="46.652242" lon="8.681714" />
      <trkpt lat="46.652168" lon="8.681595" />
      <trkpt lat="46.652315" lon="8.680815" />
      <trkpt lat="46.652182" lon="8.679512" />
      <trkpt lat="46.652062" lon="8.679432" />
      <trkpt lat="46.6519" lon="8.681078" />
      <trkpt lat="46.65111" lon="8.684109" />
      <trkpt lat="46.650902" lon="8.683016" />
      <trkpt lat="46.651044" lon="8.681147" />
      <trkpt lat="46.650915" lon="8.681048" />
      <trkpt lat="46.650176" lon="8.683815" />
      <trkpt lat="46.65022" lon="8.685679" />
      <trkpt lat="46.649849" lon="8.683529" />
      <trkpt lat="46.649772" lon="8.683436" />
      <trkpt lat="46.64967" lon="8.683508" />
      <trkpt lat="46.649814" lon="8.684268" />
      <trkpt lat="46.649768" lon="8.6861" />
      <trkpt lat="46.649977" lon="8.687517" />
      <trkpt lat="46.649849" lon="8.687534" />
      <trkpt lat="46.649616" lon="8.686514" />
      <trkpt lat="46.649362" lon="8.686163" />
      <trkpt lat="46.648754" lon="8.686376" />
      <trkpt lat="46.648589" lon="8.686665" />
      <trkpt lat="46.648623" lon="8.68697" />
      <trkpt lat="46.649205" lon="8.6879" />
      <trkpt lat="46.649029" lon="8.691363" />
      <trkpt lat="46.649329" lon="8.693106" />
      <trkpt lat="46.649456" lon="8.693243" />
      <trkpt lat="46.649911" lon="8.693132" />
      <trkpt lat="46.650122" lon="8.693262" />
      <trkpt lat="46.650866" lon="8.695733" />
      <trkpt lat="46.651093" lon="8.69594" />
      <trkpt lat="46.651653" lon="8.696004" />
      <trkpt lat="46.652018" lon="8.696249" />
      <trkpt lat="46.653466" lon="8.698446" />
      <trkpt lat="46.653832" lon="8.699726" />
      <trkpt lat="46.653843" lon="8.700902" />
      <trkpt lat="46.654065" lon="8.70138" />
      <trkpt lat="46.654531" lon="8.701837" />
      <trkpt lat="46.654669" lon="8.702267" />
      <trkpt lat="46.654893" lon="8.706363" />
      <trkpt lat="46.655238" lon="8.708796" />
      <trkpt lat="46.655621" lon="8.709393" />
      <trkpt lat="46.655868" lon="8.710108" />
      <trkpt lat="46.656712" lon="8.71123" />
      <trkpt lat="46.657352" lon="8.71288" />
      <trkpt lat="46.658495" lon="8.714584" />
      <trkpt lat="46.659766" lon="8.717099" />
      <trkpt lat="46.661015" lon="8.72011" />
      <trkpt lat="46.662015" lon="8.723112" />
      <trkpt lat="46.662596" lon="8.727786" />
      <trkpt lat="46.663859" lon="8.733432" />
      <trkpt lat="46.664304" lon="8.736935" />
      <trkpt lat="46.664458" lon="8.739262" />
      <trkpt lat="46.665793" lon="8.742731" />
      <trkpt lat="46.66725" lon="8.74548" />
      <trkpt lat="46.667457" lon="8.745682" />
      <trkpt lat="46.667786" lon="8.745702" />
      <trkpt lat="46.668026" lon="8.74598" />
      <trkpt lat="46.668373" lon="8.745738" />
      <trkpt lat="46.66858" lon="8.744542" />
      <trkpt lat="46.669032" lon="8.744062" />
      <trkpt lat="46.67005" lon="8.743932" />
      <trkpt lat="46.67212" lon="8.744905" />
      <trkpt lat="46.672491" lon="8.746507" />
      <trkpt lat="46.67292" lon="8.747543" />
      <trkpt lat="46.675483" lon="8.750673" />
      <trkpt lat="46.675742" lon="8.751164" />
      <trkpt lat="46.676088" lon="8.752526" />
      <trkpt lat="46.675799" lon="8.754612" />
      <trkpt lat="46.676061" lon="8.756973" />
      <trkpt lat="46.67628" lon="8.757835" />
      <trkpt lat="46.677166" lon="8.759806" />
      <trkpt lat="46.677632" lon="8.760485" />
      <trkpt lat="46.678521" lon="8.761307" />
      <trkpt lat="46.679407" lon="8.761873" />
      <trkpt lat="46.680249" lon="8.761848" />
      <trkpt lat="46.680498" lon="8.762161" />
      <trkpt lat="46.68047" lon="8.76272" />
      <trkpt lat="46.679812" lon="8.763934" />
      <trkpt lat="46.679287" lon="8.766543" />
      <trkpt lat="46.679071" lon="8.768316" />
      <trkpt lat="46.679017" lon="8.770339" />
      <trkpt lat="46.679248" lon="8.7729" />
      <trkpt lat="46.680158" lon="8.775066" />
      <trkpt lat="46.680884" lon="8.77628" />
      <trkpt lat="46.681472" lon="8.777981" />
      <trkpt lat="46.681537" lon="8.780308" />
      <trkpt lat="46.680834" lon="8.782213" />
      <trkpt lat="46.680743" lon="8.783032" />
      <trkpt lat="46.681149" lon="8.783478" />
      <trkpt lat="46.681934" lon="8.783662" />
      <trkpt lat="46.682105" lon="8.784062" />
      <trkpt lat="46.681958" lon="8.784522" />
      <trkpt lat="46.680893" lon="8.785587" />
      <trkpt lat="46.680685" lon="8.78624" />
      <trkpt lat="46.681304" lon="8.788714" />
      <trkpt lat="46.681059" lon="8.79079" />
      <trkpt lat="46.681182" lon="8.792668" />
      <trkpt lat="46.680682" lon="8.795044" />
      <trkpt lat="46.680912" lon="8.796698" />
      <trkpt lat="46.680942" lon="8.798107" />
      <trkpt lat="46.680633" lon="8.80295" />
      <trkpt lat="46.680679" lon="8.804458" />
      <trkpt lat="46.681417" lon="8.810419" />
      <trkpt lat="46.681378" lon="8.813701" />
      <trkpt lat="46.681015" lon="8.81807" />
      <trkpt lat="46.681139" lon="8.820191" />
      <trkpt lat="46.681119" lon="8.823123" />
      <trkpt lat="46.68136" lon="8.825557" />
      <trkpt lat="46.682202" lon="8.829941" />
      <trkpt lat="46.682759" lon="8.831172" />
      <trkpt lat="46.683734" lon="8.832332" />
      <trkpt lat="46.685691" lon="8.835349" />
      <trkpt lat="46.68627" lon="8.835442" />
      <trkpt lat="46.686755" lon="8.834953" />
      <trkpt lat="46.687059" lon="8.834103" />
      <trkpt lat="46.687275" lon="8.831834" />
      <trkpt lat="46.68755" lon="8.831451" />
      <trkpt lat="46.687868" lon="8.83141" />
      <trkpt lat="46.688214" lon="8.83174" />
      <trkpt lat="46.688803" lon="8.833629" />
      <trkpt lat="46.689623" lon="8.835439" />
      <trkpt lat="46.690514" lon="8.836736" />
      <trkpt lat="46.691798" lon="8.838188" />
      <trkpt lat="46.692344" lon="8.838571" />
      <trkpt lat="46.693002" lon="8.838668" />
      <trkpt lat="46.69353" lon="8.838506" />
      <trkpt lat="46.694426" lon="8.837906" />
      <trkpt lat="46.694717" lon="8.837973" />
      <trkpt lat="46.694881" lon="8.838651" />
      <trkpt lat="46.695236" lon="8.842464" />
      <trkpt lat="46.696032" lon="8.842538" />
      <trkpt lat="46.698654" lon="8.84477" />
      <trkpt lat="46.700597" lon="8.84436" />
      <trkpt lat="46.70084" lon="8.844462" />
      <trkpt lat="46.700976" lon="8.84477" />
      <trkpt lat="46.701134" lon="8.846435" />
      <trkpt lat="46.702028" lon="8.848314" />
      <trkpt lat="46.702398" lon="8.848742" />
      <trkpt lat="46.704304" lon="8.850041" />
      <trkpt lat="46.705089" lon="8.852325" />
      <trkpt lat="46.704415" lon="8.85158" />
      <trkpt lat="46.704214" lon="8.851834" />
      <trkpt lat="46.704621" lon="8.853279" />
      <trkpt lat="46.703992" lon="8.853263" />
      <trkpt lat="46.703131" lon="8.852769" />
      <trkpt lat="46.702726" lon="8.85296" />
      <trkpt lat="46.702536" lon="8.853394" />
      <trkpt lat="46.702839" lon="8.854113" />
      <trkpt lat="46.702798" lon="8.854594" />
      <trkpt lat="46.700908" lon="8.857466" />
      <trkpt lat="46.700611" lon="8.857669" />
      <trkpt lat="46.700333" lon="8.857582" />
      <trkpt lat="46.70015" lon="8.857289" />
      <trkpt lat="46.699774" lon="8.855352" />
      <trkpt lat="46.698989" lon="8.853074" />
      <trkpt lat="46.698058" lon="8.852031" />
      <trkpt lat="46.697395" lon="8.851764" />
      <trkpt lat="46.696815" lon="8.851882" />
      <trkpt lat="46.696291" lon="8.852321" />
      <trkpt lat="46.695161" lon="8.854759" />
      <trkpt lat="46.69455" lon="8.855374" />
      <trkpt lat="46.693367" lon="8.854606" />
      <trkpt lat="46.692541" lon="8.854901" />
      <trkpt lat="46.692015" lon="8.855385" />
      <trkpt lat="46.691777" lon="8.855389" />
      <trkpt lat="46.690927" lon="8.854429" />
      <trkpt lat="46.690342" lon="8.854098" />
      <trkpt lat="46.689391" lon="8.853871" />
      <trkpt lat="46.688875" lon="8.853338" />
      <trkpt lat="46.688613" lon="8.85323" />
      <trkpt lat="46.687248" lon="8.853669" />
      <trkpt lat="46.68622" lon="8.85443" />
      <trkpt lat="46.685568" lon="8.855222" />
      <trkpt lat="46.68526" lon="8.855415" />
      <trkpt lat="46.684306" lon="8.855382" />
      <trkpt lat="46.683432" lon="8.854821" />
      <trkpt lat="46.682244" lon="8.855002" />
      <trkpt lat="46.681595" lon="8.855431" />
      <trkpt lat="46.681401" lon="8.855389" />
      <trkpt lat="46.681146" lon="8.855008" />
      <trkpt lat="46.680884" lon="8.85488" />
      <trkpt lat="46.679461" lon="8.855505" />
      <trkpt lat="46.678632" lon="8.855204" />
      <trkpt lat="46.677773" lon="8.855187" />
      <trkpt lat="46.676914" lon="8.854763" />
      <trkpt lat="46.67572" lon="8.854901" />
      <trkpt lat="46.67544" lon="8.855292" />
      <trkpt lat="46.675601" lon="8.855716" />
      <trkpt lat="46.675828" lon="8.855764" />
      <trkpt lat="46.677043" lon="8.855498" />
      <trkpt lat="46.677298" lon="8.85568" />
      <trkpt lat="46.677344" lon="8.856" />
      <trkpt lat="46.677169" lon="8.856307" />
      <trkpt lat="46.676278" lon="8.856859" />
      <trkpt lat="46.675743" lon="8.858495" />
      <trkpt lat="46.67536" lon="8.858858" />
      <trkpt lat="46.675114" lon="8.858797" />
      <trkpt lat="46.674925" lon="8.858576" />
      <trkpt lat="46.674632" lon="8.857299" />
      <trkpt lat="46.674417" lon="8.857049" />
      <trkpt lat="46.674174" lon="8.857154" />
      <trkpt lat="46.672695" lon="8.858556" />
      <trkpt lat="46.672192" lon="8.858737" />
      <trkpt lat="46.669641" lon="8.858879" />
      <trkpt lat="46.668003" lon="8.858394" />
      <trkpt lat="46.666744" lon="8.858476" />
      <trkpt lat="46.665912" lon="8.858372" />
      <trkpt lat="46.664447" lon="8.857752" />
      <trkpt lat="46.663382" lon="8.857803" />
      <trkpt lat="46.66198" lon="8.856931" />
      <trkpt lat="46.660172" lon="8.856041" />
      <trkpt lat="46.657514" lon="8.853891" />
      <trkpt lat="46.655536" lon="8.853765" />
      <trkpt lat="46.654443" lon="8.853288" />
      <trkpt lat="46.65404" lon="8.852872" />
      <trkpt lat="46.653548" lon="8.851499" />
      <trkpt lat="46.653146" lon="8.851145" />
      <trkpt lat="46.651376" lon="8.851535" />
      <trkpt lat="46.650159" lon="8.851201" />
      <trkpt lat="46.649344" lon="8.851315" />
      <trkpt lat="46.647011" lon="8.85129" />
      <trkpt lat="46.645859" lon="8.850784" />
      <trkpt lat="46.644838" lon="8.849796" />
      <trkpt lat="46.643084" lon="8.849309" />
      <trkpt lat="46.642097" lon="8.848816" />
      <trkpt lat="46.641768" lon="8.848804" />
      <trkpt lat="46.641007" lon="8.849108" />
      <trkpt lat="46.640557" lon="8.849039" />
      <trkpt lat="46.640116" lon="8.848649" />
      <trkpt lat="46.639472" lon="8.847557" />
      <trkpt lat="46.638925" lon="8.847163" />
      <trkpt lat="46.63834" lon="8.847147" />
      <trkpt lat="46.636997" lon="8.847723" />
      <trkpt lat="46.636114" lon="8.847421" />
      <trkpt lat="46.635227" lon="8.847379" />
      <trkpt lat="46.634888" lon="8.847226" />
      <trkpt lat="46.634373" lon="8.846635" />
      <trkpt lat="46.633271" lon="8.843693" />
      <trkpt lat="46.630855" lon="8.838698" />
      <trkpt lat="46.630356" lon="8.838006" />
      <trkpt lat="46.629133" lon="8.836806" />
      <trkpt lat="46.628601" lon="8.836605" />
      <trkpt lat="46.628151" lon="8.836826" />
      <trkpt lat="46.626798" lon="8.838246" />
      <trkpt lat="46.62647" lon="8.838242" />
      <trkpt lat="46.626279" lon="8.838037" />
      <trkpt lat="46.62617" lon="8.837612" />
      <trkpt lat="46.626166" lon="8.836242" />
      <trkpt lat="46.626643" lon="8.834665" />
      <trkpt lat="46.626695" lon="8.834098" />
      <trkpt lat="46.626132" lon="8.830858" />
      <trkpt lat="46.625774" lon="8.830013" />
      <trkpt lat="46.62536" lon="8.82945" />
      <trkpt lat="46.624306" lon="8.828746" />
      <trkpt lat="46.623975" lon="8.828387" />
      <trkpt lat="46.622941" lon="8.825619" />
      <trkpt lat="46.622151" lon="8.824504" />
      <trkpt lat="46.62113" lon="8.823953" />
      <trkpt lat="46.619387" lon="8.823726" />
      <trkpt lat="46.614197" lon="8.822709" />
      <trkpt lat="46.612224" lon="8.822075" />
      <trkpt lat="46.610469" lon="8.821718" />
      <trkpt lat="46.608825" lon="8.820566" />
      <trkpt lat="46.605423" lon="8.819388" />
      <trkpt lat="46.604282" lon="8.818718" />
      <trkpt lat="46.602785" lon="8.817479" />
      <trkpt lat="46.601402" lon="8.817021" />
      <trkpt lat="46.600287" lon="8.815772" />
      <trkpt lat="46.599385" lon="8.81538" />
      <trkpt lat="46.598853" lon="8.814945" />
      <trkpt lat="46.597906" lon="8.813009" />
      <trkpt lat="46.597466" lon="8.812452" />
      <trkpt lat="46.596972" lon="8.812168" />
      <trkpt lat="46.595577" lon="8.811891" />
      <trkpt lat="46.594976" lon="8.811427" />
      <trkpt lat="46.593852" lon="8.809199" />
      <trkpt lat="46.592857" lon="8.807913" />
      <trkpt lat="46.59212" lon="8.806401" />
      <trkpt lat="46.591909" lon="8.80645" />
      <trkpt lat="46.591809" lon="8.806824" />
      <trkpt lat="46.59282" lon="8.808746" />
      <trkpt lat="46.592821" lon="8.809132" />
      <trkpt lat="46.59261" lon="8.809314" />
      <trkpt lat="46.592373" lon="8.809126" />
      <trkpt lat="46.591444" lon="8.807298" />
      <trkpt lat="46.590162" lon="8.805763" />
      <trkpt lat="46.589533" lon="8.805224" />
      <trkpt lat="46.588109" lon="8.804377" />
      <trkpt lat="46.586567" lon="8.803857" />
      <trkpt lat="46.581647" lon="8.803237" />
      <trkpt lat="46.580774" lon="8.802864" />
      <trkpt lat="46.578959" lon="8.801676" />
      <trkpt lat="46.577091" lon="8.801185" />
      <trkpt lat="46.574569" lon="8.801122" />
      <trkpt lat="46.573573" lon="8.801359" />
      <trkpt lat="46.57171" lon="8.801057" />
      <trkpt lat="46.568802" lon="8.801019" />
      <trkpt lat="46.567345" lon="8.800779" />
      <trkpt lat="46.565512" lon="8.801738" />
      <trkpt lat="46.564951" lon="8.8019" />
      <trkpt lat="46.564429" lon="8.801806" />
      <trkpt lat="46.563059" lon="8.800996" />
      <trkpt lat="46.562295" lon="8.800839" />
      <trkpt lat="46.560883" lon="8.800931" />
      <trkpt lat="46.559825" lon="8.801597" />
      <trkpt lat="46.559329" lon="8.801758" />
      <trkpt lat="46.557391" lon="8.801343" />
      <trkpt lat="46.55678" lon="8.801458" />
      <trkpt lat="46.553659" lon="8.803656" />
      <trkpt lat="46.553253" lon="8.804154" />
      <trkpt lat="46.55296" lon="8.80506" />
      <trkpt lat="46.552608" lon="8.809113" />
      <trkpt lat="46.5524" lon="8.809337" />
      <trkpt lat="46.551835" lon="8.809453" />
      <trkpt lat="46.551537" lon="8.809651" />
      <trkpt lat="46.549301" lon="8.812529" />
      <trkpt lat="46.548067" lon="8.815319" />
      <trkpt lat="46.547493" lon="8.817241" />
      <trkpt lat="46.546984" lon="8.81809" />
      <trkpt lat="46.546654" lon="8.818338" />
      <trkpt lat="46.545131" lon="8.81851" />
      <trkpt lat="46.543242" lon="8.819706" />
      <trkpt lat="46.542719" lon="8.820274" />
      <trkpt lat="46.541831" lon="8.821894" />
      <trkpt lat="46.541075" lon="8.8246" />
      <trkpt lat="46.540864" lon="8.827266" />
      <trkpt lat="46.539952" lon="8.828801" />
      <trkpt lat="46.539546" lon="8.830413" />
      <trkpt lat="46.537648" lon="8.834436" />
      <trkpt lat="46.537358" lon="8.835378" />
      <trkpt lat="46.536728" lon="8.835794" />
      <trkpt lat="46.536549" lon="8.836109" />
      <trkpt lat="46.536793" lon="8.837258" />
      <trkpt lat="46.536707" lon="8.838504" />
      <trkpt lat="46.535564" lon="8.841047" />
      <trkpt lat="46.535386" lon="8.841845" />
      <trkpt lat="46.535318" lon="8.843413" />
      <trkpt lat="46.534489" lon="8.846942" />
      <trkpt lat="46.534099" lon="8.847784" />
      <trkpt lat="46.533518" lon="8.848392" />
      <trkpt lat="46.531897" lon="8.849085" />
      <trkpt lat="46.528926" lon="8.849591" />
      <trkpt lat="46.52818" lon="8.849842" />
      <trkpt lat="46.526188" lon="8.849317" />
      <trkpt lat="46.525821" lon="8.849373" />
      <trkpt lat="46.52539" lon="8.84968" />
      <trkpt lat="46.524789" lon="8.850574" />
      <trkpt lat="46.523788" lon="8.852512" />
      <trkpt lat="46.523245" lon="8.85321" />
      <trkpt lat="46.521946" lon="8.855811" />
      <trkpt lat="46.520268" lon="8.857787" />
      <trkpt lat="46.518907" lon="8.860606" />
      <trkpt lat="46.517839" lon="8.864402" />
      <trkpt lat="46.517126" lon="8.865646" />
      <trkpt lat="46.516896" lon="8.8663" />
      <trkpt lat="46.516868" lon="8.867126" />
      <trkpt lat="46.517303" lon="8.872357" />
      <trkpt lat="46.517702" lon="8.875125" />
      <trkpt lat="46.517401" lon="8.877931" />
      <trkpt lat="46.516725" lon="8.880308" />
      <trkpt lat="46.516805" lon="8.881369" />
      <trkpt lat="46.517108" lon="8.881978" />
      <trkpt lat="46.517497" lon="8.88234" />
      <trkpt lat="46.519796" lon="8.883283" />
      <trkpt lat="46.521521" lon="8.884826" />
      <trkpt lat="46.52199" lon="8.885509" />
      <trkpt lat="46.522249" lon="8.886332" />
      <trkpt lat="46.522304" lon="8.887123" />
      <trkpt lat="46.521671" lon="8.890375" />
      <trkpt lat="46.5216" lon="8.891363" />
      <trkpt lat="46.522022" lon="8.894332" />
      <trkpt lat="46.522276" lon="8.895347" />
      <trkpt lat="46.522373" lon="8.898041" />
      <trkpt lat="46.522661" lon="8.898702" />
      <trkpt lat="46.522952" lon="8.899952" />
      <trkpt lat="46.523375" lon="8.900596" />
      <trkpt lat="46.523652" lon="8.900784" />
      <trkpt lat="46.524012" lon="8.900797" />
      <trkpt lat="46.5243" lon="8.900628" />
      <trkpt lat="46.524858" lon="8.899663" />
      <trkpt lat="46.525356" lon="8.899079" />
      <trkpt lat="46.525659" lon="8.898984" />
      <trkpt lat="46.525987" lon="8.899169" />
      <trkpt lat="46.526217" lon="8.899717" />
      <trkpt lat="46.526494" lon="8.902365" />
      <trkpt lat="46.526372" lon="8.903053" />
      <trkpt lat="46.526075" lon="8.903569" />
      <trkpt lat="46.525116" lon="8.904153" />
      <trkpt lat="46.52476" lon="8.90425" />
      <trkpt lat="46.523983" lon="8.904048" />
      <trkpt lat="46.523238" lon="8.904311" />
      <trkpt lat="46.522697" lon="8.904167" />
      <trkpt lat="46.522487" lon="8.90437" />
      <trkpt lat="46.522484" lon="8.904598" />
      <trkpt lat="46.522689" lon="8.904796" />
      <trkpt lat="46.523723" lon="8.904982" />
      <trkpt lat="46.524606" lon="8.904851" />
      <trkpt lat="46.524809" lon="8.905399" />
      <trkpt lat="46.524531" lon="8.905813" />
      <trkpt lat="46.522835" lon="8.906466" />
      <trkpt lat="46.52258" lon="8.906948" />
      <trkpt lat="46.523178" lon="8.908996" />
      <trkpt lat="46.523267" lon="8.909702" />
      <trkpt lat="46.523228" lon="8.910388" />
      <trkpt lat="46.522438" lon="8.913956" />
      <trkpt lat="46.52302" lon="8.917156" />
      <trkpt lat="46.522945" lon="8.917947" />
      <trkpt lat="46.52251" lon="8.919438" />
      <trkpt lat="46.522523" lon="8.921729" />
      <trkpt lat="46.52275" lon="8.923381" />
      <trkpt lat="46.522602" lon="8.924011" />
      <trkpt lat="46.52194" lon="8.925124" />
      <trkpt lat="46.521204" lon="8.928618" />
      <trkpt lat="46.520361" lon="8.93064" />
      <trkpt lat="46.519145" lon="8.932019" />
      <trkpt lat="46.518113" lon="8.933447" />
      <trkpt lat="46.516184" lon="8.934232" />
      <trkpt lat="46.515074" lon="8.934578" />
      <trkpt lat="46.514549" lon="8.934583" />
      <trkpt lat="46.514478" lon="8.934766" />
      <trkpt lat="46.51458" lon="8.93491" />
      <trkpt lat="46.51552" lon="8.93459" />
      <trkpt lat="46.519018" lon="8.934396" />
      <trkpt lat="46.519483" lon="8.934067" />
      <trkpt lat="46.520212" lon="8.932896" />
      <trkpt lat="46.520495" lon="8.932744" />
      <trkpt lat="46.521997" lon="8.93254" />
      <trkpt lat="46.523675" lon="8.931172" />
      <trkpt lat="46.524194" lon="8.9302" />
      <trkpt lat="46.524793" lon="8.927341" />
      <trkpt lat="46.525854" lon="8.925581" />
      <trkpt lat="46.526102" lon="8.923537" />
      <trkpt lat="46.526336" lon="8.923193" />
      <trkpt lat="46.526668" lon="8.923136" />
      <trkpt lat="46.526928" lon="8.923322" />
      <trkpt lat="46.527553" lon="8.924293" />
      <trkpt lat="46.527976" lon="8.925285" />
      <trkpt lat="46.527778" lon="8.93103" />
      <trkpt lat="46.527889" lon="8.933169" />
      <trkpt lat="46.52822" lon="8.934173" />
      <trkpt lat="46.529005" lon="8.934863" />
      <trkpt lat="46.529331" lon="8.935996" />
      <trkpt lat="46.529763" lon="8.936688" />
      <trkpt lat="46.529804" lon="8.938131" />
      <trkpt lat="46.529418" lon="8.938615" />
      <trkpt lat="46.528984" lon="8.938984" />
      <trkpt lat="46.528396" lon="8.939198" />
      <trkpt lat="46.528143" lon="8.939596" />
      <trkpt lat="46.525532" lon="8.940885" />
      <trkpt lat="46.524953" lon="8.940988" />
      <trkpt lat="46.524295" lon="8.940817" />
      <trkpt lat="46.522127" lon="8.939081" />
      <trkpt lat="46.520687" lon="8.938123" />
      <trkpt lat="46.520218" lon="8.938004" />
      <trkpt lat="46.519461" lon="8.93808" />
      <trkpt lat="46.519207" lon="8.938273" />
      <trkpt lat="46.518573" lon="8.939466" />
      <trkpt lat="46.518123" lon="8.939843" />
      <trkpt lat="46.517062" lon="8.940046" />
      <trkpt lat="46.516274" lon="8.939735" />
      <trkpt lat="46.515836" lon="8.939727" />
      <trkpt lat="46.514597" lon="8.940351" />
      <trkpt lat="46.512626" lon="8.942354" />
      <trkpt lat="46.510151" lon="8.943425" />
      <trkpt lat="46.507811" lon="8.945391" />
      <trkpt lat="46.506753" lon="8.945854" />
      <trkpt lat="46.504903" lon="8.94809" />
      <trkpt lat="46.50502" lon="8.946934" />
      <trkpt lat="46.504898" lon="8.946782" />
      <trkpt lat="46.504017" lon="8.948347" />
      <trkpt lat="46.503391" lon="8.948791" />
      <trkpt lat="46.503023" lon="8.949795" />
      <trkpt lat="46.502368" lon="8.950661" />
      <trkpt lat="46.499254" lon="8.95163" />
      <trkpt lat="46.498372" lon="8.952217" />
      <trkpt lat="46.497905" lon="8.952342" />
      <trkpt lat="46.497242" lon="8.952083" />
      <trkpt lat="46.495498" lon="8.950566" />
      <trkpt lat="46.494675" lon="8.95026" />
      <trkpt lat="46.490569" lon="8.94997" />
      <trkpt lat="46.487003" lon="8.951287" />
      <trkpt lat="46.484845" lon="8.951369" />
      <trkpt lat="46.48422" lon="8.951259" />
      <trkpt lat="46.479535" lon="8.948081" />
      <trkpt lat="46.478282" lon="8.946974" />
      <trkpt lat="46.477668" lon="8.945891" />
      <trkpt lat="46.476678" lon="8.945094" />
      <trkpt lat="46.47419" lon="8.943488" />
      <trkpt lat="46.472712" lon="8.942969" />
      <trkpt lat="46.471896" lon="8.942358" />
      <trkpt lat="46.471097" lon="8.942446" />
      <trkpt lat="46.469469" lon="8.94176" />
      <trkpt lat="46.469185" lon="8.941809" />
      <trkpt lat="46.468679" lon="8.9422" />
      <trkpt lat="46.468078" lon="8.941814" />
      <trkpt lat="46.466234" lon="8.941749" />
      <trkpt lat="46.465087" lon="8.941824" />
      <trkpt lat="46.463938" lon="8.942125" />
      <trkpt lat="46.463384" lon="8.942459" />
      <trkpt lat="46.462048" lon="8.941959" />
      <trkpt lat="46.461501" lon="8.942258" />
      <trkpt lat="46.460423" lon="8.942252" />
      <trkpt lat="46.458167" lon="8.942862" />
      <trkpt lat="46.457121" lon="8.942985" />
      <trkpt lat="46.456334" lon="8.942807" />
      <trkpt lat="46.455462" lon="8.942148" />
      <trkpt lat="46.455183" lon="8.941577" />
      <trkpt lat="46.454862" lon="8.940206" />
      <trkpt lat="46.454563" lon="8.939799" />
      <trkpt lat="46.453266" lon="8.940293" />
      <trkpt lat="46.452939" lon="8.940262" />
      <trkpt lat="46.45212" lon="8.939883" />
      <trkpt lat="46.451673" lon="8.939916" />
      <trkpt lat="46.450586" lon="8.94085" />
      <trkpt lat="46.44956" lon="8.941256" />
      <trkpt lat="46.448837" lon="8.941916" />
      <trkpt lat="46.447545" lon="8.942375" />
      <trkpt lat="46.446541" lon="8.942961" />
      <trkpt lat="46.444768" lon="8.944531" />
      <trkpt lat="46.44353" lon="8.946077" />
      <trkpt lat="46.443074" lon="8.947068" />
      <trkpt lat="46.442452" lon="8.949591" />
      <trkpt lat="46.441338" lon="8.950403" />
      <trkpt lat="46.439069" lon="8.95299" />
      <trkpt lat="46.436512" lon="8.956729" />
      <trkpt lat="46.430465" lon="8.967175" />
      <trkpt lat="46.430819" lon="8.967618" />
      <trkpt lat="46.429213" lon="8.970292" />
      <trkpt lat="46.428963" lon="8.970537" />
      <trkpt lat="46.428719" lon="8.970134" />
      <trkpt lat="46.428014" lon="8.970832" />
      <trkpt lat="46.426778" lon="8.972622" />
      <trkpt lat="46.426534" lon="8.973393" />
      <trkpt lat="46.426341" lon="8.974873" />
      <trkpt lat="46.425754" lon="8.975675" />
      <trkpt lat="46.424942" lon="8.976023" />
      <trkpt lat="46.423407" lon="8.975995" />
      <trkpt lat="46.421544" lon="8.977155" />
      <trkpt lat="46.419946" lon="8.977352" />
      <trkpt lat="46.418192" lon="8.978092" />
      <trkpt lat="46.417488" lon="8.978043" />
      <trkpt lat="46.414168" lon="8.976973" />
      <trkpt lat="46.411055" lon="8.977467" />
      <trkpt lat="46.41012" lon="8.977972" />
      <trkpt lat="46.408662" lon="8.980314" />
      <trkpt lat="46.40823" lon="8.980724" />
      <trkpt lat="46.407718" lon="8.980976" />
      <trkpt lat="46.403646" lon="8.982209" />
      <trkpt lat="46.402805" lon="8.982168" />
      <trkpt lat="46.400775" lon="8.981541" />
      <trkpt lat="46.399638" lon="8.981601" />
      <trkpt lat="46.398684" lon="8.98201" />
      <trkpt lat="46.396683" lon="8.983638" />
      <trkpt lat="46.394975" lon="8.984562" />
      <trkpt lat="46.388314" lon="8.986116" />
      <trkpt lat="46.387647" lon="8.986087" />
      <trkpt lat="46.38698" lon="8.985668" />
      <trkpt lat="46.382023" lon="8.980042" />
      <trkpt lat="46.381412" lon="8.978659" />
      <trkpt lat="46.379754" lon="8.973381" />
      <trkpt lat="46.378852" lon="8.971386" />
      <trkpt lat="46.378138" lon="8.970456" />
      <trkpt lat="46.377436" lon="8.970016" />
      <trkpt lat="46.375819" lon="8.969491" />
      <trkpt lat="46.374287" lon="8.968348" />
      <trkpt lat="46.372802" lon="8.967904" />
      <trkpt lat="46.372064" lon="8.967493" />
      <trkpt lat="46.371056" lon="8.966612" />
      <trkpt lat="46.368408" lon="8.963702" />
      <trkpt lat="46.366087" lon="8.961927" />
      <trkpt lat="46.364606" lon="8.961156" />
      <trkpt lat="46.360144" lon="8.959275" />
      <trkpt lat="46.35895" lon="8.958498" />
      <trkpt lat="46.358659" lon="8.958081" />
      <trkpt lat="46.358346" lon="8.958161" />
      <trkpt lat="46.356858" lon="8.957531" />
      <trkpt lat="46.354917" lon="8.957075" />
      <trkpt lat="46.354704" lon="8.956836" />
      <trkpt lat="46.354639" lon="8.956451" />
      <trkpt lat="46.354743" lon="8.956129" />
      <trkpt lat="46.354961" lon="8.955946" />
      <trkpt lat="46.355308" lon="8.95608" />
      <trkpt lat="46.355448" lon="8.956584" />
      <trkpt lat="46.354986" lon="8.957551" />
      <trkpt lat="46.351767" lon="8.961044" />
      <trkpt lat="46.348159" lon="8.96427" />
      <trkpt lat="46.342908" lon="8.968254" />
      <trkpt lat="46.33056" lon="8.976915" />
      <trkpt lat="46.327557" lon="8.978814" />
      <trkpt lat="46.325381" lon="8.97981" />
      <trkpt lat="46.32285" lon="8.980573" />
      <trkpt lat="46.320352" lon="8.980974" />
      <trkpt lat="46.31391" lon="8.981579" />
      <trkpt lat="46.311424" lon="8.982012" />
      <trkpt lat="46.309483" lon="8.982514" />
      <trkpt lat="46.306411" lon="8.983737" />
      <trkpt lat="46.300153" lon="8.987356" />
      <trkpt lat="46.29684" lon="8.988885" />
      <trkpt lat="46.294316" lon="8.989795" />
      <trkpt lat="46.279856" lon="8.994356" />
      <trkpt lat="46.27844" lon="8.994982" />
      <trkpt lat="46.276362" lon="8.996188" />
      <trkpt lat="46.273386" lon="8.998548" />
      <trkpt lat="46.271191" lon="9.000898" />
      <trkpt lat="46.267182" lon="9.006114" />
      <trkpt lat="46.265539" lon="9.007596" />
      <trkpt lat="46.264235" lon="9.008442" />
      <trkpt lat="46.262311" lon="9.009259" />
      <trkpt lat="46.260816" lon="9.009573" />
      <trkpt lat="46.259379" lon="9.009643" />
      <trkpt lat="46.255795" lon="9.00937" />
      <trkpt lat="46.253396" lon="9.009657" />
      <trkpt lat="46.25099" lon="9.010464" />
      <trkpt lat="46.248122" lon="9.012006" />
      <trkpt lat="46.246117" lon="9.013444" />
      <trkpt lat="46.244598" lon="9.01478" />
      <trkpt lat="46.242438" lon="9.017278" />
      <trkpt lat="46.240542" lon="9.020257" />
      <trkpt lat="46.238244" lon="9.025109" />
      <trkpt lat="46.236944" lon="9.027413" />
      <trkpt lat="46.235317" lon="9.029559" />
      <trkpt lat="46.233549" lon="9.031261" />
      <trkpt lat="46.231621" lon="9.032569" />
      <trkpt lat="46.22943" lon="9.033498" />
      <trkpt lat="46.224359" lon="9.03455" />
      <trkpt lat="46.221453" lon="9.034983" />
      <trkpt lat="46.220748" lon="9.035516" />
      <trkpt lat="46.219133" lon="9.037531" />
      <trkpt lat="46.217929" lon="9.038505" />
      <trkpt lat="46.217574" lon="9.038628" />
      <trkpt lat="46.217272" lon="9.038514" />
      <trkpt lat="46.217087" lon="9.038194" />
      <trkpt lat="46.217077" lon="9.037793" />
      <trkpt lat="46.217255" lon="9.037426" />
      <trkpt lat="46.217598" lon="9.037312" />
      <trkpt lat="46.218204" lon="9.037435" />
      <trkpt lat="46.218978" lon="9.037864" />
      <trkpt lat="46.219892" lon="9.038826" />
      <trkpt lat="46.220686" lon="9.040486" />
      <trkpt lat="46.221196" lon="9.042598" />
      <trkpt lat="46.221683" lon="9.048063" />
      <trkpt lat="46.22231" lon="9.051247" />
      <trkpt lat="46.227269" lon="9.066517" />
      <trkpt lat="46.227618" lon="9.068291" />
      <trkpt lat="46.22802" lon="9.0715" />
      <trkpt lat="46.228361" lon="9.072893" />
      <trkpt lat="46.230917" lon="9.078877" />
      <trkpt lat="46.231556" lon="9.081426" />
      <trkpt lat="46.231622" lon="9.084054" />
      <trkpt lat="46.230973" lon="9.089537" />
      <trkpt lat="46.230888" lon="9.091666" />
      <trkpt lat="46.231812" lon="9.101944" />
      <trkpt lat="46.231873" lon="9.105347" />
      <trkpt lat="46.231492" lon="9.108424" />
      <trkpt lat="46.228499" lon="9.12373" />
      <trkpt lat="46.228354" lon="9.12677" />
      <trkpt lat="46.228758" lon="9.130042" />
      <trkpt lat="46.22937" lon="9.132132" />
      <trkpt lat="46.230153" lon="9.133924" />
      <trkpt lat="46.230828" lon="9.135074" />
      <trkpt lat="46.232046" lon="9.136602" />
      <trkpt lat="46.233026" lon="9.137496" />
      <trkpt lat="46.234048" lon="9.138194" />
      <trkpt lat="46.240064" lon="9.141341" />
      <trkpt lat="46.241457" lon="9.142503" />
      <trkpt lat="46.242359" lon="9.14353" />
      <trkpt lat="46.243674" lon="9.145686" />
      <trkpt lat="46.245813" lon="9.150376" />
      <trkpt lat="46.247227" lon="9.152899" />
      <trkpt lat="46.248556" lon="9.154662" />
      <trkpt lat="46.251468" lon="9.157807" />
      <trkpt lat="46.25301" lon="9.159337" />
      <trkpt lat="46.254101" lon="9.160229" />
      <trkpt lat="46.266521" lon="9.168507" />
      <trkpt lat="46.267524" lon="9.169304" />
      <trkpt lat="46.268527" lon="9.17056" />
      <trkpt lat="46.269955" lon="9.173389" />
      <trkpt lat="46.270548" lon="9.174111" />
      <trkpt lat="46.271354" lon="9.174771" />
      <trkpt lat="46.272229" lon="9.17524" />
      <trkpt lat="46.273349" lon="9.1756" />
      <trkpt lat="46.275951" lon="9.175742" />
      <trkpt lat="46.277064" lon="9.176031" />
      <trkpt lat="46.27791" lon="9.176556" />
      <trkpt lat="46.280135" lon="9.178588" />
      <trkpt lat="46.281882" lon="9.179515" />
      <trkpt lat="46.291458" lon="9.181521" />
      <trkpt lat="46.292542" lon="9.181909" />
      <trkpt lat="46.293521" lon="9.182431" />
      <trkpt lat="46.294501" lon="9.183222" />
      <trkpt lat="46.298163" lon="9.187358" />
      <trkpt lat="46.300322" lon="9.189353" />
      <trkpt lat="46.315215" lon="9.201283" />
      <trkpt lat="46.322603" lon="9.20684" />
      <trkpt lat="46.323941" lon="9.207625" />
      <trkpt lat="46.325438" lon="9.208212" />
      <trkpt lat="46.327301" lon="9.208602" />
      <trkpt lat="46.33088" lon="9.208821" />
      <trkpt lat="46.331969" lon="9.209238" />
      <trkpt lat="46.332701" lon="9.209708" />
      <trkpt lat="46.333487" lon="9.210377" />
      <trkpt lat="46.33488" lon="9.211923" />
      <trkpt lat="46.338552" lon="9.216501" />
      <trkpt lat="46.339674" lon="9.21746" />
      <trkpt lat="46.340846" lon="9.217912" />
      <trkpt lat="46.341835" lon="9.21795" />
      <trkpt lat="46.342758" lon="9.217709" />
      <trkpt lat="46.345184" lon="9.216685" />
      <trkpt lat="46.346583" lon="9.216408" />
      <trkpt lat="46.348251" lon="9.216516" />
      <trkpt lat="46.34944" lon="9.216867" />
      <trkpt lat="46.351205" lon="9.217872" />
      <trkpt lat="46.353536" lon="9.21989" />
      <trkpt lat="46.354491" lon="9.220528" />
      <trkpt lat="46.355376" lon="9.220889" />
      <trkpt lat="46.357668" lon="9.221396" />
      <trkpt lat="46.358724" lon="9.221952" />
      <trkpt lat="46.359845" lon="9.223019" />
      <trkpt lat="46.361849" lon="9.225913" />
      <trkpt lat="46.362687" lon="9.22659" />
      <trkpt lat="46.363967" lon="9.227094" />
      <trkpt lat="46.365401" lon="9.227288" />
      <trkpt lat="46.366892" lon="9.227132" />
      <trkpt lat="46.368608" lon="9.226498" />
      <trkpt lat="46.370904" lon="9.225039" />
      <trkpt lat="46.371734" lon="9.224871" />
      <trkpt lat="46.372563" lon="9.225046" />
      <trkpt lat="46.373354" lon="9.225549" />
      <trkpt lat="46.374526" lon="9.226825" />
      <trkpt lat="46.37592" lon="9.227843" />
      <trkpt lat="46.377834" lon="9.230003" />
      <trkpt lat="46.382461" lon="9.232837" />
      <trkpt lat="46.382609" lon="9.233251" />
      <trkpt lat="46.382382" lon="9.233534" />
      <trkpt lat="46.382185" lon="9.233318" />
      <trkpt lat="46.382199" lon="9.232975" />
      <trkpt lat="46.382824" lon="9.232414" />
      <trkpt lat="46.38336" lon="9.232726" />
      <trkpt lat="46.383909" lon="9.232852" />
      <trkpt lat="46.384502" lon="9.232577" />
      <trkpt lat="46.384902" lon="9.23299" />
      <trkpt lat="46.385687" lon="9.23326" />
      <trkpt lat="46.386629" lon="9.233334" />
      <trkpt lat="46.387958" lon="9.233926" />
      <trkpt lat="46.389347" lon="9.233148" />
      <trkpt lat="46.390169" lon="9.23322" />
      <trkpt lat="46.391408" lon="9.233035" />
      <trkpt lat="46.395737" lon="9.231343" />
      <trkpt lat="46.396811" lon="9.230377" />
      <trkpt lat="46.397995" lon="9.2303" />
      <trkpt lat="46.398522" lon="9.229881" />
      <trkpt lat="46.398757" lon="9.229971" />
      <trkpt lat="46.398966" lon="9.230801" />
      <trkpt lat="46.399369" lon="9.230851" />
      <trkpt lat="46.39977" lon="9.230631" />
      <trkpt lat="46.399949" lon="9.230366" />
      <trkpt lat="46.399929" lon="9.228656" />
      <trkpt lat="46.400168" lon="9.227602" />
      <trkpt lat="46.400394" lon="9.227285" />
      <trkpt lat="46.400688" lon="9.2274" />
      <trkpt lat="46.400879" lon="9.228127" />
      <trkpt lat="46.401422" lon="9.228893" />
      <trkpt lat="46.401516" lon="9.228745" />
      <trkpt lat="46.401189" lon="9.228131" />
      <trkpt lat="46.401236" lon="9.227973" />
      <trkpt lat="46.40181" lon="9.228763" />
      <trkpt lat="46.402437" lon="9.228637" />
      <trkpt lat="46.403253" lon="9.228827" />
      <trkpt lat="46.403248" lon="9.228621" />
      <trkpt lat="46.401895" lon="9.228102" />
      <trkpt lat="46.401982" lon="9.227983" />
      <trkpt lat="46.402425" lon="9.228021" />
      <trkpt lat="46.40393" lon="9.22871" />
      <trkpt lat="46.404592" lon="9.228597" />
      <trkpt lat="46.406052" lon="9.229723" />
      <trkpt lat="46.406944" lon="9.229862" />
      <trkpt lat="46.409302" lon="9.228401" />
      <trkpt lat="46.410544" lon="9.228426" />
      <trkpt lat="46.410908" lon="9.229048" />
      <trkpt lat="46.410704" lon="9.227979" />
      <trkpt lat="46.410516" lon="9.227753" />
      <trkpt lat="46.41002" lon="9.227645" />
      <trkpt lat="46.410099" lon="9.227529" />
      <trkpt lat="46.410553" lon="9.2275" />
      <trkpt lat="46.410903" lon="9.227692" />
      <trkpt lat="46.411715" lon="9.227781" />
      <trkpt lat="46.411678" lon="9.227617" />
      <trkpt lat="46.41101" lon="9.227307" />
      <trkpt lat="46.411019" lon="9.227136" />
      <trkpt lat="46.411298" lon="9.227239" />
      <trkpt lat="46.412104" lon="9.227104" />
      <trkpt lat="46.412556" lon="9.227216" />
      <trkpt lat="46.413935" lon="9.226471" />
      <trkpt lat="46.414571" lon="9.226779" />
      <trkpt lat="46.414685" lon="9.226724" />
      <trkpt lat="46.414711" lon="9.226501" />
      <trkpt lat="46.414499" lon="9.226293" />
      <trkpt lat="46.414112" lon="9.226076" />
      <trkpt lat="46.413575" lon="9.226089" />
      <trkpt lat="46.413607" lon="9.225885" />
      <trkpt lat="46.414984" lon="9.225757" />
      <trkpt lat="46.415819" lon="9.225304" />
      <trkpt lat="46.416047" lon="9.22575" />
      <trkpt lat="46.416735" lon="9.226047" />
      <trkpt lat="46.417429" lon="9.226006" />
      <trkpt lat="46.418371" lon="9.226238" />
      <trkpt lat="46.419219" lon="9.225608" />
      <trkpt lat="46.420154" lon="9.225443" />
      <trkpt lat="46.421287" lon="9.225427" />
      <trkpt lat="46.423626" lon="9.224446" />
      <trkpt lat="46.426422" lon="9.223865" />
      <trkpt lat="46.426688" lon="9.223562" />
      <trkpt lat="46.427135" lon="9.222542" />
      <trkpt lat="46.427807" lon="9.219426" />
      <trkpt lat="46.428462" lon="9.21833" />
      <trkpt lat="46.429403" lon="9.216159" />
      <trkpt lat="46.429808" lon="9.215504" />
      <trkpt lat="46.431863" lon="9.213693" />
      <trkpt lat="46.431917" lon="9.213874" />
      <trkpt lat="46.431551" lon="9.215324" />
      <trkpt lat="46.432374" lon="9.214472" />
      <trkpt lat="46.432502" lon="9.214544" />
      <trkpt lat="46.432056" lon="9.2163" />
      <trkpt lat="46.432414" lon="9.215838" />
      <trkpt lat="46.433571" lon="9.215193" />
      <trkpt lat="46.433992" lon="9.214587" />
      <trkpt lat="46.434185" lon="9.214495" />
      <trkpt lat="46.434825" lon="9.21445" />
      <trkpt lat="46.434942" lon="9.214609" />
      <trkpt lat="46.434431" lon="9.215934" />
      <trkpt lat="46.434803" lon="9.215704" />
      <trkpt lat="46.43556" lon="9.2158" />
      <trkpt lat="46.435674" lon="9.215618" />
      <trkpt lat="46.43572" lon="9.214272" />
      <trkpt lat="46.435523" lon="9.213192" />
      <trkpt lat="46.435311" lon="9.213056" />
      <trkpt lat="46.434717" lon="9.21326" />
      <trkpt lat="46.434669" lon="9.213105" />
      <trkpt lat="46.435556" lon="9.212768" />
      <trkpt lat="46.435951" lon="9.212869" />
      <trkpt lat="46.436543" lon="9.212749" />
      <trkpt lat="46.437565" lon="9.212115" />
      <trkpt lat="46.4375" lon="9.211941" />
      <trkpt lat="46.436777" lon="9.212312" />
      <trkpt lat="46.436463" lon="9.212331" />
      <trkpt lat="46.43599" lon="9.21196" />
      <trkpt lat="46.435724" lon="9.212027" />
      <trkpt lat="46.435667" lon="9.211939" />
      <trkpt lat="46.435732" lon="9.211809" />
      <trkpt lat="46.436099" lon="9.211723" />
      <trkpt lat="46.436501" lon="9.211999" />
      <trkpt lat="46.43676" lon="9.21199" />
      <trkpt lat="46.437874" lon="9.211014" />
      <trkpt lat="46.437775" lon="9.210874" />
      <trkpt lat="46.436993" lon="9.211436" />
      <trkpt lat="46.436822" lon="9.211369" />
      <trkpt lat="46.436991" lon="9.210705" />
      <trkpt lat="46.437395" lon="9.210325" />
      <trkpt lat="46.437568" lon="9.20947" />
      <trkpt lat="46.437467" lon="9.207324" />
      <trkpt lat="46.437346" lon="9.207387" />
      <trkpt lat="46.437179" lon="9.209483" />
      <trkpt lat="46.437117" lon="9.208285" />
      <trkpt lat="46.436541" lon="9.207632" />
      <trkpt lat="46.436633" lon="9.207139" />
      <trkpt lat="46.435801" lon="9.20819" />
      <trkpt lat="46.435358" lon="9.207481" />
      <trkpt lat="46.435131" lon="9.206532" />
      <trkpt lat="46.434633" lon="9.205781" />
      <trkpt lat="46.434274" lon="9.205563" />
      <trkpt lat="46.434294" lon="9.205397" />
      <trkpt lat="46.435191" lon="9.205592" />
      <trkpt lat="46.436045" lon="9.205336" />
      <trkpt lat="46.436001" lon="9.20509" />
      <trkpt lat="46.435562" lon="9.204961" />
      <trkpt lat="46.434999" lon="9.204981" />
      <trkpt lat="46.434951" lon="9.204807" />
      <trkpt lat="46.436187" lon="9.204008" />
      <trkpt lat="46.437519" lon="9.203801" />
      <trkpt lat="46.438043" lon="9.203279" />
      <trkpt lat="46.439447" lon="9.203503" />
      <trkpt lat="46.440503" lon="9.203061" />
      <trkpt lat="46.441279" lon="9.203039" />
      <trkpt lat="46.444413" lon="9.201692" />
      <trkpt lat="46.446683" lon="9.201081" />
      <trkpt lat="46.447218" lon="9.200531" />
      <trkpt lat="46.447403" lon="9.200617" />
      <trkpt lat="46.447734" lon="9.20127" />
      <trkpt lat="46.448581" lon="9.200461" />
      <trkpt lat="46.451935" lon="9.199216" />
      <trkpt lat="46.452717" lon="9.199031" />
      <trkpt lat="46.455201" lon="9.197925" />
      <trkpt lat="46.457348" lon="9.195662" />
      <trkpt lat="46.458746" lon="9.193519" />
      <trkpt lat="46.459396" lon="9.193126" />
      <trkpt lat="46.460007" lon="9.19325" />
      <trkpt lat="46.460723" lon="9.192984" />
      <trkpt lat="46.462744" lon="9.191852" />
      <trkpt lat="46.463148" lon="9.190948" />
      <trkpt lat="46.462786" lon="9.189962" />
      <trkpt lat="46.462795" lon="9.188514" />
      <trkpt lat="46.463285" lon="9.187886" />
      <trkpt lat="46.464026" lon="9.187759" />
      <trkpt lat="46.464299" lon="9.187572" />
      <trkpt lat="46.46485" lon="9.186685" />
      <trkpt lat="46.465399" lon="9.185432" />
      <trkpt lat="46.465558" lon="9.185558" />
      <trkpt lat="46.465408" lon="9.186278" />
      <trkpt lat="46.465467" lon="9.186842" />
      <trkpt lat="46.465878" lon="9.187159" />
      <trkpt lat="46.466697" lon="9.187414" />
      <trkpt lat="46.467393" lon="9.187142" />
      <trkpt lat="46.46808" lon="9.186585" />
      <trkpt lat="46.46889" lon="9.186385" />
      <trkpt lat="46.469393" lon="9.186398" />
      <trkpt lat="46.469392" lon="9.186272" />
      <trkpt lat="46.469107" lon="9.186215" />
      <trkpt lat="46.469072" lon="9.186088" />
      <trkpt lat="46.469619" lon="9.185601" />
      <trkpt lat="46.470223" lon="9.183135" />
      <trkpt lat="46.471058" lon="9.181992" />
      <trkpt lat="46.471478" lon="9.180493" />
      <trkpt lat="46.472216" lon="9.180411" />
      <trkpt lat="46.472713" lon="9.180631" />
      <trkpt lat="46.473151" lon="9.18043" />
      <trkpt lat="46.473311" lon="9.180473" />
      <trkpt lat="46.473349" lon="9.180851" />
      <trkpt lat="46.472632" lon="9.182245" />
      <trkpt lat="46.472805" lon="9.182328" />
      <trkpt lat="46.47343" lon="9.18152" />
      <trkpt lat="46.473574" lon="9.181703" />
      <trkpt lat="46.473815" lon="9.18271" />
      <trkpt lat="46.474034" lon="9.182754" />
      <trkpt lat="46.474025" lon="9.181847" />
      <trkpt lat="46.474171" lon="9.181727" />
      <trkpt lat="46.474459" lon="9.181885" />
      <trkpt lat="46.474555" lon="9.181799" />
      <trkpt lat="46.474286" lon="9.180964" />
      <trkpt lat="46.474909" lon="9.181293" />
      <trkpt lat="46.475152" lon="9.18129" />
      <trkpt lat="46.475563" lon="9.181013" />
      <trkpt lat="46.475968" lon="9.180384" />
      <trkpt lat="46.475961" lon="9.179624" />
      <trkpt lat="46.476519" lon="9.178006" />
      <trkpt lat="46.476377" lon="9.177085" />
      <trkpt lat="46.476496" lon="9.177104" />
      <trkpt lat="46.476919" lon="9.177966" />
      <trkpt lat="46.476858" lon="9.176789" />
      <trkpt lat="46.476984" lon="9.176402" />
      <trkpt lat="46.479814" lon="9.172889" />
      <trkpt lat="46.481111" lon="9.171998" />
      <trkpt lat="46.482376" lon="9.170872" />
      <trkpt lat="46.483161" lon="9.169783" />
      <trkpt lat="46.483219" lon="9.16996" />
      <trkpt lat="46.482455" lon="9.171388" />
      <trkpt lat="46.481941" lon="9.171901" />
      <trkpt lat="46.481675" lon="9.172397" />
      <trkpt lat="46.481889" lon="9.172542" />
      <trkpt lat="46.482362" lon="9.172282" />
      <trkpt lat="46.482446" lon="9.172349" />
      <trkpt lat="46.482254" lon="9.174442" />
      <trkpt lat="46.482507" lon="9.174156" />
      <trkpt lat="46.482819" lon="9.173297" />
      <trkpt lat="46.483667" lon="9.172638" />
      <trkpt lat="46.483214" lon="9.173611" />
      <trkpt lat="46.483339" lon="9.174185" />
      <trkpt lat="46.483545" lon="9.174181" />
      <trkpt lat="46.484481" lon="9.173287" />
      <trkpt lat="46.484679" lon="9.172939" />
      <trkpt lat="46.48487" lon="9.171422" />
      <trkpt lat="46.484795" lon="9.170762" />
      <trkpt lat="46.485385" lon="9.171598" />
      <trkpt lat="46.485106" lon="9.170457" />
      <trkpt lat="46.485217" lon="9.170484" />
      <trkpt lat="46.48551" lon="9.171157" />
      <trkpt lat="46.486315" lon="9.170139" />
      <trkpt lat="46.486432" lon="9.16974" />
      <trkpt lat="46.486388" lon="9.168852" />
      <trkpt lat="46.486628" lon="9.168249" />
      <trkpt lat="46.486946" lon="9.168421" />
      <trkpt lat="46.487352" lon="9.168426" />
      <trkpt lat="46.487651" lon="9.16878" />
      <trkpt lat="46.487682" lon="9.168984" />
      <trkpt lat="46.487467" lon="9.169457" />
      <trkpt lat="46.487417" lon="9.170327" />
      <trkpt lat="46.487639" lon="9.170889" />
      <trkpt lat="46.488049" lon="9.171112" />
      <trkpt lat="46.491603" lon="9.170553" />
      <trkpt lat="46.491988" lon="9.170401" />
      <trkpt lat="46.492876" lon="9.169502" />
      <trkpt lat="46.493625" lon="9.169581" />
      <trkpt lat="46.494568" lon="9.169157" />
      <trkpt lat="46.494939" lon="9.169191" />
      <trkpt lat="46.49592" lon="9.170647" />
      <trkpt lat="46.497261" lon="9.171194" />
      <trkpt lat="46.497753" lon="9.170991" />
      <trkpt lat="46.498007" lon="9.171261" />
      <trkpt lat="46.498114" lon="9.172563" />
      <trkpt lat="46.496955" lon="9.174423" />
      <trkpt lat="46.496977" lon="9.174571" />
      <trkpt lat="46.498938" lon="9.175653" />
      <trkpt lat="46.500916" lon="9.177256" />
      <trkpt lat="46.50261" lon="9.178025" />
      <trkpt lat="46.503407" lon="9.178731" />
      <trkpt lat="46.504328" lon="9.178868" />
      <trkpt lat="46.504967" lon="9.178693" />
      <trkpt lat="46.505416" lon="9.178708" />
      <trkpt lat="46.505871" lon="9.179017" />
      <trkpt lat="46.506829" lon="9.17911" />
      <trkpt lat="46.50684" lon="9.179233" />
      <trkpt lat="46.506456" lon="9.179368" />
      <trkpt lat="46.506426" lon="9.179521" />
      <trkpt lat="46.507465" lon="9.179396" />
      <trkpt lat="46.507381" lon="9.180001" />
      <trkpt lat="46.507615" lon="9.179625" />
      <trkpt lat="46.507952" lon="9.179461" />
      <trkpt lat="46.50924" lon="9.179791" />
      <trkpt lat="46.509163" lon="9.179954" />
      <trkpt lat="46.50877" lon="9.179913" />
      <trkpt lat="46.50916" lon="9.180169" />
      <trkpt lat="46.50999" lon="9.18008" />
      <trkpt lat="46.510023" lon="9.180208" />
      <trkpt lat="46.509796" lon="9.180308" />
      <trkpt lat="46.50979" lon="9.180429" />
      <trkpt lat="46.511494" lon="9.181475" />
      <trkpt lat="46.513299" lon="9.181754" />
      <trkpt lat="46.514513" lon="9.183076" />
      <trkpt lat="46.515322" lon="9.18202" />
      <trkpt lat="46.514765" lon="9.183321" />
      <trkpt lat="46.514814" lon="9.183676" />
      <trkpt lat="46.515119" lon="9.183853" />
      <trkpt lat="46.515706" lon="9.183917" />
      <trkpt lat="46.516379" lon="9.184359" />
      <trkpt lat="46.516958" lon="9.184328" />
      <trkpt lat="46.517281" lon="9.1846" />
      <trkpt lat="46.518035" lon="9.185702" />
      <trkpt lat="46.518344" lon="9.186484" />
      <trkpt lat="46.51874" lon="9.186941" />
      <trkpt lat="46.519147" lon="9.188099" />
      <trkpt lat="46.519811" lon="9.188984" />
      <trkpt lat="46.520225" lon="9.189995" />
      <trkpt lat="46.52005" lon="9.189059" />
      <trkpt lat="46.518942" lon="9.186206" />
      <trkpt lat="46.519397" lon="9.186732" />
      <trkpt lat="46.519535" lon="9.187291" />
      <trkpt lat="46.520277" lon="9.188423" />
      <trkpt lat="46.520679" lon="9.189418" />
      <trkpt lat="46.520733" lon="9.189289" />
      <trkpt lat="46.519995" lon="9.187019" />
      <trkpt lat="46.521126" lon="9.189272" />
      <trkpt lat="46.521201" lon="9.189176" />
      <trkpt lat="46.520603" lon="9.18784" />
      <trkpt lat="46.520423" lon="9.186888" />
      <trkpt lat="46.520853" lon="9.187836" />
      <trkpt lat="46.521547" lon="9.188908" />
      <trkpt lat="46.521618" lon="9.188805" />
      <trkpt lat="46.521193" lon="9.187841" />
      <trkpt lat="46.521803" lon="9.188725" />
      <trkpt lat="46.521883" lon="9.188672" />
      <trkpt lat="46.521341" lon="9.187588" />
      <trkpt lat="46.522074" lon="9.188581" />
      <trkpt lat="46.521773" lon="9.187763" />
      <trkpt lat="46.521257" lon="9.187053" />
      <trkpt lat="46.520652" lon="9.184937" />
      <trkpt lat="46.52078" lon="9.184936" />
      <trkpt lat="46.521192" lon="9.18588" />
      <trkpt lat="46.520543" lon="9.183233" />
      <trkpt lat="46.521891" lon="9.185977" />
      <trkpt lat="46.521184" lon="9.183219" />
      <trkpt lat="46.52109" lon="9.181789" />
      <trkpt lat="46.52122" lon="9.181637" />
      <trkpt lat="46.521749" lon="9.18284" />
      <trkpt lat="46.522731" lon="9.183182" />
      <trkpt lat="46.52339" lon="9.184008" />
      <trkpt lat="46.524177" lon="9.185589" />
      <trkpt lat="46.524485" lon="9.186844" />
      <trkpt lat="46.525258" lon="9.186918" />
      <trkpt lat="46.525314" lon="9.18669" />
      <trkpt lat="46.525458" lon="9.186641" />
      <trkpt lat="46.525931" lon="9.187124" />
      <trkpt lat="46.527402" lon="9.18806" />
      <trkpt lat="46.527737" lon="9.188406" />
      <trkpt lat="46.530088" lon="9.193696" />
      <trkpt lat="46.53041" lon="9.195519" />
      <trkpt lat="46.530372" lon="9.197332" />
      <trkpt lat="46.530487" lon="9.198608" />
      <trkpt lat="46.530352" lon="9.199789" />
      <trkpt lat="46.530402" lon="9.200637" />
      <trkpt lat="46.530759" lon="9.202244" />
      <trkpt lat="46.530927" lon="9.204343" />
      <trkpt lat="46.531602" lon="9.205865" />
      <trkpt lat="46.531791" lon="9.206879" />
      <trkpt lat="46.531727" lon="9.207922" />
      <trkpt lat="46.53136" lon="9.209525" />
      <trkpt lat="46.531412" lon="9.210757" />
      <trkpt lat="46.532259" lon="9.213082" />
      <trkpt lat="46.532667" lon="9.215618" />
      <trkpt lat="46.53308" lon="9.217068" />
      <trkpt lat="46.535964" lon="9.223712" />
      <trkpt lat="46.53716" lon="9.227003" />
      <trkpt lat="46.537586" lon="9.228712" />
      <trkpt lat="46.537892" lon="9.231793" />
      <trkpt lat="46.537643" lon="9.237778" />
      <trkpt lat="46.538334" lon="9.242055" />
      <trkpt lat="46.53822" lon="9.243564" />
      <trkpt lat="46.538332" lon="9.243664" />
      <trkpt lat="46.538379" lon="9.245238" />
      <trkpt lat="46.538764" lon="9.247704" />
      <trkpt lat="46.538696" lon="9.25064" />
      <trkpt lat="46.538861" lon="9.251489" />
      <trkpt lat="46.539695" lon="9.254018" />
      <trkpt lat="46.539514" lon="9.256579" />
      <trkpt lat="46.539602" lon="9.257848" />
      <trkpt lat="46.540653" lon="9.261412" />
      <trkpt lat="46.541118" lon="9.26386" />
      <trkpt lat="46.541277" lon="9.266155" />
      <trkpt lat="46.541166" lon="9.272322" />
      <trkpt lat="46.541318" lon="9.273946" />
      <trkpt lat="46.542304" lon="9.278064" />
      <trkpt lat="46.544173" lon="9.282657" />
      <trkpt lat="46.545234" lon="9.287371" />
      <trkpt lat="46.545234" lon="9.289037" />
      <trkpt lat="46.544456" lon="9.292937" />
      <trkpt lat="46.544364" lon="9.295606" />
      <trkpt lat="46.544702" lon="9.29725" />
      <trkpt lat="46.546704" lon="9.302187" />
      <trkpt lat="46.547038" lon="9.303532" />
      <trkpt lat="46.547148" lon="9.307778" />
      <trkpt lat="46.546768" lon="9.311391" />
      <trkpt lat="46.546976" lon="9.312886" />
      <trkpt lat="46.547428" lon="9.314003" />
      <trkpt lat="46.549579" lon="9.317538" />
      <trkpt lat="46.550414" lon="9.319394" />
      <trkpt lat="46.552542" lon="9.327148" />
      <trkpt lat="46.553144" lon="9.328119" />
      <trkpt lat="46.554338" lon="9.329469" />
      <trkpt lat="46.554841" lon="9.330437" />
      <trkpt lat="46.556097" lon="9.335787" />
      <trkpt lat="46.556602" lon="9.337185" />
      <trkpt lat="46.558692" lon="9.341212" />
      <trkpt lat="46.559717" lon="9.342562" />
      <trkpt lat="46.560215" lon="9.345198" />
      <trkpt lat="46.560982" lon="9.348098" />
      <trkpt lat="46.561495" lon="9.34867" />
      <trkpt lat="46.56284" lon="9.348976" />
      <trkpt lat="46.56331" lon="9.349338" />
      <trkpt lat="46.564263" lon="9.35183" />
      <trkpt lat="46.565028" lon="9.353434" />
      <trkpt lat="46.565538" lon="9.355137" />
      <trkpt lat="46.565939" lon="9.358235" />
      <trkpt lat="46.56711" lon="9.361418" />
      <trkpt lat="46.567863" lon="9.366053" />
      <trkpt lat="46.568421" lon="9.36726" />
      <trkpt lat="46.569947" lon="9.369417" />
      <trkpt lat="46.570675" lon="9.371451" />
      <trkpt lat="46.571289" lon="9.376579" />
      <trkpt lat="46.571155" lon="9.378404" />
      <trkpt lat="46.570694" lon="9.380644" />
      <trkpt lat="46.57034" lon="9.381302" />
      <trkpt lat="46.569792" lon="9.381771" />
      <trkpt lat="46.567108" lon="9.382472" />
      <trkpt lat="46.566507" lon="9.382759" />
      <trkpt lat="46.565973" lon="9.383406" />
      <trkpt lat="46.565648" lon="9.384402" />
      <trkpt lat="46.565628" lon="9.38517" />
      <trkpt lat="46.565795" lon="9.385993" />
      <trkpt lat="46.566198" lon="9.386724" />
      <trkpt lat="46.567387" lon="9.388217" />
      <trkpt lat="46.56772" lon="9.389121" />
      <trkpt lat="46.56787" lon="9.390211" />
      <trkpt lat="46.56768" lon="9.391703" />
      <trkpt lat="46.566218" lon="9.395904" />
      <trkpt lat="46.565811" lon="9.400787" />
      <trkpt lat="46.565881" lon="9.402272" />
      <trkpt lat="46.566291" lon="9.403517" />
      <trkpt lat="46.566895" lon="9.404404" />
      <trkpt lat="46.568847" lon="9.405708" />
      <trkpt lat="46.56962" lon="9.406803" />
      <trkpt lat="46.571695" lon="9.413979" />
      <trkpt lat="46.572355" lon="9.415283" />
      <trkpt lat="46.57296" lon="9.415872" />
      <trkpt lat="46.573459" lon="9.416131" />
      <trkpt lat="46.57392" lon="9.416247" />
      <trkpt lat="46.575003" lon="9.41625" />
      <trkpt lat="46.575482" lon="9.416438" />
      <trkpt lat="46.576701" lon="9.417495" />
      <trkpt lat="46.578087" lon="9.417932" />
      <trkpt lat="46.578601" lon="9.418423" />
      <trkpt lat="46.578903" lon="9.41894" />
      <trkpt lat="46.579644" lon="9.42085" />
      <trkpt lat="46.57989" lon="9.422467" />
      <trkpt lat="46.579684" lon="9.423591" />
      <trkpt lat="46.57849" lon="9.426131" />
      <trkpt lat="46.578493" lon="9.426912" />
      <trkpt lat="46.578771" lon="9.427626" />
      <trkpt lat="46.579179" lon="9.428013" />
      <trkpt lat="46.579789" lon="9.428126" />
      <trkpt lat="46.587882" lon="9.426233" />
      <trkpt lat="46.588533" lon="9.426195" />
      <trkpt lat="46.589371" lon="9.426539" />
      <trkpt lat="46.590529" lon="9.427573" />
      <trkpt lat="46.591216" lon="9.427907" />
      <trkpt lat="46.592085" lon="9.427819" />
      <trkpt lat="46.593434" lon="9.426995" />
      <trkpt lat="46.594239" lon="9.427013" />
      <trkpt lat="46.594858" lon="9.427443" />
      <trkpt lat="46.597042" lon="9.429596" />
      <trkpt lat="46.598289" lon="9.430526" />
      <trkpt lat="46.599463" lon="9.431105" />
      <trkpt lat="46.600507" lon="9.431096" />
      <trkpt lat="46.60213" lon="9.430423" />
      <trkpt lat="46.603006" lon="9.430226" />
      <trkpt lat="46.603885" lon="9.430248" />
      <trkpt lat="46.604654" lon="9.430436" />
      <trkpt lat="46.606022" lon="9.43121" />
      <trkpt lat="46.608153" lon="9.433357" />
      <trkpt lat="46.609436" lon="9.433974" />
      <trkpt lat="46.610817" lon="9.434008" />
      <trkpt lat="46.613217" lon="9.433118" />
      <trkpt lat="46.614096" lon="9.432921" />
      <trkpt lat="46.614894" lon="9.432947" />
      <trkpt lat="46.616718" lon="9.433364" />
      <trkpt lat="46.618951" lon="9.432977" />
      <trkpt lat="46.620201" lon="9.433131" />
      <trkpt lat="46.622323" lon="9.434311" />
      <trkpt lat="46.624072" lon="9.43471" />
      <trkpt lat="46.624793" lon="9.435011" />
      <trkpt lat="46.62826" lon="9.437699" />
      <trkpt lat="46.629495" lon="9.438374" />
      <trkpt lat="46.630374" lon="9.438612" />
      <trkpt lat="46.631203" lon="9.438671" />
      <trkpt lat="46.633387" lon="9.438264" />
      <trkpt lat="46.634377" lon="9.438319" />
      <trkpt lat="46.635576" lon="9.438844" />
      <trkpt lat="46.637079" lon="9.440113" />
      <trkpt lat="46.63776" lon="9.440517" />
      <trkpt lat="46.638486" lon="9.440734" />
      <trkpt lat="46.639878" lon="9.44087" />
      <trkpt lat="46.640631" lon="9.441152" />
      <trkpt lat="46.641347" lon="9.44169" />
      <trkpt lat="46.641954" lon="9.442429" />
      <trkpt lat="46.643632" lon="9.445927" />
      <trkpt lat="46.644984" lon="9.447462" />
      <trkpt lat="46.646439" lon="9.448222" />
      <trkpt lat="46.647933" lon="9.448371" />
      <trkpt lat="46.648644" lon="9.448574" />
      <trkpt lat="46.650484" lon="9.449701" />
      <trkpt lat="46.651437" lon="9.450735" />
      <trkpt lat="46.651972" lon="9.451118" />
      <trkpt lat="46.655023" lon="9.452263" />
      <trkpt lat="46.655757" lon="9.452179" />
      <trkpt lat="46.656531" lon="9.451514" />
      <trkpt lat="46.656848" lon="9.45089" />
      <trkpt lat="46.657328" lon="9.449264" />
      <trkpt lat="46.657736" lon="9.448674" />
      <trkpt lat="46.658166" lon="9.448402" />
      <trkpt lat="46.659308" lon="9.448199" />
      <trkpt lat="46.659911" lon="9.447943" />
      <trkpt lat="46.660474" lon="9.447465" />
      <trkpt lat="46.661528" lon="9.446213" />
      <trkpt lat="46.662555" lon="9.445721" />
      <trkpt lat="46.663387" lon="9.445733" />
      <trkpt lat="46.664154" lon="9.446113" />
      <trkpt lat="46.664568" lon="9.446505" />
      <trkpt lat="46.665407" lon="9.44782" />
      <trkpt lat="46.666197" lon="9.448707" />
      <trkpt lat="46.667669" lon="9.449862" />
      <trkpt lat="46.668274" lon="9.450126" />
      <trkpt lat="46.669344" lon="9.450142" />
      <trkpt lat="46.670372" lon="9.449915" />
      <trkpt lat="46.674011" lon="9.447958" />
      <trkpt lat="46.674616" lon="9.447971" />
      <trkpt lat="46.676149" lon="9.448467" />
      <trkpt lat="46.676838" lon="9.448567" />
      <trkpt lat="46.67782" lon="9.44845" />
      <trkpt lat="46.678689" lon="9.44813" />
      <trkpt lat="46.679806" lon="9.447354" />
      <trkpt lat="46.681043" lon="9.445809" />
      <trkpt lat="46.681612" lon="9.444651" />
      <trkpt lat="46.682734" lon="9.441271" />
      <trkpt lat="46.68382" lon="9.43936" />
      <trkpt lat="46.685195" lon="9.438072" />
      <trkpt lat="46.685808" lon="9.437745" />
      <trkpt lat="46.686785" lon="9.437451" />
      <trkpt lat="46.687731" lon="9.43742" />
      <trkpt lat="46.688607" lon="9.437605" />
      <trkpt lat="46.689449" lon="9.438004" />
      <trkpt lat="46.690357" lon="9.438699" />
      <trkpt lat="46.691159" lon="9.439592" />
      <trkpt lat="46.694377" lon="9.44402" />
      <trkpt lat="46.696626" lon="9.446525" />
      <trkpt lat="46.696663" lon="9.446921" />
      <trkpt lat="46.695821" lon="9.449909" />
      <trkpt lat="46.695498" lon="9.451671" />
      <trkpt lat="46.69547" lon="9.453092" />
      <trkpt lat="46.695614" lon="9.454442" />
      <trkpt lat="46.695933" lon="9.455746" />
      <trkpt lat="46.696568" lon="9.457226" />
      <trkpt lat="46.69857" lon="9.459977" />
      <trkpt lat="46.699093" lon="9.460883" />
      <trkpt lat="46.699519" lon="9.461958" />
      <trkpt lat="46.699909" lon="9.464363" />
      <trkpt lat="46.699665" lon="9.466788" />
      <trkpt lat="46.698868" lon="9.469124" />
      <trkpt lat="46.698147" lon="9.470801" />
      <trkpt lat="46.697773" lon="9.471257" />
      <trkpt lat="46.696821" lon="9.471763" />
      <trkpt lat="46.696645" lon="9.472051" />
      <trkpt lat="46.696324" lon="9.473938" />
      <trkpt lat="46.696521" lon="9.475797" />
      <trkpt lat="46.696234" lon="9.477879" />
      <trkpt lat="46.695382" lon="9.479498" />
      <trkpt lat="46.694973" lon="9.47967" />
      <trkpt lat="46.694395" lon="9.479707" />
      <trkpt lat="46.694134" lon="9.479877" />
      <trkpt lat="46.693857" lon="9.480893" />
      <trkpt lat="46.693339" lon="9.481704" />
      <trkpt lat="46.693361" lon="9.482954" />
      <trkpt lat="46.692834" lon="9.484322" />
      <trkpt lat="46.692662" lon="9.485113" />
      <trkpt lat="46.692966" lon="9.486693" />
      <trkpt lat="46.692642" lon="9.489974" />
      <trkpt lat="46.69293" lon="9.492302" />
      <trkpt lat="46.692842" lon="9.492855" />
      <trkpt lat="46.691343" lon="9.494584" />
      <trkpt lat="46.691136" lon="9.495324" />
      <trkpt lat="46.691077" lon="9.496732" />
      <trkpt lat="46.690644" lon="9.497739" />
      <trkpt lat="46.690407" lon="9.497996" />
      <trkpt lat="46.68938" lon="9.498559" />
      <trkpt lat="46.688039" lon="9.500083" />
      <trkpt lat="46.687413" lon="9.501155" />
      <trkpt lat="46.687145" lon="9.502479" />
      <trkpt lat="46.687141" lon="9.504752" />
      <trkpt lat="46.686744" lon="9.505675" />
      <trkpt lat="46.686066" lon="9.506502" />
      <trkpt lat="46.685865" lon="9.507118" />
      <trkpt lat="46.685865" lon="9.507734" />
      <trkpt lat="46.68625" lon="9.509128" />
      <trkpt lat="46.686156" lon="9.510065" />
      <trkpt lat="46.68478" lon="9.512323" />
      <trkpt lat="46.68427" lon="9.513471" />
      <trkpt lat="46.681628" lon="9.522222" />
      <trkpt lat="46.681404" lon="9.523369" />
      <trkpt lat="46.681242" lon="9.525686" />
      <trkpt lat="46.681042" lon="9.52641" />
      <trkpt lat="46.680751" lon="9.526889" />
      <trkpt lat="46.67953" lon="9.528212" />
      <trkpt lat="46.679244" lon="9.52878" />
      <trkpt lat="46.679206" lon="9.529553" />
      <trkpt lat="46.679729" lon="9.531278" />
      <trkpt lat="46.679832" lon="9.532344" />
      <trkpt lat="46.679432" lon="9.534558" />
      <trkpt lat="46.678672" lon="9.541366" />
      <trkpt lat="46.678236" lon="9.542272" />
      <trkpt lat="46.676918" lon="9.543433" />
      <trkpt lat="46.676164" lon="9.544411" />
      <trkpt lat="46.673723" lon="9.54914" />
      <trkpt lat="46.673139" lon="9.551023" />
      <trkpt lat="46.673038" lon="9.553081" />
      <trkpt lat="46.673844" lon="9.557474" />
      <trkpt lat="46.673781" lon="9.558886" />
      <trkpt lat="46.673469" lon="9.560202" />
      <trkpt lat="46.672888" lon="9.561475" />
      <trkpt lat="46.67149" lon="9.563764" />
      <trkpt lat="46.669274" lon="9.565797" />
      <trkpt lat="46.66771" lon="9.56914" />
      <trkpt lat="46.66686" lon="9.570467" />
      <trkpt lat="46.665403" lon="9.571239" />
      <trkpt lat="46.66495" lon="9.571332" />
      <trkpt lat="46.664447" lon="9.571209" />
      <trkpt lat="46.66426" lon="9.571335" />
      <trkpt lat="46.663146" lon="9.573893" />
      <trkpt lat="46.66264" lon="9.575838" />
      <trkpt lat="46.662683" lon="9.576535" />
      <trkpt lat="46.662274" lon="9.576689" />
      <trkpt lat="46.66202" lon="9.576203" />
      <trkpt lat="46.661932" lon="9.575687" />
      <trkpt lat="46.661376" lon="9.576392" />
      <trkpt lat="46.661143" lon="9.576122" />
      <trkpt lat="46.66122" lon="9.575949" />
      <trkpt lat="46.661514" lon="9.576212" />
      <trkpt lat="46.661932" lon="9.575687" />
      <trkpt lat="46.66202" lon="9.576203" />
      <trkpt lat="46.662274" lon="9.576689" />
      <trkpt lat="46.662683" lon="9.576535" />
      <trkpt lat="46.66264" lon="9.575838" />
      <trkpt lat="46.663146" lon="9.573893" />
      <trkpt lat="46.66426" lon="9.571335" />
      <trkpt lat="46.664447" lon="9.571209" />
      <trkpt lat="46.664803" lon="9.57131" />
      <trkpt lat="46.664023" lon="9.575081" />
      <trkpt lat="46.663984" lon="9.576988" />
      <trkpt lat="46.663515" lon="9.578102" />
      <trkpt lat="46.663524" lon="9.578939" />
      <trkpt lat="46.663247" lon="9.579381" />
      <trkpt lat="46.663376" lon="9.579606" />
      <trkpt lat="46.663608" lon="9.579596" />
      <trkpt lat="46.664012" lon="9.578804" />
      <trkpt lat="46.664339" lon="9.579899" />
      <trkpt lat="46.664184" lon="9.580699" />
      <trkpt lat="46.664478" lon="9.581882" />
      <trkpt lat="46.664417" lon="9.582699" />
      <trkpt lat="46.664551" lon="9.584783" />
      <trkpt lat="46.664271" lon="9.586245" />
      <trkpt lat="46.664669" lon="9.587181" />
      <trkpt lat="46.664703" lon="9.588834" />
      <trkpt lat="46.664903" lon="9.590124" />
      <trkpt lat="46.665221" lon="9.590266" />
      <trkpt lat="46.665459" lon="9.589991" />
      <trkpt lat="46.665456" lon="9.588824" />
      <trkpt lat="46.665731" lon="9.587363" />
      <trkpt lat="46.665693" lon="9.586792" />
      <trkpt lat="46.66603" lon="9.585599" />
      <trkpt lat="46.666668" lon="9.58496" />
      <trkpt lat="46.667701" lon="9.582505" />
      <trkpt lat="46.669228" lon="9.579672" />
      <trkpt lat="46.66955" lon="9.579444" />
      <trkpt lat="46.670193" lon="9.579258" />
      <trkpt lat="46.670494" lon="9.578934" />
      <trkpt lat="46.670773" lon="9.577245" />
      <trkpt lat="46.672111" lon="9.573737" />
      <trkpt lat="46.67247" lon="9.573412" />
      <trkpt lat="46.673052" lon="9.573629" />
      <trkpt lat="46.673211" lon="9.57351" />
      <trkpt lat="46.673092" lon="9.572517" />
      <trkpt lat="46.673446" lon="9.571282" />
      <trkpt lat="46.67403" lon="9.570693" />
      <trkpt lat="46.674896" lon="9.570587" />
      <trkpt lat="46.676272" lon="9.567603" />
      <trkpt lat="46.676961" lon="9.567236" />
      <trkpt lat="46.677385" lon="9.567173" />
      <trkpt lat="46.678485" lon="9.566425" />
      <trkpt lat="46.678694" lon="9.5665" />
      <trkpt lat="46.679153" lon="9.567418" />
      <trkpt lat="46.679728" lon="9.567653" />
      <trkpt lat="46.68025" lon="9.567556" />
      <trkpt lat="46.682969" lon="9.564705" />
      <trkpt lat="46.684512" lon="9.563433" />
      <trkpt lat="46.688634" lon="9.562987" />
      <trkpt lat="46.689534" lon="9.56228" />
      <trkpt lat="46.689728" lon="9.561951" />
      <trkpt lat="46.689901" lon="9.561966" />
      <trkpt lat="46.692354" lon="9.560008" />
      <trkpt lat="46.698598" lon="9.557849" />
      <trkpt lat="46.705839" lon="9.560397" />
      <trkpt lat="46.70933" lon="9.559154" />
      <trkpt lat="46.713567" lon="9.559608" />
      <trkpt lat="46.714692" lon="9.558775" />
      <trkpt lat="46.718523" lon="9.559192" />
      <trkpt lat="46.719486" lon="9.558754" />
      <trkpt lat="46.721342" lon="9.558672" />
      <trkpt lat="46.72249" lon="9.558904" />
      <trkpt lat="46.723035" lon="9.558688" />
      <trkpt lat="46.724061" lon="9.557944" />
      <trkpt lat="46.725934" lon="9.557687" />
      <trkpt lat="46.726854" lon="9.55785" />
      <trkpt lat="46.727601" lon="9.557781" />
      <trkpt lat="46.728385" lon="9.557618" />
      <trkpt lat="46.729218" lon="9.557207" />
      <trkpt lat="46.729876" lon="9.556523" />
      <trkpt lat="46.731539" lon="9.553898" />
      <trkpt lat="46.732406" lon="9.553273" />
      <trkpt lat="46.733209" lon="9.552449" />
      <trkpt lat="46.73428" lon="9.551844" />
      <trkpt lat="46.734976" lon="9.552203" />
      <trkpt lat="46.735608" lon="9.552203" />
      <trkpt lat="46.73792" lon="9.553012" />
      <trkpt lat="46.738851" lon="9.552927" />
      <trkpt lat="46.739132" lon="9.553051" />
      <trkpt lat="46.739402" lon="9.553734" />
      <trkpt lat="46.739246" lon="9.555393" />
      <trkpt lat="46.739426" lon="9.555794" />
      <trkpt lat="46.739723" lon="9.556026" />
      <trkpt lat="46.740085" lon="9.556002" />
      <trkpt lat="46.741071" lon="9.55545" />
      <trkpt lat="46.741499" lon="9.555456" />
      <trkpt lat="46.743083" lon="9.556039" />
      <trkpt lat="46.744089" lon="9.556725" />
      <trkpt lat="46.744754" lon="9.556418" />
      <trkpt lat="46.74468" lon="9.55559" />
      <trkpt lat="46.744754" lon="9.556418" />
      <trkpt lat="46.744089" lon="9.556725" />
      <trkpt lat="46.743083" lon="9.556039" />
      <trkpt lat="46.741499" lon="9.555456" />
      <trkpt lat="46.741071" lon="9.55545" />
      <trkpt lat="46.740085" lon="9.556002" />
      <trkpt lat="46.739723" lon="9.556026" />
      <trkpt lat="46.739426" lon="9.555794" />
      <trkpt lat="46.739246" lon="9.555393" />
      <trkpt lat="46.739402" lon="9.553734" />
      <trkpt lat="46.739132" lon="9.553051" />
      <trkpt lat="46.738851" lon="9.552927" />
      <trkpt lat="46.73792" lon="9.553012" />
      <trkpt lat="46.735608" lon="9.552203" />
      <trkpt lat="46.734976" lon="9.552203" />
      <trkpt lat="46.73428" lon="9.551844" />
      <trkpt lat="46.733209" lon="9.552449" />
      <trkpt lat="46.732406" lon="9.553273" />
      <trkpt lat="46.731539" lon="9.553898" />
      <trkpt lat="46.729531" lon="9.556947" />
      <trkpt lat="46.728946" lon="9.557356" />
      <trkpt lat="46.728041" lon="9.557714" />
      <trkpt lat="46.726998" lon="9.557852" />
      <trkpt lat="46.725934" lon="9.557687" />
      <trkpt lat="46.724061" lon="9.557944" />
      <trkpt lat="46.722895" lon="9.558773" />
      <trkpt lat="46.722377" lon="9.558915" />
      <trkpt lat="46.721342" lon="9.558672" />
      <trkpt lat="46.719486" lon="9.558754" />
      <trkpt lat="46.718523" lon="9.559192" />
      <trkpt lat="46.714692" lon="9.558775" />
      <trkpt lat="46.713639" lon="9.559606" />
      <trkpt lat="46.70933" lon="9.559154" />
      <trkpt lat="46.705839" lon="9.560397" />
      <trkpt lat="46.698945" lon="9.557888" />
      <trkpt lat="46.698502" lon="9.557856" />
      <trkpt lat="46.69218" lon="9.560092" />
      <trkpt lat="46.688634" lon="9.562987" />
      <trkpt lat="46.684599" lon="9.563392" />
      <trkpt lat="46.683047" lon="9.56463" />
      <trkpt lat="46.68025" lon="9.567556" />
      <trkpt lat="46.679728" lon="9.567653" />
      <trkpt lat="46.679153" lon="9.567418" />
      <trkpt lat="46.678694" lon="9.5665" />
      <trkpt lat="46.678485" lon="9.566425" />
      <trkpt lat="46.677385" lon="9.567173" />
      <trkpt lat="46.676356" lon="9.567514" />
      <trkpt lat="46.674896" lon="9.570587" />
      <trkpt lat="46.67403" lon="9.570693" />
      <trkpt lat="46.673446" lon="9.571282" />
      <trkpt lat="46.673092" lon="9.572517" />
      <trkpt lat="46.673211" lon="9.57351" />
      <trkpt lat="46.673052" lon="9.573629" />
      <trkpt lat="46.67247" lon="9.573412" />
      <trkpt lat="46.672111" lon="9.573737" />
      <trkpt lat="46.670773" lon="9.577245" />
      <trkpt lat="46.670494" lon="9.578934" />
      <trkpt lat="46.670193" lon="9.579258" />
      <trkpt lat="46.66955" lon="9.579444" />
      <trkpt lat="46.669228" lon="9.579672" />
      <trkpt lat="46.667701" lon="9.582505" />
      <trkpt lat="46.666668" lon="9.58496" />
      <trkpt lat="46.66601" lon="9.585641" />
      <trkpt lat="46.665693" lon="9.586792" />
      <trkpt lat="46.665731" lon="9.587363" />
      <trkpt lat="46.665456" lon="9.588824" />
      <trkpt lat="46.665485" lon="9.58988" />
      <trkpt lat="46.665221" lon="9.590266" />
      <trkpt lat="46.664982" lon="9.590228" />
      <trkpt lat="46.664862" lon="9.590014" />
      <trkpt lat="46.664669" lon="9.587181" />
      <trkpt lat="46.664271" lon="9.586245" />
      <trkpt lat="46.664551" lon="9.584783" />
      <trkpt lat="46.664417" lon="9.582699" />
      <trkpt lat="46.664478" lon="9.581882" />
      <trkpt lat="46.664184" lon="9.580699" />
      <trkpt lat="46.664339" lon="9.579899" />
      <trkpt lat="46.664012" lon="9.578804" />
      <trkpt lat="46.663608" lon="9.579596" />
      <trkpt lat="46.663376" lon="9.579606" />
      <trkpt lat="46.663247" lon="9.579381" />
      <trkpt lat="46.663524" lon="9.578939" />
      <trkpt lat="46.663515" lon="9.578102" />
      <trkpt lat="46.663984" lon="9.576988" />
      <trkpt lat="46.664023" lon="9.575081" />
      <trkpt lat="46.664803" lon="9.57131" />
      <trkpt lat="46.664481" lon="9.571208" />
      <trkpt lat="46.664183" lon="9.571479" />
      <trkpt lat="46.663146" lon="9.573893" />
      <trkpt lat="46.66264" lon="9.575838" />
      <trkpt lat="46.662664" lon="9.577146" />
      <trkpt lat="46.661843" lon="9.578924" />
      <trkpt lat="46.661564" lon="9.579107" />
      <trkpt lat="46.661186" lon="9.579859" />
      <trkpt lat="46.66087" lon="9.581796" />
      <trkpt lat="46.660561" lon="9.582274" />
      <trkpt lat="46.659498" lon="9.583124" />
      <trkpt lat="46.659088" lon="9.58306" />
      <trkpt lat="46.658756" lon="9.582612" />
      <trkpt lat="46.657553" lon="9.578134" />
      <trkpt lat="46.657116" lon="9.577083" />
      <trkpt lat="46.656246" lon="9.575938" />
      <trkpt lat="46.655656" lon="9.574895" />
      <trkpt lat="46.654704" lon="9.574625" />
      <trkpt lat="46.654263" lon="9.57504" />
      <trkpt lat="46.653979" lon="9.576094" />
      <trkpt lat="46.653736" lon="9.576422" />
      <trkpt lat="46.652577" lon="9.57652" />
      <trkpt lat="46.651378" lon="9.577153" />
      <trkpt lat="46.651013" lon="9.577136" />
      <trkpt lat="46.650413" lon="9.576854" />
      <trkpt lat="46.650166" lon="9.576926" />
      <trkpt lat="46.649965" lon="9.577227" />
      <trkpt lat="46.649684" lon="9.578329" />
      <trkpt lat="46.648865" lon="9.579774" />
      <trkpt lat="46.648437" lon="9.579792" />
      <trkpt lat="46.648293" lon="9.579933" />
      <trkpt lat="46.648153" lon="9.580691" />
      <trkpt lat="46.647354" lon="9.581087" />
      <trkpt lat="46.645758" lon="9.58331" />
      <trkpt lat="46.644746" lon="9.583868" />
      <trkpt lat="46.643724" lon="9.584976" />
      <trkpt lat="46.643388" lon="9.584947" />
      <trkpt lat="46.642675" lon="9.584357" />
      <trkpt lat="46.64244" lon="9.584297" />
      <trkpt lat="46.642259" lon="9.584569" />
      <trkpt lat="46.642328" lon="9.585205" />
      <trkpt lat="46.642206" lon="9.585473" />
      <trkpt lat="46.641581" lon="9.585562" />
      <trkpt lat="46.64108" lon="9.585831" />
      <trkpt lat="46.640718" lon="9.585813" />
      <trkpt lat="46.639437" lon="9.585226" />
      <trkpt lat="46.638556" lon="9.585178" />
      <trkpt lat="46.635169" lon="9.586356" />
      <trkpt lat="46.632803" lon="9.586618" />
      <trkpt lat="46.631487" lon="9.587058" />
      <trkpt lat="46.630632" lon="9.587649" />
      <trkpt lat="46.630361" lon="9.587491" />
      <trkpt lat="46.630254" lon="9.587134" />
      <trkpt lat="46.630727" lon="9.585796" />
      <trkpt lat="46.630601" lon="9.585228" />
      <trkpt lat="46.629614" lon="9.58473" />
      <trkpt lat="46.628952" lon="9.584214" />
      <trkpt lat="46.628571" lon="9.584096" />
      <trkpt lat="46.628165" lon="9.584154" />
      <trkpt lat="46.625561" lon="9.586153" />
      <trkpt lat="46.62487" lon="9.587434" />
      <trkpt lat="46.624056" lon="9.587948" />
      <trkpt lat="46.622789" lon="9.589483" />
      <trkpt lat="46.62235" lon="9.589683" />
      <trkpt lat="46.621556" lon="9.589702" />
      <trkpt lat="46.621055" lon="9.589894" />
      <trkpt lat="46.619627" lon="9.590711" />
      <trkpt lat="46.618269" lon="9.591739" />
      <trkpt lat="46.6166" lon="9.592528" />
      <trkpt lat="46.615718" lon="9.593392" />
      <trkpt lat="46.615264" lon="9.593624" />
      <trkpt lat="46.614773" lon="9.593649" />
      <trkpt lat="46.614348" lon="9.593489" />
      <trkpt lat="46.612802" lon="9.592258" />
      <trkpt lat="46.612137" lon="9.591938" />
      <trkpt lat="46.61" lon="9.591562" />
      <trkpt lat="46.609415" lon="9.591648" />
      <trkpt lat="46.608863" lon="9.591485" />
      <trkpt lat="46.608032" lon="9.591728" />
      <trkpt lat="46.607053" lon="9.591706" />
      <trkpt lat="46.600936" lon="9.593386" />
      <trkpt lat="46.600077" lon="9.594106" />
      <trkpt lat="46.597374" lon="9.59696" />
      <trkpt lat="46.597192" lon="9.596414" />
      <trkpt lat="46.597538" lon="9.594556" />
      <trkpt lat="46.597543" lon="9.593588" />
      <trkpt lat="46.598351" lon="9.591802" />
      <trkpt lat="46.5982" lon="9.591688" />
      <trkpt lat="46.59765" lon="9.592255" />
      <trkpt lat="46.597067" lon="9.592185" />
      <trkpt lat="46.596933" lon="9.591892" />
      <trkpt lat="46.596086" lon="9.592193" />
      <trkpt lat="46.59611" lon="9.592367" />
      <trkpt lat="46.596906" lon="9.592058" />
      <trkpt lat="46.59611" lon="9.592367" />
      <trkpt lat="46.596086" lon="9.592193" />
      <trkpt lat="46.596933" lon="9.591892" />
      <trkpt lat="46.597067" lon="9.592185" />
      <trkpt lat="46.597716" lon="9.592244" />
      <trkpt lat="46.5982" lon="9.591688" />
      <trkpt lat="46.598351" lon="9.591802" />
      <trkpt lat="46.597543" lon="9.593588" />
      <trkpt lat="46.597538" lon="9.594556" />
      <trkpt lat="46.597192" lon="9.596414" />
      <trkpt lat="46.597374" lon="9.59696" />
      <trkpt lat="46.596501" lon="9.598271" />
      <trkpt lat="46.592537" lon="9.606827" />
      <trkpt lat="46.590818" lon="9.609038" />
      <trkpt lat="46.589017" lon="9.610136" />
      <trkpt lat="46.585806" lon="9.612985" />
      <trkpt lat="46.584083" lon="9.615466" />
      <trkpt lat="46.583668" lon="9.615881" />
      <trkpt lat="46.582289" lon="9.618314" />
      <trkpt lat="46.580239" lon="9.620222" />
      <trkpt lat="46.578557" lon="9.622811" />
      <trkpt lat="46.577097" lon="9.624474" />
      <trkpt lat="46.576705" lon="9.625471" />
      <trkpt lat="46.576427" lon="9.625403" />
      <trkpt lat="46.576099" lon="9.624421" />
      <trkpt lat="46.574716" lon="9.622607" />
      <trkpt lat="46.574136" lon="9.623047" />
      <trkpt lat="46.573065" lon="9.622713" />
      <trkpt lat="46.572549" lon="9.623356" />
      <trkpt lat="46.571186" lon="9.623865" />
      <trkpt lat="46.57078" lon="9.623711" />
      <trkpt lat="46.570164" lon="9.623125" />
      <trkpt lat="46.569162" lon="9.622687" />
      <trkpt lat="46.568195" lon="9.622643" />
      <trkpt lat="46.567278" lon="9.621647" />
      <trkpt lat="46.566936" lon="9.621629" />
      <trkpt lat="46.565245" lon="9.622053" />
      <trkpt lat="46.563854" lon="9.621304" />
      <trkpt lat="46.563357" lon="9.621563" />
      <trkpt lat="46.562835" lon="9.622411" />
      <trkpt lat="46.562906" lon="9.623236" />
      <trkpt lat="46.562725" lon="9.623761" />
      <trkpt lat="46.561991" lon="9.62407" />
      <trkpt lat="46.561306" lon="9.624557" />
      <trkpt lat="46.542674" lon="9.625269" />
      <trkpt lat="46.538466" lon="9.624414" />
      <trkpt lat="46.53728" lon="9.624017" />
      <trkpt lat="46.535714" lon="9.624117" />
      <trkpt lat="46.535219" lon="9.624031" />
      <trkpt lat="46.526977" lon="9.61977" />
      <trkpt lat="46.526233" lon="9.619708" />
      <trkpt lat="46.525562" lon="9.620478" />
      <trkpt lat="46.524511" lon="9.621204" />
      <trkpt lat="46.524365" lon="9.621126" />
      <trkpt lat="46.524116" lon="9.62052" />
      <trkpt lat="46.523089" lon="9.620666" />
      <trkpt lat="46.522482" lon="9.621006" />
      <trkpt lat="46.522039" lon="9.621672" />
      <trkpt lat="46.521337" lon="9.622198" />
      <trkpt lat="46.521136" lon="9.622643" />
      <trkpt lat="46.52106" lon="9.623978" />
      <trkpt lat="46.520748" lon="9.625308" />
      <trkpt lat="46.519951" lon="9.626032" />
      <trkpt lat="46.519715" lon="9.625984" />
      <trkpt lat="46.519275" lon="9.625559" />
      <trkpt lat="46.518956" lon="9.625754" />
      <trkpt lat="46.51862" lon="9.628611" />
      <trkpt lat="46.518333" lon="9.629188" />
      <trkpt lat="46.518085" lon="9.629256" />
      <trkpt lat="46.517479" lon="9.628964" />
      <trkpt lat="46.517138" lon="9.629009" />
      <trkpt lat="46.516858" lon="9.62936" />
      <trkpt lat="46.516608" lon="9.630223" />
      <trkpt lat="46.516303" lon="9.630381" />
      <trkpt lat="46.516135" lon="9.630205" />
      <trkpt lat="46.515889" lon="9.62923" />
      <trkpt lat="46.515573" lon="9.628696" />
      <trkpt lat="46.514388" lon="9.627979" />
      <trkpt lat="46.514117" lon="9.628015" />
      <trkpt lat="46.513298" lon="9.629553" />
      <trkpt lat="46.513394" lon="9.630617" />
      <trkpt lat="46.513305" lon="9.63124" />
      <trkpt lat="46.513433" lon="9.631433" />
      <trkpt lat="46.513563" lon="9.631283" />
      <trkpt lat="46.51396" lon="9.629486" />
      <trkpt lat="46.5143" lon="9.629367" />
      <trkpt lat="46.514494" lon="9.629682" />
      <trkpt lat="46.514457" lon="9.630034" />
      <trkpt lat="46.513955" lon="9.63113" />
      <trkpt lat="46.51396" lon="9.631937" />
      <trkpt lat="46.5138" lon="9.632261" />
      <trkpt lat="46.512424" lon="9.63356" />
      <trkpt lat="46.512192" lon="9.633601" />
      <trkpt lat="46.511737" lon="9.63336" />
      <trkpt lat="46.511034" lon="9.633556" />
      <trkpt lat="46.51036" lon="9.634439" />
      <trkpt lat="46.509671" lon="9.634849" />
      <trkpt lat="46.508952" lon="9.635754" />
      <trkpt lat="46.508617" lon="9.636542" />
      <trkpt lat="46.508101" lon="9.637114" />
      <trkpt lat="46.507655" lon="9.637874" />
      <trkpt lat="46.505719" lon="9.639813" />
      <trkpt lat="46.504848" lon="9.640235" />
      <trkpt lat="46.504281" lon="9.640692" />
      <trkpt lat="46.503066" lon="9.641164" />
      <trkpt lat="46.502552" lon="9.640862" />
      <trkpt lat="46.501676" lon="9.640608" />
      <trkpt lat="46.500882" lon="9.641249" />
      <trkpt lat="46.497554" lon="9.641865" />
      <trkpt lat="46.497148" lon="9.642262" />
      <trkpt lat="46.495626" lon="9.6445" />
      <trkpt lat="46.494354" lon="9.645515" />
      <trkpt lat="46.492978" lon="9.644569" />
      <trkpt lat="46.491411" lon="9.644514" />
      <trkpt lat="46.491181" lon="9.644154" />
      <trkpt lat="46.491002" lon="9.643297" />
      <trkpt lat="46.490816" lon="9.642977" />
      <trkpt lat="46.490556" lon="9.642816" />
      <trkpt lat="46.489782" lon="9.642786" />
      <trkpt lat="46.489415" lon="9.64191" />
      <trkpt lat="46.489108" lon="9.641688" />
      <trkpt lat="46.488095" lon="9.641865" />
      <trkpt lat="46.48685" lon="9.641477" />
      <trkpt lat="46.485944" lon="9.641503" />
      <trkpt lat="46.485183" lon="9.641125" />
      <trkpt lat="46.484568" lon="9.641048" />
      <trkpt lat="46.483903" lon="9.641451" />
      <trkpt lat="46.483067" lon="9.64139" />
      <trkpt lat="46.482197" lon="9.641718" />
      <trkpt lat="46.480351" lon="9.641625" />
      <trkpt lat="46.47964" lon="9.642005" />
      <trkpt lat="46.479099" lon="9.642679" />
      <trkpt lat="46.478278" lon="9.645229" />
      <trkpt lat="46.477915" lon="9.645525" />
      <trkpt lat="46.476923" lon="9.645791" />
      <trkpt lat="46.473973" lon="9.64734" />
      <trkpt lat="46.473582" lon="9.647823" />
      <trkpt lat="46.473268" lon="9.649171" />
      <trkpt lat="46.473025" lon="9.649515" />
      <trkpt lat="46.472773" lon="9.649621" />
      <trkpt lat="46.47199" lon="9.649545" />
      <trkpt lat="46.469079" lon="9.650052" />
      <trkpt lat="46.468696" lon="9.650376" />
      <trkpt lat="46.467665" lon="9.650513" />
      <trkpt lat="46.466789" lon="9.651566" />
      <trkpt lat="46.466543" lon="9.652867" />
      <trkpt lat="46.466376" lon="9.653166" />
      <trkpt lat="46.466114" lon="9.653328" />
      <trkpt lat="46.464917" lon="9.653466" />
      <trkpt lat="46.463364" lon="9.654839" />
      <trkpt lat="46.463079" lon="9.655355" />
      <trkpt lat="46.463306" lon="9.658163" />
      <trkpt lat="46.463651" lon="9.658395" />
      <trkpt lat="46.464443" lon="9.658167" />
      <trkpt lat="46.464578" lon="9.658393" />
      <trkpt lat="46.463952" lon="9.659762" />
      <trkpt lat="46.462822" lon="9.662918" />
      <trkpt lat="46.46229" lon="9.666501" />
      <trkpt lat="46.462029" lon="9.674089" />
      <trkpt lat="46.462162" lon="9.676065" />
      <trkpt lat="46.462463" lon="9.677912" />
      <trkpt lat="46.462451" lon="9.679739" />
      <trkpt lat="46.462151" lon="9.681593" />
      <trkpt lat="46.462183" lon="9.682894" />
      <trkpt lat="46.461968" lon="9.683757" />
      <trkpt lat="46.462055" lon="9.68398" />
      <trkpt lat="46.462187" lon="9.684008" />
      <trkpt lat="46.462512" lon="9.683449" />
      <trkpt lat="46.462739" lon="9.68353" />
      <trkpt lat="46.463192" lon="9.684718" />
      <trkpt lat="46.463857" lon="9.685879" />
      <trkpt lat="46.464013" lon="9.686591" />
      <trkpt lat="46.464166" lon="9.686651" />
      <trkpt lat="46.464499" lon="9.686198" />
      <trkpt lat="46.464683" lon="9.686233" />
      <trkpt lat="46.464738" lon="9.686522" />
      <trkpt lat="46.464602" lon="9.687021" />
      <trkpt lat="46.464163" lon="9.687561" />
      <trkpt lat="46.464237" lon="9.687842" />
      <trkpt lat="46.464436" lon="9.687841" />
      <trkpt lat="46.465161" lon="9.687273" />
      <trkpt lat="46.465332" lon="9.687334" />
      <trkpt lat="46.465294" lon="9.687735" />
      <trkpt lat="46.464625" lon="9.688329" />
      <trkpt lat="46.464526" lon="9.688614" />
      <trkpt lat="46.46473" lon="9.688814" />
      <trkpt lat="46.465354" lon="9.688356" />
      <trkpt lat="46.465584" lon="9.688484" />
      <trkpt lat="46.465515" lon="9.688813" />
      <trkpt lat="46.46494" lon="9.689338" />
      <trkpt lat="46.464885" lon="9.689597" />
      <trkpt lat="46.465011" lon="9.689781" />
      <trkpt lat="46.465703" lon="9.690083" />
      <trkpt lat="46.466057" lon="9.690509" />
      <trkpt lat="46.466853" lon="9.694103" />
      <trkpt lat="46.466852" lon="9.695363" />
      <trkpt lat="46.466524" lon="9.696691" />
      <trkpt lat="46.464395" lon="9.699995" />
      <trkpt lat="46.463969" lon="9.701381" />
      <trkpt lat="46.463991" lon="9.702618" />
      <trkpt lat="46.464793" lon="9.705769" />
      <trkpt lat="46.465184" lon="9.706163" />
      <trkpt lat="46.465999" lon="9.705831" />
      <trkpt lat="46.466181" lon="9.706001" />
      <trkpt lat="46.46611" lon="9.70631" />
      <trkpt lat="46.46522" lon="9.707588" />
      <trkpt lat="46.465206" lon="9.70785" />
      <trkpt lat="46.465285" lon="9.707976" />
      <trkpt lat="46.465449" lon="9.707962" />
      <trkpt lat="46.466404" lon="9.707075" />
      <trkpt lat="46.466596" lon="9.7071" />
      <trkpt lat="46.466642" lon="9.70741" />
      <trkpt lat="46.46631" lon="9.707873" />
      <trkpt lat="46.466294" lon="9.708146" />
      <trkpt lat="46.466439" lon="9.708282" />
      <trkpt lat="46.467112" lon="9.708334" />
      <trkpt lat="46.46756" lon="9.70885" />
      <trkpt lat="46.468523" lon="9.712321" />
      <trkpt lat="46.469386" lon="9.714155" />
      <trkpt lat="46.469597" lon="9.714878" />
      <trkpt lat="46.469794" lon="9.71487" />
      <trkpt lat="46.469924" lon="9.714165" />
      <trkpt lat="46.470161" lon="9.714133" />
      <trkpt lat="46.471272" lon="9.715857" />
      <trkpt lat="46.472188" lon="9.716571" />
      <trkpt lat="46.472061" lon="9.71687" />
      <trkpt lat="46.471396" lon="9.716914" />
      <trkpt lat="46.470357" lon="9.716637" />
      <trkpt lat="46.469822" lon="9.717208" />
      <trkpt lat="46.469804" lon="9.717761" />
      <trkpt lat="46.470083" lon="9.718062" />
      <trkpt lat="46.470797" lon="9.718411" />
      <trkpt lat="46.472115" lon="9.719579" />
      <trkpt lat="46.47318" lon="9.720651" />
      <trkpt lat="46.473282" lon="9.720923" />
      <trkpt lat="46.473205" lon="9.721278" />
      <trkpt lat="46.473018" lon="9.721449" />
      <trkpt lat="46.47251" lon="9.721767" />
      <trkpt lat="46.472015" lon="9.721796" />
      <trkpt lat="46.471797" lon="9.72194" />
      <trkpt lat="46.47098" lon="9.722867" />
      <trkpt lat="46.470808" lon="9.72343" />
      <trkpt lat="46.471063" lon="9.725177" />
      <trkpt lat="46.472084" lon="9.72649" />
      <trkpt lat="46.472246" lon="9.726936" />
      <trkpt lat="46.4722" lon="9.729933" />
      <trkpt lat="46.471571" lon="9.731816" />
      <trkpt lat="46.471681" lon="9.733048" />
      <trkpt lat="46.472245" lon="9.734528" />
      <trkpt lat="46.47197" lon="9.735961" />
      <trkpt lat="46.472445" lon="9.737794" />
      <trkpt lat="46.472487" lon="9.749279" />
      <trkpt lat="46.4723" lon="9.749811" />
      <trkpt lat="46.471236" lon="9.75062" />
      <trkpt lat="46.47087" lon="9.751284" />
      <trkpt lat="46.47091" lon="9.753601" />
      <trkpt lat="46.470461" lon="9.754721" />
      <trkpt lat="46.470528" lon="9.75545" />
      <trkpt lat="46.470073" lon="9.756989" />
      <trkpt lat="46.470201" lon="9.75802" />
      <trkpt lat="46.46928" lon="9.760411" />
      <trkpt lat="46.469154" lon="9.762441" />
      <trkpt lat="46.468877" lon="9.76427" />
      <trkpt lat="46.467964" lon="9.767994" />
      <trkpt lat="46.466496" lon="9.770524" />
      <trkpt lat="46.465174" lon="9.773862" />
      <trkpt lat="46.464382" lon="9.77513" />
      <trkpt lat="46.463614" lon="9.775962" />
      <trkpt lat="46.463403" lon="9.776443" />
      <trkpt lat="46.463244" lon="9.777741" />
      <trkpt lat="46.462718" lon="9.779135" />
      <trkpt lat="46.462638" lon="9.781366" />
      <trkpt lat="46.462752" lon="9.782822" />
      <trkpt lat="46.462613" lon="9.785321" />
      <trkpt lat="46.462016" lon="9.787082" />
      <trkpt lat="46.46214" lon="9.787779" />
      <trkpt lat="46.4631" lon="9.789748" />
      <trkpt lat="46.465272" lon="9.792833" />
      <trkpt lat="46.466388" lon="9.794108" />
      <trkpt lat="46.466441" lon="9.794332" />
      <trkpt lat="46.466277" lon="9.794599" />
      <trkpt lat="46.465693" lon="9.794626" />
      <trkpt lat="46.464838" lon="9.794945" />
      <trkpt lat="46.463541" lon="9.79408" />
      <trkpt lat="46.462423" lon="9.793923" />
      <trkpt lat="46.462333" lon="9.794139" />
      <trkpt lat="46.463226" lon="9.7944" />
      <trkpt lat="46.464858" lon="9.795196" />
      <trkpt lat="46.466309" lon="9.79536" />
      <trkpt lat="46.467069" lon="9.795964" />
      <trkpt lat="46.467432" lon="9.796634" />
      <trkpt lat="46.467615" lon="9.797364" />
      <trkpt lat="46.46755" lon="9.800072" />
      <trkpt lat="46.46777" lon="9.800687" />
      <trkpt lat="46.468231" lon="9.801355" />
      <trkpt lat="46.468276" lon="9.801735" />
      <trkpt lat="46.468132" lon="9.801909" />
      <trkpt lat="46.467922" lon="9.801878" />
      <trkpt lat="46.46733" lon="9.801545" />
      <trkpt lat="46.466923" lon="9.800881" />
      <trkpt lat="46.466434" lon="9.799475" />
      <trkpt lat="46.466107" lon="9.79889" />
      <trkpt lat="46.465731" lon="9.798484" />
      <trkpt lat="46.464593" lon="9.797869" />
      <trkpt lat="46.463657" lon="9.79749" />
      <trkpt lat="46.462777" lon="9.797392" />
      <trkpt lat="46.460704" lon="9.797955" />
      <trkpt lat="46.460089" lon="9.797914" />
      <trkpt lat="46.459738" lon="9.798027" />
      <trkpt lat="46.458819" lon="9.797753" />
      <trkpt lat="46.457959" lon="9.797036" />
      <trkpt lat="46.457249" lon="9.795851" />
      <trkpt lat="46.456924" lon="9.794823" />
      <trkpt lat="46.456404" lon="9.791905" />
      <trkpt lat="46.456473" lon="9.791634" />
      <trkpt lat="46.456315" lon="9.791585" />
      <trkpt lat="46.45616" lon="9.79181" />
      <trkpt lat="46.456301" lon="9.792099" />
      <trkpt lat="46.456393" lon="9.793273" />
      <trkpt lat="46.45578" lon="9.793012" />
      <trkpt lat="46.455665" lon="9.792009" />
      <trkpt lat="46.45531" lon="9.791542" />
      <trkpt lat="46.455098" lon="9.791534" />
      <trkpt lat="46.454929" lon="9.792215" />
      <trkpt lat="46.455388" lon="9.793059" />
      <trkpt lat="46.45578" lon="9.793012" />
      <trkpt lat="46.456393" lon="9.793273" />
      <trkpt lat="46.456301" lon="9.792099" />
      <trkpt lat="46.45616" lon="9.79181" />
      <trkpt lat="46.456404" lon="9.791905" />
      <trkpt lat="46.456489" lon="9.79168" />
      <trkpt lat="46.456315" lon="9.791585" />
      <trkpt lat="46.45564" lon="9.79042" />
      <trkpt lat="46.452834" lon="9.787758" />
      <trkpt lat="46.451569" lon="9.78635" />
      <trkpt lat="46.450119" lon="9.785171" />
      <trkpt lat="46.449404" lon="9.784302" />
      <trkpt lat="46.447805" lon="9.783127" />
      <trkpt lat="46.447489" lon="9.782108" />
      <trkpt lat="46.446327" lon="9.780745" />
      <trkpt lat="46.445839" lon="9.779759" />
      <trkpt lat="46.445164" lon="9.779116" />
      <trkpt lat="46.444842" lon="9.777886" />
      <trkpt lat="46.444305" lon="9.776709" />
      <trkpt lat="46.442963" lon="9.775346" />
      <trkpt lat="46.442508" lon="9.774705" />
      <trkpt lat="46.439113" lon="9.766411" />
      <trkpt lat="46.439" lon="9.766082" />
      <trkpt lat="46.439074" lon="9.765841" />
      <trkpt lat="46.438906" lon="9.765759" />
      <trkpt lat="46.438265" lon="9.764241" />
      <trkpt lat="46.437942" lon="9.763188" />
      <trkpt lat="46.437739" lon="9.761448" />
      <trkpt lat="46.437506" lon="9.760557" />
      <trkpt lat="46.436562" lon="9.758485" />
      <trkpt lat="46.435914" lon="9.756346" />
      <trkpt lat="46.434771" lon="9.754102" />
      <trkpt lat="46.434188" lon="9.752062" />
      <trkpt lat="46.433008" lon="9.749494" />
      <trkpt lat="46.432684" lon="9.748103" />
      <trkpt lat="46.432811" lon="9.746004" />
      <trkpt lat="46.432657" lon="9.744835" />
      <trkpt lat="46.43234" lon="9.744084" />
      <trkpt lat="46.431505" lon="9.742802" />
      <trkpt lat="46.431089" lon="9.740997" />
      <trkpt lat="46.430446" lon="9.739406" />
      <trkpt lat="46.429454" lon="9.738115" />
      <trkpt lat="46.428742" lon="9.736723" />
      <trkpt lat="46.428807" lon="9.735023" />
      <trkpt lat="46.428719" lon="9.734663" />
      <trkpt lat="46.427317" lon="9.733052" />
      <trkpt lat="46.425876" lon="9.730469" />
      <trkpt lat="46.425205" lon="9.728883" />
      <trkpt lat="46.423562" lon="9.726736" />
      <trkpt lat="46.422618" lon="9.726352" />
      <trkpt lat="46.42092" lon="9.7264" />
      <trkpt lat="46.420193" lon="9.726609" />
      <trkpt lat="46.419248" lon="9.7275" />
      <trkpt lat="46.418929" lon="9.727471" />
      <trkpt lat="46.41865" lon="9.727159" />
      <trkpt lat="46.417954" lon="9.72556" />
      <trkpt lat="46.415867" lon="9.718863" />
      <trkpt lat="46.415192" lon="9.717681" />
      <trkpt lat="46.414763" lon="9.716024" />
      <trkpt lat="46.413908" lon="9.713949" />
      <trkpt lat="46.412448" lon="9.712014" />
      <trkpt lat="46.41194" lon="9.711094" />
      <trkpt lat="46.411509" lon="9.709839" />
      <trkpt lat="46.410866" lon="9.708776" />
      <trkpt lat="46.410238" lon="9.705274" />
      <trkpt lat="46.409913" lon="9.704511" />
      <trkpt lat="46.410012" lon="9.704264" />
      <trkpt lat="46.40986" lon="9.70368" />
      <trkpt lat="46.409318" lon="9.703081" />
      <trkpt lat="46.408819" lon="9.702212" />
      <trkpt lat="46.407945" lon="9.701376" />
      <trkpt lat="46.407024" lon="9.699893" />
      <trkpt lat="46.406693" lon="9.698921" />
      <trkpt lat="46.406397" lon="9.696929" />
      <trkpt lat="46.406184" lon="9.696429" />
      <trkpt lat="46.405291" lon="9.695166" />
      <trkpt lat="46.40456" lon="9.694702" />
      <trkpt lat="46.404319" lon="9.694769" />
      <trkpt lat="46.403682" lon="9.695452" />
      <trkpt lat="46.403288" lon="9.695628" />
      <trkpt lat="46.40181" lon="9.695558" />
      <trkpt lat="46.40102" lon="9.695257" />
      <trkpt lat="46.400006" lon="9.695826" />
      <trkpt lat="46.398633" lon="9.694771" />
      <trkpt lat="46.397797" lon="9.694892" />
      <trkpt lat="46.396792" lon="9.694658" />
      <trkpt lat="46.396098" lon="9.694878" />
      <trkpt lat="46.395938" lon="9.69478" />
      <trkpt lat="46.396169" lon="9.693866" />
      <trkpt lat="46.395747" lon="9.693526" />
      <trkpt lat="46.396142" lon="9.693553" />
      <trkpt lat="46.396205" lon="9.693392" />
      <trkpt lat="46.395866" lon="9.69326" />
      <trkpt lat="46.395738" lon="9.692797" />
      <trkpt lat="46.395156" lon="9.692651" />
      <trkpt lat="46.394743" lon="9.692198" />
      <trkpt lat="46.394769" lon="9.692012" />
      <trkpt lat="46.395015" lon="9.692232" />
      <trkpt lat="46.395111" lon="9.69212" />
      <trkpt lat="46.394531" lon="9.691549" />
      <trkpt lat="46.394425" lon="9.691112" />
      <trkpt lat="46.394465" lon="9.690204" />
      <trkpt lat="46.394544" lon="9.690145" />
      <trkpt lat="46.394618" lon="9.69029" />
      <trkpt lat="46.394599" lon="9.690884" />
      <trkpt lat="46.394794" lon="9.691446" />
      <trkpt lat="46.394893" lon="9.691346" />
      <trkpt lat="46.394722" lon="9.690919" />
      <trkpt lat="46.394914" lon="9.690187" />
      <trkpt lat="46.394948" lon="9.691001" />
      <trkpt lat="46.395948" lon="9.69182" />
      <trkpt lat="46.395348" lon="9.690604" />
      <trkpt lat="46.395309" lon="9.689567" />
      <trkpt lat="46.395404" lon="9.68944" />
      <trkpt lat="46.39548" lon="9.690302" />
      <trkpt lat="46.395716" lon="9.690766" />
      <trkpt lat="46.39633" lon="9.691304" />
      <trkpt lat="46.397081" lon="9.691339" />
      <trkpt lat="46.397032" lon="9.691188" />
      <trkpt lat="46.396455" lon="9.691087" />
      <trkpt lat="46.3959" lon="9.690225" />
      <trkpt lat="46.39598" lon="9.690179" />
      <trkpt lat="46.396386" lon="9.690659" />
      <trkpt lat="46.39679" lon="9.690785" />
      <trkpt lat="46.396973" lon="9.690691" />
      <trkpt lat="46.397819" lon="9.688992" />
      <trkpt lat="46.398149" lon="9.687955" />
      <trkpt lat="46.398871" lon="9.687076" />
      <trkpt lat="46.39884" lon="9.686781" />
      <trkpt lat="46.398618" lon="9.686739" />
      <trkpt lat="46.397377" lon="9.688194" />
      <trkpt lat="46.397139" lon="9.688157" />
      <trkpt lat="46.397125" lon="9.687807" />
      <trkpt lat="46.397571" lon="9.687083" />
      <trkpt lat="46.397836" lon="9.686161" />
      <trkpt lat="46.398516" lon="9.684728" />
      <trkpt lat="46.398677" lon="9.682732" />
      <trkpt lat="46.39848" lon="9.681857" />
      <trkpt lat="46.397324" lon="9.679057" />
      <trkpt lat="46.395751" lon="9.677353" />
      <trkpt lat="46.394962" lon="9.676992" />
      <trkpt lat="46.394789" lon="9.676741" />
      <trkpt lat="46.394427" lon="9.675359" />
      <trkpt lat="46.394393" lon="9.673138" />
      <trkpt lat="46.394209" lon="9.672318" />
      <trkpt lat="46.39459" lon="9.671073" />
      <trkpt lat="46.394495" lon="9.670912" />
      <trkpt lat="46.394361" lon="9.670923" />
      <trkpt lat="46.394127" lon="9.671484" />
      <trkpt lat="46.393923" lon="9.671492" />
      <trkpt lat="46.393792" lon="9.669628" />
      <trkpt lat="46.393459" lon="9.66876" />
      <trkpt lat="46.391748" lon="9.666842" />
      <trkpt lat="46.390299" lon="9.665545" />
      <trkpt lat="46.38198" lon="9.661228" />
      <trkpt lat="46.377368" lon="9.660582" />
      <trkpt lat="46.375162" lon="9.659838" />
      <trkpt lat="46.374189" lon="9.659355" />
      <trkpt lat="46.373795" lon="9.659376" />
      <trkpt lat="46.372924" lon="9.659751" />
      <trkpt lat="46.372064" lon="9.65965" />
      <trkpt lat="46.37154" lon="9.659718" />
      <trkpt lat="46.370419" lon="9.65853" />
      <trkpt lat="46.369633" lon="9.65798" />
      <trkpt lat="46.368954" lon="9.657848" />
      <trkpt lat="46.367801" lon="9.65729" />
      <trkpt lat="46.366689" lon="9.6573" />
      <trkpt lat="46.365385" lon="9.656689" />
      <trkpt lat="46.365361" lon="9.656273" />
      <trkpt lat="46.366445" lon="9.655103" />
      <trkpt lat="46.366748" lon="9.65444" />
      <trkpt lat="46.366726" lon="9.654078" />
      <trkpt lat="46.366481" lon="9.65388" />
      <trkpt lat="46.364098" lon="9.653201" />
      <trkpt lat="46.363645" lon="9.65274" />
      <trkpt lat="46.363186" lon="9.651971" />
      <trkpt lat="46.36265" lon="9.651657" />
      <trkpt lat="46.362724" lon="9.651362" />
      <trkpt lat="46.363655" lon="9.651362" />
      <trkpt lat="46.36405" lon="9.650268" />
      <trkpt lat="46.363416" lon="9.650015" />
      <trkpt lat="46.362503" lon="9.648944" />
      <trkpt lat="46.362014" lon="9.648933" />
      <trkpt lat="46.361616" lon="9.648702" />
      <trkpt lat="46.360875" lon="9.647912" />
      <trkpt lat="46.360903" lon="9.647634" />
      <trkpt lat="46.361424" lon="9.647526" />
      <trkpt lat="46.362084" lon="9.646829" />
      <trkpt lat="46.362151" lon="9.646468" />
      <trkpt lat="46.361279" lon="9.646076" />
      <trkpt lat="46.360861" lon="9.645631" />
      <trkpt lat="46.35992" lon="9.645188" />
      <trkpt lat="46.359368" lon="9.644632" />
      <trkpt lat="46.358271" lon="9.644086" />
      <trkpt lat="46.358316" lon="9.643774" />
      <trkpt lat="46.359538" lon="9.642838" />
      <trkpt lat="46.359498" lon="9.642415" />
      <trkpt lat="46.359039" lon="9.641444" />
      <trkpt lat="46.358286" lon="9.641102" />
      <trkpt lat="46.356327" lon="9.638247" />
      <trkpt lat="46.355872" lon="9.637292" />
      <trkpt lat="46.354781" lon="9.634144" />
      <trkpt lat="46.351883" lon="9.629427" />
      <trkpt lat="46.351198" lon="9.627914" />
      <trkpt lat="46.350039" lon="9.623448" />
      <trkpt lat="46.350068" lon="9.620348" />
      <trkpt lat="46.348795" lon="9.608949" />
      <trkpt lat="46.348945" lon="9.605718" />
      <trkpt lat="46.348842" lon="9.604758" />
      <trkpt lat="46.348357" lon="9.603541" />
      <trkpt lat="46.347305" lon="9.602335" />
      <trkpt lat="46.346883" lon="9.601567" />
      <trkpt lat="46.346635" lon="9.600611" />
      <trkpt lat="46.346577" lon="9.598478" />
      <trkpt lat="46.34637" lon="9.597613" />
      <trkpt lat="46.344251" lon="9.594431" />
      <trkpt lat="46.343756" lon="9.592691" />
      <trkpt lat="46.343395" lon="9.590588" />
      <trkpt lat="46.341949" lon="9.58826" />
      <trkpt lat="46.341211" lon="9.584837" />
      <trkpt lat="46.340789" lon="9.58181" />
      <trkpt lat="46.339916" lon="9.578844" />
      <trkpt lat="46.339904" lon="9.578192" />
      <trkpt lat="46.340238" lon="9.577085" />
      <trkpt lat="46.33989" lon="9.575952" />
      <trkpt lat="46.339975" lon="9.574939" />
      <trkpt lat="46.339789" lon="9.572311" />
      <trkpt lat="46.339162" lon="9.570264" />
      <trkpt lat="46.339045" lon="9.569379" />
      <trkpt lat="46.339146" lon="9.567243" />
      <trkpt lat="46.339615" lon="9.563662" />
      <trkpt lat="46.339115" lon="9.561474" />
      <trkpt lat="46.338713" lon="9.560532" />
      <trkpt lat="46.337361" lon="9.558502" />
      <trkpt lat="46.337076" lon="9.557531" />
      <trkpt lat="46.336986" lon="9.556255" />
      <trkpt lat="46.337088" lon="9.552652" />
      <trkpt lat="46.336223" lon="9.550046" />
      <trkpt lat="46.336055" lon="9.548775" />
      <trkpt lat="46.33613" lon="9.54753" />
      <trkpt lat="46.336518" lon="9.545329" />
      <trkpt lat="46.336523" lon="9.544351" />
      <trkpt lat="46.33636" lon="9.543574" />
      <trkpt lat="46.335849" lon="9.542398" />
      <trkpt lat="46.334461" lon="9.537913" />
      <trkpt lat="46.33437" lon="9.536304" />
      <trkpt lat="46.334601" lon="9.533216" />
      <trkpt lat="46.334411" lon="9.532516" />
      <trkpt lat="46.333621" lon="9.531332" />
      <trkpt lat="46.333484" lon="9.530792" />
      <trkpt lat="46.33349" lon="9.529297" />
      <trkpt lat="46.333206" lon="9.526962" />
      <trkpt lat="46.333821" lon="9.525289" />
      <trkpt lat="46.333842" lon="9.523657" />
      <trkpt lat="46.334231" lon="9.522007" />
      <trkpt lat="46.334296" lon="9.520742" />
      <trkpt lat="46.334086" lon="9.519542" />
      <trkpt lat="46.333049" lon="9.516916" />
      <trkpt lat="46.332989" lon="9.514636" />
      <trkpt lat="46.332325" lon="9.512069" />
      <trkpt lat="46.332273" lon="9.510751" />
      <trkpt lat="46.332354" lon="9.51017" />
      <trkpt lat="46.332572" lon="9.509696" />
      <trkpt lat="46.332558" lon="9.509274" />
      <trkpt lat="46.331891" lon="9.507161" />
      <trkpt lat="46.331585" lon="9.504382" />
      <trkpt lat="46.331679" lon="9.503215" />
      <trkpt lat="46.331528" lon="9.501118" />
      <trkpt lat="46.33115" lon="9.498815" />
      <trkpt lat="46.331105" lon="9.49718" />
      <trkpt lat="46.331349" lon="9.495625" />
      <trkpt lat="46.331124" lon="9.493265" />
      <trkpt lat="46.331363" lon="9.491742" />
      <trkpt lat="46.331171" lon="9.491406" />
      <trkpt lat="46.330475" lon="9.49104" />
      <trkpt lat="46.330261" lon="9.49043" />
      <trkpt lat="46.330318" lon="9.489343" />
      <trkpt lat="46.331003" lon="9.487263" />
      <trkpt lat="46.330418" lon="9.486352" />
      <trkpt lat="46.330071" lon="9.484637" />
      <trkpt lat="46.329518" lon="9.483936" />
      <trkpt lat="46.329682" lon="9.483542" />
      <trkpt lat="46.330426" lon="9.483272" />
      <trkpt lat="46.330996" lon="9.48245" />
      <trkpt lat="46.331047" lon="9.482098" />
      <trkpt lat="46.329788" lon="9.478698" />
      <trkpt lat="46.328783" lon="9.476991" />
      <trkpt lat="46.328423" lon="9.475009" />
      <trkpt lat="46.32856" lon="9.473942" />
      <trkpt lat="46.328481" lon="9.472277" />
      <trkpt lat="46.327698" lon="9.470127" />
      <trkpt lat="46.327894" lon="9.468778" />
      <trkpt lat="46.32772" lon="9.467899" />
      <trkpt lat="46.327759" lon="9.46612" />
      <trkpt lat="46.327339" lon="9.464997" />
      <trkpt lat="46.326872" lon="9.464423" />
      <trkpt lat="46.32661" lon="9.463776" />
      <trkpt lat="46.326781" lon="9.461684" />
      <trkpt lat="46.326329" lon="9.460223" />
      <trkpt lat="46.326215" lon="9.458861" />
      <trkpt lat="46.32555" lon="9.457865" />
      <trkpt lat="46.325352" lon="9.457227" />
      <trkpt lat="46.325628" lon="9.454988" />
      <trkpt lat="46.326421" lon="9.454216" />
      <trkpt lat="46.326774" lon="9.453411" />
      <trkpt lat="46.327953" lon="9.451718" />
      <trkpt lat="46.328133" lon="9.449692" />
      <trkpt lat="46.328055" lon="9.448695" />
      <trkpt lat="46.328166" lon="9.446669" />
      <trkpt lat="46.328633" lon="9.444113" />
      <trkpt lat="46.329203" lon="9.442553" />
      <trkpt lat="46.329288" lon="9.4419" />
      <trkpt lat="46.329258" lon="9.440473" />
      <trkpt lat="46.328701" lon="9.438455" />
      <trkpt lat="46.328364" lon="9.433756" />
      <trkpt lat="46.326528" lon="9.429926" />
      <trkpt lat="46.326153" lon="9.427936" />
      <trkpt lat="46.326141" lon="9.424017" />
      <trkpt lat="46.326266" lon="9.423552" />
      <trkpt lat="46.326923" lon="9.422468" />
      <trkpt lat="46.327348" lon="9.420483" />
      <trkpt lat="46.327132" lon="9.41672" />
      <trkpt lat="46.32731" lon="9.413912" />
      <trkpt lat="46.32716" lon="9.412845" />
      <trkpt lat="46.327352" lon="9.41156" />
      <trkpt lat="46.32732" lon="9.410075" />
      <trkpt lat="46.326927" lon="9.408818" />
      <trkpt lat="46.326056" lon="9.40835" />
      <trkpt lat="46.32552" lon="9.407549" />
      <trkpt lat="46.325067" lon="9.405833" />
      <trkpt lat="46.322233" lon="9.398737" />
      <trkpt lat="46.321791" lon="9.398125" />
      <trkpt lat="46.321002" lon="9.397586" />
      <trkpt lat="46.32097" lon="9.392557" />
      <trkpt lat="46.321494" lon="9.389128" />
      <trkpt lat="46.322171" lon="9.387723" />
      <trkpt lat="46.322638" lon="9.386018" />
      <trkpt lat="46.323559" lon="9.384347" />
      <trkpt lat="46.324331" lon="9.380537" />
      <trkpt lat="46.32483" lon="9.379577" />
      <trkpt lat="46.32527" lon="9.378161" />
      <trkpt lat="46.326937" lon="9.375969" />
      <trkpt lat="46.327584" lon="9.37573" />
      <trkpt lat="46.329683" lon="9.374543" />
      <trkpt lat="46.330482" lon="9.373832" />
      <trkpt lat="46.332364" lon="9.372706" />
      <trkpt lat="46.333169" lon="9.372423" />
      <trkpt lat="46.333989" lon="9.371618" />
      <trkpt lat="46.33416" lon="9.371076" />
      <trkpt lat="46.334626" lon="9.370346" />
      <trkpt lat="46.334666" lon="9.370465" />
      <trkpt lat="46.334298" lon="9.371085" />
      <trkpt lat="46.334381" lon="9.371128" />
      <trkpt lat="46.334979" lon="9.370551" />
      <trkpt lat="46.334707" lon="9.371438" />
      <trkpt lat="46.335787" lon="9.370363" />
      <trkpt lat="46.336389" lon="9.369551" />
      <trkpt lat="46.336568" lon="9.369578" />
      <trkpt lat="46.337166" lon="9.37014" />
      <trkpt lat="46.338443" lon="9.369774" />
      <trkpt lat="46.338481" lon="9.369995" />
      <trkpt lat="46.337945" lon="9.371096" />
      <trkpt lat="46.337987" lon="9.371238" />
      <trkpt lat="46.338817" lon="9.370464" />
      <trkpt lat="46.339064" lon="9.370378" />
      <trkpt lat="46.340422" lon="9.370513" />
      <trkpt lat="46.340969" lon="9.370772" />
      <trkpt lat="46.342073" lon="9.370334" />
      <trkpt lat="46.343048" lon="9.370949" />
      <trkpt lat="46.34331" lon="9.370959" />
      <trkpt lat="46.344108" lon="9.370588" />
      <trkpt lat="46.344806" lon="9.369682" />
      <trkpt lat="46.345264" lon="9.369326" />
      <trkpt lat="46.345832" lon="9.369107" />
      <trkpt lat="46.346261" lon="9.368539" />
      <trkpt lat="46.347216" lon="9.368235" />
      <trkpt lat="46.347783" lon="9.36778" />
      <trkpt lat="46.348519" lon="9.367585" />
      <trkpt lat="46.349363" lon="9.367617" />
      <trkpt lat="46.350396" lon="9.367148" />
      <trkpt lat="46.350939" lon="9.367197" />
      <trkpt lat="46.351691" lon="9.366971" />
      <trkpt lat="46.351649" lon="9.367191" />
      <trkpt lat="46.350391" lon="9.367662" />
      <trkpt lat="46.350469" lon="9.367881" />
      <trkpt lat="46.351144" lon="9.367813" />
      <trkpt lat="46.352882" lon="9.367133" />
      <trkpt lat="46.353093" lon="9.366111" />
      <trkpt lat="46.353276" lon="9.366264" />
      <trkpt lat="46.353113" lon="9.366752" />
      <trkpt lat="46.353206" lon="9.366899" />
      <trkpt lat="46.353619" lon="9.366216" />
      <trkpt lat="46.3544" lon="9.366141" />
      <trkpt lat="46.354774" lon="9.365707" />
      <trkpt lat="46.355427" lon="9.365549" />
      <trkpt lat="46.356496" lon="9.364863" />
      <trkpt lat="46.357318" lon="9.364526" />
      <trkpt lat="46.358222" lon="9.364653" />
      <trkpt lat="46.358801" lon="9.363929" />
      <trkpt lat="46.359488" lon="9.363556" />
      <trkpt lat="46.361373" lon="9.364157" />
      <trkpt lat="46.361388" lon="9.364388" />
      <trkpt lat="46.361107" lon="9.364282" />
      <trkpt lat="46.361021" lon="9.364367" />
      <trkpt lat="46.361267" lon="9.364677" />
      <trkpt lat="46.36172" lon="9.364564" />
      <trkpt lat="46.362307" lon="9.364817" />
      <trkpt lat="46.362663" lon="9.364808" />
      <trkpt lat="46.363128" lon="9.364203" />
      <trkpt lat="46.363193" lon="9.364364" />
      <trkpt lat="46.362945" lon="9.364998" />
      <trkpt lat="46.362997" lon="9.365191" />
      <trkpt lat="46.363811" lon="9.363785" />
      <trkpt lat="46.364067" lon="9.363562" />
      <trkpt lat="46.36581" lon="9.363622" />
      <trkpt lat="46.36591" lon="9.363767" />
      <trkpt lat="46.365837" lon="9.363959" />
      <trkpt lat="46.365211" lon="9.36384" />
      <trkpt lat="46.365088" lon="9.363961" />
      <trkpt lat="46.365139" lon="9.364179" />
      <trkpt lat="46.365692" lon="9.364252" />
      <trkpt lat="46.36615" lon="9.364568" />
      <trkpt lat="46.366446" lon="9.364597" />
      <trkpt lat="46.366732" lon="9.36423" />
      <trkpt lat="46.367333" lon="9.362118" />
      <trkpt lat="46.368075" lon="9.360822" />
      <trkpt lat="46.368202" lon="9.36094" />
      <trkpt lat="46.367916" lon="9.362105" />
      <trkpt lat="46.368974" lon="9.361144" />
      <trkpt lat="46.36916" lon="9.359686" />
      <trkpt lat="46.369331" lon="9.359234" />
      <trkpt lat="46.369294" lon="9.359847" />
      <trkpt lat="46.369432" lon="9.360058" />
      <trkpt lat="46.369874" lon="9.359442" />
      <trkpt lat="46.370577" lon="9.359085" />
      <trkpt lat="46.370906" lon="9.359063" />
      <trkpt lat="46.371735" lon="9.359353" />
      <trkpt lat="46.372798" lon="9.359999" />
      <trkpt lat="46.373354" lon="9.360005" />
      <trkpt lat="46.374022" lon="9.360803" />
      <trkpt lat="46.374244" lon="9.360848" />
      <trkpt lat="46.374461" lon="9.360628" />
      <trkpt lat="46.374771" lon="9.359871" />
      <trkpt lat="46.375734" lon="9.358826" />
      <trkpt lat="46.376802" lon="9.358009" />
      <trkpt lat="46.377183" lon="9.357889" />
      <trkpt lat="46.378155" lon="9.356699" />
      <trkpt lat="46.379142" lon="9.355909" />
      <trkpt lat="46.382863" lon="9.35543" />
      <trkpt lat="46.384489" lon="9.355515" />
      <trkpt lat="46.385239" lon="9.354675" />
      <trkpt lat="46.386833" lon="9.354091" />
      <trkpt lat="46.388917" lon="9.352932" />
      <trkpt lat="46.391626" lon="9.352703" />
      <trkpt lat="46.39277" lon="9.352989" />
      <trkpt lat="46.393588" lon="9.352669" />
      <trkpt lat="46.395207" lon="9.35293" />
      <trkpt lat="46.398074" lon="9.352555" />
      <trkpt lat="46.39999" lon="9.353003" />
      <trkpt lat="46.402526" lon="9.354733" />
      <trkpt lat="46.402881" lon="9.354748" />
      <trkpt lat="46.403509" lon="9.35415" />
      <trkpt lat="46.405356" lon="9.351766" />
      <trkpt lat="46.406268" lon="9.352046" />
      <trkpt lat="46.407048" lon="9.351325" />
      <trkpt lat="46.409626" lon="9.350931" />
      <trkpt lat="46.41022" lon="9.350703" />
      <trkpt lat="46.410823" lon="9.349315" />
      <trkpt lat="46.411477" lon="9.348519" />
      <trkpt lat="46.411774" lon="9.347337" />
      <trkpt lat="46.412407" lon="9.346456" />
      <trkpt lat="46.413965" lon="9.345333" />
      <trkpt lat="46.414871" lon="9.34443" />
      <trkpt lat="46.41647" lon="9.34382" />
      <trkpt lat="46.417113" lon="9.343694" />
      <trkpt lat="46.417672" lon="9.343918" />
      <trkpt lat="46.418207" lon="9.343604" />
      <trkpt lat="46.418685" lon="9.343907" />
      <trkpt lat="46.419842" lon="9.343212" />
      <trkpt lat="46.42041" lon="9.343119" />
      <trkpt lat="46.420619" lon="9.343286" />
      <trkpt lat="46.420242" lon="9.343234" />
      <trkpt lat="46.419991" lon="9.343359" />
      <trkpt lat="46.419429" lon="9.343956" />
      <trkpt lat="46.419498" lon="9.344041" />
      <trkpt lat="46.419805" lon="9.343686" />
      <trkpt lat="46.420447" lon="9.343591" />
      <trkpt lat="46.420444" lon="9.3437" />
      <trkpt lat="46.42007" lon="9.343732" />
      <trkpt lat="46.419695" lon="9.344045" />
      <trkpt lat="46.419641" lon="9.344244" />
      <trkpt lat="46.419861" lon="9.344037" />
      <trkpt lat="46.420327" lon="9.343935" />
      <trkpt lat="46.419815" lon="9.344247" />
      <trkpt lat="46.419824" lon="9.344368" />
      <trkpt lat="46.420145" lon="9.344212" />
      <trkpt lat="46.420624" lon="9.344233" />
      <trkpt lat="46.420995" lon="9.343916" />
      <trkpt lat="46.422201" lon="9.344013" />
      <trkpt lat="46.4222" lon="9.344144" />
      <trkpt lat="46.421526" lon="9.344109" />
      <trkpt lat="46.422159" lon="9.344243" />
      <trkpt lat="46.422714" lon="9.344641" />
      <trkpt lat="46.423049" lon="9.344384" />
      <trkpt lat="46.423368" lon="9.344447" />
      <trkpt lat="46.423001" lon="9.344496" />
      <trkpt lat="46.422751" lon="9.344861" />
      <trkpt lat="46.422037" lon="9.344448" />
      <trkpt lat="46.422114" lon="9.344638" />
      <trkpt lat="46.422729" lon="9.345042" />
      <trkpt lat="46.423018" lon="9.344743" />
      <trkpt lat="46.423289" lon="9.344948" />
      <trkpt lat="46.424114" lon="9.344755" />
      <trkpt lat="46.424364" lon="9.345156" />
      <trkpt lat="46.424535" lon="9.345208" />
      <trkpt lat="46.425379" lon="9.344888" />
      <trkpt lat="46.42674" lon="9.344773" />
      <trkpt lat="46.427639" lon="9.34347" />
      <trkpt lat="46.427808" lon="9.343449" />
      <trkpt lat="46.428133" lon="9.343843" />
      <trkpt lat="46.428494" lon="9.343882" />
      <trkpt lat="46.43016" lon="9.343603" />
      <trkpt lat="46.430744" lon="9.343256" />
      <trkpt lat="46.431187" lon="9.342578" />
      <trkpt lat="46.431841" lon="9.342314" />
      <trkpt lat="46.431869" lon="9.342502" />
      <trkpt lat="46.431424" lon="9.343154" />
      <trkpt lat="46.431323" lon="9.344264" />
      <trkpt lat="46.431009" lon="9.344916" />
      <trkpt lat="46.431064" lon="9.345134" />
      <trkpt lat="46.432273" lon="9.34324" />
      <trkpt lat="46.433533" lon="9.342504" />
      <trkpt lat="46.434923" lon="9.341964" />
      <trkpt lat="46.435709" lon="9.342282" />
      <trkpt lat="46.436643" lon="9.343219" />
      <trkpt lat="46.436923" lon="9.343716" />
      <trkpt lat="46.437403" lon="9.343905" />
      <trkpt lat="46.437749" lon="9.344295" />
      <trkpt lat="46.437064" lon="9.344063" />
      <trkpt lat="46.437063" lon="9.344236" />
      <trkpt lat="46.438228" lon="9.34503" />
      <trkpt lat="46.440001" lon="9.345444" />
      <trkpt lat="46.441234" lon="9.344351" />
      <trkpt lat="46.442939" lon="9.343426" />
      <trkpt lat="46.444383" lon="9.342429" />
      <trkpt lat="46.445968" lon="9.341051" />
      <trkpt lat="46.446659" lon="9.34026" />
      <trkpt lat="46.448561" lon="9.339168" />
      <trkpt lat="46.448615" lon="9.33929" />
      <trkpt lat="46.447814" lon="9.340292" />
      <trkpt lat="46.448613" lon="9.34034" />
      <trkpt lat="46.449553" lon="9.339982" />
      <trkpt lat="46.449533" lon="9.340446" />
      <trkpt lat="46.448976" lon="9.340941" />
      <trkpt lat="46.448992" lon="9.341075" />
      <trkpt lat="46.449962" lon="9.341261" />
      <trkpt lat="46.451476" lon="9.340605" />
      <trkpt lat="46.451695" lon="9.340373" />
      <trkpt lat="46.451691" lon="9.339722" />
      <trkpt lat="46.45287" lon="9.338522" />
      <trkpt lat="46.452848" lon="9.339145" />
      <trkpt lat="46.453155" lon="9.339486" />
      <trkpt lat="46.453337" lon="9.339437" />
      <trkpt lat="46.454608" lon="9.3372" />
      <trkpt lat="46.455484" lon="9.336384" />
      <trkpt lat="46.456389" lon="9.336892" />
      <trkpt lat="46.458003" lon="9.338166" />
      <trkpt lat="46.459027" lon="9.338445" />
      <trkpt lat="46.460059" lon="9.339736" />
      <trkpt lat="46.461246" lon="9.340799" />
      <trkpt lat="46.463673" lon="9.344113" />
      <trkpt lat="46.464558" lon="9.344773" />
      <trkpt lat="46.465954" lon="9.346854" />
      <trkpt lat="46.467185" lon="9.347972" />
      <trkpt lat="46.468298" lon="9.349591" />
      <trkpt lat="46.469355" lon="9.350114" />
      <trkpt lat="46.469215" lon="9.350398" />
      <trkpt lat="46.468096" lon="9.350093" />
      <trkpt lat="46.468068" lon="9.350378" />
      <trkpt lat="46.470045" lon="9.351433" />
      <trkpt lat="46.471079" lon="9.351612" />
      <trkpt lat="46.472465" lon="9.351526" />
      <trkpt lat="46.473919" lon="9.351778" />
      <trkpt lat="46.474805" lon="9.351656" />
      <trkpt lat="46.476187" lon="9.351853" />
      <trkpt lat="46.476708" lon="9.352166" />
      <trkpt lat="46.477718" lon="9.352478" />
      <trkpt lat="46.478414" lon="9.353216" />
      <trkpt lat="46.479162" lon="9.353684" />
      <trkpt lat="46.480226" lon="9.35401" />
      <trkpt lat="46.480635" lon="9.354369" />
      <trkpt lat="46.481345" lon="9.355402" />
      <trkpt lat="46.481802" lon="9.355669" />
      <trkpt lat="46.482196" lon="9.355692" />
      <trkpt lat="46.482614" lon="9.355385" />
      <trkpt lat="46.484366" lon="9.353283" />
      <trkpt lat="46.486014" lon="9.350949" />
      <trkpt lat="46.486623" lon="9.349856" />
      <trkpt lat="46.487553" lon="9.347239" />
      <trkpt lat="46.487519" lon="9.34624" />
      <trkpt lat="46.487245" lon="9.344922" />
      <trkpt lat="46.487302" lon="9.344438" />
      <trkpt lat="46.487485" lon="9.344003" />
      <trkpt lat="46.489262" lon="9.341401" />
      <trkpt lat="46.489904" lon="9.33955" />
      <trkpt lat="46.489929" lon="9.338631" />
      <trkpt lat="46.489353" lon="9.337569" />
      <trkpt lat="46.489313" lon="9.337169" />
      <trkpt lat="46.490405" lon="9.334393" />
      <trkpt lat="46.490581" lon="9.335561" />
      <trkpt lat="46.490651" lon="9.335015" />
      <trkpt lat="46.491121" lon="9.333827" />
      <trkpt lat="46.492249" lon="9.3318" />
      <trkpt lat="46.492436" lon="9.331813" />
      <trkpt lat="46.492538" lon="9.332296" />
      <trkpt lat="46.492905" lon="9.331398" />
      <trkpt lat="46.49365" lon="9.330751" />
      <trkpt lat="46.494283" lon="9.330624" />
      <trkpt lat="46.493738" lon="9.331787" />
      <trkpt lat="46.494143" lon="9.331407" />
      <trkpt lat="46.495777" lon="9.331087" />
      <trkpt lat="46.496542" lon="9.330527" />
      <trkpt lat="46.496097" lon="9.331336" />
      <trkpt lat="46.496181" lon="9.331412" />
      <trkpt lat="46.497295" lon="9.330341" />
      <trkpt lat="46.497991" lon="9.330086" />
      <trkpt lat="46.497596" lon="9.330511" />
      <trkpt lat="46.497639" lon="9.330641" />
      <trkpt lat="46.499044" lon="9.330055" />
      <trkpt lat="46.500269" lon="9.329773" />
      <trkpt lat="46.501831" lon="9.328994" />
      <trkpt lat="46.501999" lon="9.329062" />
      <trkpt lat="46.502429" lon="9.330032" />
      <trkpt lat="46.502559" lon="9.330051" />
      <trkpt lat="46.502816" lon="9.329782" />
      <trkpt lat="46.502976" lon="9.329809" />
      <trkpt lat="46.503823" lon="9.330745" />
      <trkpt lat="46.504681" lon="9.330421" />
      <trkpt lat="46.505445" lon="9.330446" />
      <trkpt lat="46.506" lon="9.33015" />
      <trkpt lat="46.506485" lon="9.330215" />
      <trkpt lat="46.508224" lon="9.329429" />
      <trkpt lat="46.508923" lon="9.328957" />
      <trkpt lat="46.509416" lon="9.328006" />
      <trkpt lat="46.509554" lon="9.327418" />
      <trkpt lat="46.51023" lon="9.326815" />
      <trkpt lat="46.510969" lon="9.32578" />
      <trkpt lat="46.511216" lon="9.326012" />
      <trkpt lat="46.511288" lon="9.326401" />
      <trkpt lat="46.511198" lon="9.326568" />
      <trkpt lat="46.510864" lon="9.326609" />
      <trkpt lat="46.510848" lon="9.326752" />
      <trkpt lat="46.511362" lon="9.326752" />
      <trkpt lat="46.511751" lon="9.326558" />
      <trkpt lat="46.512207" lon="9.327468" />
      <trkpt lat="46.511358" lon="9.328049" />
      <trkpt lat="46.51092" lon="9.329037" />
      <trkpt lat="46.511178" lon="9.328874" />
      <trkpt lat="46.511432" lon="9.328449" />
      <trkpt lat="46.511798" lon="9.328217" />
      <trkpt lat="46.51215" lon="9.328114" />
      <trkpt lat="46.512589" lon="9.328234" />
      <trkpt lat="46.512062" lon="9.328482" />
      <trkpt lat="46.511748" lon="9.329095" />
      <trkpt lat="46.511115" lon="9.329737" />
      <trkpt lat="46.511131" lon="9.329875" />
      <trkpt lat="46.511589" lon="9.329614" />
      <trkpt lat="46.512074" lon="9.32953" />
      <trkpt lat="46.512532" lon="9.329113" />
      <trkpt lat="46.513092" lon="9.329045" />
      <trkpt lat="46.513613" lon="9.328706" />
      <trkpt lat="46.514019" lon="9.329095" />
      <trkpt lat="46.514539" lon="9.328729" />
      <trkpt lat="46.515126" lon="9.328932" />
      <trkpt lat="46.515525" lon="9.328623" />
      <trkpt lat="46.515866" lon="9.328631" />
      <trkpt lat="46.516141" lon="9.328457" />
      <trkpt lat="46.516143" lon="9.328605" />
      <trkpt lat="46.515609" lon="9.328939" />
      <trkpt lat="46.515275" lon="9.329391" />
      <trkpt lat="46.516249" lon="9.329034" />
      <trkpt lat="46.515465" lon="9.329853" />
      <trkpt lat="46.516422" lon="9.329451" />
      <trkpt lat="46.515671" lon="9.330484" />
      <trkpt lat="46.51575" lon="9.330585" />
      <trkpt lat="46.516493" lon="9.330149" />
      <trkpt lat="46.516007" lon="9.330956" />
      <trkpt lat="46.51607" lon="9.331039" />
      <trkpt lat="46.516745" lon="9.330611" />
      <trkpt lat="46.516517" lon="9.331081" />
      <trkpt lat="46.5164" lon="9.331783" />
      <trkpt lat="46.517398" lon="9.331191" />
      <trkpt lat="46.523334" lon="9.329461" />
      <trkpt lat="46.523581" lon="9.329498" />
      <trkpt lat="46.524306" lon="9.330143" />
      <trkpt lat="46.524612" lon="9.33022" />
      <trkpt lat="46.527186" lon="9.329212" />
      <trkpt lat="46.527867" lon="9.328341" />
      <trkpt lat="46.528796" lon="9.328437" />
      <trkpt lat="46.529876" lon="9.327682" />
      <trkpt lat="46.530871" lon="9.32746" />
      <trkpt lat="46.532168" lon="9.326797" />
      <trkpt lat="46.533196" lon="9.326638" />
      <trkpt lat="46.534552" lon="9.326697" />
      <trkpt lat="46.534718" lon="9.326262" />
      <trkpt lat="46.535878" lon="9.326435" />
      <trkpt lat="46.538019" lon="9.325679" />
      <trkpt lat="46.539225" lon="9.324628" />
      <trkpt lat="46.540156" lon="9.324229" />
      <trkpt lat="46.540664" lon="9.324365" />
      <trkpt lat="46.541062" lon="9.324633" />
      <trkpt lat="46.541829" lon="9.325518" />
      <trkpt lat="46.542063" lon="9.326128" />
      <trkpt lat="46.542274" lon="9.32618" />
      <trkpt lat="46.542603" lon="9.325512" />
      <trkpt lat="46.542704" lon="9.324846" />
      <trkpt lat="46.54342" lon="9.324568" />
      <trkpt lat="46.544281" lon="9.323324" />
      <trkpt lat="46.544199" lon="9.322576" />
      <trkpt lat="46.543833" lon="9.321844" />
      <trkpt lat="46.544185" lon="9.320102" />
      <trkpt lat="46.54429" lon="9.320229" />
      <trkpt lat="46.544333" lon="9.321549" />
      <trkpt lat="46.545471" lon="9.322721" />
      <trkpt lat="46.545717" lon="9.323654" />
      <trkpt lat="46.545814" lon="9.323441" />
      <trkpt lat="46.545576" lon="9.321528" />
      <trkpt lat="46.545649" lon="9.320389" />
      <trkpt lat="46.545824" lon="9.320378" />
      <trkpt lat="46.546056" lon="9.321631" />
      <trkpt lat="46.546754" lon="9.322808" />
      <trkpt lat="46.546658" lon="9.320154" />
      <trkpt lat="46.547365" lon="9.321832" />
      <trkpt lat="46.54765" lon="9.322896" />
      <trkpt lat="46.548154" lon="9.323913" />
      <trkpt lat="46.548322" lon="9.323901" />
      <trkpt lat="46.548836" lon="9.323332" />
      <trkpt lat="46.552388" lon="9.323365" />
      <trkpt lat="46.552268" lon="9.322577" />
      <trkpt lat="46.551328" lon="9.320156" />
      <trkpt lat="46.550584" lon="9.319452" />
      <trkpt lat="46.550212" lon="9.318884" />
      <trkpt lat="46.549416" lon="9.317246" />
      <trkpt lat="46.5473" lon="9.313754" />
      <trkpt lat="46.546852" lon="9.312341" />
      <trkpt lat="46.54678" lon="9.310929" />
      <trkpt lat="46.547157" lon="9.307429" />
      <trkpt lat="46.547038" lon="9.303532" />
      <trkpt lat="46.546704" lon="9.302187" />
      <trkpt lat="46.544702" lon="9.29725" />
      <trkpt lat="46.544364" lon="9.295606" />
      <trkpt lat="46.544456" lon="9.292937" />
      <trkpt lat="46.545234" lon="9.289037" />
      <trkpt lat="46.545234" lon="9.287371" />
      <trkpt lat="46.544173" lon="9.282657" />
      <trkpt lat="46.542304" lon="9.278064" />
      <trkpt lat="46.541318" lon="9.273946" />
      <trkpt lat="46.541166" lon="9.272322" />
      <trkpt lat="46.541277" lon="9.266155" />
      <trkpt lat="46.541118" lon="9.26386" />
      <trkpt lat="46.540653" lon="9.261412" />
      <trkpt lat="46.539602" lon="9.257848" />
      <trkpt lat="46.539514" lon="9.256579" />
      <trkpt lat="46.539695" lon="9.254018" />
      <trkpt lat="46.538861" lon="9.251489" />
      <trkpt lat="46.538696" lon="9.25064" />
      <trkpt lat="46.53877" lon="9.247849" />
      <trkpt lat="46.538464" lon="9.245182" />
      <trkpt lat="46.53852" lon="9.24246" />
      <trkpt lat="46.53794" lon="9.237673" />
      <trkpt lat="46.538069" lon="9.235086" />
      <trkpt lat="46.538717" lon="9.231351" />
      <trkpt lat="46.53869" lon="9.229835" />
      <trkpt lat="46.538221" lon="9.228322" />
      <trkpt lat="46.536435" lon="9.225278" />
      <trkpt lat="46.535381" lon="9.222543" />
      <trkpt lat="46.533018" lon="9.21719" />
      <trkpt lat="46.532635" lon="9.215812" />
      <trkpt lat="46.5322" lon="9.213124" />
      <trkpt lat="46.531355" lon="9.210808" />
      <trkpt lat="46.531245" lon="9.209697" />
      <trkpt lat="46.531675" lon="9.207787" />
      <trkpt lat="46.531716" lon="9.206768" />
      <trkpt lat="46.530722" lon="9.203662" />
      <trkpt lat="46.530823" lon="9.203319" />
      <trkpt lat="46.530773" lon="9.202376" />
      <trkpt lat="46.530363" lon="9.200174" />
      <trkpt lat="46.530487" lon="9.198608" />
      <trkpt lat="46.530372" lon="9.197332" />
      <trkpt lat="46.530417" lon="9.195705" />
      <trkpt lat="46.530185" lon="9.194029" />
      <trkpt lat="46.527737" lon="9.188406" />
      <trkpt lat="46.527402" lon="9.18806" />
      <trkpt lat="46.525931" lon="9.187124" />
      <trkpt lat="46.525458" lon="9.186641" />
      <trkpt lat="46.525314" lon="9.18669" />
      <trkpt lat="46.525258" lon="9.186918" />
      <trkpt lat="46.524485" lon="9.186844" />
      <trkpt lat="46.524177" lon="9.185589" />
      <trkpt lat="46.52339" lon="9.184008" />
      <trkpt lat="46.522731" lon="9.183182" />
      <trkpt lat="46.521749" lon="9.18284" />
      <trkpt lat="46.52122" lon="9.181637" />
      <trkpt lat="46.52109" lon="9.181789" />
      <trkpt lat="46.521184" lon="9.183219" />
      <trkpt lat="46.521891" lon="9.185977" />
      <trkpt lat="46.520543" lon="9.183233" />
      <trkpt lat="46.521192" lon="9.18588" />
      <trkpt lat="46.52078" lon="9.184936" />
      <trkpt lat="46.520652" lon="9.184937" />
      <trkpt lat="46.521257" lon="9.187053" />
      <trkpt lat="46.521773" lon="9.187763" />
      <trkpt lat="46.522074" lon="9.188581" />
      <trkpt lat="46.521341" lon="9.187588" />
      <trkpt lat="46.521883" lon="9.188672" />
      <trkpt lat="46.521803" lon="9.188725" />
      <trkpt lat="46.521193" lon="9.187841" />
      <trkpt lat="46.521618" lon="9.188805" />
      <trkpt lat="46.521547" lon="9.188908" />
      <trkpt lat="46.520853" lon="9.187836" />
      <trkpt lat="46.520423" lon="9.186888" />
      <trkpt lat="46.520603" lon="9.18784" />
      <trkpt lat="46.521201" lon="9.189176" />
      <trkpt lat="46.521126" lon="9.189272" />
      <trkpt lat="46.519995" lon="9.187019" />
      <trkpt lat="46.520733" lon="9.189289" />
      <trkpt lat="46.520679" lon="9.189418" />
      <trkpt lat="46.520277" lon="9.188423" />
      <trkpt lat="46.519535" lon="9.187291" />
      <trkpt lat="46.519397" lon="9.186732" />
      <trkpt lat="46.518942" lon="9.186206" />
      <trkpt lat="46.52005" lon="9.189059" />
      <trkpt lat="46.520225" lon="9.189995" />
      <trkpt lat="46.519811" lon="9.188984" />
      <trkpt lat="46.519147" lon="9.188099" />
      <trkpt lat="46.51874" lon="9.186941" />
      <trkpt lat="46.518344" lon="9.186484" />
      <trkpt lat="46.518035" lon="9.185702" />
      <trkpt lat="46.517281" lon="9.1846" />
      <trkpt lat="46.516958" lon="9.184328" />
      <trkpt lat="46.516379" lon="9.184359" />
      <trkpt lat="46.515706" lon="9.183917" />
      <trkpt lat="46.515119" lon="9.183853" />
      <trkpt lat="46.514814" lon="9.183676" />
      <trkpt lat="46.514765" lon="9.183321" />
      <trkpt lat="46.515322" lon="9.18202" />
      <trkpt lat="46.514513" lon="9.183076" />
      <trkpt lat="46.513299" lon="9.181754" />
      <trkpt lat="46.511494" lon="9.181475" />
      <trkpt lat="46.50979" lon="9.180429" />
      <trkpt lat="46.509796" lon="9.180308" />
      <trkpt lat="46.510023" lon="9.180208" />
      <trkpt lat="46.50999" lon="9.18008" />
      <trkpt lat="46.50916" lon="9.180169" />
      <trkpt lat="46.50877" lon="9.179913" />
      <trkpt lat="46.509163" lon="9.179954" />
      <trkpt lat="46.50924" lon="9.179791" />
      <trkpt lat="46.507952" lon="9.179461" />
      <trkpt lat="46.507615" lon="9.179625" />
      <trkpt lat="46.507381" lon="9.180001" />
      <trkpt lat="46.507465" lon="9.179396" />
      <trkpt lat="46.506426" lon="9.179521" />
      <trkpt lat="46.506456" lon="9.179368" />
      <trkpt lat="46.50684" lon="9.179233" />
      <trkpt lat="46.506829" lon="9.17911" />
      <trkpt lat="46.505871" lon="9.179017" />
      <trkpt lat="46.505416" lon="9.178708" />
      <trkpt lat="46.504967" lon="9.178693" />
      <trkpt lat="46.504328" lon="9.178868" />
      <trkpt lat="46.503407" lon="9.178731" />
      <trkpt lat="46.50261" lon="9.178025" />
      <trkpt lat="46.500916" lon="9.177256" />
      <trkpt lat="46.498938" lon="9.175653" />
      <trkpt lat="46.496977" lon="9.174571" />
      <trkpt lat="46.496955" lon="9.174423" />
      <trkpt lat="46.498114" lon="9.172563" />
      <trkpt lat="46.498007" lon="9.171261" />
      <trkpt lat="46.497753" lon="9.170991" />
      <trkpt lat="46.497261" lon="9.171194" />
      <trkpt lat="46.49592" lon="9.170647" />
      <trkpt lat="46.494939" lon="9.169191" />
      <trkpt lat="46.494568" lon="9.169157" />
      <trkpt lat="46.493625" lon="9.169581" />
      <trkpt lat="46.492876" lon="9.169502" />
      <trkpt lat="46.491988" lon="9.170401" />
      <trkpt lat="46.491603" lon="9.170553" />
      <trkpt lat="46.488049" lon="9.171112" />
      <trkpt lat="46.487639" lon="9.170889" />
      <trkpt lat="46.487417" lon="9.170327" />
      <trkpt lat="46.487467" lon="9.169457" />
      <trkpt lat="46.487682" lon="9.168984" />
      <trkpt lat="46.487651" lon="9.16878" />
      <trkpt lat="46.487352" lon="9.168426" />
      <trkpt lat="46.486946" lon="9.168421" />
      <trkpt lat="46.486655" lon="9.168241" />
      <trkpt lat="46.486388" lon="9.168852" />
      <trkpt lat="46.486432" lon="9.16974" />
      <trkpt lat="46.486315" lon="9.170139" />
      <trkpt lat="46.48551" lon="9.171157" />
      <trkpt lat="46.485217" lon="9.170484" />
      <trkpt lat="46.485106" lon="9.170457" />
      <trkpt lat="46.485385" lon="9.171598" />
      <trkpt lat="46.484795" lon="9.170762" />
      <trkpt lat="46.48487" lon="9.171422" />
      <trkpt lat="46.484679" lon="9.172939" />
      <trkpt lat="46.484481" lon="9.173287" />
      <trkpt lat="46.483545" lon="9.174181" />
      <trkpt lat="46.483339" lon="9.174185" />
      <trkpt lat="46.483214" lon="9.173611" />
      <trkpt lat="46.483667" lon="9.172638" />
      <trkpt lat="46.482819" lon="9.173297" />
      <trkpt lat="46.482507" lon="9.174156" />
      <trkpt lat="46.482254" lon="9.174442" />
      <trkpt lat="46.482446" lon="9.172349" />
      <trkpt lat="46.482362" lon="9.172282" />
      <trkpt lat="46.481889" lon="9.172542" />
      <trkpt lat="46.481675" lon="9.172397" />
      <trkpt lat="46.481941" lon="9.171901" />
      <trkpt lat="46.482455" lon="9.171388" />
      <trkpt lat="46.483219" lon="9.16996" />
      <trkpt lat="46.483161" lon="9.169783" />
      <trkpt lat="46.482376" lon="9.170872" />
      <trkpt lat="46.481111" lon="9.171998" />
      <trkpt lat="46.479814" lon="9.172889" />
      <trkpt lat="46.476984" lon="9.176402" />
      <trkpt lat="46.476858" lon="9.176789" />
      <trkpt lat="46.476919" lon="9.177966" />
      <trkpt lat="46.476496" lon="9.177104" />
      <trkpt lat="46.476377" lon="9.177085" />
      <trkpt lat="46.476519" lon="9.178006" />
      <trkpt lat="46.475961" lon="9.179624" />
      <trkpt lat="46.475968" lon="9.180384" />
      <trkpt lat="46.475563" lon="9.181013" />
      <trkpt lat="46.475152" lon="9.18129" />
      <trkpt lat="46.474909" lon="9.181293" />
      <trkpt lat="46.474286" lon="9.180964" />
      <trkpt lat="46.474555" lon="9.181799" />
      <trkpt lat="46.474459" lon="9.181885" />
      <trkpt lat="46.474171" lon="9.181727" />
      <trkpt lat="46.474025" lon="9.181847" />
      <trkpt lat="46.474034" lon="9.182754" />
      <trkpt lat="46.473815" lon="9.18271" />
      <trkpt lat="46.473574" lon="9.181703" />
      <trkpt lat="46.47343" lon="9.18152" />
      <trkpt lat="46.472805" lon="9.182328" />
      <trkpt lat="46.472632" lon="9.182245" />
      <trkpt lat="46.473349" lon="9.180851" />
      <trkpt lat="46.473311" lon="9.180473" />
      <trkpt lat="46.473151" lon="9.18043" />
      <trkpt lat="46.472713" lon="9.180631" />
      <trkpt lat="46.472216" lon="9.180411" />
      <trkpt lat="46.471478" lon="9.180493" />
      <trkpt lat="46.471058" lon="9.181992" />
      <trkpt lat="46.470223" lon="9.183135" />
      <trkpt lat="46.469619" lon="9.185601" />
      <trkpt lat="46.469072" lon="9.186088" />
      <trkpt lat="46.469107" lon="9.186215" />
      <trkpt lat="46.469392" lon="9.186272" />
      <trkpt lat="46.469393" lon="9.186398" />
      <trkpt lat="46.46889" lon="9.186385" />
      <trkpt lat="46.46808" lon="9.186585" />
      <trkpt lat="46.467393" lon="9.187142" />
      <trkpt lat="46.466697" lon="9.187414" />
      <trkpt lat="46.465878" lon="9.187159" />
      <trkpt lat="46.465467" lon="9.186842" />
      <trkpt lat="46.465408" lon="9.186278" />
      <trkpt lat="46.465558" lon="9.185558" />
      <trkpt lat="46.465399" lon="9.185432" />
      <trkpt lat="46.46485" lon="9.186685" />
      <trkpt lat="46.464299" lon="9.187572" />
      <trkpt lat="46.464026" lon="9.187759" />
      <trkpt lat="46.463285" lon="9.187886" />
      <trkpt lat="46.462795" lon="9.188514" />
      <trkpt lat="46.462786" lon="9.189962" />
      <trkpt lat="46.463148" lon="9.190948" />
      <trkpt lat="46.462744" lon="9.191852" />
      <trkpt lat="46.460723" lon="9.192984" />
      <trkpt lat="46.460007" lon="9.19325" />
      <trkpt lat="46.459396" lon="9.193126" />
      <trkpt lat="46.458746" lon="9.193519" />
      <trkpt lat="46.457348" lon="9.195662" />
      <trkpt lat="46.455201" lon="9.197925" />
      <trkpt lat="46.452717" lon="9.199031" />
      <trkpt lat="46.451935" lon="9.199216" />
      <trkpt lat="46.448581" lon="9.200461" />
      <trkpt lat="46.447734" lon="9.20127" />
      <trkpt lat="46.447381" lon="9.200587" />
      <trkpt lat="46.447174" lon="9.200544" />
      <trkpt lat="46.446936" lon="9.200765" />
      <trkpt lat="46.44702" lon="9.201683" />
      <trkpt lat="46.446936" lon="9.200765" />
      <trkpt lat="46.446683" lon="9.201081" />
      <trkpt lat="46.444413" lon="9.201692" />
      <trkpt lat="46.4429" lon="9.202298" />
      <trkpt lat="46.442418" lon="9.202631" />
      <trkpt lat="46.441159" lon="9.203074" />
      <trkpt lat="46.440503" lon="9.203061" />
      <trkpt lat="46.439447" lon="9.203503" />
      <trkpt lat="46.438101" lon="9.203259" />
      <trkpt lat="46.437519" lon="9.203801" />
      <trkpt lat="46.436187" lon="9.204008" />
      <trkpt lat="46.434951" lon="9.204807" />
      <trkpt lat="46.434999" lon="9.204981" />
      <trkpt lat="46.435562" lon="9.204961" />
      <trkpt lat="46.436001" lon="9.20509" />
      <trkpt lat="46.436045" lon="9.205336" />
      <trkpt lat="46.435191" lon="9.205592" />
      <trkpt lat="46.434294" lon="9.205397" />
      <trkpt lat="46.434274" lon="9.205563" />
      <trkpt lat="46.434633" lon="9.205781" />
      <trkpt lat="46.435131" lon="9.206532" />
      <trkpt lat="46.435358" lon="9.207481" />
      <trkpt lat="46.435801" lon="9.20819" />
      <trkpt lat="46.436633" lon="9.207139" />
      <trkpt lat="46.436541" lon="9.207632" />
      <trkpt lat="46.437117" lon="9.208285" />
      <trkpt lat="46.437179" lon="9.209483" />
      <trkpt lat="46.437346" lon="9.207387" />
      <trkpt lat="46.437467" lon="9.207324" />
      <trkpt lat="46.437568" lon="9.20947" />
      <trkpt lat="46.437395" lon="9.210325" />
      <trkpt lat="46.436991" lon="9.210705" />
      <trkpt lat="46.436822" lon="9.211369" />
      <trkpt lat="46.436993" lon="9.211436" />
      <trkpt lat="46.437775" lon="9.210874" />
      <trkpt lat="46.437874" lon="9.211014" />
      <trkpt lat="46.43676" lon="9.21199" />
      <trkpt lat="46.436501" lon="9.211999" />
      <trkpt lat="46.436099" lon="9.211723" />
      <trkpt lat="46.435732" lon="9.211809" />
      <trkpt lat="46.435667" lon="9.211939" />
      <trkpt lat="46.435724" lon="9.212027" />
      <trkpt lat="46.43599" lon="9.21196" />
      <trkpt lat="46.436463" lon="9.212331" />
      <trkpt lat="46.436777" lon="9.212312" />
      <trkpt lat="46.4375" lon="9.211941" />
      <trkpt lat="46.437565" lon="9.212115" />
      <trkpt lat="46.436543" lon="9.212749" />
      <trkpt lat="46.435951" lon="9.212869" />
      <trkpt lat="46.435556" lon="9.212768" />
      <trkpt lat="46.434669" lon="9.213105" />
      <trkpt lat="46.434717" lon="9.21326" />
      <trkpt lat="46.435311" lon="9.213056" />
      <trkpt lat="46.435523" lon="9.213192" />
      <trkpt lat="46.43572" lon="9.214272" />
      <trkpt lat="46.435674" lon="9.215618" />
      <trkpt lat="46.43556" lon="9.2158" />
      <trkpt lat="46.434803" lon="9.215704" />
      <trkpt lat="46.434431" lon="9.215934" />
      <trkpt lat="46.434942" lon="9.214609" />
      <trkpt lat="46.434825" lon="9.21445" />
      <trkpt lat="46.434185" lon="9.214495" />
      <trkpt lat="46.433992" lon="9.214587" />
      <trkpt lat="46.433571" lon="9.215193" />
      <trkpt lat="46.432414" lon="9.215838" />
      <trkpt lat="46.432056" lon="9.2163" />
      <trkpt lat="46.432502" lon="9.214544" />
      <trkpt lat="46.432374" lon="9.214472" />
      <trkpt lat="46.431551" lon="9.215324" />
      <trkpt lat="46.431917" lon="9.213874" />
      <trkpt lat="46.431863" lon="9.213693" />
      <trkpt lat="46.429808" lon="9.215504" />
      <trkpt lat="46.429403" lon="9.216159" />
      <trkpt lat="46.428462" lon="9.21833" />
      <trkpt lat="46.427807" lon="9.219426" />
      <trkpt lat="46.427135" lon="9.222542" />
      <trkpt lat="46.426688" lon="9.223562" />
      <trkpt lat="46.426422" lon="9.223865" />
      <trkpt lat="46.423626" lon="9.224446" />
      <trkpt lat="46.421287" lon="9.225427" />
      <trkpt lat="46.420154" lon="9.225443" />
      <trkpt lat="46.419219" lon="9.225608" />
      <trkpt lat="46.418371" lon="9.226238" />
      <trkpt lat="46.417429" lon="9.226006" />
      <trkpt lat="46.416735" lon="9.226047" />
      <trkpt lat="46.416047" lon="9.22575" />
      <trkpt lat="46.415819" lon="9.225304" />
      <trkpt lat="46.414984" lon="9.225757" />
      <trkpt lat="46.413607" lon="9.225885" />
      <trkpt lat="46.413575" lon="9.226089" />
      <trkpt lat="46.414112" lon="9.226076" />
      <trkpt lat="46.414499" lon="9.226293" />
      <trkpt lat="46.414711" lon="9.226501" />
      <trkpt lat="46.414685" lon="9.226724" />
      <trkpt lat="46.414571" lon="9.226779" />
      <trkpt lat="46.413935" lon="9.226471" />
      <trkpt lat="46.412556" lon="9.227216" />
      <trkpt lat="46.412104" lon="9.227104" />
      <trkpt lat="46.411298" lon="9.227239" />
      <trkpt lat="46.411019" lon="9.227136" />
      <trkpt lat="46.41101" lon="9.227307" />
      <trkpt lat="46.411678" lon="9.227617" />
      <trkpt lat="46.411715" lon="9.227781" />
      <trkpt lat="46.410903" lon="9.227692" />
      <trkpt lat="46.410553" lon="9.2275" />
      <trkpt lat="46.410099" lon="9.227529" />
      <trkpt lat="46.41002" lon="9.227645" />
      <trkpt lat="46.410516" lon="9.227753" />
      <trkpt lat="46.410704" lon="9.227979" />
      <trkpt lat="46.410908" lon="9.229048" />
      <trkpt lat="46.410544" lon="9.228426" />
      <trkpt lat="46.409302" lon="9.228401" />
      <trkpt lat="46.406944" lon="9.229862" />
      <trkpt lat="46.406052" lon="9.229723" />
      <trkpt lat="46.404592" lon="9.228597" />
      <trkpt lat="46.40393" lon="9.22871" />
      <trkpt lat="46.402425" lon="9.228021" />
      <trkpt lat="46.401982" lon="9.227983" />
      <trkpt lat="46.401895" lon="9.228102" />
      <trkpt lat="46.403248" lon="9.228621" />
      <trkpt lat="46.403253" lon="9.228827" />
      <trkpt lat="46.402437" lon="9.228637" />
      <trkpt lat="46.40181" lon="9.228763" />
      <trkpt lat="46.401236" lon="9.227973" />
      <trkpt lat="46.401189" lon="9.228131" />
      <trkpt lat="46.401516" lon="9.228745" />
      <trkpt lat="46.401422" lon="9.228893" />
      <trkpt lat="46.400879" lon="9.228127" />
      <trkpt lat="46.400688" lon="9.2274" />
      <trkpt lat="46.400394" lon="9.227285" />
      <trkpt lat="46.400168" lon="9.227602" />
      <trkpt lat="46.399929" lon="9.228656" />
      <trkpt lat="46.399985" lon="9.230232" />
      <trkpt lat="46.399637" lon="9.230727" />
      <trkpt lat="46.399035" lon="9.230859" />
      <trkpt lat="46.398853" lon="9.230629" />
      <trkpt lat="46.398757" lon="9.229971" />
      <trkpt lat="46.398522" lon="9.229881" />
      <trkpt lat="46.397995" lon="9.2303" />
      <trkpt lat="46.396811" lon="9.230377" />
      <trkpt lat="46.395737" lon="9.231343" />
      <trkpt lat="46.391408" lon="9.233035" />
      <trkpt lat="46.390169" lon="9.23322" />
      <trkpt lat="46.389347" lon="9.233148" />
      <trkpt lat="46.388159" lon="9.233847" />
      <trkpt lat="46.387816" lon="9.23392" />
      <trkpt lat="46.386629" lon="9.233334" />
      <trkpt lat="46.385687" lon="9.23326" />
      <trkpt lat="46.384902" lon="9.23299" />
      <trkpt lat="46.384502" lon="9.232577" />
      <trkpt lat="46.383965" lon="9.232849" />
      <trkpt lat="46.383412" lon="9.232744" />
      <trkpt lat="46.381876" lon="9.231891" />
      <trkpt lat="46.38166" lon="9.231807" />
      <trkpt lat="46.381486" lon="9.231931" />
      <trkpt lat="46.380202" lon="9.23137" />
      <trkpt lat="46.377787" lon="9.229873" />
      <trkpt lat="46.375886" lon="9.227717" />
      <trkpt lat="46.374655" lon="9.226839" />
      <trkpt lat="46.373239" lon="9.225355" />
      <trkpt lat="46.372389" lon="9.224899" />
      <trkpt lat="46.371731" lon="9.224787" />
      <trkpt lat="46.370897" lon="9.224956" />
      <trkpt lat="46.368585" lon="9.226416" />
      <trkpt lat="46.366581" lon="9.227121" />
      <trkpt lat="46.364851" lon="9.227175" />
      <trkpt lat="46.363261" lon="9.226735" />
      <trkpt lat="46.362502" lon="9.226319" />
      <trkpt lat="46.361808" lon="9.225708" />
      <trkpt lat="46.360118" lon="9.223202" />
      <trkpt lat="46.358775" lon="9.221848" />
      <trkpt lat="46.357705" lon="9.221278" />
      <trkpt lat="46.355436" lon="9.220771" />
      <trkpt lat="46.354527" lon="9.2204" />
      <trkpt lat="46.353562" lon="9.219762" />
      <trkpt lat="46.350925" lon="9.217529" />
      <trkpt lat="46.349145" lon="9.216624" />
      <trkpt lat="46.347613" lon="9.216296" />
      <trkpt lat="46.345972" lon="9.21636" />
      <trkpt lat="46.344436" lon="9.216821" />
      <trkpt lat="46.342404" lon="9.217698" />
      <trkpt lat="46.341701" lon="9.217833" />
      <trkpt lat="46.340564" lon="9.217708" />
      <trkpt lat="46.339705" lon="9.217335" />
      <trkpt lat="46.338605" lon="9.216392" />
      <trkpt lat="46.334928" lon="9.211831" />
      <trkpt lat="46.333088" lon="9.20988" />
      <trkpt lat="46.33199" lon="9.209134" />
      <trkpt lat="46.330898" lon="9.208699" />
      <trkpt lat="46.330143" lon="9.208569" />
      <trkpt lat="46.327356" lon="9.208475" />
      <trkpt lat="46.3261" lon="9.208267" />
      <trkpt lat="46.32398" lon="9.207503" />
      <trkpt lat="46.322632" lon="9.206718" />
      <trkpt lat="46.314663" lon="9.2007" />
      <trkpt lat="46.300391" lon="9.189259" />
      <trkpt lat="46.298215" lon="9.187254" />
      <trkpt lat="46.294548" lon="9.183111" />
      <trkpt lat="46.293563" lon="9.182323" />
      <trkpt lat="46.292582" lon="9.181787" />
      <trkpt lat="46.290922" lon="9.181256" />
      <trkpt lat="46.281894" lon="9.179388" />
      <trkpt lat="46.280185" lon="9.17848" />
      <trkpt lat="46.27809" lon="9.176554" />
      <trkpt lat="46.277142" lon="9.175931" />
      <trkpt lat="46.276176" lon="9.175641" />
      <trkpt lat="46.273252" lon="9.175446" />
      <trkpt lat="46.272252" lon="9.175113" />
      <trkpt lat="46.271374" lon="9.174642" />
      <trkpt lat="46.270727" lon="9.174132" />
      <trkpt lat="46.270041" lon="9.173328" />
      <trkpt lat="46.268518" lon="9.170351" />
      <trkpt lat="46.267856" lon="9.169475" />
      <trkpt lat="46.267152" lon="9.168829" />
      <trkpt lat="46.254133" lon="9.160081" />
      <trkpt lat="46.252537" lon="9.158745" />
      <trkpt lat="46.24959" lon="9.15567" />
      <trkpt lat="46.248091" lon="9.153929" />
      <trkpt lat="46.247084" lon="9.152494" />
      <trkpt lat="46.245905" lon="9.150348" />
      <trkpt lat="46.24352" lon="9.14518" />
      <trkpt lat="46.24241" lon="9.143426" />
      <trkpt lat="46.241326" lon="9.142227" />
      <trkpt lat="46.240327" lon="9.141389" />
      <trkpt lat="46.239317" lon="9.140748" />
      <trkpt lat="46.234048" lon="9.138194" />
      <trkpt lat="46.232565" lon="9.137102" />
      <trkpt lat="46.231598" lon="9.1361" />
      <trkpt lat="46.230153" lon="9.133924" />
      <trkpt lat="46.229181" lon="9.131605" />
      <trkpt lat="46.228615" lon="9.129295" />
      <trkpt lat="46.228342" lon="9.125902" />
      <trkpt lat="46.228663" lon="9.122656" />
      <trkpt lat="46.231467" lon="9.10901" />
      <trkpt lat="46.231906" lon="9.106052" />
      <trkpt lat="46.231951" lon="9.102798" />
      <trkpt lat="46.230969" lon="9.091367" />
      <trkpt lat="46.231052" lon="9.08957" />
      <trkpt lat="46.231707" lon="9.084042" />
      <trkpt lat="46.231698" lon="9.081901" />
      <trkpt lat="46.231401" lon="9.080144" />
      <trkpt lat="46.230999" lon="9.078839" />
      <trkpt lat="46.228438" lon="9.072838" />
      <trkpt lat="46.22803" lon="9.071082" />
      <trkpt lat="46.227618" lon="9.067725" />
      <trkpt lat="46.227114" lon="9.065632" />
      <trkpt lat="46.222405" lon="9.051259" />
      <trkpt lat="46.221715" lon="9.047751" />
      <trkpt lat="46.221197" lon="9.042109" />
      <trkpt lat="46.220991" lon="9.041141" />
      <trkpt lat="46.220418" lon="9.039547" />
      <trkpt lat="46.219399" lon="9.038009" />
      <trkpt lat="46.218177" lon="9.037023" />
      <trkpt lat="46.216838" lon="9.036585" />
      <trkpt lat="46.214954" lon="9.036637" />
      <trkpt lat="46.214016" lon="9.036462" />
      <trkpt lat="46.212556" lon="9.035643" />
      <trkpt lat="46.211606" lon="9.034623" />
      <trkpt lat="46.210978" lon="9.033679" />
      <trkpt lat="46.21037" lon="9.032405" />
      <trkpt lat="46.208873" lon="9.027205" />
      <trkpt lat="46.205543" lon="9.019317" />
      <trkpt lat="46.204655" lon="9.017913" />
      <trkpt lat="46.203716" lon="9.016777" />
      <trkpt lat="46.199362" lon="9.012761" />
      <trkpt lat="46.197542" lon="9.011253" />
      <trkpt lat="46.195495" lon="9.009776" />
      <trkpt lat="46.185137" lon="9.003074" />
      <trkpt lat="46.183231" lon="9.001712" />
      <trkpt lat="46.180701" lon="8.999517" />
      <trkpt lat="46.175882" lon="8.994562" />
      <trkpt lat="46.173226" lon="8.992478" />
      <trkpt lat="46.170967" lon="8.991278" />
      <trkpt lat="46.169279" lon="8.990606" />
      <trkpt lat="46.167659" lon="8.990275" />
      <trkpt lat="46.164818" lon="8.990071" />
      <trkpt lat="46.164316" lon="8.989759" />
      <trkpt lat="46.163563" lon="8.988864" />
      <trkpt lat="46.162734" lon="8.988721" />
      <trkpt lat="46.162451" lon="8.988543" />
      <trkpt lat="46.16205" lon="8.987919" />
      <trkpt lat="46.153126" lon="8.965124" />
      <trkpt lat="46.152564" lon="8.963473" />
      <trkpt lat="46.152232" lon="8.962023" />
      <trkpt lat="46.15182" lon="8.959793" />
      <trkpt lat="46.15165" lon="8.957342" />
      <trkpt lat="46.152315" lon="8.940181" />
      <trkpt lat="46.152138" lon="8.938572" />
      <trkpt lat="46.150212" lon="8.929774" />
      <trkpt lat="46.150059" lon="8.928708" />
      <trkpt lat="46.150164" lon="8.928533" />
      <trkpt lat="46.15005" lon="8.928404" />
      <trkpt lat="46.152435" lon="8.913395" />
      <trkpt lat="46.152512" lon="8.912948" />
      <trkpt lat="46.152643" lon="8.912837" />
      <trkpt lat="46.152557" lon="8.912637" />
      <trkpt lat="46.153427" lon="8.907203" />
      <trkpt lat="46.153825" lon="8.898349" />
      <trkpt lat="46.153158" lon="8.893835" />
      <trkpt lat="46.153138" lon="8.893174" />
      <trkpt lat="46.153346" lon="8.892091" />
      <trkpt lat="46.153722" lon="8.891329" />
      <trkpt lat="46.154132" lon="8.891001" />
      <trkpt lat="46.163821" lon="8.886176" />
      <trkpt lat="46.164652" lon="8.885885" />
      <trkpt lat="46.167133" lon="8.88583" />
      <trkpt lat="46.168009" lon="8.885664" />
      <trkpt lat="46.1682" lon="8.885751" />
      <trkpt lat="46.16842" lon="8.885546" />
      <trkpt lat="46.168219" lon="8.884297" />
      <trkpt lat="46.168389" lon="8.872265" />
      <trkpt lat="46.168596" lon="8.869816" />
      <trkpt lat="46.169076" lon="8.867221" />
      <trkpt lat="46.170268" lon="8.863541" />
      <trkpt lat="46.172792" lon="8.858461" />
      <trkpt lat="46.17372" lon="8.856301" />
      <trkpt lat="46.175342" lon="8.850606" />
      <trkpt lat="46.17622" lon="8.848077" />
      <trkpt lat="46.181024" lon="8.837616" />
      <trkpt lat="46.182475" lon="8.833881" />
      <trkpt lat="46.182994" lon="8.831575" />
      <trkpt lat="46.183347" lon="8.829235" />
      <trkpt lat="46.185291" lon="8.813887" />
      <trkpt lat="46.185454" lon="8.811494" />
      <trkpt lat="46.18537" lon="8.809554" />
      <trkpt lat="46.185091" lon="8.807684" />
      <trkpt lat="46.184184" lon="8.804716" />
      <trkpt lat="46.183439" lon="8.803206" />
      <trkpt lat="46.17963" lon="8.797283" />
      <trkpt lat="46.175764" lon="8.793044" />
      <trkpt lat="46.175123" lon="8.792519" />
      <trkpt lat="46.173515" lon="8.791579" />
      <trkpt lat="46.169653" lon="8.790313" />
      <trkpt lat="46.168215" lon="8.789573" />
      <trkpt lat="46.165724" lon="8.787344" />
      <trkpt lat="46.163683" lon="8.784835" />
      <trkpt lat="46.162259" lon="8.781987" />
      <trkpt lat="46.161588" lon="8.780338" />
      <trkpt lat="46.161286" lon="8.779157" />
      <trkpt lat="46.161194" lon="8.778108" />
      <trkpt lat="46.161337" lon="8.776478" />
      <trkpt lat="46.161795" lon="8.774361" />
      <trkpt lat="46.161966" lon="8.774181" />
      <trkpt lat="46.162165" lon="8.774353" />
      <trkpt lat="46.162092" lon="8.774711" />
      <trkpt lat="46.161513" lon="8.775028" />
      <trkpt lat="46.160835" lon="8.774934" />
      <trkpt lat="46.160531" lon="8.774526" />
      <trkpt lat="46.160611" lon="8.774263" />
      <trkpt lat="46.161287" lon="8.773974" />
      <trkpt lat="46.161475" lon="8.773575" />
      <trkpt lat="46.161628" lon="8.772218" />
      <trkpt lat="46.161575" lon="8.769093" />
      <trkpt lat="46.161438" lon="8.769164" />
      <trkpt lat="46.161413" lon="8.769692" />
      <trkpt lat="46.161123" lon="8.770016" />
      <trkpt lat="46.160844" lon="8.769788" />
      <trkpt lat="46.1602" lon="8.769778" />
      <trkpt lat="46.159659" lon="8.769273" />
      <trkpt lat="46.159382" lon="8.769259" />
      <trkpt lat="46.159659" lon="8.769273" />
      <trkpt lat="46.1602" lon="8.769778" />
      <trkpt lat="46.160844" lon="8.769788" />
      <trkpt lat="46.161123" lon="8.770016" />
      <trkpt lat="46.161413" lon="8.769692" />
      <trkpt lat="46.161438" lon="8.769164" />
      <trkpt lat="46.161575" lon="8.769093" />
      <trkpt lat="46.161628" lon="8.772218" />
      <trkpt lat="46.16146" lon="8.773653" />
      <trkpt lat="46.16123" lon="8.774019" />
      <trkpt lat="46.16046" lon="8.774406" />
      <trkpt lat="46.160282" lon="8.77513" />
      <trkpt lat="46.160361" lon="8.775254" />
      <trkpt lat="46.160779" lon="8.775184" />
      <trkpt lat="46.161232" lon="8.775583" />
      <trkpt lat="46.161067" lon="8.778152" />
      <trkpt lat="46.16128" lon="8.779589" />
      <trkpt lat="46.161774" lon="8.781067" />
      <trkpt lat="46.163611" lon="8.785461" />
      <trkpt lat="46.168215" lon="8.789573" />
      <trkpt lat="46.169653" lon="8.790313" />
      <trkpt lat="46.173515" lon="8.791579" />
      <trkpt lat="46.175123" lon="8.792519" />
      <trkpt lat="46.175764" lon="8.793044" />
      <trkpt lat="46.17963" lon="8.797283" />
      <trkpt lat="46.183439" lon="8.803206" />
      <trkpt lat="46.184447" lon="8.805398" />
      <trkpt lat="46.185251" lon="8.808582" />
      <trkpt lat="46.185441" lon="8.810482" />
      <trkpt lat="46.18541" lon="8.812664" />
      <trkpt lat="46.183347" lon="8.829235" />
      <trkpt lat="46.182994" lon="8.831575" />
      <trkpt lat="46.182475" lon="8.833881" />
      <trkpt lat="46.181024" lon="8.837616" />
      <trkpt lat="46.17622" lon="8.847835" />
      <trkpt lat="46.175334" lon="8.850331" />
      <trkpt lat="46.173612" lon="8.856298" />
      <trkpt lat="46.172617" lon="8.858569" />
      <trkpt lat="46.170271" lon="8.863254" />
      <trkpt lat="46.169623" lon="8.864939" />
      <trkpt lat="46.168979" lon="8.867173" />
      <trkpt lat="46.16857" lon="8.869257" />
      <trkpt lat="46.168339" lon="8.871478" />
      <trkpt lat="46.168063" lon="8.885016" />
      <trkpt lat="46.16779" lon="8.885485" />
      <trkpt lat="46.167327" lon="8.885805" />
      <trkpt lat="46.16516" lon="8.885841" />
      <trkpt lat="46.164293" lon="8.885983" />
      <trkpt lat="46.159853" lon="8.888063" />
      <trkpt lat="46.154037" lon="8.891057" />
      <trkpt lat="46.153608" lon="8.89144" />
      <trkpt lat="46.153022" lon="8.892454" />
      <trkpt lat="46.153077" lon="8.893428" />
      <trkpt lat="46.153821" lon="8.898096" />
      <trkpt lat="46.153446" lon="8.906989" />
      <trkpt lat="46.152566" lon="8.912588" />
      <trkpt lat="46.152431" lon="8.912752" />
      <trkpt lat="46.152505" lon="8.912995" />
      <trkpt lat="46.151025" lon="8.922131" />
      <trkpt lat="46.150914" lon="8.922763" />
      <trkpt lat="46.150789" lon="8.922886" />
      <trkpt lat="46.150875" lon="8.923062" />
      <trkpt lat="46.149954" lon="8.928555" />
      <trkpt lat="46.152037" lon="8.938139" />
      <trkpt lat="46.152184" lon="8.939494" />
      <trkpt lat="46.15205" lon="8.94602" />
      <trkpt lat="46.15172" lon="8.946975" />
      <trkpt lat="46.151282" lon="8.94772" />
      <trkpt lat="46.149022" lon="8.949555" />
      <trkpt lat="46.148514" lon="8.950676" />
      <trkpt lat="46.148205" lon="8.950921" />
      <trkpt lat="46.14793" lon="8.950851" />
      <trkpt lat="46.147743" lon="8.950593" />
      <trkpt lat="46.147673" lon="8.949362" />
      <trkpt lat="46.147854" lon="8.948673" />
      <trkpt lat="46.147687" lon="8.948539" />
      <trkpt lat="46.147231" lon="8.950259" />
      <trkpt lat="46.14706" lon="8.950329" />
      <trkpt lat="46.147512" lon="8.947991" />
      <trkpt lat="46.14725" lon="8.944844" />
      <trkpt lat="46.146478" lon="8.941854" />
      <trkpt lat="46.145761" lon="8.936165" />
      <trkpt lat="46.145442" lon="8.9347" />
      <trkpt lat="46.145383" lon="8.933536" />
      <trkpt lat="46.145197" lon="8.932814" />
      <trkpt lat="46.145048" lon="8.932691" />
      <trkpt lat="46.14488" lon="8.932932" />
      <trkpt lat="46.145007" lon="8.933886" />
      <trkpt lat="46.144823" lon="8.935889" />
      <trkpt lat="46.145131" lon="8.940717" />
      <trkpt lat="46.144896" lon="8.941372" />
      <trkpt lat="46.144731" lon="8.94139" />
      <trkpt lat="46.14462" lon="8.941216" />
      <trkpt lat="46.144688" lon="8.93978" />
      <trkpt lat="46.144411" lon="8.938551" />
      <trkpt lat="46.143832" lon="8.937108" />
      <trkpt lat="46.143691" lon="8.936415" />
      <trkpt lat="46.143684" lon="8.932826" />
      <trkpt lat="46.143495" lon="8.930917" />
      <trkpt lat="46.143152" lon="8.929242" />
      <trkpt lat="46.142837" lon="8.923378" />
      <trkpt lat="46.142916" lon="8.921961" />
      <trkpt lat="46.14271" lon="8.919308" />
      <trkpt lat="46.142763" lon="8.917844" />
      <trkpt lat="46.143279" lon="8.912538" />
      <trkpt lat="46.143563" lon="8.910963" />
      <trkpt lat="46.143147" lon="8.908371" />
      <trkpt lat="46.143256" lon="8.905488" />
      <trkpt lat="46.14313" lon="8.904981" />
      <trkpt lat="46.142828" lon="8.90456" />
      <trkpt lat="46.14247" lon="8.904381" />
      <trkpt lat="46.14204" lon="8.90439" />
      <trkpt lat="46.141673" lon="8.904516" />
      <trkpt lat="46.140787" lon="8.905146" />
      <trkpt lat="46.139997" lon="8.905867" />
      <trkpt lat="46.136422" lon="8.910624" />
      <trkpt lat="46.135129" lon="8.913334" />
      <trkpt lat="46.134271" lon="8.914756" />
      <trkpt lat="46.13277" lon="8.916659" />
      <trkpt lat="46.131854" lon="8.917586" />
      <trkpt lat="46.131364" lon="8.91769" />
      <trkpt lat="46.130621" lon="8.917149" />
      <trkpt lat="46.130291" lon="8.917088" />
      <trkpt lat="46.129325" lon="8.917965" />
      <trkpt lat="46.12694" lon="8.918107" />
      <trkpt lat="46.125865" lon="8.918431" />
      <trkpt lat="46.124966" lon="8.918876" />
      <trkpt lat="46.124365" lon="8.919267" />
      <trkpt lat="46.123145" lon="8.920394" />
      <trkpt lat="46.120534" lon="8.923864" />
      <trkpt lat="46.11893" lon="8.925318" />
      <trkpt lat="46.111189" lon="8.929889" />
      <trkpt lat="46.109743" lon="8.930541" />
      <trkpt lat="46.107774" lon="8.931114" />
      <trkpt lat="46.106079" lon="8.931326" />
      <trkpt lat="46.104085" lon="8.931264" />
      <trkpt lat="46.10259" lon="8.930982" />
      <trkpt lat="46.100888" lon="8.930422" />
      <trkpt lat="46.099095" lon="8.929552" />
      <trkpt lat="46.093179" lon="8.925293" />
      <trkpt lat="46.090369" lon="8.923617" />
      <trkpt lat="46.088076" lon="8.92252" />
      <trkpt lat="46.08529" lon="8.921478" />
      <trkpt lat="46.082522" lon="8.920965" />
      <trkpt lat="46.080639" lon="8.921181" />
      <trkpt lat="46.07888" lon="8.921985" />
      <trkpt lat="46.077382" lon="8.92323" />
      <trkpt lat="46.074876" lon="8.926017" />
      <trkpt lat="46.073684" lon="8.92717" />
      <trkpt lat="46.072161" lon="8.928152" />
      <trkpt lat="46.07034" lon="8.928746" />
      <trkpt lat="46.069133" lon="8.928807" />
      <trkpt lat="46.068059" lon="8.928685" />
      <trkpt lat="46.064416" lon="8.927851" />
      <trkpt lat="46.063065" lon="8.927699" />
      <trkpt lat="46.061653" lon="8.92771" />
      <trkpt lat="46.057999" lon="8.928123" />
      <trkpt lat="46.055906" lon="8.928015" />
      <trkpt lat="46.054359" lon="8.927623" />
      <trkpt lat="46.053362" lon="8.927228" />
      <trkpt lat="46.049658" lon="8.925248" />
      <trkpt lat="46.048592" lon="8.924927" />
      <trkpt lat="46.047555" lon="8.924803" />
      <trkpt lat="46.045998" lon="8.924945" />
      <trkpt lat="46.044508" lon="8.925464" />
      <trkpt lat="46.043357" lon="8.926152" />
      <trkpt lat="46.040742" lon="8.928259" />
      <trkpt lat="46.039313" lon="8.928742" />
      <trkpt lat="46.038414" lon="8.928784" />
      <trkpt lat="46.037617" lon="8.928627" />
      <trkpt lat="46.035144" lon="8.927488" />
      <trkpt lat="46.034061" lon="8.927177" />
      <trkpt lat="46.032974" lon="8.927177" />
      <trkpt lat="46.031833" lon="8.927523" />
      <trkpt lat="46.030237" lon="8.928488" />
      <trkpt lat="46.028422" lon="8.930422" />
      <trkpt lat="46.027899" lon="8.930619" />
      <trkpt lat="46.027474" lon="8.930464" />
      <trkpt lat="46.027273" lon="8.93083" />
      <trkpt lat="46.02782" lon="8.931963" />
      <trkpt lat="46.028739" lon="8.935566" />
      <trkpt lat="46.029844" lon="8.941825" />
      <trkpt lat="46.032277" lon="8.957259" />
      <trkpt lat="46.032457" lon="8.959777" />
      <trkpt lat="46.032299" lon="8.962524" />
      <trkpt lat="46.032086" lon="8.963881" />
      <trkpt lat="46.031439" lon="8.965724" />
      <trkpt lat="46.030805" lon="8.966715" />
      <trkpt lat="46.030336" lon="8.966884" />
      <trkpt lat="46.029738" lon="8.967578" />
      <trkpt lat="46.029388" lon="8.967276" />
      <trkpt lat="46.028262" lon="8.96571" />
      <trkpt lat="46.026472" lon="8.965568" />
      <trkpt lat="46.0248" lon="8.963348" />
      <trkpt lat="46.024864" lon="8.961262" />
      <trkpt lat="46.024672" lon="8.960663" />
      <trkpt lat="46.021735" lon="8.958785" />
      <trkpt lat="46.018284" lon="8.956795" />
      <trkpt lat="46.017727" lon="8.960991" />
    </trkseg>
  </trk>
</gpx>
