<?xml version="1.0" encoding="UTF-8"?>
<gpx version="1.1" creator="Fondue Tour 2026" xmlns="http://www.topografix.com/GPX/1/1" xmlns:xsi="http://www.w3.org/2001/XMLSchema-instance" xsi:schemaLocation="http://www.topografix.com/GPX/1/1 http://www.topografix.com/GPX/1/1/gpx.xsd">
  <metadata><name>Tue 08 · Warm-up · Menton to Val Cenis</name><desc>Fondue Tour 2026 roadbook route. Verify live pass status before departure.</desc></metadata>
  <rte>
    <name>Tue 08 · Warm-up · Menton to Val Cenis stops</name>
    <rtept lat="43.7653243" lon="7.4557044"><name>Menton</name></rtept>
    <rtept lat="44.3266994" lon="6.8074733"><name>Col de la Bonette</name></rtept>
    <rtept lat="44.5391007" lon="6.7029456"><name>L’Igloo · Col de Vars</name></rtept>
    <rtept lat="44.819732" lon="6.734978"><name>Col d’Izoard</name></rtept>
    <rtept lat="44.8230728" lon="6.7329932"><name>Refuge Napoléon</name></rtept>
    <rtept lat="44.8938438" lon="6.6300918"><name>AVIA Briançon</name></rtept>
    <rtept lat="45.0978014" lon="6.9291885"><name>Exilles</name></rtept>
    <rtept lat="45.2849656" lon="6.8850567"><name>Saint Charles · Val Cenis</name></rtept>
  </rte>
  <trk>
    <name>Tue 08 · Warm-up · Menton to Val Cenis</name>
    <trkseg>
      <trkpt lat="43.765403" lon="7.455864" />
      <trkpt lat="43.766579" lon="7.454847" />
      <trkpt lat="43.766829" lon="7.454295" />
      <trkpt lat="43.767367" lon="7.453773" />
      <trkpt lat="43.768144" lon="7.453299" />
      <trkpt lat="43.768655" lon="7.452253" />
      <trkpt lat="43.769113" lon="7.451706" />
      <trkpt lat="43.76911" lon="7.451457" />
      <trkpt lat="43.768888" lon="7.451044" />
      <trkpt lat="43.768684" lon="7.450944" />
      <trkpt lat="43.767668" lon="7.45127" />
      <trkpt lat="43.766859" lon="7.451114" />
      <trkpt lat="43.766448" lon="7.450852" />
      <trkpt lat="43.765222" lon="7.45114" />
      <trkpt lat="43.764364" lon="7.450724" />
      <trkpt lat="43.763137" lon="7.449628" />
      <trkpt lat="43.762182" lon="7.44852" />
      <trkpt lat="43.760302" lon="7.44733" />
      <trkpt lat="43.759934" lon="7.446282" />
      <trkpt lat="43.759229" lon="7.44553" />
      <trkpt lat="43.758744" lon="7.444307" />
      <trkpt lat="43.75832" lon="7.444054" />
      <trkpt lat="43.757299" lon="7.444167" />
      <trkpt lat="43.757046" lon="7.443855" />
      <trkpt lat="43.756841" lon="7.442765" />
      <trkpt lat="43.756851" lon="7.441901" />
      <trkpt lat="43.756523" lon="7.440901" />
      <trkpt lat="43.756635" lon="7.439929" />
      <trkpt lat="43.756482" lon="7.439026" />
      <trkpt lat="43.756624" lon="7.438857" />
      <trkpt lat="43.757398" lon="7.43868" />
      <trkpt lat="43.758006" lon="7.438076" />
      <trkpt lat="43.758498" lon="7.438028" />
      <trkpt lat="43.758678" lon="7.437652" />
      <trkpt lat="43.758557" lon="7.437236" />
      <trkpt lat="43.758088" lon="7.436527" />
      <trkpt lat="43.75804" lon="7.435927" />
      <trkpt lat="43.758262" lon="7.435045" />
      <trkpt lat="43.757892" lon="7.434158" />
      <trkpt lat="43.757819" lon="7.433623" />
      <trkpt lat="43.756908" lon="7.43274" />
      <trkpt lat="43.756736" lon="7.432357" />
      <trkpt lat="43.757474" lon="7.42983" />
      <trkpt lat="43.757502" lon="7.428802" />
      <trkpt lat="43.757344" lon="7.42864" />
      <trkpt lat="43.756466" lon="7.428814" />
      <trkpt lat="43.755786" lon="7.428427" />
      <trkpt lat="43.755313" lon="7.42838" />
      <trkpt lat="43.754346" lon="7.425787" />
      <trkpt lat="43.754691" lon="7.424933" />
      <trkpt lat="43.755114" lon="7.424412" />
      <trkpt lat="43.756171" lon="7.423947" />
      <trkpt lat="43.756226" lon="7.423604" />
      <trkpt lat="43.755533" lon="7.422652" />
      <trkpt lat="43.753976" lon="7.421608" />
      <trkpt lat="43.753201" lon="7.420649" />
      <trkpt lat="43.752494" lon="7.420095" />
      <trkpt lat="43.752346" lon="7.419501" />
      <trkpt lat="43.752676" lon="7.418652" />
      <trkpt lat="43.752707" lon="7.417846" />
      <trkpt lat="43.751692" lon="7.416523" />
      <trkpt lat="43.750898" lon="7.413473" />
      <trkpt lat="43.750964" lon="7.412875" />
      <trkpt lat="43.750674" lon="7.41257" />
      <trkpt lat="43.749784" lon="7.410498" />
      <trkpt lat="43.749595" lon="7.408888" />
      <trkpt lat="43.749699" lon="7.407423" />
      <trkpt lat="43.750229" lon="7.406772" />
      <trkpt lat="43.750669" lon="7.405174" />
      <trkpt lat="43.75108" lon="7.404691" />
      <trkpt lat="43.751025" lon="7.40419" />
      <trkpt lat="43.750426" lon="7.403147" />
      <trkpt lat="43.749223" lon="7.402791" />
      <trkpt lat="43.748154" lon="7.402296" />
      <trkpt lat="43.746523" lon="7.400962" />
      <trkpt lat="43.745824" lon="7.400639" />
      <trkpt lat="43.745584" lon="7.4004" />
      <trkpt lat="43.74539" lon="7.399018" />
      <trkpt lat="43.745737" lon="7.397659" />
      <trkpt lat="43.74562" lon="7.396092" />
      <trkpt lat="43.745308" lon="7.395268" />
      <trkpt lat="43.744878" lon="7.394642" />
      <trkpt lat="43.744759" lon="7.394059" />
      <trkpt lat="43.744452" lon="7.393642" />
      <trkpt lat="43.744215" lon="7.392916" />
      <trkpt lat="43.744355" lon="7.392102" />
      <trkpt lat="43.745153" lon="7.391141" />
      <trkpt lat="43.745397" lon="7.390995" />
      <trkpt lat="43.745744" lon="7.391012" />
      <trkpt lat="43.745879" lon="7.390605" />
      <trkpt lat="43.746869" lon="7.389235" />
      <trkpt lat="43.747405" lon="7.387702" />
      <trkpt lat="43.747612" lon="7.386566" />
      <trkpt lat="43.747371" lon="7.384549" />
      <trkpt lat="43.746774" lon="7.382503" />
      <trkpt lat="43.746496" lon="7.38207" />
      <trkpt lat="43.745613" lon="7.381389" />
      <trkpt lat="43.745252" lon="7.3809" />
      <trkpt lat="43.744466" lon="7.3791" />
      <trkpt lat="43.743869" lon="7.37671" />
      <trkpt lat="43.743884" lon="7.374757" />
      <trkpt lat="43.74428" lon="7.370608" />
      <trkpt lat="43.744595" lon="7.369044" />
      <trkpt lat="43.745406" lon="7.366376" />
      <trkpt lat="43.745543" lon="7.365146" />
      <trkpt lat="43.745424" lon="7.363758" />
      <trkpt lat="43.744607" lon="7.359787" />
      <trkpt lat="43.743796" lon="7.352751" />
      <trkpt lat="43.743837" lon="7.351415" />
      <trkpt lat="43.744243" lon="7.349034" />
      <trkpt lat="43.744229" lon="7.347821" />
      <trkpt lat="43.744022" lon="7.346691" />
      <trkpt lat="43.743227" lon="7.344322" />
      <trkpt lat="43.743035" lon="7.343263" />
      <trkpt lat="43.743091" lon="7.34209" />
      <trkpt lat="43.743677" lon="7.339407" />
      <trkpt lat="43.743691" lon="7.338216" />
      <trkpt lat="43.743406" lon="7.336953" />
      <trkpt lat="43.742253" lon="7.334405" />
      <trkpt lat="43.741829" lon="7.333159" />
      <trkpt lat="43.741138" lon="7.328715" />
      <trkpt lat="43.7408" lon="7.327558" />
      <trkpt lat="43.740187" lon="7.326335" />
      <trkpt lat="43.738266" lon="7.323204" />
      <trkpt lat="43.735612" lon="7.319477" />
      <trkpt lat="43.734586" lon="7.317699" />
      <trkpt lat="43.733707" lon="7.315296" />
      <trkpt lat="43.7327" lon="7.310938" />
      <trkpt lat="43.732151" lon="7.306517" />
      <trkpt lat="43.732135" lon="7.302039" />
      <trkpt lat="43.732734" lon="7.29707" />
      <trkpt lat="43.732747" lon="7.292821" />
      <trkpt lat="43.733783" lon="7.287001" />
      <trkpt lat="43.733845" lon="7.285162" />
      <trkpt lat="43.733341" lon="7.282155" />
      <trkpt lat="43.73282" lon="7.280393" />
      <trkpt lat="43.732087" lon="7.278517" />
      <trkpt lat="43.731909" lon="7.277686" />
      <trkpt lat="43.731878" lon="7.276583" />
      <trkpt lat="43.732123" lon="7.273033" />
      <trkpt lat="43.731943" lon="7.269207" />
      <trkpt lat="43.731669" lon="7.268296" />
      <trkpt lat="43.731332" lon="7.267669" />
      <trkpt lat="43.72996" lon="7.266121" />
      <trkpt lat="43.72938" lon="7.265145" />
      <trkpt lat="43.729092" lon="7.264162" />
      <trkpt lat="43.728674" lon="7.261275" />
      <trkpt lat="43.728687" lon="7.259878" />
      <trkpt lat="43.728868" lon="7.258912" />
      <trkpt lat="43.729175" lon="7.258039" />
      <trkpt lat="43.729689" lon="7.257173" />
      <trkpt lat="43.730622" lon="7.25634" />
      <trkpt lat="43.732904" lon="7.255418" />
      <trkpt lat="43.733726" lon="7.254944" />
      <trkpt lat="43.734248" lon="7.254348" />
      <trkpt lat="43.73462" lon="7.253543" />
      <trkpt lat="43.735195" lon="7.250293" />
      <trkpt lat="43.735347" lon="7.247991" />
      <trkpt lat="43.735214" lon="7.245838" />
      <trkpt lat="43.734832" lon="7.243571" />
      <trkpt lat="43.73376" lon="7.240559" />
      <trkpt lat="43.732295" lon="7.238058" />
      <trkpt lat="43.730864" lon="7.236409" />
      <trkpt lat="43.727852" lon="7.233501" />
      <trkpt lat="43.72588" lon="7.2307" />
      <trkpt lat="43.724041" lon="7.228856" />
      <trkpt lat="43.723422" lon="7.227983" />
      <trkpt lat="43.72289" lon="7.226338" />
      <trkpt lat="43.721958" lon="7.218503" />
      <trkpt lat="43.721412" lon="7.217294" />
      <trkpt lat="43.720137" lon="7.215511" />
      <trkpt lat="43.718758" lon="7.213986" />
      <trkpt lat="43.717859" lon="7.213441" />
      <trkpt lat="43.716927" lon="7.213312" />
      <trkpt lat="43.713728" lon="7.213509" />
      <trkpt lat="43.712489" lon="7.213174" />
      <trkpt lat="43.711418" lon="7.212358" />
      <trkpt lat="43.710233" lon="7.210858" />
      <trkpt lat="43.709579" lon="7.20934" />
      <trkpt lat="43.709308" lon="7.207465" />
      <trkpt lat="43.70945" lon="7.206307" />
      <trkpt lat="43.710311" lon="7.20322" />
      <trkpt lat="43.710551" lon="7.200974" />
      <trkpt lat="43.710517" lon="7.199637" />
      <trkpt lat="43.7086" lon="7.193397" />
      <trkpt lat="43.708109" lon="7.191536" />
      <trkpt lat="43.70791" lon="7.190146" />
      <trkpt lat="43.707464" lon="7.189384" />
      <trkpt lat="43.706882" lon="7.189249" />
      <trkpt lat="43.704913" lon="7.190263" />
      <trkpt lat="43.704018" lon="7.190324" />
      <trkpt lat="43.702954" lon="7.189764" />
      <trkpt lat="43.702832" lon="7.18948" />
      <trkpt lat="43.703007" lon="7.189153" />
      <trkpt lat="43.70319" lon="7.189058" />
      <trkpt lat="43.703956" lon="7.189172" />
      <trkpt lat="43.70456" lon="7.189113" />
      <trkpt lat="43.706929" lon="7.188268" />
      <trkpt lat="43.719946" lon="7.186362" />
      <trkpt lat="43.722669" lon="7.186169" />
      <trkpt lat="43.724311" lon="7.185808" />
      <trkpt lat="43.731935" lon="7.184755" />
      <trkpt lat="43.732911" lon="7.184822" />
      <trkpt lat="43.733222" lon="7.185006" />
      <trkpt lat="43.733379" lon="7.184781" />
      <trkpt lat="43.734251" lon="7.184474" />
      <trkpt lat="43.735948" lon="7.184212" />
      <trkpt lat="43.737679" lon="7.184151" />
      <trkpt lat="43.739057" lon="7.184257" />
      <trkpt lat="43.740363" lon="7.184498" />
      <trkpt lat="43.741944" lon="7.184977" />
      <trkpt lat="43.744116" lon="7.185967" />
      <trkpt lat="43.745217" lon="7.186654" />
      <trkpt lat="43.747022" lon="7.188057" />
      <trkpt lat="43.747579" lon="7.189024" />
      <trkpt lat="43.747929" lon="7.189019" />
      <trkpt lat="43.7482" lon="7.189191" />
      <trkpt lat="43.755739" lon="7.19699" />
      <trkpt lat="43.756164" lon="7.197556" />
      <trkpt lat="43.756273" lon="7.197953" />
      <trkpt lat="43.756706" lon="7.198003" />
      <trkpt lat="43.757662" lon="7.198801" />
      <trkpt lat="43.765344" lon="7.206651" />
      <trkpt lat="43.771343" lon="7.213075" />
      <trkpt lat="43.771654" lon="7.213777" />
      <trkpt lat="43.772114" lon="7.213891" />
      <trkpt lat="43.774525" lon="7.215759" />
      <trkpt lat="43.77658" lon="7.216862" />
      <trkpt lat="43.778703" lon="7.217597" />
      <trkpt lat="43.780729" lon="7.21792" />
      <trkpt lat="43.783241" lon="7.217845" />
      <trkpt lat="43.785595" lon="7.217285" />
      <trkpt lat="43.787719" lon="7.216367" />
      <trkpt lat="43.788812" lon="7.215709" />
      <trkpt lat="43.790626" lon="7.214331" />
      <trkpt lat="43.791095" lon="7.214282" />
      <trkpt lat="43.791447" lon="7.213308" />
      <trkpt lat="43.792206" lon="7.212325" />
      <trkpt lat="43.798709" lon="7.20479" />
      <trkpt lat="43.79918" lon="7.204368" />
      <trkpt lat="43.799704" lon="7.204271" />
      <trkpt lat="43.799829" lon="7.20363" />
      <trkpt lat="43.800221" lon="7.203011" />
      <trkpt lat="43.810255" lon="7.191386" />
      <trkpt lat="43.811859" lon="7.190078" />
      <trkpt lat="43.813406" lon="7.189221" />
      <trkpt lat="43.815295" lon="7.188474" />
      <trkpt lat="43.816649" lon="7.188177" />
      <trkpt lat="43.81888" lon="7.188018" />
      <trkpt lat="43.81939" lon="7.188171" />
      <trkpt lat="43.819806" lon="7.188578" />
      <trkpt lat="43.820041" lon="7.18836" />
      <trkpt lat="43.820833" lon="7.18855" />
      <trkpt lat="43.821702" lon="7.188582" />
      <trkpt lat="43.822125" lon="7.18898" />
      <trkpt lat="43.822542" lon="7.18874" />
      <trkpt lat="43.834677" lon="7.193118" />
      <trkpt lat="43.835402" lon="7.193717" />
      <trkpt lat="43.835807" lon="7.193491" />
      <trkpt lat="43.837097" lon="7.193963" />
      <trkpt lat="43.838717" lon="7.194617" />
      <trkpt lat="43.839062" lon="7.195054" />
      <trkpt lat="43.839726" lon="7.194906" />
      <trkpt lat="43.846628" lon="7.197433" />
      <trkpt lat="43.848575" lon="7.197803" />
      <trkpt lat="43.84931" lon="7.198178" />
      <trkpt lat="43.850042" lon="7.198174" />
      <trkpt lat="43.850895" lon="7.198392" />
      <trkpt lat="43.852388" lon="7.198268" />
      <trkpt lat="43.853556" lon="7.198352" />
      <trkpt lat="43.854858" lon="7.197817" />
      <trkpt lat="43.855544" lon="7.197146" />
      <trkpt lat="43.856113" lon="7.196832" />
      <trkpt lat="43.857069" lon="7.196939" />
      <trkpt lat="43.857834" lon="7.196831" />
      <trkpt lat="43.858709" lon="7.197387" />
      <trkpt lat="43.859468" lon="7.198344" />
      <trkpt lat="43.860521" lon="7.198773" />
      <trkpt lat="43.860652" lon="7.199023" />
      <trkpt lat="43.861093" lon="7.198789" />
      <trkpt lat="43.861761" lon="7.198738" />
      <trkpt lat="43.863256" lon="7.198954" />
      <trkpt lat="43.865277" lon="7.198933" />
      <trkpt lat="43.866794" lon="7.199137" />
      <trkpt lat="43.869503" lon="7.19862" />
      <trkpt lat="43.870841" lon="7.198011" />
      <trkpt lat="43.871744" lon="7.196499" />
      <trkpt lat="43.873601" lon="7.194795" />
      <trkpt lat="43.874437" lon="7.193102" />
      <trkpt lat="43.875056" lon="7.19296" />
      <trkpt lat="43.875623" lon="7.193162" />
      <trkpt lat="43.876164" lon="7.193165" />
      <trkpt lat="43.877076" lon="7.192901" />
      <trkpt lat="43.877771" lon="7.192128" />
      <trkpt lat="43.878398" lon="7.191094" />
      <trkpt lat="43.879401" lon="7.190203" />
      <trkpt lat="43.879893" lon="7.189993" />
      <trkpt lat="43.880532" lon="7.189937" />
      <trkpt lat="43.881893" lon="7.19033" />
      <trkpt lat="43.882535" lon="7.190657" />
      <trkpt lat="43.882846" lon="7.190716" />
      <trkpt lat="43.883352" lon="7.19056" />
      <trkpt lat="43.884363" lon="7.190844" />
      <trkpt lat="43.885565" lon="7.190329" />
      <trkpt lat="43.886979" lon="7.189987" />
      <trkpt lat="43.888144" lon="7.189384" />
      <trkpt lat="43.889189" lon="7.188651" />
      <trkpt lat="43.889525" lon="7.188664" />
      <trkpt lat="43.891275" lon="7.189436" />
      <trkpt lat="43.891745" lon="7.189338" />
      <trkpt lat="43.89264" lon="7.18875" />
      <trkpt lat="43.893052" lon="7.188658" />
      <trkpt lat="43.894206" lon="7.188979" />
      <trkpt lat="43.894573" lon="7.189335" />
      <trkpt lat="43.895374" lon="7.190574" />
      <trkpt lat="43.896099" lon="7.191099" />
      <trkpt lat="43.896634" lon="7.191227" />
      <trkpt lat="43.897324" lon="7.190909" />
      <trkpt lat="43.898283" lon="7.189599" />
      <trkpt lat="43.899777" lon="7.18888" />
      <trkpt lat="43.900273" lon="7.188818" />
      <trkpt lat="43.900639" lon="7.188971" />
      <trkpt lat="43.900972" lon="7.189322" />
      <trkpt lat="43.901803" lon="7.190982" />
      <trkpt lat="43.902589" lon="7.191432" />
      <trkpt lat="43.902823" lon="7.191711" />
      <trkpt lat="43.903082" lon="7.192777" />
      <trkpt lat="43.903178" lon="7.19445" />
      <trkpt lat="43.903514" lon="7.195839" />
      <trkpt lat="43.903721" lon="7.196301" />
      <trkpt lat="43.904191" lon="7.196568" />
      <trkpt lat="43.905796" lon="7.195732" />
      <trkpt lat="43.906453" lon="7.195848" />
      <trkpt lat="43.907344" lon="7.195694" />
      <trkpt lat="43.908131" lon="7.195233" />
      <trkpt lat="43.909117" lon="7.19396" />
      <trkpt lat="43.910326" lon="7.1932" />
      <trkpt lat="43.910475" lon="7.192817" />
      <trkpt lat="43.910381" lon="7.192411" />
      <trkpt lat="43.909771" lon="7.191629" />
      <trkpt lat="43.908972" lon="7.191015" />
      <trkpt lat="43.908255" lon="7.18962" />
      <trkpt lat="43.908178" lon="7.189065" />
      <trkpt lat="43.908345" lon="7.18865" />
      <trkpt lat="43.908838" lon="7.188047" />
      <trkpt lat="43.909387" lon="7.188189" />
      <trkpt lat="43.909857" lon="7.188175" />
      <trkpt lat="43.91009" lon="7.188018" />
      <trkpt lat="43.910784" lon="7.187093" />
      <trkpt lat="43.911417" lon="7.185822" />
      <trkpt lat="43.912013" lon="7.185792" />
      <trkpt lat="43.912266" lon="7.185901" />
      <trkpt lat="43.912761" lon="7.186882" />
      <trkpt lat="43.91296" lon="7.18763" />
      <trkpt lat="43.913496" lon="7.188124" />
      <trkpt lat="43.913723" lon="7.188166" />
      <trkpt lat="43.914153" lon="7.188007" />
      <trkpt lat="43.915049" lon="7.187272" />
      <trkpt lat="43.915374" lon="7.18725" />
      <trkpt lat="43.915645" lon="7.187458" />
      <trkpt lat="43.916504" lon="7.188869" />
      <trkpt lat="43.917392" lon="7.189465" />
      <trkpt lat="43.917711" lon="7.189553" />
      <trkpt lat="43.918594" lon="7.189491" />
      <trkpt lat="43.91947" lon="7.188204" />
      <trkpt lat="43.920628" lon="7.187823" />
      <trkpt lat="43.921189" lon="7.186645" />
      <trkpt lat="43.922252" lon="7.186004" />
      <trkpt lat="43.9227" lon="7.185879" />
      <trkpt lat="43.923419" lon="7.18633" />
      <trkpt lat="43.923795" lon="7.186403" />
      <trkpt lat="43.924587" lon="7.186464" />
      <trkpt lat="43.924873" lon="7.186343" />
      <trkpt lat="43.925451" lon="7.185477" />
      <trkpt lat="43.92616" lon="7.183089" />
      <trkpt lat="43.926778" lon="7.182236" />
      <trkpt lat="43.927245" lon="7.181734" />
      <trkpt lat="43.927958" lon="7.181284" />
      <trkpt lat="43.928761" lon="7.180844" />
      <trkpt lat="43.929659" lon="7.180663" />
      <trkpt lat="43.930078" lon="7.180295" />
      <trkpt lat="43.931338" lon="7.177142" />
      <trkpt lat="43.931593" lon="7.17605" />
      <trkpt lat="43.931973" lon="7.175477" />
      <trkpt lat="43.932141" lon="7.174636" />
      <trkpt lat="43.932355" lon="7.174221" />
      <trkpt lat="43.933639" lon="7.173186" />
      <trkpt lat="43.934015" lon="7.172364" />
      <trkpt lat="43.934373" lon="7.171938" />
      <trkpt lat="43.934947" lon="7.171745" />
      <trkpt lat="43.935578" lon="7.171801" />
      <trkpt lat="43.936495" lon="7.171662" />
      <trkpt lat="43.93758" lon="7.170874" />
      <trkpt lat="43.93763" lon="7.170528" />
      <trkpt lat="43.937162" lon="7.169517" />
      <trkpt lat="43.937075" lon="7.167559" />
      <trkpt lat="43.93743" lon="7.166747" />
      <trkpt lat="43.937712" lon="7.165469" />
      <trkpt lat="43.93831" lon="7.165205" />
      <trkpt lat="43.938526" lon="7.164899" />
      <trkpt lat="43.938372" lon="7.162495" />
      <trkpt lat="43.938584" lon="7.161917" />
      <trkpt lat="43.939139" lon="7.161151" />
      <trkpt lat="43.939635" lon="7.161054" />
      <trkpt lat="43.941403" lon="7.161463" />
      <trkpt lat="43.942714" lon="7.162514" />
      <trkpt lat="43.944236" lon="7.163012" />
      <trkpt lat="43.944931" lon="7.163023" />
      <trkpt lat="43.945472" lon="7.162661" />
      <trkpt lat="43.946875" lon="7.16066" />
      <trkpt lat="43.94763" lon="7.160166" />
      <trkpt lat="43.950161" lon="7.160318" />
      <trkpt lat="43.95626" lon="7.157987" />
      <trkpt lat="43.957246" lon="7.157328" />
      <trkpt lat="43.957712" lon="7.15686" />
      <trkpt lat="43.958599" lon="7.156382" />
      <trkpt lat="43.959386" lon="7.156205" />
      <trkpt lat="43.960094" lon="7.155164" />
      <trkpt lat="43.960984" lon="7.154731" />
      <trkpt lat="43.962137" lon="7.153629" />
      <trkpt lat="43.962437" lon="7.153551" />
      <trkpt lat="43.963373" lon="7.153698" />
      <trkpt lat="43.964194" lon="7.15259" />
      <trkpt lat="43.965312" lon="7.152148" />
      <trkpt lat="43.96809" lon="7.150404" />
      <trkpt lat="43.970055" lon="7.14826" />
      <trkpt lat="43.972359" lon="7.146333" />
      <trkpt lat="43.972801" lon="7.144572" />
      <trkpt lat="43.972748" lon="7.14247" />
      <trkpt lat="43.973039" lon="7.141405" />
      <trkpt lat="43.973223" lon="7.14115" />
      <trkpt lat="43.974443" lon="7.140288" />
      <trkpt lat="43.975271" lon="7.13938" />
      <trkpt lat="43.975652" lon="7.139467" />
      <trkpt lat="43.976172" lon="7.139923" />
      <trkpt lat="43.976327" lon="7.140228" />
      <trkpt lat="43.977287" lon="7.14048" />
      <trkpt lat="43.977889" lon="7.140496" />
      <trkpt lat="43.979563" lon="7.139819" />
      <trkpt lat="43.981881" lon="7.139319" />
      <trkpt lat="43.982616" lon="7.138883" />
      <trkpt lat="43.985308" lon="7.136755" />
      <trkpt lat="43.985943" lon="7.136457" />
      <trkpt lat="43.98716" lon="7.136136" />
      <trkpt lat="43.988358" lon="7.136362" />
      <trkpt lat="43.989768" lon="7.136422" />
      <trkpt lat="43.991528" lon="7.137125" />
      <trkpt lat="43.993956" lon="7.136767" />
      <trkpt lat="43.995443" lon="7.137132" />
      <trkpt lat="43.996545" lon="7.13774" />
      <trkpt lat="43.997553" lon="7.137694" />
      <trkpt lat="43.998038" lon="7.137528" />
      <trkpt lat="43.998649" lon="7.137065" />
      <trkpt lat="43.999098" lon="7.136986" />
      <trkpt lat="43.99999" lon="7.137297" />
      <trkpt lat="44.00203" lon="7.138306" />
      <trkpt lat="44.00242" lon="7.13832" />
      <trkpt lat="44.00347" lon="7.138054" />
      <trkpt lat="44.006012" lon="7.13651" />
      <trkpt lat="44.006623" lon="7.13591" />
      <trkpt lat="44.007546" lon="7.134634" />
      <trkpt lat="44.009331" lon="7.132776" />
      <trkpt lat="44.009975" lon="7.13221" />
      <trkpt lat="44.010635" lon="7.131876" />
      <trkpt lat="44.013601" lon="7.131639" />
      <trkpt lat="44.014803" lon="7.131089" />
      <trkpt lat="44.015485" lon="7.13096" />
      <trkpt lat="44.019021" lon="7.131763" />
      <trkpt lat="44.022077" lon="7.131253" />
      <trkpt lat="44.023615" lon="7.131273" />
      <trkpt lat="44.025181" lon="7.131767" />
      <trkpt lat="44.026466" lon="7.131273" />
      <trkpt lat="44.028009" lon="7.131111" />
      <trkpt lat="44.02846" lon="7.131199" />
      <trkpt lat="44.030021" lon="7.131964" />
      <trkpt lat="44.030702" lon="7.13215" />
      <trkpt lat="44.03283" lon="7.131973" />
      <trkpt lat="44.034167" lon="7.132057" />
      <trkpt lat="44.034987" lon="7.131557" />
      <trkpt lat="44.035785" lon="7.130488" />
      <trkpt lat="44.036316" lon="7.128179" />
      <trkpt lat="44.036845" lon="7.127825" />
      <trkpt lat="44.038354" lon="7.1275" />
      <trkpt lat="44.038862" lon="7.127253" />
      <trkpt lat="44.039263" lon="7.127404" />
      <trkpt lat="44.03976" lon="7.127869" />
      <trkpt lat="44.040017" lon="7.12833" />
      <trkpt lat="44.040548" lon="7.12866" />
      <trkpt lat="44.042171" lon="7.12905" />
      <trkpt lat="44.042401" lon="7.128931" />
      <trkpt lat="44.042647" lon="7.128509" />
      <trkpt lat="44.043541" lon="7.128198" />
      <trkpt lat="44.044939" lon="7.128718" />
      <trkpt lat="44.046046" lon="7.129475" />
      <trkpt lat="44.047127" lon="7.129725" />
      <trkpt lat="44.048658" lon="7.129002" />
      <trkpt lat="44.049405" lon="7.128298" />
      <trkpt lat="44.049788" lon="7.128154" />
      <trkpt lat="44.050713" lon="7.127095" />
      <trkpt lat="44.05121" lon="7.126171" />
      <trkpt lat="44.052118" lon="7.125465" />
      <trkpt lat="44.052508" lon="7.124569" />
      <trkpt lat="44.05334" lon="7.124386" />
      <trkpt lat="44.05349" lon="7.124048" />
      <trkpt lat="44.053479" lon="7.123325" />
      <trkpt lat="44.054614" lon="7.121781" />
      <trkpt lat="44.054753" lon="7.120574" />
      <trkpt lat="44.054682" lon="7.119559" />
      <trkpt lat="44.05446" lon="7.119052" />
      <trkpt lat="44.054567" lon="7.118821" />
      <trkpt lat="44.0549" lon="7.118781" />
      <trkpt lat="44.055296" lon="7.11918" />
      <trkpt lat="44.055771" lon="7.119425" />
      <trkpt lat="44.056412" lon="7.118838" />
      <trkpt lat="44.057221" lon="7.11898" />
      <trkpt lat="44.057884" lon="7.118408" />
      <trkpt lat="44.058636" lon="7.118634" />
      <trkpt lat="44.059126" lon="7.118302" />
      <trkpt lat="44.059582" lon="7.118191" />
      <trkpt lat="44.059989" lon="7.117733" />
      <trkpt lat="44.06074" lon="7.117694" />
      <trkpt lat="44.061173" lon="7.118042" />
      <trkpt lat="44.062013" lon="7.11799" />
      <trkpt lat="44.062684" lon="7.117018" />
      <trkpt lat="44.063057" lon="7.117187" />
      <trkpt lat="44.063706" lon="7.117104" />
      <trkpt lat="44.064436" lon="7.117259" />
      <trkpt lat="44.064614" lon="7.11696" />
      <trkpt lat="44.06456" lon="7.116353" />
      <trkpt lat="44.065196" lon="7.114557" />
      <trkpt lat="44.065324" lon="7.114483" />
      <trkpt lat="44.065944" lon="7.11462" />
      <trkpt lat="44.066408" lon="7.114968" />
      <trkpt lat="44.066725" lon="7.114775" />
      <trkpt lat="44.067132" lon="7.114753" />
      <trkpt lat="44.068028" lon="7.114255" />
      <trkpt lat="44.068273" lon="7.113851" />
      <trkpt lat="44.06876" lon="7.111872" />
      <trkpt lat="44.069458" lon="7.111312" />
      <trkpt lat="44.069848" lon="7.11071" />
      <trkpt lat="44.071257" lon="7.109575" />
      <trkpt lat="44.073124" lon="7.109638" />
      <trkpt lat="44.074591" lon="7.108946" />
      <trkpt lat="44.076159" lon="7.107545" />
      <trkpt lat="44.076861" lon="7.106475" />
      <trkpt lat="44.077316" lon="7.105393" />
      <trkpt lat="44.077817" lon="7.104837" />
      <trkpt lat="44.079679" lon="7.105319" />
      <trkpt lat="44.080398" lon="7.106571" />
      <trkpt lat="44.081103" lon="7.106862" />
      <trkpt lat="44.083986" lon="7.104893" />
      <trkpt lat="44.084465" lon="7.106039" />
      <trkpt lat="44.084706" lon="7.106251" />
      <trkpt lat="44.086961" lon="7.106139" />
      <trkpt lat="44.087359" lon="7.1068" />
      <trkpt lat="44.087967" lon="7.107438" />
      <trkpt lat="44.088971" lon="7.107724" />
      <trkpt lat="44.090134" lon="7.107462" />
      <trkpt lat="44.091005" lon="7.107769" />
      <trkpt lat="44.09327" lon="7.10665" />
      <trkpt lat="44.095569" lon="7.106208" />
      <trkpt lat="44.096071" lon="7.105819" />
      <trkpt lat="44.096526" lon="7.10503" />
      <trkpt lat="44.097617" lon="7.104511" />
      <trkpt lat="44.098572" lon="7.103688" />
      <trkpt lat="44.099494" lon="7.103621" />
      <trkpt lat="44.102397" lon="7.102976" />
      <trkpt lat="44.103811" lon="7.102602" />
      <trkpt lat="44.10462" lon="7.102164" />
      <trkpt lat="44.105724" lon="7.101895" />
      <trkpt lat="44.106137" lon="7.101891" />
      <trkpt lat="44.106739" lon="7.102114" />
      <trkpt lat="44.107846" lon="7.102061" />
      <trkpt lat="44.108414" lon="7.101906" />
      <trkpt lat="44.108996" lon="7.10139" />
      <trkpt lat="44.110231" lon="7.098944" />
      <trkpt lat="44.111076" lon="7.097877" />
      <trkpt lat="44.111774" lon="7.097458" />
      <trkpt lat="44.11258" lon="7.097251" />
      <trkpt lat="44.11482" lon="7.095505" />
      <trkpt lat="44.116106" lon="7.092808" />
      <trkpt lat="44.116395" lon="7.092506" />
      <trkpt lat="44.116903" lon="7.09239" />
      <trkpt lat="44.117809" lon="7.092736" />
      <trkpt lat="44.118141" lon="7.092748" />
      <trkpt lat="44.120019" lon="7.092111" />
      <trkpt lat="44.121922" lon="7.091914" />
      <trkpt lat="44.12409" lon="7.092352" />
      <trkpt lat="44.125349" lon="7.093556" />
      <trkpt lat="44.126771" lon="7.094401" />
      <trkpt lat="44.127148" lon="7.094928" />
      <trkpt lat="44.127679" lon="7.09629" />
      <trkpt lat="44.12878" lon="7.097562" />
      <trkpt lat="44.129857" lon="7.099565" />
      <trkpt lat="44.130497" lon="7.100096" />
      <trkpt lat="44.131531" lon="7.10035" />
      <trkpt lat="44.132479" lon="7.100918" />
      <trkpt lat="44.132969" lon="7.101022" />
      <trkpt lat="44.135174" lon="7.100514" />
      <trkpt lat="44.13641" lon="7.099949" />
      <trkpt lat="44.138193" lon="7.10018" />
      <trkpt lat="44.140238" lon="7.098625" />
      <trkpt lat="44.14099" lon="7.098601" />
      <trkpt lat="44.141704" lon="7.09837" />
      <trkpt lat="44.14282" lon="7.097734" />
      <trkpt lat="44.143437" lon="7.097664" />
      <trkpt lat="44.145211" lon="7.098068" />
      <trkpt lat="44.145766" lon="7.097753" />
      <trkpt lat="44.146551" lon="7.096888" />
      <trkpt lat="44.147569" lon="7.096332" />
      <trkpt lat="44.14928" lon="7.096594" />
      <trkpt lat="44.14997" lon="7.096489" />
      <trkpt lat="44.150634" lon="7.095904" />
      <trkpt lat="44.151173" lon="7.094946" />
      <trkpt lat="44.151931" lon="7.094078" />
      <trkpt lat="44.153204" lon="7.093919" />
      <trkpt lat="44.153672" lon="7.093614" />
      <trkpt lat="44.154598" lon="7.091677" />
      <trkpt lat="44.156053" lon="7.090433" />
      <trkpt lat="44.156846" lon="7.090328" />
      <trkpt lat="44.158457" lon="7.090857" />
      <trkpt lat="44.15892" lon="7.090877" />
      <trkpt lat="44.160696" lon="7.090261" />
      <trkpt lat="44.162194" lon="7.090171" />
      <trkpt lat="44.163192" lon="7.089583" />
      <trkpt lat="44.16422" lon="7.088536" />
      <trkpt lat="44.16507" lon="7.088136" />
      <trkpt lat="44.16638" lon="7.088047" />
      <trkpt lat="44.167843" lon="7.087681" />
      <trkpt lat="44.170392" lon="7.085845" />
      <trkpt lat="44.171498" lon="7.084518" />
      <trkpt lat="44.172667" lon="7.082654" />
      <trkpt lat="44.172827" lon="7.082223" />
      <trkpt lat="44.172983" lon="7.080501" />
      <trkpt lat="44.173964" lon="7.079526" />
      <trkpt lat="44.174835" lon="7.078127" />
      <trkpt lat="44.17611" lon="7.074387" />
      <trkpt lat="44.176232" lon="7.07349" />
      <trkpt lat="44.176161" lon="7.07197" />
      <trkpt lat="44.17654" lon="7.069749" />
      <trkpt lat="44.176747" lon="7.069203" />
      <trkpt lat="44.177373" lon="7.067998" />
      <trkpt lat="44.178698" lon="7.066104" />
      <trkpt lat="44.179706" lon="7.063008" />
      <trkpt lat="44.181494" lon="7.059731" />
      <trkpt lat="44.18192" lon="7.059065" />
      <trkpt lat="44.183151" lon="7.057778" />
      <trkpt lat="44.184262" lon="7.055464" />
      <trkpt lat="44.18486" lon="7.054755" />
      <trkpt lat="44.185088" lon="7.053868" />
      <trkpt lat="44.185465" lon="7.04958" />
      <trkpt lat="44.186151" lon="7.04768" />
      <trkpt lat="44.186354" lon="7.046582" />
      <trkpt lat="44.187195" lon="7.045996" />
      <trkpt lat="44.187585" lon="7.044651" />
      <trkpt lat="44.188425" lon="7.042769" />
      <trkpt lat="44.188965" lon="7.040531" />
      <trkpt lat="44.189049" lon="7.039222" />
      <trkpt lat="44.19034" lon="7.033133" />
      <trkpt lat="44.190552" lon="7.031276" />
      <trkpt lat="44.190513" lon="7.029814" />
      <trkpt lat="44.190141" lon="7.02814" />
      <trkpt lat="44.189305" lon="7.025847" />
      <trkpt lat="44.189182" lon="7.025065" />
      <trkpt lat="44.189639" lon="7.022548" />
      <trkpt lat="44.18972" lon="7.01938" />
      <trkpt lat="44.189927" lon="7.018413" />
      <trkpt lat="44.191007" lon="7.01657" />
      <trkpt lat="44.192415" lon="7.013214" />
      <trkpt lat="44.194098" lon="7.010337" />
      <trkpt lat="44.19465" lon="7.008213" />
      <trkpt lat="44.194955" lon="7.007789" />
      <trkpt lat="44.196026" lon="7.006852" />
      <trkpt lat="44.197267" lon="7.005269" />
      <trkpt lat="44.197688" lon="7.004516" />
      <trkpt lat="44.197959" lon="7.003675" />
      <trkpt lat="44.198328" lon="7.001609" />
      <trkpt lat="44.199704" lon="6.999115" />
      <trkpt lat="44.200297" lon="6.996263" />
      <trkpt lat="44.201125" lon="6.99466" />
      <trkpt lat="44.201413" lon="6.991556" />
      <trkpt lat="44.201621" lon="6.990871" />
      <trkpt lat="44.202011" lon="6.990209" />
      <trkpt lat="44.203136" lon="6.988912" />
      <trkpt lat="44.203747" lon="6.987866" />
      <trkpt lat="44.204763" lon="6.985628" />
      <trkpt lat="44.206621" lon="6.983365" />
      <trkpt lat="44.206766" lon="6.982875" />
      <trkpt lat="44.206986" lon="6.980264" />
      <trkpt lat="44.20729" lon="6.979662" />
      <trkpt lat="44.208075" lon="6.978814" />
      <trkpt lat="44.209187" lon="6.977066" />
      <trkpt lat="44.210786" lon="6.975302" />
      <trkpt lat="44.213091" lon="6.973843" />
      <trkpt lat="44.214985" lon="6.971508" />
      <trkpt lat="44.215404" lon="6.971221" />
      <trkpt lat="44.216161" lon="6.970974" />
      <trkpt lat="44.216675" lon="6.97061" />
      <trkpt lat="44.218763" lon="6.968219" />
      <trkpt lat="44.219363" lon="6.967727" />
      <trkpt lat="44.220286" lon="6.966493" />
      <trkpt lat="44.224679" lon="6.963201" />
      <trkpt lat="44.225004" lon="6.962515" />
      <trkpt lat="44.225383" lon="6.960443" />
      <trkpt lat="44.225636" lon="6.959927" />
      <trkpt lat="44.227065" lon="6.959081" />
      <trkpt lat="44.227896" lon="6.958402" />
      <trkpt lat="44.228815" lon="6.95804" />
      <trkpt lat="44.229272" lon="6.95771" />
      <trkpt lat="44.231706" lon="6.953954" />
      <trkpt lat="44.233763" lon="6.949201" />
      <trkpt lat="44.235177" lon="6.947323" />
      <trkpt lat="44.236582" lon="6.945075" />
      <trkpt lat="44.237148" lon="6.944515" />
      <trkpt lat="44.238248" lon="6.943943" />
      <trkpt lat="44.238702" lon="6.943544" />
      <trkpt lat="44.238996" lon="6.943002" />
      <trkpt lat="44.23954" lon="6.941314" />
      <trkpt lat="44.240503" lon="6.940009" />
      <trkpt lat="44.240487" lon="6.939624" />
      <trkpt lat="44.240208" lon="6.939613" />
      <trkpt lat="44.239795" lon="6.940197" />
      <trkpt lat="44.238937" lon="6.940977" />
      <trkpt lat="44.238211" lon="6.942089" />
      <trkpt lat="44.237987" lon="6.941879" />
      <trkpt lat="44.238067" lon="6.941472" />
      <trkpt lat="44.240707" lon="6.937963" />
      <trkpt lat="44.242099" lon="6.937723" />
      <trkpt lat="44.242794" lon="6.93727" />
      <trkpt lat="44.243404" lon="6.936638" />
      <trkpt lat="44.244633" lon="6.935019" />
      <trkpt lat="44.244698" lon="6.934152" />
      <trkpt lat="44.244843" lon="6.933865" />
      <trkpt lat="44.245149" lon="6.933804" />
      <trkpt lat="44.245867" lon="6.934051" />
      <trkpt lat="44.246211" lon="6.933888" />
      <trkpt lat="44.246878" lon="6.932685" />
      <trkpt lat="44.247279" lon="6.932258" />
      <trkpt lat="44.247601" lon="6.931448" />
      <trkpt lat="44.248104" lon="6.930779" />
      <trkpt lat="44.248788" lon="6.929451" />
      <trkpt lat="44.251181" lon="6.927343" />
      <trkpt lat="44.252854" lon="6.926417" />
      <trkpt lat="44.2542" lon="6.924797" />
      <trkpt lat="44.255924" lon="6.923587" />
      <trkpt lat="44.256711" lon="6.922437" />
      <trkpt lat="44.256868" lon="6.922525" />
      <trkpt lat="44.257448" lon="6.923983" />
      <trkpt lat="44.25861" lon="6.926019" />
      <trkpt lat="44.259314" lon="6.92513" />
      <trkpt lat="44.259638" lon="6.923541" />
      <trkpt lat="44.260157" lon="6.922311" />
      <trkpt lat="44.261067" lon="6.921615" />
      <trkpt lat="44.261459" lon="6.921632" />
      <trkpt lat="44.261752" lon="6.921402" />
      <trkpt lat="44.262852" lon="6.921633" />
      <trkpt lat="44.263513" lon="6.921405" />
      <trkpt lat="44.265608" lon="6.92157" />
      <trkpt lat="44.267647" lon="6.920828" />
      <trkpt lat="44.26923" lon="6.921183" />
      <trkpt lat="44.270329" lon="6.920829" />
      <trkpt lat="44.271022" lon="6.919802" />
      <trkpt lat="44.271825" lon="6.917892" />
      <trkpt lat="44.272508" lon="6.91735" />
      <trkpt lat="44.273348" lon="6.916972" />
      <trkpt lat="44.273678" lon="6.916626" />
      <trkpt lat="44.274315" lon="6.915098" />
      <trkpt lat="44.275907" lon="6.912502" />
      <trkpt lat="44.276436" lon="6.910709" />
      <trkpt lat="44.277073" lon="6.910276" />
      <trkpt lat="44.277685" lon="6.909524" />
      <trkpt lat="44.278111" lon="6.908185" />
      <trkpt lat="44.278989" lon="6.907132" />
      <trkpt lat="44.279291" lon="6.906616" />
      <trkpt lat="44.279617" lon="6.905541" />
      <trkpt lat="44.28068" lon="6.903809" />
      <trkpt lat="44.281657" lon="6.903219" />
      <trkpt lat="44.282652" lon="6.90226" />
      <trkpt lat="44.283208" lon="6.902014" />
      <trkpt lat="44.28354" lon="6.902036" />
      <trkpt lat="44.283853" lon="6.901596" />
      <trkpt lat="44.285376" lon="6.900536" />
      <trkpt lat="44.286547" lon="6.900367" />
      <trkpt lat="44.286868" lon="6.899256" />
      <trkpt lat="44.287337" lon="6.899468" />
      <trkpt lat="44.287987" lon="6.899292" />
      <trkpt lat="44.288369" lon="6.899536" />
      <trkpt lat="44.288956" lon="6.899409" />
      <trkpt lat="44.289832" lon="6.89999" />
      <trkpt lat="44.290573" lon="6.899857" />
      <trkpt lat="44.290784" lon="6.900644" />
      <trkpt lat="44.291105" lon="6.900987" />
      <trkpt lat="44.291553" lon="6.901111" />
      <trkpt lat="44.292129" lon="6.901053" />
      <trkpt lat="44.292349" lon="6.901348" />
      <trkpt lat="44.292577" lon="6.901341" />
      <trkpt lat="44.293368" lon="6.901725" />
      <trkpt lat="44.295117" lon="6.901808" />
      <trkpt lat="44.295698" lon="6.901631" />
      <trkpt lat="44.296575" lon="6.901747" />
      <trkpt lat="44.297204" lon="6.901554" />
      <trkpt lat="44.297808" lon="6.901552" />
      <trkpt lat="44.298713" lon="6.901721" />
      <trkpt lat="44.299125" lon="6.901928" />
      <trkpt lat="44.29992" lon="6.901814" />
      <trkpt lat="44.3012" lon="6.902611" />
      <trkpt lat="44.301568" lon="6.903289" />
      <trkpt lat="44.302191" lon="6.903396" />
      <trkpt lat="44.302923" lon="6.903211" />
      <trkpt lat="44.30384" lon="6.903407" />
      <trkpt lat="44.304667" lon="6.904043" />
      <trkpt lat="44.305198" lon="6.904668" />
      <trkpt lat="44.305392" lon="6.904508" />
      <trkpt lat="44.305414" lon="6.903923" />
      <trkpt lat="44.305727" lon="6.903272" />
      <trkpt lat="44.305667" lon="6.905028" />
      <trkpt lat="44.306281" lon="6.903188" />
      <trkpt lat="44.306962" lon="6.90292" />
      <trkpt lat="44.30746" lon="6.902491" />
      <trkpt lat="44.307907" lon="6.902387" />
      <trkpt lat="44.308366" lon="6.902086" />
      <trkpt lat="44.308916" lon="6.901978" />
      <trkpt lat="44.310108" lon="6.901124" />
      <trkpt lat="44.310522" lon="6.90097" />
      <trkpt lat="44.311087" lon="6.900954" />
      <trkpt lat="44.311964" lon="6.900678" />
      <trkpt lat="44.312274" lon="6.900454" />
      <trkpt lat="44.31402" lon="6.900946" />
      <trkpt lat="44.315962" lon="6.900381" />
      <trkpt lat="44.317246" lon="6.89933" />
      <trkpt lat="44.317648" lon="6.898803" />
      <trkpt lat="44.318095" lon="6.897834" />
      <trkpt lat="44.318652" lon="6.897112" />
      <trkpt lat="44.31903" lon="6.895539" />
      <trkpt lat="44.320317" lon="6.892804" />
      <trkpt lat="44.320669" lon="6.88972" />
      <trkpt lat="44.321844" lon="6.886901" />
      <trkpt lat="44.32358" lon="6.884176" />
      <trkpt lat="44.323542" lon="6.883509" />
      <trkpt lat="44.322933" lon="6.882665" />
      <trkpt lat="44.322472" lon="6.882281" />
      <trkpt lat="44.322019" lon="6.881111" />
      <trkpt lat="44.321438" lon="6.878822" />
      <trkpt lat="44.320758" lon="6.877121" />
      <trkpt lat="44.320338" lon="6.875308" />
      <trkpt lat="44.320099" lon="6.874819" />
      <trkpt lat="44.319698" lon="6.872061" />
      <trkpt lat="44.319595" lon="6.87022" />
      <trkpt lat="44.319928" lon="6.866438" />
      <trkpt lat="44.320063" lon="6.866325" />
      <trkpt lat="44.320121" lon="6.868433" />
      <trkpt lat="44.320488" lon="6.866449" />
      <trkpt lat="44.320991" lon="6.865331" />
      <trkpt lat="44.3211" lon="6.863889" />
      <trkpt lat="44.320936" lon="6.861407" />
      <trkpt lat="44.321247" lon="6.861079" />
      <trkpt lat="44.321477" lon="6.860347" />
      <trkpt lat="44.322022" lon="6.859973" />
      <trkpt lat="44.322638" lon="6.859232" />
      <trkpt lat="44.322282" lon="6.860047" />
      <trkpt lat="44.322082" lon="6.860954" />
      <trkpt lat="44.321576" lon="6.861541" />
      <trkpt lat="44.321987" lon="6.862409" />
      <trkpt lat="44.322463" lon="6.862896" />
      <trkpt lat="44.322505" lon="6.863891" />
      <trkpt lat="44.322595" lon="6.863946" />
      <trkpt lat="44.323028" lon="6.862602" />
      <trkpt lat="44.322721" lon="6.861816" />
      <trkpt lat="44.323124" lon="6.861588" />
      <trkpt lat="44.323466" lon="6.861094" />
      <trkpt lat="44.323743" lon="6.859796" />
      <trkpt lat="44.324299" lon="6.858963" />
      <trkpt lat="44.324283" lon="6.858092" />
      <trkpt lat="44.325097" lon="6.856049" />
      <trkpt lat="44.325996" lon="6.855141" />
      <trkpt lat="44.325981" lon="6.854363" />
      <trkpt lat="44.326156" lon="6.853501" />
      <trkpt lat="44.326648" lon="6.852266" />
      <trkpt lat="44.326674" lon="6.853267" />
      <trkpt lat="44.327164" lon="6.854164" />
      <trkpt lat="44.327481" lon="6.855231" />
      <trkpt lat="44.326963" lon="6.857353" />
      <trkpt lat="44.327114" lon="6.860459" />
      <trkpt lat="44.32677" lon="6.861161" />
      <trkpt lat="44.326639" lon="6.861784" />
      <trkpt lat="44.326083" lon="6.862266" />
      <trkpt lat="44.326087" lon="6.862478" />
      <trkpt lat="44.326799" lon="6.86217" />
      <trkpt lat="44.327141" lon="6.861831" />
      <trkpt lat="44.327689" lon="6.860886" />
      <trkpt lat="44.327972" lon="6.859591" />
      <trkpt lat="44.328092" lon="6.859715" />
      <trkpt lat="44.328162" lon="6.86029" />
      <trkpt lat="44.328029" lon="6.861928" />
      <trkpt lat="44.327418" lon="6.863013" />
      <trkpt lat="44.327137" lon="6.863199" />
      <trkpt lat="44.32711" lon="6.863898" />
      <trkpt lat="44.326796" lon="6.864977" />
      <trkpt lat="44.327042" lon="6.865022" />
      <trkpt lat="44.327679" lon="6.863848" />
      <trkpt lat="44.328233" lon="6.863632" />
      <trkpt lat="44.328463" lon="6.863038" />
      <trkpt lat="44.328802" lon="6.862747" />
      <trkpt lat="44.328931" lon="6.863848" />
      <trkpt lat="44.328794" lon="6.864687" />
      <trkpt lat="44.329405" lon="6.865555" />
      <trkpt lat="44.33018" lon="6.867662" />
      <trkpt lat="44.329788" lon="6.868027" />
      <trkpt lat="44.329167" lon="6.868193" />
      <trkpt lat="44.32874" lon="6.867989" />
      <trkpt lat="44.328673" lon="6.868156" />
      <trkpt lat="44.330256" lon="6.86878" />
      <trkpt lat="44.331189" lon="6.868603" />
      <trkpt lat="44.331785" lon="6.867932" />
      <trkpt lat="44.331606" lon="6.866703" />
      <trkpt lat="44.331736" lon="6.866541" />
      <trkpt lat="44.332231" lon="6.867391" />
      <trkpt lat="44.332734" lon="6.867336" />
      <trkpt lat="44.332893" lon="6.867495" />
      <trkpt lat="44.332939" lon="6.867978" />
      <trkpt lat="44.332772" lon="6.86858" />
      <trkpt lat="44.333221" lon="6.868539" />
      <trkpt lat="44.333379" lon="6.868234" />
      <trkpt lat="44.333267" lon="6.866965" />
      <trkpt lat="44.33374" lon="6.865877" />
      <trkpt lat="44.333741" lon="6.864594" />
      <trkpt lat="44.3339" lon="6.863522" />
      <trkpt lat="44.331879" lon="6.86105" />
      <trkpt lat="44.331616" lon="6.860436" />
      <trkpt lat="44.332068" lon="6.859411" />
      <trkpt lat="44.332356" lon="6.857937" />
      <trkpt lat="44.33239" lon="6.856086" />
      <trkpt lat="44.3321" lon="6.854778" />
      <trkpt lat="44.332443" lon="6.853417" />
      <trkpt lat="44.332453" lon="6.85286" />
      <trkpt lat="44.332793" lon="6.852038" />
      <trkpt lat="44.332797" lon="6.851066" />
      <trkpt lat="44.333042" lon="6.85061" />
      <trkpt lat="44.333549" lon="6.850375" />
      <trkpt lat="44.334325" lon="6.85034" />
      <trkpt lat="44.335544" lon="6.850662" />
      <trkpt lat="44.335959" lon="6.850567" />
      <trkpt lat="44.336323" lon="6.85011" />
      <trkpt lat="44.33699" lon="6.850432" />
      <trkpt lat="44.337549" lon="6.850391" />
      <trkpt lat="44.338026" lon="6.850528" />
      <trkpt lat="44.338963" lon="6.850075" />
      <trkpt lat="44.339678" lon="6.850051" />
      <trkpt lat="44.340301" lon="6.849521" />
      <trkpt lat="44.340266" lon="6.848775" />
      <trkpt lat="44.34048" lon="6.848086" />
      <trkpt lat="44.34106" lon="6.847449" />
      <trkpt lat="44.34159" lon="6.847318" />
      <trkpt lat="44.341719" lon="6.846737" />
      <trkpt lat="44.342325" lon="6.84591" />
      <trkpt lat="44.34187" lon="6.844458" />
      <trkpt lat="44.34071" lon="6.843208" />
      <trkpt lat="44.340514" lon="6.84249" />
      <trkpt lat="44.340571" lon="6.841253" />
      <trkpt lat="44.340916" lon="6.8403" />
      <trkpt lat="44.340586" lon="6.839062" />
      <trkpt lat="44.340638" lon="6.838339" />
      <trkpt lat="44.340852" lon="6.83803" />
      <trkpt lat="44.340871" lon="6.837772" />
      <trkpt lat="44.340406" lon="6.836778" />
      <trkpt lat="44.340452" lon="6.836044" />
      <trkpt lat="44.340122" lon="6.835382" />
      <trkpt lat="44.34003" lon="6.83403" />
      <trkpt lat="44.34025" lon="6.832682" />
      <trkpt lat="44.3405" lon="6.83232" />
      <trkpt lat="44.340529" lon="6.832037" />
      <trkpt lat="44.340202" lon="6.831658" />
      <trkpt lat="44.339464" lon="6.831195" />
      <trkpt lat="44.3386" lon="6.830941" />
      <trkpt lat="44.338166" lon="6.830581" />
      <trkpt lat="44.337044" lon="6.82916" />
      <trkpt lat="44.336256" lon="6.8277" />
      <trkpt lat="44.33533" lon="6.826862" />
      <trkpt lat="44.334489" lon="6.825865" />
      <trkpt lat="44.334144" lon="6.82594" />
      <trkpt lat="44.333653" lon="6.825798" />
      <trkpt lat="44.333244" lon="6.826284" />
      <trkpt lat="44.332852" lon="6.826458" />
      <trkpt lat="44.332363" lon="6.826128" />
      <trkpt lat="44.331898" lon="6.826239" />
      <trkpt lat="44.331725" lon="6.826138" />
      <trkpt lat="44.331264" lon="6.825181" />
      <trkpt lat="44.331017" lon="6.824328" />
      <trkpt lat="44.330999" lon="6.821805" />
      <trkpt lat="44.330508" lon="6.820989" />
      <trkpt lat="44.33069" lon="6.819956" />
      <trkpt lat="44.33077" lon="6.819074" />
      <trkpt lat="44.330655" lon="6.818639" />
      <trkpt lat="44.330844" lon="6.817403" />
      <trkpt lat="44.330496" lon="6.816671" />
      <trkpt lat="44.330447" lon="6.815832" />
      <trkpt lat="44.330553" lon="6.814073" />
      <trkpt lat="44.330893" lon="6.81286" />
      <trkpt lat="44.330752" lon="6.811437" />
      <trkpt lat="44.330455" lon="6.810897" />
      <trkpt lat="44.329172" lon="6.810339" />
      <trkpt lat="44.328384" lon="6.809254" />
      <trkpt lat="44.32788" lon="6.808911" />
      <trkpt lat="44.326616" lon="6.807524" />
      <trkpt lat="44.326744" lon="6.807382" />
      <trkpt lat="44.3276" lon="6.807948" />
      <trkpt lat="44.328598" lon="6.807769" />
      <trkpt lat="44.329634" lon="6.80811" />
      <trkpt lat="44.330187" lon="6.808586" />
      <trkpt lat="44.331792" lon="6.810548" />
      <trkpt lat="44.332155" lon="6.810757" />
      <trkpt lat="44.332447" lon="6.810799" />
      <trkpt lat="44.332692" lon="6.810653" />
      <trkpt lat="44.333983" lon="6.810473" />
      <trkpt lat="44.334756" lon="6.810065" />
      <trkpt lat="44.33534" lon="6.809541" />
      <trkpt lat="44.336284" lon="6.807772" />
      <trkpt lat="44.336588" lon="6.805214" />
      <trkpt lat="44.336697" lon="6.801746" />
      <trkpt lat="44.336819" lon="6.80129" />
      <trkpt lat="44.337091" lon="6.801328" />
      <trkpt lat="44.337655" lon="6.801891" />
      <trkpt lat="44.338766" lon="6.802478" />
      <trkpt lat="44.339438" lon="6.8021" />
      <trkpt lat="44.339943" lon="6.801372" />
      <trkpt lat="44.341435" lon="6.801998" />
      <trkpt lat="44.342484" lon="6.802057" />
      <trkpt lat="44.342993" lon="6.801831" />
      <trkpt lat="44.343722" lon="6.801181" />
      <trkpt lat="44.343964" lon="6.800418" />
      <trkpt lat="44.344266" lon="6.799952" />
      <trkpt lat="44.344276" lon="6.798723" />
      <trkpt lat="44.344627" lon="6.798281" />
      <trkpt lat="44.345218" lon="6.797992" />
      <trkpt lat="44.345238" lon="6.797689" />
      <trkpt lat="44.345077" lon="6.797634" />
      <trkpt lat="44.344733" lon="6.797803" />
      <trkpt lat="44.344634" lon="6.797598" />
      <trkpt lat="44.344134" lon="6.797277" />
      <trkpt lat="44.343902" lon="6.79683" />
      <trkpt lat="44.343848" lon="6.797029" />
      <trkpt lat="44.344062" lon="6.797601" />
      <trkpt lat="44.343894" lon="6.798171" />
      <trkpt lat="44.343769" lon="6.798205" />
      <trkpt lat="44.343035" lon="6.796094" />
      <trkpt lat="44.342742" lon="6.795706" />
      <trkpt lat="44.342477" lon="6.795625" />
      <trkpt lat="44.342495" lon="6.795433" />
      <trkpt lat="44.342877" lon="6.795207" />
      <trkpt lat="44.343315" lon="6.794667" />
      <trkpt lat="44.343869" lon="6.79467" />
      <trkpt lat="44.343861" lon="6.794376" />
      <trkpt lat="44.343093" lon="6.794216" />
      <trkpt lat="44.342067" lon="6.794499" />
      <trkpt lat="44.34178" lon="6.794752" />
      <trkpt lat="44.341396" lon="6.794834" />
      <trkpt lat="44.341041" lon="6.794361" />
      <trkpt lat="44.340746" lon="6.793606" />
      <trkpt lat="44.340194" lon="6.793533" />
      <trkpt lat="44.339954" lon="6.793342" />
      <trkpt lat="44.340037" lon="6.792956" />
      <trkpt lat="44.340799" lon="6.791509" />
      <trkpt lat="44.340744" lon="6.78995" />
      <trkpt lat="44.340881" lon="6.789138" />
      <trkpt lat="44.340461" lon="6.789879" />
      <trkpt lat="44.340139" lon="6.791008" />
      <trkpt lat="44.33982" lon="6.791493" />
      <trkpt lat="44.338834" lon="6.791695" />
      <trkpt lat="44.338255" lon="6.792003" />
      <trkpt lat="44.337959" lon="6.791827" />
      <trkpt lat="44.337785" lon="6.789625" />
      <trkpt lat="44.337604" lon="6.788921" />
      <trkpt lat="44.33773" lon="6.788335" />
      <trkpt lat="44.337516" lon="6.78769" />
      <trkpt lat="44.337611" lon="6.787324" />
      <trkpt lat="44.338426" lon="6.786041" />
      <trkpt lat="44.338354" lon="6.785512" />
      <trkpt lat="44.338455" lon="6.784982" />
      <trkpt lat="44.338019" lon="6.784622" />
      <trkpt lat="44.338025" lon="6.784331" />
      <trkpt lat="44.338528" lon="6.784108" />
      <trkpt lat="44.338999" lon="6.783046" />
      <trkpt lat="44.339607" lon="6.782491" />
      <trkpt lat="44.340265" lon="6.782726" />
      <trkpt lat="44.341245" lon="6.782531" />
      <trkpt lat="44.341946" lon="6.782141" />
      <trkpt lat="44.342691" lon="6.782251" />
      <trkpt lat="44.343179" lon="6.783142" />
      <trkpt lat="44.343061" lon="6.784023" />
      <trkpt lat="44.343152" lon="6.784396" />
      <trkpt lat="44.343648" lon="6.784661" />
      <trkpt lat="44.344121" lon="6.784429" />
      <trkpt lat="44.344884" lon="6.784557" />
      <trkpt lat="44.34499" lon="6.785593" />
      <trkpt lat="44.345713" lon="6.786401" />
      <trkpt lat="44.346946" lon="6.787136" />
      <trkpt lat="44.347228" lon="6.786996" />
      <trkpt lat="44.348347" lon="6.785669" />
      <trkpt lat="44.348292" lon="6.785484" />
      <trkpt lat="44.347892" lon="6.785596" />
      <trkpt lat="44.347669" lon="6.785441" />
      <trkpt lat="44.347714" lon="6.785169" />
      <trkpt lat="44.348081" lon="6.784682" />
      <trkpt lat="44.348153" lon="6.784201" />
      <trkpt lat="44.34845" lon="6.784865" />
      <trkpt lat="44.34912" lon="6.78491" />
      <trkpt lat="44.349859" lon="6.785336" />
      <trkpt lat="44.349843" lon="6.785138" />
      <trkpt lat="44.348994" lon="6.78441" />
      <trkpt lat="44.348636" lon="6.783828" />
      <trkpt lat="44.348713" lon="6.783576" />
      <trkpt lat="44.350175" lon="6.783452" />
      <trkpt lat="44.350442" lon="6.7839" />
      <trkpt lat="44.350529" lon="6.78448" />
      <trkpt lat="44.351556" lon="6.785113" />
      <trkpt lat="44.351731" lon="6.784863" />
      <trkpt lat="44.351405" lon="6.784315" />
      <trkpt lat="44.351539" lon="6.783874" />
      <trkpt lat="44.351539" lon="6.783019" />
      <trkpt lat="44.351692" lon="6.782695" />
      <trkpt lat="44.351985" lon="6.782698" />
      <trkpt lat="44.352891" lon="6.783425" />
      <trkpt lat="44.35334" lon="6.783605" />
      <trkpt lat="44.354487" lon="6.783292" />
      <trkpt lat="44.354958" lon="6.782733" />
      <trkpt lat="44.355365" lon="6.782564" />
      <trkpt lat="44.356049" lon="6.782692" />
      <trkpt lat="44.35688" lon="6.783353" />
      <trkpt lat="44.357932" lon="6.783632" />
      <trkpt lat="44.358287" lon="6.78347" />
      <trkpt lat="44.358583" lon="6.783015" />
      <trkpt lat="44.3588" lon="6.782956" />
      <trkpt lat="44.360014" lon="6.784446" />
      <trkpt lat="44.360305" lon="6.78552" />
      <trkpt lat="44.360587" lon="6.785634" />
      <trkpt lat="44.361031" lon="6.786079" />
      <trkpt lat="44.361265" lon="6.78684" />
      <trkpt lat="44.361859" lon="6.787508" />
      <trkpt lat="44.363352" lon="6.788166" />
      <trkpt lat="44.364545" lon="6.787921" />
      <trkpt lat="44.365085" lon="6.788445" />
      <trkpt lat="44.36603" lon="6.788697" />
      <trkpt lat="44.366775" lon="6.788394" />
      <trkpt lat="44.367452" lon="6.787577" />
      <trkpt lat="44.368799" lon="6.7869" />
      <trkpt lat="44.368737" lon="6.786796" />
      <trkpt lat="44.367719" lon="6.786754" />
      <trkpt lat="44.367314" lon="6.786895" />
      <trkpt lat="44.366893" lon="6.786721" />
      <trkpt lat="44.366523" lon="6.786814" />
      <trkpt lat="44.366519" lon="6.786607" />
      <trkpt lat="44.367299" lon="6.786374" />
      <trkpt lat="44.368204" lon="6.785915" />
      <trkpt lat="44.368706" lon="6.785432" />
      <trkpt lat="44.369118" lon="6.78529" />
      <trkpt lat="44.369308" lon="6.784854" />
      <trkpt lat="44.37016" lon="6.783963" />
      <trkpt lat="44.370873" lon="6.782714" />
      <trkpt lat="44.37163" lon="6.7822" />
      <trkpt lat="44.372756" lon="6.781887" />
      <trkpt lat="44.373619" lon="6.782491" />
      <trkpt lat="44.375016" lon="6.782535" />
      <trkpt lat="44.375348" lon="6.782288" />
      <trkpt lat="44.376092" lon="6.782041" />
      <trkpt lat="44.376724" lon="6.781309" />
      <trkpt lat="44.377071" lon="6.781135" />
      <trkpt lat="44.377584" lon="6.781221" />
      <trkpt lat="44.377973" lon="6.781688" />
      <trkpt lat="44.378472" lon="6.781889" />
      <trkpt lat="44.379616" lon="6.78197" />
      <trkpt lat="44.380961" lon="6.781491" />
      <trkpt lat="44.38157" lon="6.781585" />
      <trkpt lat="44.381836" lon="6.781507" />
      <trkpt lat="44.381816" lon="6.781297" />
      <trkpt lat="44.381457" lon="6.781204" />
      <trkpt lat="44.381079" lon="6.780811" />
      <trkpt lat="44.380612" lon="6.780737" />
      <trkpt lat="44.380659" lon="6.780536" />
      <trkpt lat="44.381181" lon="6.780354" />
      <trkpt lat="44.381576" lon="6.780458" />
      <trkpt lat="44.382517" lon="6.780277" />
      <trkpt lat="44.382852" lon="6.780605" />
      <trkpt lat="44.383274" lon="6.780411" />
      <trkpt lat="44.383687" lon="6.780524" />
      <trkpt lat="44.384679" lon="6.779884" />
      <trkpt lat="44.385012" lon="6.780354" />
      <trkpt lat="44.386036" lon="6.780384" />
      <trkpt lat="44.38686" lon="6.781027" />
      <trkpt lat="44.388085" lon="6.780607" />
      <trkpt lat="44.388911" lon="6.78057" />
      <trkpt lat="44.389261" lon="6.780776" />
      <trkpt lat="44.38926" lon="6.78063" />
      <trkpt lat="44.388817" lon="6.780219" />
      <trkpt lat="44.388124" lon="6.780118" />
      <trkpt lat="44.387827" lon="6.779916" />
      <trkpt lat="44.387539" lon="6.779954" />
      <trkpt lat="44.387543" lon="6.779794" />
      <trkpt lat="44.387799" lon="6.779698" />
      <trkpt lat="44.388214" lon="6.779778" />
      <trkpt lat="44.38841" lon="6.77967" />
      <trkpt lat="44.388664" lon="6.779117" />
      <trkpt lat="44.388869" lon="6.778967" />
      <trkpt lat="44.389345" lon="6.779456" />
      <trkpt lat="44.389455" lon="6.779442" />
      <trkpt lat="44.388942" lon="6.778292" />
      <trkpt lat="44.388729" lon="6.778261" />
      <trkpt lat="44.388219" lon="6.778697" />
      <trkpt lat="44.388073" lon="6.778593" />
      <trkpt lat="44.388772" lon="6.777898" />
      <trkpt lat="44.389476" lon="6.778232" />
      <trkpt lat="44.38995" lon="6.77814" />
      <trkpt lat="44.391088" lon="6.77725" />
      <trkpt lat="44.391586" lon="6.775358" />
      <trkpt lat="44.392277" lon="6.774384" />
      <trkpt lat="44.392769" lon="6.77333" />
      <trkpt lat="44.39311" lon="6.772111" />
      <trkpt lat="44.394304" lon="6.770431" />
      <trkpt lat="44.394702" lon="6.76873" />
      <trkpt lat="44.395025" lon="6.768075" />
      <trkpt lat="44.395875" lon="6.767339" />
      <trkpt lat="44.397224" lon="6.767385" />
      <trkpt lat="44.398202" lon="6.768786" />
      <trkpt lat="44.398772" lon="6.768884" />
      <trkpt lat="44.399359" lon="6.768226" />
      <trkpt lat="44.400172" lon="6.767704" />
      <trkpt lat="44.401304" lon="6.766107" />
      <trkpt lat="44.401572" lon="6.765947" />
      <trkpt lat="44.402288" lon="6.765878" />
      <trkpt lat="44.402738" lon="6.764148" />
      <trkpt lat="44.403362" lon="6.762561" />
      <trkpt lat="44.40353" lon="6.760994" />
      <trkpt lat="44.403743" lon="6.76074" />
      <trkpt lat="44.404475" lon="6.760428" />
      <trkpt lat="44.405053" lon="6.759302" />
      <trkpt lat="44.405141" lon="6.758657" />
      <trkpt lat="44.405012" lon="6.757603" />
      <trkpt lat="44.405611" lon="6.756291" />
      <trkpt lat="44.405591" lon="6.755351" />
      <trkpt lat="44.405872" lon="6.754637" />
      <trkpt lat="44.406076" lon="6.754555" />
      <trkpt lat="44.406347" lon="6.754659" />
      <trkpt lat="44.406653" lon="6.755254" />
      <trkpt lat="44.406965" lon="6.755391" />
      <trkpt lat="44.407158" lon="6.755177" />
      <trkpt lat="44.407339" lon="6.754457" />
      <trkpt lat="44.407557" lon="6.754221" />
      <trkpt lat="44.408311" lon="6.754051" />
      <trkpt lat="44.409057" lon="6.753427" />
      <trkpt lat="44.409627" lon="6.753444" />
      <trkpt lat="44.410288" lon="6.753143" />
      <trkpt lat="44.410808" lon="6.752515" />
      <trkpt lat="44.410969" lon="6.751136" />
      <trkpt lat="44.41113" lon="6.750966" />
      <trkpt lat="44.411211" lon="6.752748" />
      <trkpt lat="44.412563" lon="6.754668" />
      <trkpt lat="44.41269" lon="6.755088" />
      <trkpt lat="44.412597" lon="6.75575" />
      <trkpt lat="44.412711" lon="6.755893" />
      <trkpt lat="44.412864" lon="6.755826" />
      <trkpt lat="44.413077" lon="6.754875" />
      <trkpt lat="44.412425" lon="6.753074" />
      <trkpt lat="44.41244" lon="6.752767" />
      <trkpt lat="44.412658" lon="6.752778" />
      <trkpt lat="44.413478" lon="6.754081" />
      <trkpt lat="44.413633" lon="6.754041" />
      <trkpt lat="44.413656" lon="6.753807" />
      <trkpt lat="44.413616" lon="6.75302" />
      <trkpt lat="44.413289" lon="6.751784" />
      <trkpt lat="44.413096" lon="6.751483" />
      <trkpt lat="44.412781" lon="6.751347" />
      <trkpt lat="44.412778" lon="6.751118" />
      <trkpt lat="44.412981" lon="6.751128" />
      <trkpt lat="44.414329" lon="6.752017" />
      <trkpt lat="44.4149" lon="6.752852" />
      <trkpt lat="44.415028" lon="6.752615" />
      <trkpt lat="44.414626" lon="6.751564" />
      <trkpt lat="44.415504" lon="6.750924" />
      <trkpt lat="44.415516" lon="6.750678" />
      <trkpt lat="44.41523" lon="6.750211" />
      <trkpt lat="44.414562" lon="6.748407" />
      <trkpt lat="44.415208" lon="6.745788" />
      <trkpt lat="44.415263" lon="6.744909" />
      <trkpt lat="44.415742" lon="6.743573" />
      <trkpt lat="44.417386" lon="6.741621" />
      <trkpt lat="44.419838" lon="6.739656" />
      <trkpt lat="44.420007" lon="6.7393" />
      <trkpt lat="44.420277" lon="6.737433" />
      <trkpt lat="44.42056" lon="6.736612" />
      <trkpt lat="44.421583" lon="6.73705" />
      <trkpt lat="44.422274" lon="6.737199" />
      <trkpt lat="44.427016" lon="6.736953" />
      <trkpt lat="44.428746" lon="6.736318" />
      <trkpt lat="44.429535" lon="6.73645" />
      <trkpt lat="44.430043" lon="6.73691" />
      <trkpt lat="44.4309" lon="6.738326" />
      <trkpt lat="44.431811" lon="6.738847" />
      <trkpt lat="44.432661" lon="6.740358" />
      <trkpt lat="44.433535" lon="6.741173" />
      <trkpt lat="44.434297" lon="6.743643" />
      <trkpt lat="44.434605" lon="6.743963" />
      <trkpt lat="44.435479" lon="6.744057" />
      <trkpt lat="44.436249" lon="6.74367" />
      <trkpt lat="44.437486" lon="6.744091" />
      <trkpt lat="44.438161" lon="6.743842" />
      <trkpt lat="44.438765" lon="6.743931" />
      <trkpt lat="44.439216" lon="6.743629" />
      <trkpt lat="44.439822" lon="6.742813" />
      <trkpt lat="44.44065" lon="6.74271" />
      <trkpt lat="44.441608" lon="6.741948" />
      <trkpt lat="44.443255" lon="6.742182" />
      <trkpt lat="44.443998" lon="6.742597" />
      <trkpt lat="44.444476" lon="6.74262" />
      <trkpt lat="44.445625" lon="6.741959" />
      <trkpt lat="44.447223" lon="6.74041" />
      <trkpt lat="44.447717" lon="6.740205" />
      <trkpt lat="44.450025" lon="6.74083" />
      <trkpt lat="44.451188" lon="6.742127" />
      <trkpt lat="44.45262" lon="6.743151" />
      <trkpt lat="44.453105" lon="6.743795" />
      <trkpt lat="44.453477" lon="6.743854" />
      <trkpt lat="44.454099" lon="6.743624" />
      <trkpt lat="44.455162" lon="6.743682" />
      <trkpt lat="44.455868" lon="6.744063" />
      <trkpt lat="44.456643" lon="6.744089" />
      <trkpt lat="44.457054" lon="6.74425" />
      <trkpt lat="44.457912" lon="6.744949" />
      <trkpt lat="44.458333" lon="6.746485" />
      <trkpt lat="44.458614" lon="6.746692" />
      <trkpt lat="44.459611" lon="6.746829" />
      <trkpt lat="44.460395" lon="6.747317" />
      <trkpt lat="44.462245" lon="6.749836" />
      <trkpt lat="44.463357" lon="6.750415" />
      <trkpt lat="44.464717" lon="6.752088" />
      <trkpt lat="44.465163" lon="6.752978" />
      <trkpt lat="44.465273" lon="6.753542" />
      <trkpt lat="44.464927" lon="6.756345" />
      <trkpt lat="44.464985" lon="6.757014" />
      <trkpt lat="44.467293" lon="6.76161" />
      <trkpt lat="44.467606" lon="6.761896" />
      <trkpt lat="44.470296" lon="6.763254" />
      <trkpt lat="44.471019" lon="6.763765" />
      <trkpt lat="44.471402" lon="6.76372" />
      <trkpt lat="44.472427" lon="6.763145" />
      <trkpt lat="44.472768" lon="6.762802" />
      <trkpt lat="44.476756" lon="6.760446" />
      <trkpt lat="44.478117" lon="6.757847" />
      <trkpt lat="44.479533" lon="6.756291" />
      <trkpt lat="44.480004" lon="6.755559" />
      <trkpt lat="44.480582" lon="6.753389" />
      <trkpt lat="44.481487" lon="6.751844" />
      <trkpt lat="44.483458" lon="6.749672" />
      <trkpt lat="44.484429" lon="6.748396" />
      <trkpt lat="44.485379" lon="6.747718" />
      <trkpt lat="44.486036" lon="6.74747" />
      <trkpt lat="44.487063" lon="6.746056" />
      <trkpt lat="44.488305" lon="6.745182" />
      <trkpt lat="44.489445" lon="6.743425" />
      <trkpt lat="44.490373" lon="6.743084" />
      <trkpt lat="44.491434" lon="6.742129" />
      <trkpt lat="44.492884" lon="6.74203" />
      <trkpt lat="44.494051" lon="6.74136" />
      <trkpt lat="44.495811" lon="6.740818" />
      <trkpt lat="44.497226" lon="6.739799" />
      <trkpt lat="44.498318" lon="6.739202" />
      <trkpt lat="44.499339" lon="6.7394" />
      <trkpt lat="44.500806" lon="6.740488" />
      <trkpt lat="44.501891" lon="6.740572" />
      <trkpt lat="44.502355" lon="6.740779" />
      <trkpt lat="44.502766" lon="6.741436" />
      <trkpt lat="44.503052" lon="6.742866" />
      <trkpt lat="44.503834" lon="6.743354" />
      <trkpt lat="44.504448" lon="6.743544" />
      <trkpt lat="44.504708" lon="6.744537" />
      <trkpt lat="44.505068" lon="6.744971" />
      <trkpt lat="44.50976" lon="6.746678" />
      <trkpt lat="44.509965" lon="6.746661" />
      <trkpt lat="44.510187" lon="6.746425" />
      <trkpt lat="44.510494" lon="6.745149" />
      <trkpt lat="44.511245" lon="6.744256" />
      <trkpt lat="44.512276" lon="6.744299" />
      <trkpt lat="44.51541" lon="6.744082" />
      <trkpt lat="44.515634" lon="6.744508" />
      <trkpt lat="44.515261" lon="6.745788" />
      <trkpt lat="44.514729" lon="6.746826" />
      <trkpt lat="44.514582" lon="6.748657" />
      <trkpt lat="44.515428" lon="6.75038" />
      <trkpt lat="44.516007" lon="6.750813" />
      <trkpt lat="44.517019" lon="6.751066" />
      <trkpt lat="44.5174" lon="6.751372" />
      <trkpt lat="44.517606" lon="6.751937" />
      <trkpt lat="44.517624" lon="6.752561" />
      <trkpt lat="44.517811" lon="6.75278" />
      <trkpt lat="44.518027" lon="6.752386" />
      <trkpt lat="44.518032" lon="6.751745" />
      <trkpt lat="44.517116" lon="6.749007" />
      <trkpt lat="44.517301" lon="6.747343" />
      <trkpt lat="44.518221" lon="6.7456" />
      <trkpt lat="44.519808" lon="6.744149" />
      <trkpt lat="44.520197" lon="6.743622" />
      <trkpt lat="44.520359" lon="6.742837" />
      <trkpt lat="44.520078" lon="6.741074" />
      <trkpt lat="44.520237" lon="6.740652" />
      <trkpt lat="44.520424" lon="6.740482" />
      <trkpt lat="44.521354" lon="6.740601" />
      <trkpt lat="44.521961" lon="6.739634" />
      <trkpt lat="44.522697" lon="6.73937" />
      <trkpt lat="44.523022" lon="6.739005" />
      <trkpt lat="44.523145" lon="6.738472" />
      <trkpt lat="44.522963" lon="6.737177" />
      <trkpt lat="44.523376" lon="6.735401" />
      <trkpt lat="44.523317" lon="6.733843" />
      <trkpt lat="44.52381" lon="6.732823" />
      <trkpt lat="44.524867" lon="6.73215" />
      <trkpt lat="44.525079" lon="6.730224" />
      <trkpt lat="44.525042" lon="6.728686" />
      <trkpt lat="44.525387" lon="6.727125" />
      <trkpt lat="44.525603" lon="6.726851" />
      <trkpt lat="44.526045" lon="6.726767" />
      <trkpt lat="44.526358" lon="6.726282" />
      <trkpt lat="44.526296" lon="6.726061" />
      <trkpt lat="44.52573" lon="6.725999" />
      <trkpt lat="44.525556" lon="6.725732" />
      <trkpt lat="44.525376" lon="6.723534" />
      <trkpt lat="44.525545" lon="6.722402" />
      <trkpt lat="44.526208" lon="6.720092" />
      <trkpt lat="44.526552" lon="6.719358" />
      <trkpt lat="44.526717" lon="6.718411" />
      <trkpt lat="44.527159" lon="6.717905" />
      <trkpt lat="44.526869" lon="6.717285" />
      <trkpt lat="44.526942" lon="6.71509" />
      <trkpt lat="44.527134" lon="6.715063" />
      <trkpt lat="44.527254" lon="6.715695" />
      <trkpt lat="44.528013" lon="6.717383" />
      <trkpt lat="44.528623" lon="6.72208" />
      <trkpt lat="44.528786" lon="6.722225" />
      <trkpt lat="44.529402" lon="6.71715" />
      <trkpt lat="44.529319" lon="6.716151" />
      <trkpt lat="44.529628" lon="6.713522" />
      <trkpt lat="44.529509" lon="6.712613" />
      <trkpt lat="44.529617" lon="6.71179" />
      <trkpt lat="44.530552" lon="6.709979" />
      <trkpt lat="44.530766" lon="6.709909" />
      <trkpt lat="44.530819" lon="6.710167" />
      <trkpt lat="44.530416" lon="6.711028" />
      <trkpt lat="44.530399" lon="6.711594" />
      <trkpt lat="44.530874" lon="6.712881" />
      <trkpt lat="44.531117" lon="6.713088" />
      <trkpt lat="44.531267" lon="6.713069" />
      <trkpt lat="44.531415" lon="6.712693" />
      <trkpt lat="44.531099" lon="6.711567" />
      <trkpt lat="44.531163" lon="6.710882" />
      <trkpt lat="44.531452" lon="6.710329" />
      <trkpt lat="44.532393" lon="6.709401" />
      <trkpt lat="44.532874" lon="6.708527" />
      <trkpt lat="44.532855" lon="6.707899" />
      <trkpt lat="44.53243" lon="6.70751" />
      <trkpt lat="44.532334" lon="6.707241" />
      <trkpt lat="44.532304" lon="6.705328" />
      <trkpt lat="44.532093" lon="6.704407" />
      <trkpt lat="44.532181" lon="6.703042" />
      <trkpt lat="44.531794" lon="6.701711" />
      <trkpt lat="44.53185" lon="6.701403" />
      <trkpt lat="44.53205" lon="6.701494" />
      <trkpt lat="44.533073" lon="6.704553" />
      <trkpt lat="44.533367" lon="6.704734" />
      <trkpt lat="44.534099" lon="6.704505" />
      <trkpt lat="44.534823" lon="6.704874" />
      <trkpt lat="44.535127" lon="6.7048" />
      <trkpt lat="44.535431" lon="6.704537" />
      <trkpt lat="44.536162" lon="6.703441" />
      <trkpt lat="44.537479" lon="6.702995" />
      <trkpt lat="44.538613" lon="6.702914" />
      <trkpt lat="44.53932" lon="6.702413" />
      <trkpt lat="44.539951" lon="6.702217" />
      <trkpt lat="44.540699" lon="6.702521" />
      <trkpt lat="44.541704" lon="6.702586" />
      <trkpt lat="44.542322" lon="6.702911" />
      <trkpt lat="44.545425" lon="6.702185" />
      <trkpt lat="44.546943" lon="6.702362" />
      <trkpt lat="44.547842" lon="6.702781" />
      <trkpt lat="44.548096" lon="6.702777" />
      <trkpt lat="44.551234" lon="6.700457" />
      <trkpt lat="44.552376" lon="6.700459" />
      <trkpt lat="44.552848" lon="6.699588" />
      <trkpt lat="44.553222" lon="6.699256" />
      <trkpt lat="44.553579" lon="6.699069" />
      <trkpt lat="44.554953" lon="6.698758" />
      <trkpt lat="44.555524" lon="6.698425" />
      <trkpt lat="44.556351" lon="6.697306" />
      <trkpt lat="44.557054" lon="6.695083" />
      <trkpt lat="44.557452" lon="6.694349" />
      <trkpt lat="44.560087" lon="6.691868" />
      <trkpt lat="44.560637" lon="6.690664" />
      <trkpt lat="44.561769" lon="6.689729" />
      <trkpt lat="44.56296" lon="6.689263" />
      <trkpt lat="44.564213" lon="6.687701" />
      <trkpt lat="44.565079" lon="6.687423" />
      <trkpt lat="44.566432" lon="6.685932" />
      <trkpt lat="44.567033" lon="6.685057" />
      <trkpt lat="44.567279" lon="6.684965" />
      <trkpt lat="44.568098" lon="6.685035" />
      <trkpt lat="44.569304" lon="6.684456" />
      <trkpt lat="44.569451" lon="6.684094" />
      <trkpt lat="44.56918" lon="6.683466" />
      <trkpt lat="44.56924" lon="6.683064" />
      <trkpt lat="44.569788" lon="6.68258" />
      <trkpt lat="44.570664" lon="6.682771" />
      <trkpt lat="44.571112" lon="6.682607" />
      <trkpt lat="44.571661" lon="6.68181" />
      <trkpt lat="44.571726" lon="6.6804" />
      <trkpt lat="44.572084" lon="6.68002" />
      <trkpt lat="44.572679" lon="6.680025" />
      <trkpt lat="44.572854" lon="6.680154" />
      <trkpt lat="44.573543" lon="6.681915" />
      <trkpt lat="44.573875" lon="6.681986" />
      <trkpt lat="44.574803" lon="6.681794" />
      <trkpt lat="44.575591" lon="6.682092" />
      <trkpt lat="44.576509" lon="6.682086" />
      <trkpt lat="44.577541" lon="6.68289" />
      <trkpt lat="44.578347" lon="6.682909" />
      <trkpt lat="44.579074" lon="6.684072" />
      <trkpt lat="44.579493" lon="6.684325" />
      <trkpt lat="44.580481" lon="6.684475" />
      <trkpt lat="44.582989" lon="6.682867" />
      <trkpt lat="44.583518" lon="6.68285" />
      <trkpt lat="44.584621" lon="6.683679" />
      <trkpt lat="44.585971" lon="6.685523" />
      <trkpt lat="44.586619" lon="6.686628" />
      <trkpt lat="44.5887" lon="6.687713" />
      <trkpt lat="44.590813" lon="6.687796" />
      <trkpt lat="44.591031" lon="6.688017" />
      <trkpt lat="44.591354" lon="6.688797" />
      <trkpt lat="44.592081" lon="6.6889" />
      <trkpt lat="44.592789" lon="6.689383" />
      <trkpt lat="44.593965" lon="6.689476" />
      <trkpt lat="44.594767" lon="6.689912" />
      <trkpt lat="44.596665" lon="6.69" />
      <trkpt lat="44.598577" lon="6.689731" />
      <trkpt lat="44.599751" lon="6.689875" />
      <trkpt lat="44.601809" lon="6.689021" />
      <trkpt lat="44.602766" lon="6.689014" />
      <trkpt lat="44.603455" lon="6.688589" />
      <trkpt lat="44.604329" lon="6.688728" />
      <trkpt lat="44.605082" lon="6.689381" />
      <trkpt lat="44.60749" lon="6.688375" />
      <trkpt lat="44.609824" lon="6.688484" />
      <trkpt lat="44.61016" lon="6.688005" />
      <trkpt lat="44.610496" lon="6.687958" />
      <trkpt lat="44.612275" lon="6.687116" />
      <trkpt lat="44.613166" lon="6.686931" />
      <trkpt lat="44.614097" lon="6.685907" />
      <trkpt lat="44.614839" lon="6.685683" />
      <trkpt lat="44.615648" lon="6.685776" />
      <trkpt lat="44.616036" lon="6.685665" />
      <trkpt lat="44.616323" lon="6.685378" />
      <trkpt lat="44.616935" lon="6.685208" />
      <trkpt lat="44.617963" lon="6.684266" />
      <trkpt lat="44.618547" lon="6.68394" />
      <trkpt lat="44.619157" lon="6.683909" />
      <trkpt lat="44.619738" lon="6.683608" />
      <trkpt lat="44.620457" lon="6.684001" />
      <trkpt lat="44.620935" lon="6.684097" />
      <trkpt lat="44.621279" lon="6.683803" />
      <trkpt lat="44.621559" lon="6.683201" />
      <trkpt lat="44.621974" lon="6.682945" />
      <trkpt lat="44.624498" lon="6.683402" />
      <trkpt lat="44.624922" lon="6.683019" />
      <trkpt lat="44.625617" lon="6.681769" />
      <trkpt lat="44.625688" lon="6.681396" />
      <trkpt lat="44.625593" lon="6.680786" />
      <trkpt lat="44.625777" lon="6.680441" />
      <trkpt lat="44.626447" lon="6.680044" />
      <trkpt lat="44.627013" lon="6.680083" />
      <trkpt lat="44.627307" lon="6.680256" />
      <trkpt lat="44.627728" lon="6.681042" />
      <trkpt lat="44.627934" lon="6.681103" />
      <trkpt lat="44.628603" lon="6.68047" />
      <trkpt lat="44.629129" lon="6.679606" />
      <trkpt lat="44.629383" lon="6.678893" />
      <trkpt lat="44.630685" lon="6.677516" />
      <trkpt lat="44.631298" lon="6.677351" />
      <trkpt lat="44.631908" lon="6.676624" />
      <trkpt lat="44.632356" lon="6.676596" />
      <trkpt lat="44.632937" lon="6.676781" />
      <trkpt lat="44.633336" lon="6.676671" />
      <trkpt lat="44.633553" lon="6.676469" />
      <trkpt lat="44.634627" lon="6.674848" />
      <trkpt lat="44.634678" lon="6.67378" />
      <trkpt lat="44.63438" lon="6.672789" />
      <trkpt lat="44.633731" lon="6.672043" />
      <trkpt lat="44.633232" lon="6.671924" />
      <trkpt lat="44.633078" lon="6.671744" />
      <trkpt lat="44.633118" lon="6.671137" />
      <trkpt lat="44.635006" lon="6.669643" />
      <trkpt lat="44.636423" lon="6.670002" />
      <trkpt lat="44.637609" lon="6.669834" />
      <trkpt lat="44.637714" lon="6.669636" />
      <trkpt lat="44.637638" lon="6.669395" />
      <trkpt lat="44.636781" lon="6.669269" />
      <trkpt lat="44.636222" lon="6.668873" />
      <trkpt lat="44.636203" lon="6.668447" />
      <trkpt lat="44.637187" lon="6.668503" />
      <trkpt lat="44.638321" lon="6.667921" />
      <trkpt lat="44.638835" lon="6.667327" />
      <trkpt lat="44.639773" lon="6.667424" />
      <trkpt lat="44.639926" lon="6.667321" />
      <trkpt lat="44.639872" lon="6.666959" />
      <trkpt lat="44.638119" lon="6.666198" />
      <trkpt lat="44.637412" lon="6.666164" />
      <trkpt lat="44.637325" lon="6.665865" />
      <trkpt lat="44.637577" lon="6.665713" />
      <trkpt lat="44.638313" lon="6.665761" />
      <trkpt lat="44.639504" lon="6.665499" />
      <trkpt lat="44.640134" lon="6.665753" />
      <trkpt lat="44.640402" lon="6.665735" />
      <trkpt lat="44.641108" lon="6.665271" />
      <trkpt lat="44.641747" lon="6.663448" />
      <trkpt lat="44.642605" lon="6.663284" />
      <trkpt lat="44.643242" lon="6.662865" />
      <trkpt lat="44.6433" lon="6.662547" />
      <trkpt lat="44.643134" lon="6.662318" />
      <trkpt lat="44.641889" lon="6.662723" />
      <trkpt lat="44.641189" lon="6.662624" />
      <trkpt lat="44.641078" lon="6.662278" />
      <trkpt lat="44.641293" lon="6.662027" />
      <trkpt lat="44.642421" lon="6.662088" />
      <trkpt lat="44.643061" lon="6.661683" />
      <trkpt lat="44.643195" lon="6.660757" />
      <trkpt lat="44.644086" lon="6.659331" />
      <trkpt lat="44.645123" lon="6.658463" />
      <trkpt lat="44.64592" lon="6.656733" />
      <trkpt lat="44.645822" lon="6.656529" />
      <trkpt lat="44.645584" lon="6.656496" />
      <trkpt lat="44.644742" lon="6.656789" />
      <trkpt lat="44.643845" lon="6.657351" />
      <trkpt lat="44.643658" lon="6.657195" />
      <trkpt lat="44.64374" lon="6.656928" />
      <trkpt lat="44.644704" lon="6.65631" />
      <trkpt lat="44.64555" lon="6.655483" />
      <trkpt lat="44.64743" lon="6.655546" />
      <trkpt lat="44.648536" lon="6.655274" />
      <trkpt lat="44.649258" lon="6.654746" />
      <trkpt lat="44.649858" lon="6.654529" />
      <trkpt lat="44.650082" lon="6.654059" />
      <trkpt lat="44.650084" lon="6.65311" />
      <trkpt lat="44.650576" lon="6.652235" />
      <trkpt lat="44.650462" lon="6.651063" />
      <trkpt lat="44.650727" lon="6.650524" />
      <trkpt lat="44.651482" lon="6.650567" />
      <trkpt lat="44.652914" lon="6.649894" />
      <trkpt lat="44.653105" lon="6.650238" />
      <trkpt lat="44.653413" lon="6.651967" />
      <trkpt lat="44.653645" lon="6.652155" />
      <trkpt lat="44.653898" lon="6.652074" />
      <trkpt lat="44.65417" lon="6.65174" />
      <trkpt lat="44.654279" lon="6.651365" />
      <trkpt lat="44.654244" lon="6.650504" />
      <trkpt lat="44.653773" lon="6.649928" />
      <trkpt lat="44.653824" lon="6.649648" />
      <trkpt lat="44.654054" lon="6.649548" />
      <trkpt lat="44.654953" lon="6.649738" />
      <trkpt lat="44.655573" lon="6.650964" />
      <trkpt lat="44.655476" lon="6.65128" />
      <trkpt lat="44.654855" lon="6.651829" />
      <trkpt lat="44.654714" lon="6.652304" />
      <trkpt lat="44.653988" lon="6.65352" />
      <trkpt lat="44.653765" lon="6.654203" />
      <trkpt lat="44.653888" lon="6.654738" />
      <trkpt lat="44.654149" lon="6.654917" />
      <trkpt lat="44.654559" lon="6.654852" />
      <trkpt lat="44.655278" lon="6.654054" />
      <trkpt lat="44.655717" lon="6.65414" />
      <trkpt lat="44.656399" lon="6.655416" />
      <trkpt lat="44.657618" lon="6.656356" />
      <trkpt lat="44.658743" lon="6.656746" />
      <trkpt lat="44.661279" lon="6.659645" />
      <trkpt lat="44.662246" lon="6.661085" />
      <trkpt lat="44.663197" lon="6.661613" />
      <trkpt lat="44.664272" lon="6.663193" />
      <trkpt lat="44.664508" lon="6.663382" />
      <trkpt lat="44.664937" lon="6.66347" />
      <trkpt lat="44.665169" lon="6.663738" />
      <trkpt lat="44.665331" lon="6.665667" />
      <trkpt lat="44.665822" lon="6.666487" />
      <trkpt lat="44.666643" lon="6.667027" />
      <trkpt lat="44.666212" lon="6.668611" />
      <trkpt lat="44.666835" lon="6.669089" />
      <trkpt lat="44.666814" lon="6.669864" />
      <trkpt lat="44.667037" lon="6.670355" />
      <trkpt lat="44.667628" lon="6.673712" />
      <trkpt lat="44.667868" lon="6.674207" />
      <trkpt lat="44.668554" lon="6.674933" />
      <trkpt lat="44.668808" lon="6.675583" />
      <trkpt lat="44.668901" lon="6.676343" />
      <trkpt lat="44.668794" lon="6.67682" />
      <trkpt lat="44.668831" lon="6.677649" />
      <trkpt lat="44.669087" lon="6.679667" />
      <trkpt lat="44.669612" lon="6.680428" />
      <trkpt lat="44.670694" lon="6.681345" />
      <trkpt lat="44.671033" lon="6.681593" />
      <trkpt lat="44.672148" lon="6.681951" />
      <trkpt lat="44.672862" lon="6.683151" />
      <trkpt lat="44.673736" lon="6.68418" />
      <trkpt lat="44.674208" lon="6.684467" />
      <trkpt lat="44.674427" lon="6.684758" />
      <trkpt lat="44.674501" lon="6.685218" />
      <trkpt lat="44.674241" lon="6.685704" />
      <trkpt lat="44.674032" lon="6.686675" />
      <trkpt lat="44.674268" lon="6.688053" />
      <trkpt lat="44.674642" lon="6.689078" />
      <trkpt lat="44.675181" lon="6.689883" />
      <trkpt lat="44.675528" lon="6.691308" />
      <trkpt lat="44.675575" lon="6.692002" />
      <trkpt lat="44.676517" lon="6.693367" />
      <trkpt lat="44.676667" lon="6.693765" />
      <trkpt lat="44.676868" lon="6.693905" />
      <trkpt lat="44.6772" lon="6.693781" />
      <trkpt lat="44.677382" lon="6.693882" />
      <trkpt lat="44.678203" lon="6.694981" />
      <trkpt lat="44.678751" lon="6.695062" />
      <trkpt lat="44.679393" lon="6.695484" />
      <trkpt lat="44.680358" lon="6.695735" />
      <trkpt lat="44.681304" lon="6.696795" />
      <trkpt lat="44.681947" lon="6.697324" />
      <trkpt lat="44.682621" lon="6.697254" />
      <trkpt lat="44.68359" lon="6.697413" />
      <trkpt lat="44.68445" lon="6.698103" />
      <trkpt lat="44.685875" lon="6.698219" />
      <trkpt lat="44.686747" lon="6.698477" />
      <trkpt lat="44.688391" lon="6.699624" />
      <trkpt lat="44.6916" lon="6.702395" />
      <trkpt lat="44.69218" lon="6.703066" />
      <trkpt lat="44.693141" lon="6.704686" />
      <trkpt lat="44.694138" lon="6.705405" />
      <trkpt lat="44.695678" lon="6.70622" />
      <trkpt lat="44.698016" lon="6.70879" />
      <trkpt lat="44.699694" lon="6.711663" />
      <trkpt lat="44.701308" lon="6.715736" />
      <trkpt lat="44.702322" lon="6.7168" />
      <trkpt lat="44.703101" lon="6.718539" />
      <trkpt lat="44.703396" lon="6.718827" />
      <trkpt lat="44.704437" lon="6.719381" />
      <trkpt lat="44.704878" lon="6.719847" />
      <trkpt lat="44.70518" lon="6.720734" />
      <trkpt lat="44.705238" lon="6.722526" />
      <trkpt lat="44.705427" lon="6.723476" />
      <trkpt lat="44.706561" lon="6.725459" />
      <trkpt lat="44.708254" lon="6.729065" />
      <trkpt lat="44.70897" lon="6.73134" />
      <trkpt lat="44.708977" lon="6.732335" />
      <trkpt lat="44.70842" lon="6.733823" />
      <trkpt lat="44.708251" lon="6.734716" />
      <trkpt lat="44.70825" lon="6.73543" />
      <trkpt lat="44.708466" lon="6.736454" />
      <trkpt lat="44.710739" lon="6.741019" />
      <trkpt lat="44.711863" lon="6.74241" />
      <trkpt lat="44.71227" lon="6.743986" />
      <trkpt lat="44.715034" lon="6.749453" />
      <trkpt lat="44.715575" lon="6.751669" />
      <trkpt lat="44.715929" lon="6.756438" />
      <trkpt lat="44.716453" lon="6.757879" />
      <trkpt lat="44.717627" lon="6.760305" />
      <trkpt lat="44.718038" lon="6.760777" />
      <trkpt lat="44.718668" lon="6.761224" />
      <trkpt lat="44.72201" lon="6.762478" />
      <trkpt lat="44.723422" lon="6.762433" />
      <trkpt lat="44.724023" lon="6.762538" />
      <trkpt lat="44.725235" lon="6.763504" />
      <trkpt lat="44.726376" lon="6.763945" />
      <trkpt lat="44.728106" lon="6.764196" />
      <trkpt lat="44.728927" lon="6.76396" />
      <trkpt lat="44.729442" lon="6.764053" />
      <trkpt lat="44.730144" lon="6.764629" />
      <trkpt lat="44.731187" lon="6.766519" />
      <trkpt lat="44.731567" lon="6.766939" />
      <trkpt lat="44.733251" lon="6.767334" />
      <trkpt lat="44.73525" lon="6.76816" />
      <trkpt lat="44.737914" lon="6.768502" />
      <trkpt lat="44.739624" lon="6.766725" />
      <trkpt lat="44.740449" lon="6.766639" />
      <trkpt lat="44.741088" lon="6.766391" />
      <trkpt lat="44.742656" lon="6.766874" />
      <trkpt lat="44.743166" lon="6.767421" />
      <trkpt lat="44.743639" lon="6.767575" />
      <trkpt lat="44.743962" lon="6.768197" />
      <trkpt lat="44.74413" lon="6.768095" />
      <trkpt lat="44.744175" lon="6.767321" />
      <trkpt lat="44.744425" lon="6.767193" />
      <trkpt lat="44.744579" lon="6.76759" />
      <trkpt lat="44.744337" lon="6.768827" />
      <trkpt lat="44.744562" lon="6.769698" />
      <trkpt lat="44.745026" lon="6.770019" />
      <trkpt lat="44.746703" lon="6.770694" />
      <trkpt lat="44.748036" lon="6.772529" />
      <trkpt lat="44.748118" lon="6.772137" />
      <trkpt lat="44.747739" lon="6.771347" />
      <trkpt lat="44.74746" lon="6.771074" />
      <trkpt lat="44.747071" lon="6.770164" />
      <trkpt lat="44.747741" lon="6.768917" />
      <trkpt lat="44.748116" lon="6.766855" />
      <trkpt lat="44.748288" lon="6.766656" />
      <trkpt lat="44.749059" lon="6.766702" />
      <trkpt lat="44.750124" lon="6.76617" />
      <trkpt lat="44.750308" lon="6.76547" />
      <trkpt lat="44.751076" lon="6.763893" />
      <trkpt lat="44.7513" lon="6.762951" />
      <trkpt lat="44.751787" lon="6.762053" />
      <trkpt lat="44.75244" lon="6.761608" />
      <trkpt lat="44.75265" lon="6.760663" />
      <trkpt lat="44.753412" lon="6.759275" />
      <trkpt lat="44.75362" lon="6.758143" />
      <trkpt lat="44.754049" lon="6.757766" />
      <trkpt lat="44.754172" lon="6.756887" />
      <trkpt lat="44.754685" lon="6.755581" />
      <trkpt lat="44.754767" lon="6.754492" />
      <trkpt lat="44.75543" lon="6.75297" />
      <trkpt lat="44.756186" lon="6.752198" />
      <trkpt lat="44.756579" lon="6.751115" />
      <trkpt lat="44.756655" lon="6.750462" />
      <trkpt lat="44.757576" lon="6.749613" />
      <trkpt lat="44.757872" lon="6.748648" />
      <trkpt lat="44.758635" lon="6.74727" />
      <trkpt lat="44.760106" lon="6.745704" />
      <trkpt lat="44.76081" lon="6.745282" />
      <trkpt lat="44.761667" lon="6.743633" />
      <trkpt lat="44.762038" lon="6.743339" />
      <trkpt lat="44.763086" lon="6.742926" />
      <trkpt lat="44.766874" lon="6.738797" />
      <trkpt lat="44.76948" lon="6.736974" />
      <trkpt lat="44.773481" lon="6.736315" />
      <trkpt lat="44.776143" lon="6.735211" />
      <trkpt lat="44.777336" lon="6.735323" />
      <trkpt lat="44.778662" lon="6.735081" />
      <trkpt lat="44.780765" lon="6.735402" />
      <trkpt lat="44.78137" lon="6.734947" />
      <trkpt lat="44.78268" lon="6.734933" />
      <trkpt lat="44.7837" lon="6.73467" />
      <trkpt lat="44.7862" lon="6.73319" />
      <trkpt lat="44.789265" lon="6.732903" />
      <trkpt lat="44.790294" lon="6.732293" />
      <trkpt lat="44.791676" lon="6.73206" />
      <trkpt lat="44.793689" lon="6.731106" />
      <trkpt lat="44.795298" lon="6.729811" />
      <trkpt lat="44.795891" lon="6.728935" />
      <trkpt lat="44.796223" lon="6.72818" />
      <trkpt lat="44.796433" lon="6.728025" />
      <trkpt lat="44.796817" lon="6.728263" />
      <trkpt lat="44.796922" lon="6.729072" />
      <trkpt lat="44.796466" lon="6.730356" />
      <trkpt lat="44.79665" lon="6.731131" />
      <trkpt lat="44.796155" lon="6.731724" />
      <trkpt lat="44.79605" lon="6.73228" />
      <trkpt lat="44.796928" lon="6.733346" />
      <trkpt lat="44.797835" lon="6.733832" />
      <trkpt lat="44.79841" lon="6.734553" />
      <trkpt lat="44.798543" lon="6.734549" />
      <trkpt lat="44.798543" lon="6.734346" />
      <trkpt lat="44.797969" lon="6.733511" />
      <trkpt lat="44.797289" lon="6.732886" />
      <trkpt lat="44.797146" lon="6.732448" />
      <trkpt lat="44.797215" lon="6.732323" />
      <trkpt lat="44.797639" lon="6.73229" />
      <trkpt lat="44.797866" lon="6.732094" />
      <trkpt lat="44.798068" lon="6.731069" />
      <trkpt lat="44.798373" lon="6.73066" />
      <trkpt lat="44.798536" lon="6.730071" />
      <trkpt lat="44.798955" lon="6.729499" />
      <trkpt lat="44.799062" lon="6.728936" />
      <trkpt lat="44.799165" lon="6.72934" />
      <trkpt lat="44.798611" lon="6.731528" />
      <trkpt lat="44.79862" lon="6.732435" />
      <trkpt lat="44.798718" lon="6.732369" />
      <trkpt lat="44.798776" lon="6.731665" />
      <trkpt lat="44.799263" lon="6.73058" />
      <trkpt lat="44.800236" lon="6.729478" />
      <trkpt lat="44.80026" lon="6.729645" />
      <trkpt lat="44.79979" lon="6.730216" />
      <trkpt lat="44.799565" lon="6.730714" />
      <trkpt lat="44.799437" lon="6.732138" />
      <trkpt lat="44.799705" lon="6.732302" />
      <trkpt lat="44.800461" lon="6.732423" />
      <trkpt lat="44.802042" lon="6.734249" />
      <trkpt lat="44.802047" lon="6.733959" />
      <trkpt lat="44.801666" lon="6.733416" />
      <trkpt lat="44.800827" lon="6.731421" />
      <trkpt lat="44.800847" lon="6.731222" />
      <trkpt lat="44.80099" lon="6.731171" />
      <trkpt lat="44.801283" lon="6.731769" />
      <trkpt lat="44.801737" lon="6.732196" />
      <trkpt lat="44.802588" lon="6.733487" />
      <trkpt lat="44.804026" lon="6.734446" />
      <trkpt lat="44.805038" lon="6.73435" />
      <trkpt lat="44.805615" lon="6.734675" />
      <trkpt lat="44.805691" lon="6.734933" />
      <trkpt lat="44.805583" lon="6.735256" />
      <trkpt lat="44.804718" lon="6.736231" />
      <trkpt lat="44.804277" lon="6.736493" />
      <trkpt lat="44.804051" lon="6.736927" />
      <trkpt lat="44.803536" lon="6.737409" />
      <trkpt lat="44.803552" lon="6.737573" />
      <trkpt lat="44.804903" lon="6.736715" />
      <trkpt lat="44.805762" lon="6.73666" />
      <trkpt lat="44.807374" lon="6.73605" />
      <trkpt lat="44.807566" lon="6.73618" />
      <trkpt lat="44.807688" lon="6.736752" />
      <trkpt lat="44.807948" lon="6.73714" />
      <trkpt lat="44.808667" lon="6.737198" />
      <trkpt lat="44.809164" lon="6.738118" />
      <trkpt lat="44.80954" lon="6.738417" />
      <trkpt lat="44.810164" lon="6.738358" />
      <trkpt lat="44.810569" lon="6.73819" />
      <trkpt lat="44.811193" lon="6.737683" />
      <trkpt lat="44.81134" lon="6.736967" />
      <trkpt lat="44.811699" lon="6.73657" />
      <trkpt lat="44.811502" lon="6.735907" />
      <trkpt lat="44.811513" lon="6.73549" />
      <trkpt lat="44.812009" lon="6.735053" />
      <trkpt lat="44.813167" lon="6.734459" />
      <trkpt lat="44.813444" lon="6.734849" />
      <trkpt lat="44.813932" lon="6.736146" />
      <trkpt lat="44.814664" lon="6.736328" />
      <trkpt lat="44.815558" lon="6.736322" />
      <trkpt lat="44.815692" lon="6.736035" />
      <trkpt lat="44.81561" lon="6.735068" />
      <trkpt lat="44.816237" lon="6.734506" />
      <trkpt lat="44.816813" lon="6.734566" />
      <trkpt lat="44.818279" lon="6.732674" />
      <trkpt lat="44.818285" lon="6.733061" />
      <trkpt lat="44.817649" lon="6.734336" />
      <trkpt lat="44.817778" lon="6.734468" />
      <trkpt lat="44.818006" lon="6.734041" />
      <trkpt lat="44.818719" lon="6.733376" />
      <trkpt lat="44.819468" lon="6.732092" />
      <trkpt lat="44.819569" lon="6.73234" />
      <trkpt lat="44.819241" lon="6.733168" />
      <trkpt lat="44.819164" lon="6.733931" />
      <trkpt lat="44.818817" lon="6.734542" />
      <trkpt lat="44.818851" lon="6.734755" />
      <trkpt lat="44.820407" lon="6.735054" />
      <trkpt lat="44.821" lon="6.734207" />
      <trkpt lat="44.821067" lon="6.734369" />
      <trkpt lat="44.820861" lon="6.735052" />
      <trkpt lat="44.820999" lon="6.735503" />
      <trkpt lat="44.822493" lon="6.736137" />
      <trkpt lat="44.822599" lon="6.735822" />
      <trkpt lat="44.821973" lon="6.735009" />
      <trkpt lat="44.821788" lon="6.734501" />
      <trkpt lat="44.821835" lon="6.732964" />
      <trkpt lat="44.821989" lon="6.732994" />
      <trkpt lat="44.822125" lon="6.733686" />
      <trkpt lat="44.822414" lon="6.733844" />
      <trkpt lat="44.822752" lon="6.733788" />
      <trkpt lat="44.822902" lon="6.733511" />
      <trkpt lat="44.822785" lon="6.733255" />
      <trkpt lat="44.822443" lon="6.73309" />
      <trkpt lat="44.822789" lon="6.733046" />
      <trkpt lat="44.822993" lon="6.733183" />
      <trkpt lat="44.822789" lon="6.733046" />
      <trkpt lat="44.822443" lon="6.73309" />
      <trkpt lat="44.822292" lon="6.732823" />
      <trkpt lat="44.82222" lon="6.732309" />
      <trkpt lat="44.822453" lon="6.731236" />
      <trkpt lat="44.82259" lon="6.731271" />
      <trkpt lat="44.822776" lon="6.732008" />
      <trkpt lat="44.82308" lon="6.732068" />
      <trkpt lat="44.823426" lon="6.731756" />
      <trkpt lat="44.823469" lon="6.73226" />
      <trkpt lat="44.823683" lon="6.732405" />
      <trkpt lat="44.823966" lon="6.732114" />
      <trkpt lat="44.824808" lon="6.731682" />
      <trkpt lat="44.825026" lon="6.731279" />
      <trkpt lat="44.8256" lon="6.730897" />
      <trkpt lat="44.827223" lon="6.72939" />
      <trkpt lat="44.827117" lon="6.728891" />
      <trkpt lat="44.826687" lon="6.728407" />
      <trkpt lat="44.826235" lon="6.728363" />
      <trkpt lat="44.826249" lon="6.72815" />
      <trkpt lat="44.826895" lon="6.727541" />
      <trkpt lat="44.82729" lon="6.727369" />
      <trkpt lat="44.828026" lon="6.72748" />
      <trkpt lat="44.828353" lon="6.727837" />
      <trkpt lat="44.828486" lon="6.72779" />
      <trkpt lat="44.828549" lon="6.727239" />
      <trkpt lat="44.82817" lon="6.726541" />
      <trkpt lat="44.827186" lon="6.72614" />
      <trkpt lat="44.827102" lon="6.725777" />
      <trkpt lat="44.827249" lon="6.725459" />
      <trkpt lat="44.82783" lon="6.725128" />
      <trkpt lat="44.830197" lon="6.723264" />
      <trkpt lat="44.830426" lon="6.723349" />
      <trkpt lat="44.830545" lon="6.723696" />
      <trkpt lat="44.830151" lon="6.724387" />
      <trkpt lat="44.830205" lon="6.724579" />
      <trkpt lat="44.830783" lon="6.724161" />
      <trkpt lat="44.83142" lon="6.724407" />
      <trkpt lat="44.831743" lon="6.72431" />
      <trkpt lat="44.831905" lon="6.724043" />
      <trkpt lat="44.831738" lon="6.723598" />
      <trkpt lat="44.831797" lon="6.723459" />
      <trkpt lat="44.831976" lon="6.723625" />
      <trkpt lat="44.832069" lon="6.724162" />
      <trkpt lat="44.832194" lon="6.724231" />
      <trkpt lat="44.832229" lon="6.723768" />
      <trkpt lat="44.831989" lon="6.723204" />
      <trkpt lat="44.832021" lon="6.722996" />
      <trkpt lat="44.833324" lon="6.72237" />
      <trkpt lat="44.833661" lon="6.72196" />
      <trkpt lat="44.833751" lon="6.722151" />
      <trkpt lat="44.833021" lon="6.722976" />
      <trkpt lat="44.832899" lon="6.723499" />
      <trkpt lat="44.83305" lon="6.723546" />
      <trkpt lat="44.834178" lon="6.722409" />
      <trkpt lat="44.83426" lon="6.7226" />
      <trkpt lat="44.833946" lon="6.723444" />
      <trkpt lat="44.834091" lon="6.723615" />
      <trkpt lat="44.83459" lon="6.723005" />
      <trkpt lat="44.834988" lon="6.721414" />
      <trkpt lat="44.835095" lon="6.721544" />
      <trkpt lat="44.834961" lon="6.722064" />
      <trkpt lat="44.83499" lon="6.723261" />
      <trkpt lat="44.835099" lon="6.723202" />
      <trkpt lat="44.835424" lon="6.722031" />
      <trkpt lat="44.835996" lon="6.721779" />
      <trkpt lat="44.837142" lon="6.722347" />
      <trkpt lat="44.837621" lon="6.722402" />
      <trkpt lat="44.837572" lon="6.722582" />
      <trkpt lat="44.836477" lon="6.722606" />
      <trkpt lat="44.836462" lon="6.722834" />
      <trkpt lat="44.837801" lon="6.723217" />
      <trkpt lat="44.838389" lon="6.723524" />
      <trkpt lat="44.839158" lon="6.723379" />
      <trkpt lat="44.842203" lon="6.723697" />
      <trkpt lat="44.84431" lon="6.72359" />
      <trkpt lat="44.844975" lon="6.724073" />
      <trkpt lat="44.845372" lon="6.724206" />
      <trkpt lat="44.845418" lon="6.724381" />
      <trkpt lat="44.845297" lon="6.724486" />
      <trkpt lat="44.844258" lon="6.724137" />
      <trkpt lat="44.844196" lon="6.724392" />
      <trkpt lat="44.844986" lon="6.724881" />
      <trkpt lat="44.845707" lon="6.725534" />
      <trkpt lat="44.84615" lon="6.725707" />
      <trkpt lat="44.846713" lon="6.725552" />
      <trkpt lat="44.847821" lon="6.724725" />
      <trkpt lat="44.84954" lon="6.724694" />
      <trkpt lat="44.850276" lon="6.725065" />
      <trkpt lat="44.851333" lon="6.724641" />
      <trkpt lat="44.852779" lon="6.724496" />
      <trkpt lat="44.853127" lon="6.724738" />
      <trkpt lat="44.853956" lon="6.725737" />
      <trkpt lat="44.854515" lon="6.726897" />
      <trkpt lat="44.855196" lon="6.727158" />
      <trkpt lat="44.855746" lon="6.727032" />
      <trkpt lat="44.85894" lon="6.725006" />
      <trkpt lat="44.859962" lon="6.724875" />
      <trkpt lat="44.86138" lon="6.72505" />
      <trkpt lat="44.862136" lon="6.724841" />
      <trkpt lat="44.86269" lon="6.724902" />
      <trkpt lat="44.86336" lon="6.724458" />
      <trkpt lat="44.864191" lon="6.724255" />
      <trkpt lat="44.865303" lon="6.724554" />
      <trkpt lat="44.866134" lon="6.724491" />
      <trkpt lat="44.866686" lon="6.724802" />
      <trkpt lat="44.867347" lon="6.72467" />
      <trkpt lat="44.868218" lon="6.724826" />
      <trkpt lat="44.868771" lon="6.725344" />
      <trkpt lat="44.86924" lon="6.725597" />
      <trkpt lat="44.869643" lon="6.726152" />
      <trkpt lat="44.869982" lon="6.726141" />
      <trkpt lat="44.870137" lon="6.725816" />
      <trkpt lat="44.870094" lon="6.725554" />
      <trkpt lat="44.868598" lon="6.722863" />
      <trkpt lat="44.868241" lon="6.721564" />
      <trkpt lat="44.868231" lon="6.720446" />
      <trkpt lat="44.868638" lon="6.719591" />
      <trkpt lat="44.867687" lon="6.716374" />
      <trkpt lat="44.867665" lon="6.715314" />
      <trkpt lat="44.86806" lon="6.713624" />
      <trkpt lat="44.867388" lon="6.710392" />
      <trkpt lat="44.867441" lon="6.709794" />
      <trkpt lat="44.867892" lon="6.709044" />
      <trkpt lat="44.868899" lon="6.705356" />
      <trkpt lat="44.869191" lon="6.703426" />
      <trkpt lat="44.869429" lon="6.70281" />
      <trkpt lat="44.870084" lon="6.702142" />
      <trkpt lat="44.87149" lon="6.701648" />
      <trkpt lat="44.87209" lon="6.700796" />
      <trkpt lat="44.872722" lon="6.697512" />
      <trkpt lat="44.872975" lon="6.694465" />
      <trkpt lat="44.873282" lon="6.693945" />
      <trkpt lat="44.874639" lon="6.69263" />
      <trkpt lat="44.876438" lon="6.689745" />
      <trkpt lat="44.876879" lon="6.688631" />
      <trkpt lat="44.877122" lon="6.687103" />
      <trkpt lat="44.877188" lon="6.682973" />
      <trkpt lat="44.877674" lon="6.68161" />
      <trkpt lat="44.878105" lon="6.680911" />
      <trkpt lat="44.878856" lon="6.679157" />
      <trkpt lat="44.879397" lon="6.676652" />
      <trkpt lat="44.879571" lon="6.675002" />
      <trkpt lat="44.879883" lon="6.674288" />
      <trkpt lat="44.880031" lon="6.672997" />
      <trkpt lat="44.879941" lon="6.671613" />
      <trkpt lat="44.880275" lon="6.671165" />
      <trkpt lat="44.880374" lon="6.66998" />
      <trkpt lat="44.880546" lon="6.669839" />
      <trkpt lat="44.881231" lon="6.669764" />
      <trkpt lat="44.881976" lon="6.66939" />
      <trkpt lat="44.881402" lon="6.667175" />
      <trkpt lat="44.881413" lon="6.666339" />
      <trkpt lat="44.88235" lon="6.663543" />
      <trkpt lat="44.882208" lon="6.662633" />
      <trkpt lat="44.882693" lon="6.661484" />
      <trkpt lat="44.882799" lon="6.660276" />
      <trkpt lat="44.883485" lon="6.659443" />
      <trkpt lat="44.884084" lon="6.65945" />
      <trkpt lat="44.884269" lon="6.659304" />
      <trkpt lat="44.884078" lon="6.657978" />
      <trkpt lat="44.884096" lon="6.65719" />
      <trkpt lat="44.884555" lon="6.654617" />
      <trkpt lat="44.885248" lon="6.653252" />
      <trkpt lat="44.885165" lon="6.652405" />
      <trkpt lat="44.8853" lon="6.651532" />
      <trkpt lat="44.885791" lon="6.65078" />
      <trkpt lat="44.886033" lon="6.649991" />
      <trkpt lat="44.886545" lon="6.649377" />
      <trkpt lat="44.886516" lon="6.648599" />
      <trkpt lat="44.88666" lon="6.648236" />
      <trkpt lat="44.887229" lon="6.647921" />
      <trkpt lat="44.887924" lon="6.647767" />
      <trkpt lat="44.889264" lon="6.647565" />
      <trkpt lat="44.889837" lon="6.647746" />
      <trkpt lat="44.890109" lon="6.64769" />
      <trkpt lat="44.890622" lon="6.646996" />
      <trkpt lat="44.891302" lon="6.646945" />
      <trkpt lat="44.891728" lon="6.646723" />
      <trkpt lat="44.892032" lon="6.646142" />
      <trkpt lat="44.892399" lon="6.645931" />
      <trkpt lat="44.892607" lon="6.645539" />
      <trkpt lat="44.892963" lon="6.644378" />
      <trkpt lat="44.892984" lon="6.642853" />
      <trkpt lat="44.893253" lon="6.641989" />
      <trkpt lat="44.893028" lon="6.640254" />
      <trkpt lat="44.892756" lon="6.640253" />
      <trkpt lat="44.892276" lon="6.64065" />
      <trkpt lat="44.891739" lon="6.640706" />
      <trkpt lat="44.890884" lon="6.640096" />
      <trkpt lat="44.890172" lon="6.639825" />
      <trkpt lat="44.8894" lon="6.64039" />
      <trkpt lat="44.888808" lon="6.639874" />
      <trkpt lat="44.888719" lon="6.639478" />
      <trkpt lat="44.888883" lon="6.639277" />
      <trkpt lat="44.890454" lon="6.638853" />
      <trkpt lat="44.891556" lon="6.63805" />
      <trkpt lat="44.892366" lon="6.637871" />
      <trkpt lat="44.893272" lon="6.637863" />
      <trkpt lat="44.894186" lon="6.637563" />
      <trkpt lat="44.895075" lon="6.636889" />
      <trkpt lat="44.895062" lon="6.636702" />
      <trkpt lat="44.894284" lon="6.636362" />
      <trkpt lat="44.894207" lon="6.636083" />
      <trkpt lat="44.894035" lon="6.635307" />
      <trkpt lat="44.894304" lon="6.634277" />
      <trkpt lat="44.894129" lon="6.63343" />
      <trkpt lat="44.89512" lon="6.633059" />
      <trkpt lat="44.89583" lon="6.632972" />
      <trkpt lat="44.895889" lon="6.632832" />
      <trkpt lat="44.895017" lon="6.630554" />
      <trkpt lat="44.894716" lon="6.630122" />
      <trkpt lat="44.893692" lon="6.629863" />
      <trkpt lat="44.893882" lon="6.630179" />
      <trkpt lat="44.894005" lon="6.629977" />
      <trkpt lat="44.894716" lon="6.630122" />
      <trkpt lat="44.89498" lon="6.630474" />
      <trkpt lat="44.895709" lon="6.632395" />
      <trkpt lat="44.895737" lon="6.632928" />
      <trkpt lat="44.896003" lon="6.633061" />
      <trkpt lat="44.899076" lon="6.641209" />
      <trkpt lat="44.899362" lon="6.64129" />
      <trkpt lat="44.900363" lon="6.640821" />
      <trkpt lat="44.902004" lon="6.639219" />
      <trkpt lat="44.902247" lon="6.639182" />
      <trkpt lat="44.901771" lon="6.642157" />
      <trkpt lat="44.901351" lon="6.643768" />
      <trkpt lat="44.901523" lon="6.644126" />
      <trkpt lat="44.901507" lon="6.644925" />
      <trkpt lat="44.901647" lon="6.645614" />
      <trkpt lat="44.903034" lon="6.648274" />
      <trkpt lat="44.903123" lon="6.649331" />
      <trkpt lat="44.902788" lon="6.650208" />
      <trkpt lat="44.902784" lon="6.650571" />
      <trkpt lat="44.904326" lon="6.653923" />
      <trkpt lat="44.904816" lon="6.655675" />
      <trkpt lat="44.904867" lon="6.657087" />
      <trkpt lat="44.905135" lon="6.657743" />
      <trkpt lat="44.905848" lon="6.658866" />
      <trkpt lat="44.907251" lon="6.660028" />
      <trkpt lat="44.907414" lon="6.660549" />
      <trkpt lat="44.907396" lon="6.661353" />
      <trkpt lat="44.907625" lon="6.661855" />
      <trkpt lat="44.908145" lon="6.662125" />
      <trkpt lat="44.908974" lon="6.662262" />
      <trkpt lat="44.909518" lon="6.66281" />
      <trkpt lat="44.909748" lon="6.663975" />
      <trkpt lat="44.909767" lon="6.665458" />
      <trkpt lat="44.909927" lon="6.666337" />
      <trkpt lat="44.911981" lon="6.67079" />
      <trkpt lat="44.912683" lon="6.672064" />
      <trkpt lat="44.913683" lon="6.673611" />
      <trkpt lat="44.914269" lon="6.674292" />
      <trkpt lat="44.916812" lon="6.676293" />
      <trkpt lat="44.919059" lon="6.677819" />
      <trkpt lat="44.919975" lon="6.678968" />
      <trkpt lat="44.920558" lon="6.680151" />
      <trkpt lat="44.92103" lon="6.682041" />
      <trkpt lat="44.921245" lon="6.683502" />
      <trkpt lat="44.920985" lon="6.685062" />
      <trkpt lat="44.921068" lon="6.685577" />
      <trkpt lat="44.921468" lon="6.686178" />
      <trkpt lat="44.921709" lon="6.686845" />
      <trkpt lat="44.922257" lon="6.687015" />
      <trkpt lat="44.922422" lon="6.687223" />
      <trkpt lat="44.922968" lon="6.689049" />
      <trkpt lat="44.923891" lon="6.69072" />
      <trkpt lat="44.92417" lon="6.690842" />
      <trkpt lat="44.924295" lon="6.690747" />
      <trkpt lat="44.924532" lon="6.688951" />
      <trkpt lat="44.924628" lon="6.688714" />
      <trkpt lat="44.924837" lon="6.688645" />
      <trkpt lat="44.925213" lon="6.688684" />
      <trkpt lat="44.925801" lon="6.689235" />
      <trkpt lat="44.926312" lon="6.689006" />
      <trkpt lat="44.927008" lon="6.689163" />
      <trkpt lat="44.927813" lon="6.689753" />
      <trkpt lat="44.927675" lon="6.689928" />
      <trkpt lat="44.927015" lon="6.689494" />
      <trkpt lat="44.926469" lon="6.689482" />
      <trkpt lat="44.925962" lon="6.689889" />
      <trkpt lat="44.925379" lon="6.689785" />
      <trkpt lat="44.925174" lon="6.690056" />
      <trkpt lat="44.925065" lon="6.691028" />
      <trkpt lat="44.925327" lon="6.690216" />
      <trkpt lat="44.925494" lon="6.690115" />
      <trkpt lat="44.926053" lon="6.690349" />
      <trkpt lat="44.926365" lon="6.690249" />
      <trkpt lat="44.92681" lon="6.690349" />
      <trkpt lat="44.927991" lon="6.6914" />
      <trkpt lat="44.928374" lon="6.691528" />
      <trkpt lat="44.928594" lon="6.691187" />
      <trkpt lat="44.928746" lon="6.690174" />
      <trkpt lat="44.92893" lon="6.690095" />
      <trkpt lat="44.929196" lon="6.690208" />
      <trkpt lat="44.929187" lon="6.690341" />
      <trkpt lat="44.928878" lon="6.69056" />
      <trkpt lat="44.928785" lon="6.691617" />
      <trkpt lat="44.928528" lon="6.692111" />
      <trkpt lat="44.928153" lon="6.692115" />
      <trkpt lat="44.92687" lon="6.69138" />
      <trkpt lat="44.926508" lon="6.691615" />
      <trkpt lat="44.926184" lon="6.692201" />
      <trkpt lat="44.926269" lon="6.693776" />
      <trkpt lat="44.925456" lon="6.69452" />
      <trkpt lat="44.925539" lon="6.695228" />
      <trkpt lat="44.925314" lon="6.696431" />
      <trkpt lat="44.925413" lon="6.696591" />
      <trkpt lat="44.925527" lon="6.696488" />
      <trkpt lat="44.925843" lon="6.69478" />
      <trkpt lat="44.926862" lon="6.693898" />
      <trkpt lat="44.926818" lon="6.692987" />
      <trkpt lat="44.927074" lon="6.692562" />
      <trkpt lat="44.927298" lon="6.69262" />
      <trkpt lat="44.9284" lon="6.693696" />
      <trkpt lat="44.928673" lon="6.694373" />
      <trkpt lat="44.929463" lon="6.694234" />
      <trkpt lat="44.930475" lon="6.694453" />
      <trkpt lat="44.930428" lon="6.694598" />
      <trkpt lat="44.929497" lon="6.694598" />
      <trkpt lat="44.928621" lon="6.694962" />
      <trkpt lat="44.927845" lon="6.694849" />
      <trkpt lat="44.927141" lon="6.695314" />
      <trkpt lat="44.926892" lon="6.696814" />
      <trkpt lat="44.927075" lon="6.69779" />
      <trkpt lat="44.926641" lon="6.69841" />
      <trkpt lat="44.926714" lon="6.699545" />
      <trkpt lat="44.926567" lon="6.700501" />
      <trkpt lat="44.926646" lon="6.701914" />
      <trkpt lat="44.926852" lon="6.702376" />
      <trkpt lat="44.926929" lon="6.703027" />
      <trkpt lat="44.927381" lon="6.704049" />
      <trkpt lat="44.926812" lon="6.706471" />
      <trkpt lat="44.926767" lon="6.707145" />
      <trkpt lat="44.927083" lon="6.7082" />
      <trkpt lat="44.927163" lon="6.709086" />
      <trkpt lat="44.927533" lon="6.709914" />
      <trkpt lat="44.928744" lon="6.714176" />
      <trkpt lat="44.929196" lon="6.717194" />
      <trkpt lat="44.929118" lon="6.718932" />
      <trkpt lat="44.929489" lon="6.719576" />
      <trkpt lat="44.930205" lon="6.721455" />
      <trkpt lat="44.931157" lon="6.725423" />
      <trkpt lat="44.931652" lon="6.72646" />
      <trkpt lat="44.932587" lon="6.727884" />
      <trkpt lat="44.93267" lon="6.728208" />
      <trkpt lat="44.933032" lon="6.728452" />
      <trkpt lat="44.933346" lon="6.728962" />
      <trkpt lat="44.934171" lon="6.731374" />
      <trkpt lat="44.934194" lon="6.731933" />
      <trkpt lat="44.93384" lon="6.733385" />
      <trkpt lat="44.933152" lon="6.734883" />
      <trkpt lat="44.933048" lon="6.736162" />
      <trkpt lat="44.933575" lon="6.739836" />
      <trkpt lat="44.934083" lon="6.741795" />
      <trkpt lat="44.934355" lon="6.742175" />
      <trkpt lat="44.935271" lon="6.742671" />
      <trkpt lat="44.935448" lon="6.744045" />
      <trkpt lat="44.936458" lon="6.746025" />
      <trkpt lat="44.937018" lon="6.747564" />
      <trkpt lat="44.939985" lon="6.751915" />
      <trkpt lat="44.940398" lon="6.753722" />
      <trkpt lat="44.941112" lon="6.755742" />
      <trkpt lat="44.941154" lon="6.757015" />
      <trkpt lat="44.94185" lon="6.758217" />
      <trkpt lat="44.942326" lon="6.758441" />
      <trkpt lat="44.944048" lon="6.759959" />
      <trkpt lat="44.944588" lon="6.760122" />
      <trkpt lat="44.946337" lon="6.760237" />
      <trkpt lat="44.94701" lon="6.760572" />
      <trkpt lat="44.947563" lon="6.761043" />
      <trkpt lat="44.950592" lon="6.765243" />
      <trkpt lat="44.951948" lon="6.768075" />
      <trkpt lat="44.952366" lon="6.76941" />
      <trkpt lat="44.952505" lon="6.770962" />
      <trkpt lat="44.952323" lon="6.772402" />
      <trkpt lat="44.951958" lon="6.773293" />
      <trkpt lat="44.950954" lon="6.774823" />
      <trkpt lat="44.950732" lon="6.775814" />
      <trkpt lat="44.950779" lon="6.776364" />
      <trkpt lat="44.951032" lon="6.777064" />
      <trkpt lat="44.951974" lon="6.778364" />
      <trkpt lat="44.952057" lon="6.778853" />
      <trkpt lat="44.951956" lon="6.779046" />
      <trkpt lat="44.951198" lon="6.777785" />
      <trkpt lat="44.950875" lon="6.777499" />
      <trkpt lat="44.949979" lon="6.777228" />
      <trkpt lat="44.949525" lon="6.77652" />
      <trkpt lat="44.949213" lon="6.775675" />
      <trkpt lat="44.948809" lon="6.773427" />
      <trkpt lat="44.947986" lon="6.771925" />
      <trkpt lat="44.947573" lon="6.771798" />
      <trkpt lat="44.947261" lon="6.772328" />
      <trkpt lat="44.947122" lon="6.777247" />
      <trkpt lat="44.947266" lon="6.777543" />
      <trkpt lat="44.948367" lon="6.778706" />
      <trkpt lat="44.948929" lon="6.779971" />
      <trkpt lat="44.949815" lon="6.782666" />
      <trkpt lat="44.949841" lon="6.783337" />
      <trkpt lat="44.949695" lon="6.78385" />
      <trkpt lat="44.949498" lon="6.784117" />
      <trkpt lat="44.948757" lon="6.784622" />
      <trkpt lat="44.948326" lon="6.785293" />
      <trkpt lat="44.948411" lon="6.785654" />
      <trkpt lat="44.949381" lon="6.786367" />
      <trkpt lat="44.949626" lon="6.786804" />
      <trkpt lat="44.949712" lon="6.78741" />
      <trkpt lat="44.949513" lon="6.788294" />
      <trkpt lat="44.949548" lon="6.788646" />
      <trkpt lat="44.949694" lon="6.788801" />
      <trkpt lat="44.949949" lon="6.788809" />
      <trkpt lat="44.950316" lon="6.788503" />
      <trkpt lat="44.950431" lon="6.787868" />
      <trkpt lat="44.950177" lon="6.786414" />
      <trkpt lat="44.950208" lon="6.785963" />
      <trkpt lat="44.950581" lon="6.785382" />
      <trkpt lat="44.951167" lon="6.78532" />
      <trkpt lat="44.951623" lon="6.785782" />
      <trkpt lat="44.95206" lon="6.787259" />
      <trkpt lat="44.95292" lon="6.789044" />
      <trkpt lat="44.953966" lon="6.790131" />
      <trkpt lat="44.954205" lon="6.790623" />
      <trkpt lat="44.954319" lon="6.791586" />
      <trkpt lat="44.95518" lon="6.792717" />
      <trkpt lat="44.955266" lon="6.793033" />
      <trkpt lat="44.956297" lon="6.79303" />
      <trkpt lat="44.957041" lon="6.793991" />
      <trkpt lat="44.958593" lon="6.795102" />
      <trkpt lat="44.959726" lon="6.795347" />
      <trkpt lat="44.960868" lon="6.795077" />
      <trkpt lat="44.962195" lon="6.796088" />
      <trkpt lat="44.96401" lon="6.795997" />
      <trkpt lat="44.966975" lon="6.797821" />
      <trkpt lat="44.967571" lon="6.798388" />
      <trkpt lat="44.967932" lon="6.798548" />
      <trkpt lat="44.969899" lon="6.798562" />
      <trkpt lat="44.970993" lon="6.797986" />
      <trkpt lat="44.972629" lon="6.798733" />
      <trkpt lat="44.975627" lon="6.799742" />
      <trkpt lat="44.976367" lon="6.800388" />
      <trkpt lat="44.977017" lon="6.802479" />
      <trkpt lat="44.977368" lon="6.803125" />
      <trkpt lat="44.97908" lon="6.805301" />
      <trkpt lat="44.979544" lon="6.805585" />
      <trkpt lat="44.981077" lon="6.805944" />
      <trkpt lat="44.981758" lon="6.806443" />
      <trkpt lat="44.982304" lon="6.806673" />
      <trkpt lat="44.983765" lon="6.80692" />
      <trkpt lat="44.984693" lon="6.806901" />
      <trkpt lat="44.986813" lon="6.807719" />
      <trkpt lat="44.99011" lon="6.808543" />
      <trkpt lat="44.99082" lon="6.808427" />
      <trkpt lat="44.991776" lon="6.807823" />
      <trkpt lat="44.993448" lon="6.807643" />
      <trkpt lat="44.994056" lon="6.807723" />
      <trkpt lat="44.994908" lon="6.808207" />
      <trkpt lat="44.996178" lon="6.809114" />
      <trkpt lat="44.998355" lon="6.811648" />
      <trkpt lat="44.999969" lon="6.812234" />
      <trkpt lat="45.001283" lon="6.81305" />
      <trkpt lat="45.0016" lon="6.813375" />
      <trkpt lat="45.002604" lon="6.816036" />
      <trkpt lat="45.003392" lon="6.817203" />
      <trkpt lat="45.00437" lon="6.819113" />
      <trkpt lat="45.004945" lon="6.821272" />
      <trkpt lat="45.007043" lon="6.823992" />
      <trkpt lat="45.007484" lon="6.824287" />
      <trkpt lat="45.00855" lon="6.824489" />
      <trkpt lat="45.009713" lon="6.825703" />
      <trkpt lat="45.013735" lon="6.828629" />
      <trkpt lat="45.015737" lon="6.830383" />
      <trkpt lat="45.01773" lon="6.831529" />
      <trkpt lat="45.018507" lon="6.831732" />
      <trkpt lat="45.01905" lon="6.831733" />
      <trkpt lat="45.021153" lon="6.831093" />
      <trkpt lat="45.023174" lon="6.831018" />
      <trkpt lat="45.028403" lon="6.829751" />
      <trkpt lat="45.028861" lon="6.829703" />
      <trkpt lat="45.029188" lon="6.829847" />
      <trkpt lat="45.0322" lon="6.832885" />
      <trkpt lat="45.033211" lon="6.833485" />
      <trkpt lat="45.035624" lon="6.836887" />
      <trkpt lat="45.040486" lon="6.841842" />
      <trkpt lat="45.041409" lon="6.842977" />
      <trkpt lat="45.041553" lon="6.843408" />
      <trkpt lat="45.041833" lon="6.843496" />
      <trkpt lat="45.042379" lon="6.844068" />
      <trkpt lat="45.048592" lon="6.851513" />
      <trkpt lat="45.050933" lon="6.853762" />
      <trkpt lat="45.052399" lon="6.854778" />
      <trkpt lat="45.053001" lon="6.855456" />
      <trkpt lat="45.05335" lon="6.85561" />
      <trkpt lat="45.05576" lon="6.860428" />
      <trkpt lat="45.057614" lon="6.863221" />
      <trkpt lat="45.058799" lon="6.86531" />
      <trkpt lat="45.060104" lon="6.866869" />
      <trkpt lat="45.063192" lon="6.869833" />
      <trkpt lat="45.063621" lon="6.87056" />
      <trkpt lat="45.064339" lon="6.872475" />
      <trkpt lat="45.065199" lon="6.873963" />
      <trkpt lat="45.06881" lon="6.878452" />
      <trkpt lat="45.069145" lon="6.879281" />
      <trkpt lat="45.069854" lon="6.881989" />
      <trkpt lat="45.070684" lon="6.883749" />
      <trkpt lat="45.071188" lon="6.884225" />
      <trkpt lat="45.073538" lon="6.885168" />
      <trkpt lat="45.07398" lon="6.885464" />
      <trkpt lat="45.075015" lon="6.887077" />
      <trkpt lat="45.075528" lon="6.887651" />
      <trkpt lat="45.075958" lon="6.888597" />
      <trkpt lat="45.076835" lon="6.889938" />
      <trkpt lat="45.079301" lon="6.895135" />
      <trkpt lat="45.079233" lon="6.897318" />
      <trkpt lat="45.079487" lon="6.898311" />
      <trkpt lat="45.078688" lon="6.900367" />
      <trkpt lat="45.078662" lon="6.901169" />
      <trkpt lat="45.078832" lon="6.902209" />
      <trkpt lat="45.079387" lon="6.902826" />
      <trkpt lat="45.079926" lon="6.903711" />
      <trkpt lat="45.080173" lon="6.903789" />
      <trkpt lat="45.080167" lon="6.903396" />
      <trkpt lat="45.079214" lon="6.901658" />
      <trkpt lat="45.079175" lon="6.901234" />
      <trkpt lat="45.079395" lon="6.901058" />
      <trkpt lat="45.07977" lon="6.902016" />
      <trkpt lat="45.080915" lon="6.903079" />
      <trkpt lat="45.081359" lon="6.903748" />
      <trkpt lat="45.081579" lon="6.903852" />
      <trkpt lat="45.082345" lon="6.903766" />
      <trkpt lat="45.082832" lon="6.904142" />
      <trkpt lat="45.08389" lon="6.906484" />
      <trkpt lat="45.085062" lon="6.907602" />
      <trkpt lat="45.085546" lon="6.907687" />
      <trkpt lat="45.085603" lon="6.907797" />
      <trkpt lat="45.085493" lon="6.907976" />
      <trkpt lat="45.084237" lon="6.907594" />
      <trkpt lat="45.084105" lon="6.907832" />
      <trkpt lat="45.084287" lon="6.908149" />
      <trkpt lat="45.085587" lon="6.90839" />
      <trkpt lat="45.086215" lon="6.908031" />
      <trkpt lat="45.087282" lon="6.907931" />
      <trkpt lat="45.087814" lon="6.907716" />
      <trkpt lat="45.088205" lon="6.907918" />
      <trkpt lat="45.088522" lon="6.90935" />
      <trkpt lat="45.088607" lon="6.911048" />
      <trkpt lat="45.089447" lon="6.91236" />
      <trkpt lat="45.090269" lon="6.915031" />
      <trkpt lat="45.091267" lon="6.91694" />
      <trkpt lat="45.091565" lon="6.918092" />
      <trkpt lat="45.091966" lon="6.918441" />
      <trkpt lat="45.092803" lon="6.920054" />
      <trkpt lat="45.093375" lon="6.921637" />
      <trkpt lat="45.093591" lon="6.922932" />
      <trkpt lat="45.094299" lon="6.924415" />
      <trkpt lat="45.094475" lon="6.925066" />
      <trkpt lat="45.095268" lon="6.92629" />
      <trkpt lat="45.095978" lon="6.926563" />
      <trkpt lat="45.096563" lon="6.926999" />
      <trkpt lat="45.097096" lon="6.927037" />
      <trkpt lat="45.097295" lon="6.927193" />
      <trkpt lat="45.097349" lon="6.927353" />
      <trkpt lat="45.09718" lon="6.927832" />
      <trkpt lat="45.097273" lon="6.928172" />
      <trkpt lat="45.098396" lon="6.930333" />
      <trkpt lat="45.100715" lon="6.933171" />
      <trkpt lat="45.100915" lon="6.934173" />
      <trkpt lat="45.101486" lon="6.935246" />
      <trkpt lat="45.101808" lon="6.93618" />
      <trkpt lat="45.101899" lon="6.937113" />
      <trkpt lat="45.101825" lon="6.938354" />
      <trkpt lat="45.102239" lon="6.939436" />
      <trkpt lat="45.102678" lon="6.942367" />
      <trkpt lat="45.104302" lon="6.945537" />
      <trkpt lat="45.105159" lon="6.946308" />
      <trkpt lat="45.105886" lon="6.947735" />
      <trkpt lat="45.106097" lon="6.949148" />
      <trkpt lat="45.106469" lon="6.949865" />
      <trkpt lat="45.107981" lon="6.955687" />
      <trkpt lat="45.108513" lon="6.957294" />
      <trkpt lat="45.108748" lon="6.95984" />
      <trkpt lat="45.110221" lon="6.963456" />
      <trkpt lat="45.111823" lon="6.966124" />
      <trkpt lat="45.111895" lon="6.968969" />
      <trkpt lat="45.112022" lon="6.969436" />
      <trkpt lat="45.113275" lon="6.970568" />
      <trkpt lat="45.114082" lon="6.972457" />
      <trkpt lat="45.116849" lon="6.976784" />
      <trkpt lat="45.11708" lon="6.9777" />
      <trkpt lat="45.117218" lon="6.981881" />
      <trkpt lat="45.117413" lon="6.982819" />
      <trkpt lat="45.119118" lon="6.985612" />
      <trkpt lat="45.119683" lon="6.986166" />
      <trkpt lat="45.120444" lon="6.986479" />
      <trkpt lat="45.120757" lon="6.986917" />
      <trkpt lat="45.121838" lon="6.989914" />
      <trkpt lat="45.123333" lon="6.99585" />
      <trkpt lat="45.124576" lon="6.998309" />
      <trkpt lat="45.124733" lon="6.999365" />
      <trkpt lat="45.124589" lon="7.001919" />
      <trkpt lat="45.125774" lon="7.004639" />
      <trkpt lat="45.126244" lon="7.006139" />
      <trkpt lat="45.127037" lon="7.011186" />
      <trkpt lat="45.127329" lon="7.01401" />
      <trkpt lat="45.127277" lon="7.014649" />
      <trkpt lat="45.126594" lon="7.017397" />
      <trkpt lat="45.126472" lon="7.018659" />
      <trkpt lat="45.125638" lon="7.020879" />
      <trkpt lat="45.125638" lon="7.021631" />
      <trkpt lat="45.126045" lon="7.02242" />
      <trkpt lat="45.128984" lon="7.024974" />
      <trkpt lat="45.129523" lon="7.025995" />
      <trkpt lat="45.12965" lon="7.026908" />
      <trkpt lat="45.129592" lon="7.028648" />
      <trkpt lat="45.129132" lon="7.029824" />
      <trkpt lat="45.129111" lon="7.030304" />
      <trkpt lat="45.129314" lon="7.030938" />
      <trkpt lat="45.130252" lon="7.032464" />
      <trkpt lat="45.131238" lon="7.034882" />
      <trkpt lat="45.131677" lon="7.038412" />
      <trkpt lat="45.131521" lon="7.038953" />
      <trkpt lat="45.131006" lon="7.039641" />
      <trkpt lat="45.131081" lon="7.040252" />
      <trkpt lat="45.13134" lon="7.040486" />
      <trkpt lat="45.131599" lon="7.040451" />
      <trkpt lat="45.131957" lon="7.040227" />
      <trkpt lat="45.13231" lon="7.039604" />
      <trkpt lat="45.132567" lon="7.03945" />
      <trkpt lat="45.133184" lon="7.039866" />
      <trkpt lat="45.133367" lon="7.04027" />
      <trkpt lat="45.133313" lon="7.040817" />
      <trkpt lat="45.132939" lon="7.041324" />
      <trkpt lat="45.132778" lon="7.041803" />
      <trkpt lat="45.132989" lon="7.043231" />
      <trkpt lat="45.132833" lon="7.043723" />
      <trkpt lat="45.132579" lon="7.043588" />
      <trkpt lat="45.132438" lon="7.042593" />
      <trkpt lat="45.132208" lon="7.042257" />
      <trkpt lat="45.131512" lon="7.04222" />
      <trkpt lat="45.13042" lon="7.041869" />
      <trkpt lat="45.130229" lon="7.042024" />
      <trkpt lat="45.130221" lon="7.042374" />
      <trkpt lat="45.131142" lon="7.042897" />
      <trkpt lat="45.131228" lon="7.044024" />
      <trkpt lat="45.13153" lon="7.044737" />
      <trkpt lat="45.131942" lon="7.045447" />
      <trkpt lat="45.133171" lon="7.047007" />
      <trkpt lat="45.133855" lon="7.047052" />
      <trkpt lat="45.135321" lon="7.047754" />
      <trkpt lat="45.135727" lon="7.047637" />
      <trkpt lat="45.136649" lon="7.047776" />
      <trkpt lat="45.137035" lon="7.047998" />
      <trkpt lat="45.138622" lon="7.048424" />
      <trkpt lat="45.139317" lon="7.044128" />
      <trkpt lat="45.139527" lon="7.043479" />
      <trkpt lat="45.13995" lon="7.04284" />
      <trkpt lat="45.141595" lon="7.041642" />
      <trkpt lat="45.141797" lon="7.039876" />
      <trkpt lat="45.14226" lon="7.038125" />
      <trkpt lat="45.143484" lon="7.037637" />
      <trkpt lat="45.14373" lon="7.037286" />
      <trkpt lat="45.143641" lon="7.035979" />
      <trkpt lat="45.14374" lon="7.03506" />
      <trkpt lat="45.144329" lon="7.033531" />
      <trkpt lat="45.144509" lon="7.032405" />
      <trkpt lat="45.144487" lon="7.031488" />
      <trkpt lat="45.14426" lon="7.030466" />
      <trkpt lat="45.144445" lon="7.028183" />
      <trkpt lat="45.144118" lon="7.024594" />
      <trkpt lat="45.144242" lon="7.02274" />
      <trkpt lat="45.144653" lon="7.022157" />
      <trkpt lat="45.144579" lon="7.021469" />
      <trkpt lat="45.14417" lon="7.020601" />
      <trkpt lat="45.144244" lon="7.020402" />
      <trkpt lat="45.144564" lon="7.020307" />
      <trkpt lat="45.144641" lon="7.020086" />
      <trkpt lat="45.144459" lon="7.019174" />
      <trkpt lat="45.144443" lon="7.018278" />
      <trkpt lat="45.14454" lon="7.018101" />
      <trkpt lat="45.144682" lon="7.0181" />
      <trkpt lat="45.145036" lon="7.018631" />
      <trkpt lat="45.145588" lon="7.018465" />
      <trkpt lat="45.1455" lon="7.01711" />
      <trkpt lat="45.145932" lon="7.013471" />
      <trkpt lat="45.146094" lon="7.013355" />
      <trkpt lat="45.146806" lon="7.013289" />
      <trkpt lat="45.147396" lon="7.013608" />
      <trkpt lat="45.147603" lon="7.013447" />
      <trkpt lat="45.147556" lon="7.013298" />
      <trkpt lat="45.147212" lon="7.013296" />
      <trkpt lat="45.147078" lon="7.012605" />
      <trkpt lat="45.146512" lon="7.012934" />
      <trkpt lat="45.146137" lon="7.01235" />
      <trkpt lat="45.145749" lon="7.012305" />
      <trkpt lat="45.145486" lon="7.012448" />
      <trkpt lat="45.145049" lon="7.0134" />
      <trkpt lat="45.144663" lon="7.013589" />
      <trkpt lat="45.144075" lon="7.012875" />
      <trkpt lat="45.14353" lon="7.012477" />
      <trkpt lat="45.14349" lon="7.011441" />
      <trkpt lat="45.14269" lon="7.009136" />
      <trkpt lat="45.142205" lon="7.008458" />
      <trkpt lat="45.141714" lon="7.00615" />
      <trkpt lat="45.141501" lon="7.005876" />
      <trkpt lat="45.141016" lon="7.00581" />
      <trkpt lat="45.140959" lon="7.005661" />
      <trkpt lat="45.141626" lon="7.005442" />
      <trkpt lat="45.141827" lon="7.005491" />
      <trkpt lat="45.142359" lon="7.00649" />
      <trkpt lat="45.142641" lon="7.006759" />
      <trkpt lat="45.143426" lon="7.006782" />
      <trkpt lat="45.143916" lon="7.006629" />
      <trkpt lat="45.144407" lon="7.007071" />
      <trkpt lat="45.144504" lon="7.006895" />
      <trkpt lat="45.144056" lon="7.006303" />
      <trkpt lat="45.142953" lon="7.005485" />
      <trkpt lat="45.142529" lon="7.003972" />
      <trkpt lat="45.141541" lon="7.002497" />
      <trkpt lat="45.141661" lon="7.002475" />
      <trkpt lat="45.1424" lon="7.003113" />
      <trkpt lat="45.143051" lon="7.003221" />
      <trkpt lat="45.143854" lon="7.003694" />
      <trkpt lat="45.144258" lon="7.003715" />
      <trkpt lat="45.144648" lon="7.003483" />
      <trkpt lat="45.145316" lon="7.002792" />
      <trkpt lat="45.145915" lon="7.002516" />
      <trkpt lat="45.147742" lon="7.001011" />
      <trkpt lat="45.148509" lon="7.00081" />
      <trkpt lat="45.149175" lon="7.000122" />
      <trkpt lat="45.149617" lon="7.000016" />
      <trkpt lat="45.1504" lon="6.999404" />
      <trkpt lat="45.151076" lon="6.999186" />
      <trkpt lat="45.152042" lon="6.998286" />
      <trkpt lat="45.152325" lon="6.997408" />
      <trkpt lat="45.153431" lon="6.995658" />
      <trkpt lat="45.153701" lon="6.994459" />
      <trkpt lat="45.154098" lon="6.993597" />
      <trkpt lat="45.154504" lon="6.993291" />
      <trkpt lat="45.154822" lon="6.993408" />
      <trkpt lat="45.155403" lon="6.994075" />
      <trkpt lat="45.155986" lon="6.994303" />
      <trkpt lat="45.157214" lon="6.995813" />
      <trkpt lat="45.157667" lon="6.995867" />
      <trkpt lat="45.158633" lon="6.996408" />
      <trkpt lat="45.159008" lon="6.996428" />
      <trkpt lat="45.15952" lon="6.996965" />
      <trkpt lat="45.16033" lon="6.996765" />
      <trkpt lat="45.161024" lon="6.997443" />
      <trkpt lat="45.161873" lon="6.997586" />
      <trkpt lat="45.162408" lon="6.998026" />
      <trkpt lat="45.163279" lon="6.998384" />
      <trkpt lat="45.164538" lon="6.99937" />
      <trkpt lat="45.16542" lon="6.999481" />
      <trkpt lat="45.16578" lon="6.999275" />
      <trkpt lat="45.166047" lon="6.999285" />
      <trkpt lat="45.167271" lon="7.000364" />
      <trkpt lat="45.170161" lon="7.001606" />
      <trkpt lat="45.170788" lon="7.00237" />
      <trkpt lat="45.17292" lon="7.00335" />
      <trkpt lat="45.173298" lon="7.003273" />
      <trkpt lat="45.174128" lon="7.00202" />
      <trkpt lat="45.174493" lon="7.001023" />
      <trkpt lat="45.175037" lon="7.000483" />
      <trkpt lat="45.175022" lon="7.000219" />
      <trkpt lat="45.174611" lon="7.000391" />
      <trkpt lat="45.173982" lon="7.001113" />
      <trkpt lat="45.173333" lon="7.0014" />
      <trkpt lat="45.172318" lon="7.001068" />
      <trkpt lat="45.171648" lon="7.001135" />
      <trkpt lat="45.171621" lon="7.000946" />
      <trkpt lat="45.173713" lon="6.999883" />
      <trkpt lat="45.17425" lon="6.999022" />
      <trkpt lat="45.175194" lon="6.997901" />
      <trkpt lat="45.175774" lon="6.997779" />
      <trkpt lat="45.176368" lon="6.996921" />
      <trkpt lat="45.178129" lon="6.995957" />
      <trkpt lat="45.178759" lon="6.995366" />
      <trkpt lat="45.179263" lon="6.995318" />
      <trkpt lat="45.179784" lon="6.995722" />
      <trkpt lat="45.18035" lon="6.995824" />
      <trkpt lat="45.180614" lon="6.995673" />
      <trkpt lat="45.180888" lon="6.995218" />
      <trkpt lat="45.181316" lon="6.994199" />
      <trkpt lat="45.181865" lon="6.992113" />
      <trkpt lat="45.183162" lon="6.9892" />
      <trkpt lat="45.183066" lon="6.987783" />
      <trkpt lat="45.183205" lon="6.987617" />
      <trkpt lat="45.1836" lon="6.987646" />
      <trkpt lat="45.183753" lon="6.98754" />
      <trkpt lat="45.1846" lon="6.985741" />
      <trkpt lat="45.184712" lon="6.984646" />
      <trkpt lat="45.184999" lon="6.983786" />
      <trkpt lat="45.185063" lon="6.982382" />
      <trkpt lat="45.185385" lon="6.981033" />
      <trkpt lat="45.186162" lon="6.980184" />
      <trkpt lat="45.186977" lon="6.977963" />
      <trkpt lat="45.187293" lon="6.977909" />
      <trkpt lat="45.187782" lon="6.978573" />
      <trkpt lat="45.188618" lon="6.978916" />
      <trkpt lat="45.188913" lon="6.978325" />
      <trkpt lat="45.188814" lon="6.977664" />
      <trkpt lat="45.188999" lon="6.977541" />
      <trkpt lat="45.189303" lon="6.977729" />
      <trkpt lat="45.18988" lon="6.978433" />
      <trkpt lat="45.190227" lon="6.979551" />
      <trkpt lat="45.190254" lon="6.980826" />
      <trkpt lat="45.191046" lon="6.983673" />
      <trkpt lat="45.191685" lon="6.984756" />
      <trkpt lat="45.192333" lon="6.985519" />
      <trkpt lat="45.192742" lon="6.985568" />
      <trkpt lat="45.193179" lon="6.985288" />
      <trkpt lat="45.193888" lon="6.985313" />
      <trkpt lat="45.194388" lon="6.984894" />
      <trkpt lat="45.194941" lon="6.984973" />
      <trkpt lat="45.195571" lon="6.984583" />
      <trkpt lat="45.196021" lon="6.984049" />
      <trkpt lat="45.196523" lon="6.983863" />
      <trkpt lat="45.197077" lon="6.982648" />
      <trkpt lat="45.196985" lon="6.98164" />
      <trkpt lat="45.197113" lon="6.980508" />
      <trkpt lat="45.197401" lon="6.980101" />
      <trkpt lat="45.198041" lon="6.97978" />
      <trkpt lat="45.19844" lon="6.978352" />
      <trkpt lat="45.198924" lon="6.97784" />
      <trkpt lat="45.199212" lon="6.977262" />
      <trkpt lat="45.199697" lon="6.975382" />
      <trkpt lat="45.199764" lon="6.974097" />
      <trkpt lat="45.200406" lon="6.971727" />
      <trkpt lat="45.202069" lon="6.969543" />
      <trkpt lat="45.20257" lon="6.968274" />
      <trkpt lat="45.203819" lon="6.967301" />
      <trkpt lat="45.204605" lon="6.964343" />
      <trkpt lat="45.205047" lon="6.96333" />
      <trkpt lat="45.205877" lon="6.962525" />
      <trkpt lat="45.206525" lon="6.961363" />
      <trkpt lat="45.207193" lon="6.960715" />
      <trkpt lat="45.21465" lon="6.955823" />
      <trkpt lat="45.214988" lon="6.95593" />
      <trkpt lat="45.215563" lon="6.956725" />
      <trkpt lat="45.215353" lon="6.957859" />
      <trkpt lat="45.215452" lon="6.958004" />
      <trkpt lat="45.215845" lon="6.957181" />
      <trkpt lat="45.215907" lon="6.956671" />
      <trkpt lat="45.215583" lon="6.955849" />
      <trkpt lat="45.214823" lon="6.954752" />
      <trkpt lat="45.214843" lon="6.954609" />
      <trkpt lat="45.216115" lon="6.956228" />
      <trkpt lat="45.216534" lon="6.956588" />
      <trkpt lat="45.216589" lon="6.956917" />
      <trkpt lat="45.216292" lon="6.957406" />
      <trkpt lat="45.216852" lon="6.957085" />
      <trkpt lat="45.216881" lon="6.956481" />
      <trkpt lat="45.216105" lon="6.955479" />
      <trkpt lat="45.216082" lon="6.954427" />
      <trkpt lat="45.21592" lon="6.953742" />
      <trkpt lat="45.216257" lon="6.954137" />
      <trkpt lat="45.216387" lon="6.955021" />
      <trkpt lat="45.216583" lon="6.955294" />
      <trkpt lat="45.217042" lon="6.95545" />
      <trkpt lat="45.217199" lon="6.955386" />
      <trkpt lat="45.217154" lon="6.954593" />
      <trkpt lat="45.217273" lon="6.954393" />
      <trkpt lat="45.217768" lon="6.954651" />
      <trkpt lat="45.218154" lon="6.956283" />
      <trkpt lat="45.218666" lon="6.95692" />
      <trkpt lat="45.218764" lon="6.9573" />
      <trkpt lat="45.218309" lon="6.958438" />
      <trkpt lat="45.21617" lon="6.961334" />
      <trkpt lat="45.214779" lon="6.96424" />
      <trkpt lat="45.214272" lon="6.965475" />
      <trkpt lat="45.214264" lon="6.965981" />
      <trkpt lat="45.214464" lon="6.966584" />
      <trkpt lat="45.214731" lon="6.966897" />
      <trkpt lat="45.215027" lon="6.967019" />
      <trkpt lat="45.21704" lon="6.966475" />
      <trkpt lat="45.217541" lon="6.96657" />
      <trkpt lat="45.218563" lon="6.967038" />
      <trkpt lat="45.21952" lon="6.966981" />
      <trkpt lat="45.219442" lon="6.967383" />
      <trkpt lat="45.218511" lon="6.967669" />
      <trkpt lat="45.217156" lon="6.967454" />
      <trkpt lat="45.21664" lon="6.968261" />
      <trkpt lat="45.216008" lon="6.968688" />
      <trkpt lat="45.216118" lon="6.969022" />
      <trkpt lat="45.216822" lon="6.96884" />
      <trkpt lat="45.21811" lon="6.969027" />
      <trkpt lat="45.218968" lon="6.96889" />
      <trkpt lat="45.219493" lon="6.968966" />
      <trkpt lat="45.220264" lon="6.968527" />
      <trkpt lat="45.220859" lon="6.968463" />
      <trkpt lat="45.221775" lon="6.968496" />
      <trkpt lat="45.222914" lon="6.968921" />
      <trkpt lat="45.22384" lon="6.968993" />
      <trkpt lat="45.224348" lon="6.968903" />
      <trkpt lat="45.225211" lon="6.968476" />
      <trkpt lat="45.225651" lon="6.967985" />
      <trkpt lat="45.22618" lon="6.967073" />
      <trkpt lat="45.226868" lon="6.964924" />
      <trkpt lat="45.228091" lon="6.963254" />
      <trkpt lat="45.230012" lon="6.959248" />
      <trkpt lat="45.231464" lon="6.958351" />
      <trkpt lat="45.232178" lon="6.957567" />
      <trkpt lat="45.234964" lon="6.95591" />
      <trkpt lat="45.235475" lon="6.955355" />
      <trkpt lat="45.236054" lon="6.955086" />
      <trkpt lat="45.236785" lon="6.954337" />
      <trkpt lat="45.237747" lon="6.953773" />
      <trkpt lat="45.238118" lon="6.95333" />
      <trkpt lat="45.238855" lon="6.953246" />
      <trkpt lat="45.239328" lon="6.952422" />
      <trkpt lat="45.241571" lon="6.95033" />
      <trkpt lat="45.242392" lon="6.949262" />
      <trkpt lat="45.242612" lon="6.949147" />
      <trkpt lat="45.243096" lon="6.94926" />
      <trkpt lat="45.243369" lon="6.948925" />
      <trkpt lat="45.243377" lon="6.947951" />
      <trkpt lat="45.243004" lon="6.946394" />
      <trkpt lat="45.242987" lon="6.945604" />
      <trkpt lat="45.243661" lon="6.943046" />
      <trkpt lat="45.24398" lon="6.942044" />
      <trkpt lat="45.245077" lon="6.939786" />
      <trkpt lat="45.246412" lon="6.937691" />
      <trkpt lat="45.24661" lon="6.93525" />
      <trkpt lat="45.247465" lon="6.933489" />
      <trkpt lat="45.248324" lon="6.929639" />
      <trkpt lat="45.249335" lon="6.92749" />
      <trkpt lat="45.249984" lon="6.924985" />
      <trkpt lat="45.251268" lon="6.922335" />
      <trkpt lat="45.251501" lon="6.921621" />
      <trkpt lat="45.252026" lon="6.917887" />
      <trkpt lat="45.252766" lon="6.914571" />
      <trkpt lat="45.252858" lon="6.9126" />
      <trkpt lat="45.253151" lon="6.911178" />
      <trkpt lat="45.253184" lon="6.908028" />
      <trkpt lat="45.253927" lon="6.906943" />
      <trkpt lat="45.254536" lon="6.906389" />
      <trkpt lat="45.257902" lon="6.905073" />
      <trkpt lat="45.258597" lon="6.903725" />
      <trkpt lat="45.259134" lon="6.902084" />
      <trkpt lat="45.260294" lon="6.900214" />
      <trkpt lat="45.260781" lon="6.899966" />
      <trkpt lat="45.261669" lon="6.89979" />
      <trkpt lat="45.261823" lon="6.900057" />
      <trkpt lat="45.261811" lon="6.900794" />
      <trkpt lat="45.261941" lon="6.901224" />
      <trkpt lat="45.262222" lon="6.901558" />
      <trkpt lat="45.262603" lon="6.901579" />
      <trkpt lat="45.264608" lon="6.900171" />
      <trkpt lat="45.265535" lon="6.898806" />
      <trkpt lat="45.265798" lon="6.898668" />
      <trkpt lat="45.26665" lon="6.898575" />
      <trkpt lat="45.267747" lon="6.897381" />
      <trkpt lat="45.26897" lon="6.897108" />
      <trkpt lat="45.269768" lon="6.897431" />
      <trkpt lat="45.270216" lon="6.897857" />
      <trkpt lat="45.270665" lon="6.899148" />
      <trkpt lat="45.271302" lon="6.899392" />
      <trkpt lat="45.271665" lon="6.900034" />
      <trkpt lat="45.272116" lon="6.901828" />
      <trkpt lat="45.272512" lon="6.902787" />
      <trkpt lat="45.273019" lon="6.903509" />
      <trkpt lat="45.273662" lon="6.906237" />
      <trkpt lat="45.274292" lon="6.907421" />
      <trkpt lat="45.274716" lon="6.908849" />
      <trkpt lat="45.275474" lon="6.909745" />
      <trkpt lat="45.275753" lon="6.910378" />
      <trkpt lat="45.276676" lon="6.911314" />
      <trkpt lat="45.276813" lon="6.911827" />
      <trkpt lat="45.27676" lon="6.912756" />
      <trkpt lat="45.276959" lon="6.912902" />
      <trkpt lat="45.277105" lon="6.912668" />
      <trkpt lat="45.27707" lon="6.910828" />
      <trkpt lat="45.27653" lon="6.909829" />
      <trkpt lat="45.276572" lon="6.908836" />
      <trkpt lat="45.276088" lon="6.907663" />
      <trkpt lat="45.276182" lon="6.907266" />
      <trkpt lat="45.276694" lon="6.906888" />
      <trkpt lat="45.276776" lon="6.906608" />
      <trkpt lat="45.276349" lon="6.905141" />
      <trkpt lat="45.27595" lon="6.902244" />
      <trkpt lat="45.276016" lon="6.90141" />
      <trkpt lat="45.275904" lon="6.900323" />
      <trkpt lat="45.276151" lon="6.899363" />
      <trkpt lat="45.276144" lon="6.898405" />
      <trkpt lat="45.275957" lon="6.897712" />
      <trkpt lat="45.27604" lon="6.897583" />
      <trkpt lat="45.276181" lon="6.897694" />
      <trkpt lat="45.276709" lon="6.899077" />
      <trkpt lat="45.277021" lon="6.900388" />
      <trkpt lat="45.277428" lon="6.900902" />
      <trkpt lat="45.277534" lon="6.901686" />
      <trkpt lat="45.277942" lon="6.902741" />
      <trkpt lat="45.278741" lon="6.903492" />
      <trkpt lat="45.279217" lon="6.90605" />
      <trkpt lat="45.279225" lon="6.907245" />
      <trkpt lat="45.279529" lon="6.907949" />
      <trkpt lat="45.27961" lon="6.908628" />
      <trkpt lat="45.280075" lon="6.909934" />
      <trkpt lat="45.281106" lon="6.911937" />
      <trkpt lat="45.281275" lon="6.912072" />
      <trkpt lat="45.281403" lon="6.911801" />
      <trkpt lat="45.280701" lon="6.907147" />
      <trkpt lat="45.28087" lon="6.904516" />
      <trkpt lat="45.280662" lon="6.903666" />
      <trkpt lat="45.280842" lon="6.899576" />
      <trkpt lat="45.280662" lon="6.898468" />
      <trkpt lat="45.280726" lon="6.897238" />
      <trkpt lat="45.280863" lon="6.897089" />
      <trkpt lat="45.280958" lon="6.897199" />
      <trkpt lat="45.28108" lon="6.898841" />
      <trkpt lat="45.282026" lon="6.901925" />
      <trkpt lat="45.28225" lon="6.903042" />
      <trkpt lat="45.283211" lon="6.904564" />
      <trkpt lat="45.283503" lon="6.905748" />
      <trkpt lat="45.284647" lon="6.907959" />
      <trkpt lat="45.2848" lon="6.908108" />
      <trkpt lat="45.284973" lon="6.908024" />
      <trkpt lat="45.285007" lon="6.907631" />
      <trkpt lat="45.283935" lon="6.902828" />
      <trkpt lat="45.283678" lon="6.899514" />
      <trkpt lat="45.283988" lon="6.897727" />
      <trkpt lat="45.283828" lon="6.896402" />
      <trkpt lat="45.284067" lon="6.89463" />
      <trkpt lat="45.283946" lon="6.893546" />
      <trkpt lat="45.284151" lon="6.892588" />
      <trkpt lat="45.284049" lon="6.890173" />
      <trkpt lat="45.284417" lon="6.885981" />
      <trkpt lat="45.284258" lon="6.88462" />
      <trkpt lat="45.284432" lon="6.883501" />
      <trkpt lat="45.284713" lon="6.883095" />
      <trkpt lat="45.285056" lon="6.885036" />
    </trkseg>
  </trk>
</gpx>
