<?xml version="1.0" encoding="UTF-8"?>
<gpx version="1.1" creator="Fondue Tour 2026" xmlns="http://www.topografix.com/GPX/1/1" xmlns:xsi="http://www.w3.org/2001/XMLSchema-instance" xsi:schemaLocation="http://www.topografix.com/GPX/1/1 http://www.topografix.com/GPX/1/1/gpx.xsd">
  <metadata><name>Wed 09 · You · Zürich to the rendezvous, then La Thuile</name><desc>Fondue Tour 2026 roadbook route. Verify live pass status before departure.</desc></metadata>
  <rte>
    <name>Wed 09 · You · Zürich to the rendezvous, then La Thuile stops</name>
    <rtept lat="47.4388589" lon="8.5628106"><name>ibis Budget Zürich Airport</name></rtept>
    <rtept lat="45.872759" lon="6.4634548"><name>Le Chalet Savoyard · Col des Aravis</name></rtept>
    <rtept lat="45.756431" lon="6.541775"><name>Les Saisies</name></rtept>
    <rtept lat="45.695036" lon="6.6348689"><name>Le Chalet de Roselend</name></rtept>
    <rtept lat="45.693806" lon="6.658449"><name>Cormet de Roselend</name></rtept>
    <rtept lat="45.6714524" lon="6.8756012"><name>Hospice du Petit-Saint-Bernard</name></rtept>
    <rtept lat="45.6833134" lon="6.8860358"><name>Colle del Piccolo San Bernardo</name></rtept>
    <rtept lat="45.7081906" lon="6.9511927"><name>Chalet Eden · La Thuile</name></rtept>
  </rte>
  <trk>
    <name>Wed 09 · You · Zürich to the rendezvous, then La Thuile</name>
    <trkseg>
      <trkpt lat="47.438778" lon="8.562677" />
      <trkpt lat="47.438385" lon="8.563196" />
      <trkpt lat="47.437186" lon="8.560991" />
      <trkpt lat="47.437671" lon="8.560466" />
      <trkpt lat="47.438756" lon="8.560488" />
      <trkpt lat="47.438846" lon="8.56003" />
      <trkpt lat="47.438722" lon="8.559345" />
      <trkpt lat="47.437772" lon="8.55759" />
      <trkpt lat="47.437067" lon="8.555594" />
      <trkpt lat="47.430942" lon="8.550122" />
      <trkpt lat="47.432943" lon="8.541693" />
      <trkpt lat="47.433746" lon="8.536047" />
      <trkpt lat="47.433915" lon="8.53314" />
      <trkpt lat="47.43391" lon="8.529799" />
      <trkpt lat="47.433739" lon="8.526957" />
      <trkpt lat="47.43334" lon="8.523637" />
      <trkpt lat="47.43283" lon="8.520842" />
      <trkpt lat="47.432049" lon="8.517678" />
      <trkpt lat="47.42891" lon="8.507922" />
      <trkpt lat="47.427888" lon="8.504002" />
      <trkpt lat="47.42691" lon="8.498367" />
      <trkpt lat="47.426352" lon="8.492212" />
      <trkpt lat="47.425932" lon="8.489167" />
      <trkpt lat="47.425425" lon="8.486875" />
      <trkpt lat="47.423452" lon="8.479558" />
      <trkpt lat="47.421845" lon="8.462511" />
      <trkpt lat="47.421125" lon="8.456303" />
      <trkpt lat="47.420103" lon="8.449199" />
      <trkpt lat="47.419633" lon="8.447655" />
      <trkpt lat="47.418972" lon="8.446256" />
      <trkpt lat="47.416144" lon="8.442237" />
      <trkpt lat="47.414916" lon="8.439574" />
      <trkpt lat="47.414366" lon="8.437789" />
      <trkpt lat="47.413219" lon="8.432733" />
      <trkpt lat="47.412268" lon="8.429187" />
      <trkpt lat="47.412168" lon="8.427938" />
      <trkpt lat="47.412307" lon="8.42709" />
      <trkpt lat="47.413151" lon="8.424774" />
      <trkpt lat="47.418294" lon="8.413869" />
      <trkpt lat="47.419427" lon="8.410975" />
      <trkpt lat="47.420216" lon="8.40852" />
      <trkpt lat="47.421141" lon="8.404822" />
      <trkpt lat="47.421779" lon="8.401123" />
      <trkpt lat="47.422127" lon="8.397808" />
      <trkpt lat="47.422657" lon="8.389943" />
      <trkpt lat="47.423468" lon="8.384901" />
      <trkpt lat="47.425129" lon="8.379253" />
      <trkpt lat="47.429911" lon="8.365615" />
      <trkpt lat="47.430963" lon="8.362926" />
      <trkpt lat="47.433813" lon="8.357376" />
      <trkpt lat="47.436644" lon="8.35061" />
      <trkpt lat="47.437581" lon="8.348926" />
      <trkpt lat="47.438439" lon="8.347699" />
      <trkpt lat="47.43972" lon="8.346264" />
      <trkpt lat="47.441069" lon="8.345088" />
      <trkpt lat="47.451809" lon="8.337118" />
      <trkpt lat="47.452602" lon="8.336262" />
      <trkpt lat="47.453298" lon="8.335227" />
      <trkpt lat="47.454223" lon="8.332998" />
      <trkpt lat="47.454627" lon="8.331157" />
      <trkpt lat="47.454799" lon="8.329297" />
      <trkpt lat="47.454629" lon="8.325093" />
      <trkpt lat="47.45469" lon="8.320739" />
      <trkpt lat="47.454294" lon="8.318185" />
      <trkpt lat="47.453174" lon="8.314516" />
      <trkpt lat="47.453071" lon="8.313334" />
      <trkpt lat="47.453191" lon="8.311929" />
      <trkpt lat="47.453647" lon="8.310411" />
      <trkpt lat="47.454388" lon="8.309214" />
      <trkpt lat="47.455218" lon="8.308474" />
      <trkpt lat="47.457574" lon="8.306935" />
      <trkpt lat="47.458689" lon="8.305596" />
      <trkpt lat="47.459272" lon="8.304442" />
      <trkpt lat="47.459773" lon="8.303065" />
      <trkpt lat="47.460122" lon="8.300834" />
      <trkpt lat="47.460136" lon="8.298914" />
      <trkpt lat="47.459941" lon="8.296279" />
      <trkpt lat="47.457462" lon="8.277201" />
      <trkpt lat="47.456951" lon="8.275037" />
      <trkpt lat="47.456316" lon="8.273217" />
      <trkpt lat="47.453191" lon="8.266561" />
      <trkpt lat="47.451904" lon="8.263295" />
      <trkpt lat="47.450943" lon="8.260259" />
      <trkpt lat="47.449282" lon="8.253896" />
      <trkpt lat="47.448441" lon="8.251329" />
      <trkpt lat="47.447148" lon="8.248653" />
      <trkpt lat="47.445679" lon="8.246415" />
      <trkpt lat="47.444507" lon="8.245036" />
      <trkpt lat="47.443253" lon="8.243829" />
      <trkpt lat="47.440515" lon="8.241845" />
      <trkpt lat="47.437071" lon="8.240112" />
      <trkpt lat="47.430041" lon="8.237358" />
      <trkpt lat="47.428511" lon="8.236464" />
      <trkpt lat="47.427063" lon="8.235295" />
      <trkpt lat="47.425101" lon="8.233079" />
      <trkpt lat="47.421666" lon="8.2278" />
      <trkpt lat="47.419646" lon="8.225317" />
      <trkpt lat="47.417432" lon="8.223308" />
      <trkpt lat="47.412501" lon="8.219718" />
      <trkpt lat="47.410316" lon="8.217548" />
      <trkpt lat="47.408594" lon="8.215274" />
      <trkpt lat="47.405289" lon="8.210029" />
      <trkpt lat="47.403891" lon="8.208375" />
      <trkpt lat="47.401462" lon="8.205953" />
      <trkpt lat="47.399969" lon="8.203742" />
      <trkpt lat="47.398871" lon="8.201082" />
      <trkpt lat="47.398225" lon="8.198115" />
      <trkpt lat="47.397461" lon="8.187534" />
      <trkpt lat="47.396998" lon="8.18467" />
      <trkpt lat="47.395945" lon="8.179703" />
      <trkpt lat="47.395567" lon="8.17705" />
      <trkpt lat="47.395269" lon="8.170498" />
      <trkpt lat="47.394961" lon="8.167754" />
      <trkpt lat="47.394485" lon="8.165493" />
      <trkpt lat="47.392666" lon="8.158851" />
      <trkpt lat="47.392012" lon="8.155183" />
      <trkpt lat="47.391094" lon="8.147563" />
      <trkpt lat="47.3909" lon="8.144721" />
      <trkpt lat="47.390965" lon="8.14139" />
      <trkpt lat="47.391578" lon="8.134109" />
      <trkpt lat="47.391472" lon="8.129818" />
      <trkpt lat="47.391146" lon="8.127211" />
      <trkpt lat="47.390678" lon="8.124884" />
      <trkpt lat="47.390006" lon="8.122496" />
      <trkpt lat="47.389154" lon="8.120201" />
      <trkpt lat="47.387595" lon="8.117097" />
      <trkpt lat="47.385871" lon="8.114596" />
      <trkpt lat="47.38397" lon="8.112546" />
      <trkpt lat="47.3793" lon="8.108599" />
      <trkpt lat="47.376825" lon="8.106088" />
      <trkpt lat="47.374061" lon="8.102465" />
      <trkpt lat="47.371566" lon="8.098212" />
      <trkpt lat="47.369107" lon="8.093223" />
      <trkpt lat="47.36717" lon="8.088297" />
      <trkpt lat="47.365508" lon="8.082616" />
      <trkpt lat="47.363463" lon="8.073194" />
      <trkpt lat="47.362619" lon="8.070877" />
      <trkpt lat="47.361499" lon="8.068808" />
      <trkpt lat="47.360546" lon="8.067512" />
      <trkpt lat="47.356738" lon="8.063082" />
      <trkpt lat="47.351793" lon="8.055556" />
      <trkpt lat="47.348564" lon="8.051391" />
      <trkpt lat="47.343699" lon="8.046216" />
      <trkpt lat="47.335058" lon="8.037851" />
      <trkpt lat="47.332891" lon="8.035377" />
      <trkpt lat="47.330799" lon="8.032421" />
      <trkpt lat="47.327132" lon="8.026385" />
      <trkpt lat="47.324053" lon="8.022161" />
      <trkpt lat="47.323278" lon="8.020669" />
      <trkpt lat="47.322657" lon="8.019039" />
      <trkpt lat="47.321968" lon="8.015889" />
      <trkpt lat="47.321817" lon="8.013131" />
      <trkpt lat="47.322068" lon="8.010346" />
      <trkpt lat="47.323405" lon="8.004588" />
      <trkpt lat="47.323729" lon="8.002022" />
      <trkpt lat="47.323689" lon="7.999175" />
      <trkpt lat="47.323013" lon="7.994081" />
      <trkpt lat="47.322894" lon="7.991735" />
      <trkpt lat="47.323029" lon="7.989635" />
      <trkpt lat="47.323717" lon="7.984292" />
      <trkpt lat="47.323791" lon="7.980976" />
      <trkpt lat="47.323344" lon="7.976527" />
      <trkpt lat="47.320776" lon="7.960188" />
      <trkpt lat="47.320105" lon="7.957031" />
      <trkpt lat="47.319254" lon="7.953851" />
      <trkpt lat="47.315269" lon="7.941926" />
      <trkpt lat="47.314628" lon="7.94057" />
      <trkpt lat="47.313765" lon="7.93915" />
      <trkpt lat="47.308695" lon="7.932663" />
      <trkpt lat="47.306791" lon="7.92959" />
      <trkpt lat="47.305925" lon="7.927603" />
      <trkpt lat="47.305253" lon="7.925462" />
      <trkpt lat="47.304787" lon="7.923209" />
      <trkpt lat="47.30453" lon="7.920872" />
      <trkpt lat="47.30451" lon="7.918458" />
      <trkpt lat="47.304652" lon="7.916558" />
      <trkpt lat="47.305391" lon="7.912788" />
      <trkpt lat="47.306624" lon="7.909479" />
      <trkpt lat="47.309933" lon="7.902904" />
      <trkpt lat="47.31119" lon="7.899522" />
      <trkpt lat="47.311963" lon="7.896799" />
      <trkpt lat="47.312566" lon="7.893954" />
      <trkpt lat="47.313157" lon="7.889007" />
      <trkpt lat="47.313269" lon="7.883701" />
      <trkpt lat="47.313073" lon="7.876423" />
      <trkpt lat="47.312754" lon="7.873106" />
      <trkpt lat="47.311859" lon="7.867503" />
      <trkpt lat="47.311687" lon="7.865297" />
      <trkpt lat="47.311765" lon="7.862923" />
      <trkpt lat="47.312277" lon="7.857506" />
      <trkpt lat="47.312222" lon="7.854569" />
      <trkpt lat="47.311695" lon="7.85084" />
      <trkpt lat="47.309881" lon="7.842426" />
      <trkpt lat="47.309562" lon="7.840006" />
      <trkpt lat="47.309437" lon="7.837648" />
      <trkpt lat="47.309489" lon="7.835264" />
      <trkpt lat="47.309742" lon="7.832448" />
      <trkpt lat="47.311593" lon="7.821107" />
      <trkpt lat="47.312154" lon="7.815474" />
      <trkpt lat="47.312278" lon="7.812703" />
      <trkpt lat="47.312215" lon="7.809171" />
      <trkpt lat="47.311748" lon="7.803104" />
      <trkpt lat="47.311041" lon="7.798475" />
      <trkpt lat="47.30998" lon="7.7935" />
      <trkpt lat="47.308797" lon="7.789051" />
      <trkpt lat="47.30719" lon="7.783928" />
      <trkpt lat="47.304593" lon="7.776682" />
      <trkpt lat="47.296498" lon="7.755632" />
      <trkpt lat="47.289646" lon="7.736552" />
      <trkpt lat="47.287637" lon="7.731558" />
      <trkpt lat="47.286061" lon="7.728265" />
      <trkpt lat="47.284386" lon="7.725361" />
      <trkpt lat="47.282613" lon="7.722883" />
      <trkpt lat="47.280784" lon="7.720883" />
      <trkpt lat="47.278957" lon="7.719352" />
      <trkpt lat="47.27706" lon="7.718151" />
      <trkpt lat="47.275336" lon="7.717289" />
      <trkpt lat="47.269599" lon="7.714823" />
      <trkpt lat="47.267938" lon="7.713924" />
      <trkpt lat="47.266527" lon="7.712977" />
      <trkpt lat="47.264819" lon="7.711521" />
      <trkpt lat="47.263276" lon="7.709853" />
      <trkpt lat="47.261892" lon="7.707996" />
      <trkpt lat="47.260508" lon="7.705679" />
      <trkpt lat="47.259459" lon="7.70348" />
      <trkpt lat="47.258636" lon="7.701333" />
      <trkpt lat="47.257968" lon="7.699139" />
      <trkpt lat="47.257397" lon="7.69665" />
      <trkpt lat="47.256864" lon="7.692817" />
      <trkpt lat="47.256257" lon="7.684104" />
      <trkpt lat="47.255892" lon="7.681694" />
      <trkpt lat="47.255347" lon="7.679414" />
      <trkpt lat="47.254691" lon="7.677443" />
      <trkpt lat="47.253889" lon="7.675583" />
      <trkpt lat="47.250961" lon="7.670317" />
      <trkpt lat="47.249842" lon="7.66791" />
      <trkpt lat="47.248939" lon="7.665176" />
      <trkpt lat="47.247532" lon="7.659638" />
      <trkpt lat="47.246766" lon="7.657478" />
      <trkpt lat="47.245934" lon="7.655675" />
      <trkpt lat="47.244971" lon="7.654016" />
      <trkpt lat="47.241188" lon="7.64902" />
      <trkpt lat="47.239031" lon="7.645542" />
      <trkpt lat="47.238328" lon="7.643661" />
      <trkpt lat="47.237704" lon="7.638914" />
      <trkpt lat="47.23699" lon="7.636719" />
      <trkpt lat="47.235288" lon="7.633511" />
      <trkpt lat="47.231683" lon="7.628405" />
      <trkpt lat="47.230058" lon="7.625605" />
      <trkpt lat="47.228582" lon="7.622224" />
      <trkpt lat="47.225718" lon="7.614488" />
      <trkpt lat="47.224364" lon="7.611528" />
      <trkpt lat="47.223212" lon="7.60953" />
      <trkpt lat="47.22186" lon="7.607615" />
      <trkpt lat="47.220527" lon="7.606072" />
      <trkpt lat="47.218882" lon="7.604536" />
      <trkpt lat="47.217019" lon="7.603188" />
      <trkpt lat="47.214867" lon="7.602014" />
      <trkpt lat="47.212511" lon="7.601079" />
      <trkpt lat="47.210152" lon="7.600447" />
      <trkpt lat="47.208284" lon="7.600161" />
      <trkpt lat="47.206335" lon="7.600029" />
      <trkpt lat="47.19928" lon="7.600171" />
      <trkpt lat="47.196674" lon="7.600103" />
      <trkpt lat="47.194108" lon="7.599774" />
      <trkpt lat="47.191554" lon="7.599135" />
      <trkpt lat="47.189355" lon="7.598323" />
      <trkpt lat="47.186748" lon="7.59705" />
      <trkpt lat="47.179577" lon="7.592721" />
      <trkpt lat="47.177009" lon="7.591316" />
      <trkpt lat="47.174415" lon="7.590181" />
      <trkpt lat="47.17172" lon="7.58938" />
      <trkpt lat="47.168195" lon="7.588852" />
      <trkpt lat="47.164943" lon="7.588874" />
      <trkpt lat="47.161661" lon="7.589409" />
      <trkpt lat="47.155969" lon="7.591124" />
      <trkpt lat="47.153753" lon="7.59163" />
      <trkpt lat="47.151173" lon="7.59183" />
      <trkpt lat="47.148438" lon="7.591565" />
      <trkpt lat="47.14654" lon="7.591092" />
      <trkpt lat="47.144255" lon="7.59026" />
      <trkpt lat="47.133224" lon="7.585129" />
      <trkpt lat="47.126247" lon="7.582219" />
      <trkpt lat="47.119987" lon="7.579969" />
      <trkpt lat="47.114196" lon="7.578203" />
      <trkpt lat="47.104049" lon="7.575629" />
      <trkpt lat="47.092577" lon="7.57301" />
      <trkpt lat="47.0916" lon="7.572915" />
      <trkpt lat="47.090474" lon="7.57298" />
      <trkpt lat="47.086364" lon="7.573867" />
      <trkpt lat="47.084697" lon="7.573983" />
      <trkpt lat="47.08302" lon="7.573703" />
      <trkpt lat="47.081062" lon="7.572865" />
      <trkpt lat="47.075414" lon="7.5691" />
      <trkpt lat="47.068596" lon="7.564212" />
      <trkpt lat="47.065274" lon="7.561332" />
      <trkpt lat="47.062516" lon="7.558443" />
      <trkpt lat="47.061464" lon="7.55694" />
      <trkpt lat="47.060567" lon="7.55521" />
      <trkpt lat="47.057125" lon="7.546234" />
      <trkpt lat="47.055705" lon="7.543057" />
      <trkpt lat="47.054248" lon="7.540196" />
      <trkpt lat="47.052958" lon="7.538076" />
      <trkpt lat="47.051315" lon="7.535786" />
      <trkpt lat="47.049678" lon="7.533852" />
      <trkpt lat="47.047945" lon="7.532115" />
      <trkpt lat="47.04566" lon="7.530298" />
      <trkpt lat="47.044595" lon="7.529721" />
      <trkpt lat="47.043334" lon="7.529257" />
      <trkpt lat="47.04108" lon="7.528871" />
      <trkpt lat="47.035433" lon="7.528465" />
      <trkpt lat="47.03273" lon="7.527792" />
      <trkpt lat="47.030617" lon="7.526663" />
      <trkpt lat="47.02964" lon="7.52586" />
      <trkpt lat="47.028724" lon="7.524888" />
      <trkpt lat="47.027372" lon="7.52293" />
      <trkpt lat="47.026247" lon="7.520494" />
      <trkpt lat="47.019853" lon="7.501239" />
      <trkpt lat="47.018869" lon="7.499352" />
      <trkpt lat="47.017616" lon="7.497866" />
      <trkpt lat="47.016313" lon="7.496936" />
      <trkpt lat="47.014796" lon="7.496402" />
      <trkpt lat="47.013535" lon="7.496354" />
      <trkpt lat="47.010578" lon="7.496815" />
      <trkpt lat="47.00958" lon="7.496696" />
      <trkpt lat="47.008616" lon="7.496373" />
      <trkpt lat="47.007526" lon="7.495792" />
      <trkpt lat="47.006369" lon="7.494958" />
      <trkpt lat="47.002094" lon="7.491117" />
      <trkpt lat="46.99991" lon="7.489028" />
      <trkpt lat="46.99655" lon="7.485491" />
      <trkpt lat="46.993216" lon="7.482676" />
      <trkpt lat="46.991928" lon="7.481263" />
      <trkpt lat="46.991159" lon="7.480039" />
      <trkpt lat="46.990594" lon="7.478809" />
      <trkpt lat="46.988817" lon="7.473142" />
      <trkpt lat="46.987934" lon="7.471062" />
      <trkpt lat="46.987193" lon="7.469838" />
      <trkpt lat="46.986398" lon="7.46884" />
      <trkpt lat="46.984709" lon="7.467428" />
      <trkpt lat="46.983592" lon="7.466894" />
      <trkpt lat="46.982492" lon="7.466619" />
      <trkpt lat="46.981402" lon="7.466579" />
      <trkpt lat="46.980214" lon="7.46679" />
      <trkpt lat="46.978346" lon="7.467582" />
      <trkpt lat="46.973987" lon="7.470361" />
      <trkpt lat="46.972951" lon="7.470735" />
      <trkpt lat="46.972153" lon="7.470767" />
      <trkpt lat="46.971524" lon="7.470604" />
      <trkpt lat="46.97108" lon="7.470307" />
      <trkpt lat="46.970596" lon="7.46969" />
      <trkpt lat="46.970182" lon="7.468445" />
      <trkpt lat="46.970009" lon="7.465138" />
      <trkpt lat="46.969176" lon="7.46114" />
      <trkpt lat="46.968968" lon="7.459302" />
      <trkpt lat="46.969045" lon="7.457223" />
      <trkpt lat="46.969738" lon="7.452616" />
      <trkpt lat="46.969779" lon="7.451158" />
      <trkpt lat="46.969648" lon="7.449433" />
      <trkpt lat="46.969137" lon="7.446934" />
      <trkpt lat="46.967139" lon="7.440179" />
      <trkpt lat="46.965734" lon="7.432474" />
      <trkpt lat="46.964893" lon="7.430061" />
      <trkpt lat="46.963547" lon="7.427631" />
      <trkpt lat="46.961412" lon="7.424692" />
      <trkpt lat="46.954001" lon="7.415197" />
      <trkpt lat="46.952545" lon="7.412848" />
      <trkpt lat="46.951747" lon="7.410993" />
      <trkpt lat="46.951158" lon="7.408784" />
      <trkpt lat="46.950901" lon="7.406969" />
      <trkpt lat="46.950828" lon="7.405016" />
      <trkpt lat="46.950959" lon="7.40313" />
      <trkpt lat="46.951292" lon="7.401275" />
      <trkpt lat="46.951749" lon="7.399708" />
      <trkpt lat="46.953738" lon="7.395391" />
      <trkpt lat="46.954223" lon="7.393919" />
      <trkpt lat="46.954528" lon="7.391637" />
      <trkpt lat="46.954387" lon="7.389533" />
      <trkpt lat="46.953859" lon="7.387565" />
      <trkpt lat="46.952872" lon="7.385724" />
      <trkpt lat="46.951868" lon="7.38464" />
      <trkpt lat="46.949489" lon="7.382932" />
      <trkpt lat="46.948626" lon="7.382141" />
      <trkpt lat="46.947621" lon="7.380871" />
      <trkpt lat="46.946744" lon="7.379306" />
      <trkpt lat="46.945903" lon="7.377185" />
      <trkpt lat="46.945009" lon="7.374081" />
      <trkpt lat="46.944539" lon="7.371562" />
      <trkpt lat="46.944296" lon="7.368681" />
      <trkpt lat="46.944378" lon="7.365356" />
      <trkpt lat="46.945444" lon="7.35677" />
      <trkpt lat="46.945938" lon="7.348712" />
      <trkpt lat="46.946512" lon="7.34521" />
      <trkpt lat="46.946999" lon="7.343516" />
      <trkpt lat="46.948843" lon="7.338464" />
      <trkpt lat="46.949936" lon="7.332282" />
      <trkpt lat="46.950587" lon="7.329884" />
      <trkpt lat="46.95171" lon="7.327433" />
      <trkpt lat="46.954632" lon="7.323213" />
      <trkpt lat="46.955528" lon="7.321537" />
      <trkpt lat="46.956464" lon="7.318758" />
      <trkpt lat="46.956927" lon="7.315979" />
      <trkpt lat="46.956965" lon="7.313026" />
      <trkpt lat="46.956327" lon="7.306944" />
      <trkpt lat="46.956386" lon="7.304362" />
      <trkpt lat="46.956745" lon="7.302052" />
      <trkpt lat="46.957894" lon="7.297623" />
      <trkpt lat="46.958343" lon="7.295347" />
      <trkpt lat="46.959087" lon="7.28809" />
      <trkpt lat="46.960064" lon="7.282381" />
      <trkpt lat="46.960403" lon="7.279136" />
      <trkpt lat="46.96045" lon="7.275167" />
      <trkpt lat="46.959998" lon="7.265624" />
      <trkpt lat="46.960241" lon="7.259997" />
      <trkpt lat="46.961027" lon="7.254502" />
      <trkpt lat="46.963285" lon="7.244251" />
      <trkpt lat="46.963779" lon="7.240578" />
      <trkpt lat="46.964014" lon="7.237323" />
      <trkpt lat="46.964035" lon="7.232876" />
      <trkpt lat="46.963684" lon="7.228191" />
      <trkpt lat="46.963084" lon="7.224057" />
      <trkpt lat="46.960925" lon="7.211821" />
      <trkpt lat="46.960246" lon="7.206291" />
      <trkpt lat="46.959917" lon="7.201883" />
      <trkpt lat="46.959998" lon="7.198659" />
      <trkpt lat="46.960393" lon="7.195866" />
      <trkpt lat="46.960942" lon="7.193629" />
      <trkpt lat="46.962395" lon="7.189114" />
      <trkpt lat="46.96288" lon="7.186577" />
      <trkpt lat="46.962996" lon="7.184912" />
      <trkpt lat="46.962947" lon="7.183062" />
      <trkpt lat="46.962407" lon="7.179893" />
      <trkpt lat="46.961599" lon="7.177547" />
      <trkpt lat="46.960475" lon="7.17522" />
      <trkpt lat="46.958968" lon="7.172739" />
      <trkpt lat="46.957267" lon="7.170504" />
      <trkpt lat="46.955763" lon="7.168899" />
      <trkpt lat="46.954064" lon="7.167427" />
      <trkpt lat="46.950092" lon="7.164846" />
      <trkpt lat="46.948944" lon="7.163965" />
      <trkpt lat="46.947856" lon="7.162886" />
      <trkpt lat="46.946852" lon="7.161612" />
      <trkpt lat="46.945591" lon="7.159528" />
      <trkpt lat="46.941904" lon="7.151991" />
      <trkpt lat="46.939122" lon="7.147026" />
      <trkpt lat="46.935601" lon="7.141622" />
      <trkpt lat="46.932257" lon="7.137238" />
      <trkpt lat="46.929601" lon="7.13448" />
      <trkpt lat="46.927175" lon="7.132586" />
      <trkpt lat="46.925308" lon="7.131447" />
      <trkpt lat="46.920395" lon="7.12894" />
      <trkpt lat="46.919227" lon="7.128178" />
      <trkpt lat="46.917758" lon="7.126711" />
      <trkpt lat="46.91656" lon="7.124848" />
      <trkpt lat="46.915478" lon="7.122025" />
      <trkpt lat="46.911532" lon="7.106141" />
      <trkpt lat="46.91066" lon="7.103085" />
      <trkpt lat="46.909052" lon="7.099296" />
      <trkpt lat="46.90559" lon="7.093663" />
      <trkpt lat="46.903304" lon="7.088862" />
      <trkpt lat="46.900523" lon="7.081788" />
      <trkpt lat="46.89834" lon="7.074943" />
      <trkpt lat="46.896974" lon="7.06971" />
      <trkpt lat="46.896228" lon="7.065911" />
      <trkpt lat="46.895977" lon="7.063074" />
      <trkpt lat="46.895746" lon="7.053865" />
      <trkpt lat="46.895263" lon="7.050742" />
      <trkpt lat="46.894421" lon="7.047712" />
      <trkpt lat="46.893618" lon="7.0457" />
      <trkpt lat="46.892661" lon="7.043845" />
      <trkpt lat="46.886953" lon="7.03499" />
      <trkpt lat="46.884734" lon="7.031059" />
      <trkpt lat="46.882542" lon="7.026231" />
      <trkpt lat="46.880795" lon="7.021298" />
      <trkpt lat="46.879624" lon="7.017019" />
      <trkpt lat="46.878679" lon="7.012434" />
      <trkpt lat="46.876887" lon="6.998269" />
      <trkpt lat="46.876001" lon="6.993218" />
      <trkpt lat="46.874487" lon="6.987348" />
      <trkpt lat="46.87258" lon="6.981962" />
      <trkpt lat="46.861191" lon="6.95541" />
      <trkpt lat="46.8597" lon="6.952302" />
      <trkpt lat="46.857851" lon="6.949015" />
      <trkpt lat="46.854803" lon="6.944589" />
      <trkpt lat="46.83175" lon="6.915541" />
      <trkpt lat="46.830394" lon="6.913543" />
      <trkpt lat="46.829359" lon="6.911745" />
      <trkpt lat="46.827603" lon="6.907795" />
      <trkpt lat="46.826321" lon="6.903488" />
      <trkpt lat="46.825584" lon="6.899383" />
      <trkpt lat="46.825261" lon="6.894702" />
      <trkpt lat="46.825439" lon="6.890272" />
      <trkpt lat="46.826017" lon="6.886267" />
      <trkpt lat="46.827026" lon="6.882271" />
      <trkpt lat="46.828286" lon="6.878814" />
      <trkpt lat="46.831347" lon="6.871672" />
      <trkpt lat="46.832219" lon="6.86884" />
      <trkpt lat="46.83269" lon="6.865938" />
      <trkpt lat="46.832813" lon="6.863349" />
      <trkpt lat="46.832627" lon="6.860533" />
      <trkpt lat="46.832149" lon="6.857979" />
      <trkpt lat="46.831183" lon="6.854873" />
      <trkpt lat="46.828555" lon="6.848532" />
      <trkpt lat="46.827349" lon="6.845022" />
      <trkpt lat="46.826231" lon="6.840681" />
      <trkpt lat="46.824247" lon="6.831449" />
      <trkpt lat="46.823454" lon="6.828641" />
      <trkpt lat="46.822412" lon="6.825802" />
      <trkpt lat="46.820873" lon="6.822621" />
      <trkpt lat="46.818807" lon="6.819372" />
      <trkpt lat="46.811562" lon="6.810979" />
      <trkpt lat="46.808854" lon="6.807312" />
      <trkpt lat="46.806986" lon="6.804377" />
      <trkpt lat="46.805336" lon="6.80149" />
      <trkpt lat="46.802494" lon="6.795612" />
      <trkpt lat="46.792507" lon="6.77007" />
      <trkpt lat="46.791504" lon="6.766562" />
      <trkpt lat="46.789655" lon="6.758531" />
      <trkpt lat="46.788577" lon="6.75509" />
      <trkpt lat="46.787322" lon="6.752037" />
      <trkpt lat="46.785065" lon="6.747683" />
      <trkpt lat="46.784226" lon="6.745637" />
      <trkpt lat="46.783562" lon="6.742871" />
      <trkpt lat="46.782905" lon="6.737052" />
      <trkpt lat="46.782107" lon="6.734158" />
      <trkpt lat="46.780876" lon="6.731642" />
      <trkpt lat="46.778133" lon="6.727961" />
      <trkpt lat="46.777026" lon="6.725958" />
      <trkpt lat="46.776371" lon="6.724224" />
      <trkpt lat="46.775306" lon="6.720232" />
      <trkpt lat="46.77445" lon="6.717702" />
      <trkpt lat="46.770212" lon="6.708535" />
      <trkpt lat="46.765551" lon="6.695954" />
      <trkpt lat="46.763361" lon="6.691168" />
      <trkpt lat="46.759274" lon="6.683676" />
      <trkpt lat="46.75777" lon="6.680066" />
      <trkpt lat="46.756851" lon="6.676904" />
      <trkpt lat="46.756117" lon="6.672389" />
      <trkpt lat="46.755931" lon="6.66861" />
      <trkpt lat="46.756255" lon="6.664043" />
      <trkpt lat="46.756901" lon="6.66059" />
      <trkpt lat="46.757576" lon="6.658143" />
      <trkpt lat="46.758983" lon="6.654577" />
      <trkpt lat="46.761379" lon="6.649816" />
      <trkpt lat="46.761932" lon="6.648325" />
      <trkpt lat="46.762234" lon="6.646333" />
      <trkpt lat="46.762129" lon="6.644488" />
      <trkpt lat="46.761807" lon="6.643114" />
      <trkpt lat="46.761275" lon="6.641856" />
      <trkpt lat="46.758406" lon="6.637415" />
      <trkpt lat="46.75626" lon="6.633475" />
      <trkpt lat="46.754697" lon="6.630028" />
      <trkpt lat="46.753509" lon="6.626934" />
      <trkpt lat="46.751665" lon="6.620784" />
      <trkpt lat="46.749192" lon="6.609192" />
      <trkpt lat="46.747738" lon="6.60363" />
      <trkpt lat="46.745624" lon="6.597214" />
      <trkpt lat="46.743119" lon="6.591099" />
      <trkpt lat="46.741246" lon="6.587226" />
      <trkpt lat="46.739208" lon="6.583511" />
      <trkpt lat="46.737023" lon="6.579988" />
      <trkpt lat="46.734704" lon="6.576674" />
      <trkpt lat="46.732453" lon="6.573821" />
      <trkpt lat="46.730565" lon="6.571852" />
      <trkpt lat="46.72887" lon="6.570588" />
      <trkpt lat="46.727165" lon="6.569853" />
      <trkpt lat="46.725963" lon="6.569662" />
      <trkpt lat="46.724783" lon="6.569728" />
      <trkpt lat="46.723585" lon="6.570055" />
      <trkpt lat="46.722422" lon="6.570643" />
      <trkpt lat="46.720864" lon="6.571902" />
      <trkpt lat="46.716858" lon="6.576248" />
      <trkpt lat="46.715585" lon="6.577258" />
      <trkpt lat="46.713937" lon="6.578231" />
      <trkpt lat="46.712702" lon="6.578745" />
      <trkpt lat="46.711273" lon="6.579132" />
      <trkpt lat="46.709671" lon="6.579311" />
      <trkpt lat="46.708061" lon="6.579227" />
      <trkpt lat="46.706645" lon="6.578935" />
      <trkpt lat="46.705057" lon="6.578378" />
      <trkpt lat="46.698936" lon="6.575303" />
      <trkpt lat="46.695942" lon="6.574218" />
      <trkpt lat="46.693748" lon="6.573749" />
      <trkpt lat="46.691809" lon="6.573555" />
      <trkpt lat="46.68566" lon="6.573799" />
      <trkpt lat="46.683403" lon="6.573607" />
      <trkpt lat="46.680873" lon="6.57284" />
      <trkpt lat="46.676609" lon="6.570621" />
      <trkpt lat="46.675343" lon="6.570198" />
      <trkpt lat="46.674053" lon="6.569941" />
      <trkpt lat="46.671618" lon="6.569886" />
      <trkpt lat="46.668609" lon="6.570253" />
      <trkpt lat="46.666409" lon="6.570761" />
      <trkpt lat="46.662278" lon="6.57208" />
      <trkpt lat="46.660484" lon="6.572482" />
      <trkpt lat="46.658609" lon="6.572563" />
      <trkpt lat="46.656684" lon="6.572274" />
      <trkpt lat="46.655114" lon="6.571747" />
      <trkpt lat="46.653279" lon="6.570782" />
      <trkpt lat="46.647497" lon="6.566438" />
      <trkpt lat="46.644519" lon="6.564505" />
      <trkpt lat="46.641763" lon="6.563113" />
      <trkpt lat="46.639288" lon="6.562161" />
      <trkpt lat="46.636742" lon="6.561462" />
      <trkpt lat="46.634159" lon="6.561029" />
      <trkpt lat="46.631895" lon="6.56087" />
      <trkpt lat="46.626027" lon="6.560752" />
      <trkpt lat="46.623797" lon="6.560502" />
      <trkpt lat="46.621541" lon="6.560082" />
      <trkpt lat="46.61931" lon="6.559501" />
      <trkpt lat="46.617103" lon="6.558756" />
      <trkpt lat="46.610998" lon="6.55608" />
      <trkpt lat="46.608473" lon="6.555139" />
      <trkpt lat="46.605275" lon="6.554265" />
      <trkpt lat="46.602203" lon="6.553747" />
      <trkpt lat="46.599766" lon="6.553555" />
      <trkpt lat="46.597166" lon="6.553561" />
      <trkpt lat="46.58744" lon="6.554388" />
      <trkpt lat="46.578246" lon="6.555737" />
      <trkpt lat="46.569899" lon="6.557445" />
      <trkpt lat="46.564816" lon="6.558768" />
      <trkpt lat="46.56095" lon="6.560451" />
      <trkpt lat="46.557833" lon="6.562463" />
      <trkpt lat="46.552415" lon="6.566682" />
      <trkpt lat="46.550951" lon="6.567584" />
      <trkpt lat="46.549403" lon="6.568282" />
      <trkpt lat="46.547523" lon="6.568709" />
      <trkpt lat="46.545779" lon="6.568691" />
      <trkpt lat="46.543848" lon="6.568182" />
      <trkpt lat="46.542884" lon="6.567458" />
      <trkpt lat="46.542387" lon="6.566808" />
      <trkpt lat="46.54193" lon="6.56585" />
      <trkpt lat="46.540559" lon="6.560406" />
      <trkpt lat="46.539117" lon="6.556785" />
      <trkpt lat="46.537485" lon="6.553952" />
      <trkpt lat="46.531567" lon="6.544924" />
      <trkpt lat="46.529804" lon="6.541413" />
      <trkpt lat="46.528625" lon="6.5379" />
      <trkpt lat="46.526173" lon="6.52785" />
      <trkpt lat="46.524364" lon="6.522173" />
      <trkpt lat="46.52191" lon="6.515922" />
      <trkpt lat="46.516566" lon="6.503949" />
      <trkpt lat="46.514289" lon="6.49753" />
      <trkpt lat="46.513141" lon="6.495498" />
      <trkpt lat="46.506568" lon="6.485956" />
      <trkpt lat="46.504634" lon="6.48274" />
      <trkpt lat="46.502465" lon="6.478735" />
      <trkpt lat="46.500244" lon="6.474091" />
      <trkpt lat="46.498128" lon="6.469014" />
      <trkpt lat="46.496488" lon="6.46448" />
      <trkpt lat="46.493456" lon="6.45508" />
      <trkpt lat="46.49114" lon="6.449407" />
      <trkpt lat="46.489393" lon="6.445995" />
      <trkpt lat="46.48769" lon="6.443154" />
      <trkpt lat="46.486073" lon="6.440802" />
      <trkpt lat="46.482728" lon="6.436398" />
      <trkpt lat="46.481189" lon="6.434078" />
      <trkpt lat="46.479848" lon="6.431529" />
      <trkpt lat="46.478592" lon="6.428352" />
      <trkpt lat="46.477827" lon="6.425675" />
      <trkpt lat="46.477344" lon="6.423335" />
      <trkpt lat="46.47702" lon="6.420999" />
      <trkpt lat="46.476834" lon="6.418253" />
      <trkpt lat="46.476945" lon="6.413981" />
      <trkpt lat="46.47792" lon="6.40547" />
      <trkpt lat="46.477968" lon="6.40264" />
      <trkpt lat="46.477827" lon="6.399727" />
      <trkpt lat="46.473739" lon="6.365556" />
      <trkpt lat="46.472925" lon="6.360888" />
      <trkpt lat="46.471645" lon="6.355675" />
      <trkpt lat="46.465857" lon="6.33541" />
      <trkpt lat="46.464246" lon="6.330766" />
      <trkpt lat="46.462831" lon="6.327629" />
      <trkpt lat="46.461197" lon="6.324673" />
      <trkpt lat="46.454776" lon="6.315441" />
      <trkpt lat="46.452523" lon="6.311743" />
      <trkpt lat="46.450446" lon="6.307943" />
      <trkpt lat="46.447347" lon="6.301376" />
      <trkpt lat="46.44272" lon="6.289791" />
      <trkpt lat="46.439189" lon="6.282084" />
      <trkpt lat="46.435029" lon="6.274312" />
      <trkpt lat="46.424502" lon="6.256749" />
      <trkpt lat="46.42237" lon="6.252925" />
      <trkpt lat="46.419926" lon="6.247691" />
      <trkpt lat="46.415246" lon="6.236014" />
      <trkpt lat="46.412224" lon="6.229982" />
      <trkpt lat="46.409199" lon="6.224972" />
      <trkpt lat="46.405961" lon="6.220417" />
      <trkpt lat="46.402416" lon="6.216179" />
      <trkpt lat="46.398577" lon="6.212319" />
      <trkpt lat="46.396082" lon="6.210158" />
      <trkpt lat="46.393808" lon="6.208399" />
      <trkpt lat="46.391184" lon="6.206606" />
      <trkpt lat="46.38877" lon="6.205204" />
      <trkpt lat="46.384253" lon="6.203166" />
      <trkpt lat="46.374592" lon="6.199741" />
      <trkpt lat="46.372471" lon="6.198673" />
      <trkpt lat="46.370151" lon="6.197063" />
      <trkpt lat="46.367982" lon="6.195068" />
      <trkpt lat="46.366239" lon="6.193038" />
      <trkpt lat="46.364414" lon="6.190432" />
      <trkpt lat="46.360166" lon="6.183411" />
      <trkpt lat="46.357899" lon="6.180074" />
      <trkpt lat="46.354911" lon="6.176361" />
      <trkpt lat="46.351941" lon="6.17329" />
      <trkpt lat="46.348843" lon="6.17063" />
      <trkpt lat="46.343874" lon="6.166969" />
      <trkpt lat="46.341485" lon="6.165058" />
      <trkpt lat="46.328922" lon="6.153605" />
      <trkpt lat="46.324965" lon="6.150283" />
      <trkpt lat="46.322346" lon="6.148425" />
      <trkpt lat="46.319639" lon="6.146809" />
      <trkpt lat="46.317023" lon="6.145518" />
      <trkpt lat="46.314303" lon="6.144458" />
      <trkpt lat="46.312385" lon="6.143926" />
      <trkpt lat="46.310764" lon="6.143638" />
      <trkpt lat="46.307429" lon="6.143488" />
      <trkpt lat="46.304175" lon="6.143909" />
      <trkpt lat="46.297794" lon="6.145545" />
      <trkpt lat="46.294803" lon="6.146054" />
      <trkpt lat="46.291216" lon="6.146128" />
      <trkpt lat="46.287491" lon="6.145586" />
      <trkpt lat="46.282942" lon="6.144276" />
      <trkpt lat="46.278952" lon="6.142595" />
      <trkpt lat="46.276505" lon="6.141304" />
      <trkpt lat="46.2738" lon="6.139668" />
      <trkpt lat="46.264416" lon="6.133428" />
      <trkpt lat="46.262693" lon="6.132653" />
      <trkpt lat="46.261219" lon="6.132469" />
      <trkpt lat="46.259921" lon="6.132758" />
      <trkpt lat="46.258846" lon="6.133351" />
      <trkpt lat="46.257718" lon="6.134299" />
      <trkpt lat="46.256152" lon="6.135991" />
      <trkpt lat="46.251036" lon="6.142082" />
      <trkpt lat="46.250095" lon="6.14336" />
      <trkpt lat="46.248843" lon="6.145506" />
      <trkpt lat="46.247206" lon="6.149241" />
      <trkpt lat="46.246756" lon="6.150024" />
      <trkpt lat="46.245838" lon="6.15098" />
      <trkpt lat="46.244823" lon="6.151485" />
      <trkpt lat="46.243875" lon="6.151603" />
      <trkpt lat="46.24268" lon="6.151359" />
      <trkpt lat="46.241714" lon="6.150894" />
      <trkpt lat="46.239516" lon="6.149467" />
      <trkpt lat="46.238095" lon="6.148972" />
      <trkpt lat="46.236946" lon="6.148921" />
      <trkpt lat="46.232402" lon="6.149379" />
      <trkpt lat="46.230625" lon="6.149333" />
      <trkpt lat="46.227842" lon="6.148795" />
      <trkpt lat="46.225954" lon="6.148015" />
      <trkpt lat="46.225367" lon="6.147904" />
      <trkpt lat="46.22398" lon="6.14834" />
      <trkpt lat="46.220816" lon="6.149932" />
      <trkpt lat="46.220121" lon="6.149676" />
      <trkpt lat="46.218848" lon="6.148754" />
      <trkpt lat="46.21853" lon="6.149365" />
      <trkpt lat="46.21781" lon="6.150159" />
      <trkpt lat="46.216306" lon="6.151369" />
      <trkpt lat="46.215541" lon="6.151694" />
      <trkpt lat="46.21155" lon="6.152733" />
      <trkpt lat="46.206941" lon="6.147704" />
      <trkpt lat="46.203931" lon="6.150573" />
      <trkpt lat="46.20322" lon="6.154002" />
      <trkpt lat="46.201991" lon="6.153448" />
      <trkpt lat="46.201785" lon="6.153117" />
      <trkpt lat="46.201574" lon="6.153058" />
      <trkpt lat="46.201395" lon="6.15329" />
      <trkpt lat="46.201465" lon="6.153903" />
      <trkpt lat="46.201151" lon="6.155439" />
      <trkpt lat="46.199421" lon="6.154697" />
      <trkpt lat="46.199318" lon="6.154676" />
      <trkpt lat="46.199168" lon="6.15495" />
      <trkpt lat="46.197942" lon="6.159766" />
      <trkpt lat="46.196831" lon="6.163138" />
      <trkpt lat="46.195935" lon="6.167297" />
      <trkpt lat="46.193671" lon="6.173264" />
      <trkpt lat="46.193375" lon="6.1751" />
      <trkpt lat="46.193326" lon="6.17836" />
      <trkpt lat="46.193078" lon="6.180119" />
      <trkpt lat="46.192538" lon="6.181331" />
      <trkpt lat="46.190893" lon="6.183533" />
      <trkpt lat="46.190335" lon="6.185063" />
      <trkpt lat="46.190164" lon="6.187144" />
      <trkpt lat="46.190728" lon="6.194545" />
      <trkpt lat="46.190588" lon="6.196239" />
      <trkpt lat="46.190291" lon="6.197287" />
      <trkpt lat="46.189108" lon="6.200236" />
      <trkpt lat="46.188142" lon="6.201958" />
      <trkpt lat="46.188212" lon="6.202217" />
      <trkpt lat="46.187825" lon="6.20353" />
      <trkpt lat="46.185929" lon="6.208379" />
      <trkpt lat="46.185132" lon="6.210802" />
      <trkpt lat="46.184494" lon="6.213723" />
      <trkpt lat="46.18287" lon="6.223566" />
      <trkpt lat="46.182006" lon="6.225723" />
      <trkpt lat="46.181573" lon="6.228334" />
      <trkpt lat="46.180319" lon="6.231702" />
      <trkpt lat="46.17896" lon="6.233869" />
      <trkpt lat="46.178164" lon="6.234732" />
      <trkpt lat="46.176018" lon="6.236613" />
      <trkpt lat="46.173193" lon="6.239902" />
      <trkpt lat="46.170152" lon="6.242216" />
      <trkpt lat="46.169083" lon="6.243249" />
      <trkpt lat="46.167932" lon="6.24479" />
      <trkpt lat="46.166839" lon="6.246979" />
      <trkpt lat="46.166086" lon="6.24929" />
      <trkpt lat="46.162359" lon="6.263076" />
      <trkpt lat="46.156866" lon="6.280655" />
      <trkpt lat="46.153031" lon="6.294236" />
      <trkpt lat="46.151041" lon="6.302324" />
      <trkpt lat="46.149889" lon="6.305619" />
      <trkpt lat="46.148345" lon="6.308793" />
      <trkpt lat="46.147395" lon="6.310324" />
      <trkpt lat="46.146064" lon="6.312111" />
      <trkpt lat="46.144647" lon="6.313651" />
      <trkpt lat="46.143085" lon="6.31503" />
      <trkpt lat="46.140574" lon="6.316653" />
      <trkpt lat="46.135543" lon="6.318831" />
      <trkpt lat="46.133793" lon="6.319793" />
      <trkpt lat="46.128409" lon="6.324289" />
      <trkpt lat="46.122148" lon="6.329018" />
      <trkpt lat="46.120291" lon="6.330703" />
      <trkpt lat="46.118452" lon="6.332596" />
      <trkpt lat="46.113611" lon="6.33835" />
      <trkpt lat="46.110477" lon="6.341599" />
      <trkpt lat="46.106927" lon="6.344634" />
      <trkpt lat="46.099715" lon="6.350035" />
      <trkpt lat="46.096024" lon="6.353293" />
      <trkpt lat="46.092633" lon="6.356967" />
      <trkpt lat="46.090022" lon="6.360342" />
      <trkpt lat="46.087635" lon="6.363939" />
      <trkpt lat="46.08374" lon="6.370414" />
      <trkpt lat="46.081869" lon="6.373077" />
      <trkpt lat="46.07961" lon="6.375653" />
      <trkpt lat="46.075081" lon="6.380232" />
      <trkpt lat="46.073648" lon="6.381372" />
      <trkpt lat="46.072718" lon="6.382571" />
      <trkpt lat="46.072476" lon="6.382534" />
      <trkpt lat="46.072371" lon="6.382184" />
      <trkpt lat="46.072272" lon="6.38054" />
      <trkpt lat="46.072363" lon="6.379925" />
      <trkpt lat="46.072176" lon="6.379591" />
      <trkpt lat="46.072118" lon="6.377989" />
      <trkpt lat="46.072227" lon="6.376938" />
      <trkpt lat="46.072054" lon="6.37677" />
      <trkpt lat="46.071685" lon="6.376938" />
      <trkpt lat="46.071536" lon="6.376669" />
      <trkpt lat="46.071837" lon="6.37541" />
      <trkpt lat="46.071627" lon="6.373348" />
      <trkpt lat="46.070171" lon="6.373194" />
      <trkpt lat="46.069458" lon="6.373396" />
      <trkpt lat="46.068763" lon="6.373338" />
      <trkpt lat="46.068446" lon="6.373693" />
      <trkpt lat="46.067545" lon="6.373418" />
      <trkpt lat="46.064459" lon="6.373534" />
      <trkpt lat="46.063754" lon="6.373375" />
      <trkpt lat="46.063532" lon="6.373205" />
      <trkpt lat="46.063309" lon="6.373417" />
      <trkpt lat="46.062584" lon="6.373663" />
      <trkpt lat="46.061495" lon="6.373796" />
      <trkpt lat="46.059384" lon="6.373197" />
      <trkpt lat="46.058888" lon="6.374064" />
      <trkpt lat="46.058496" lon="6.374453" />
      <trkpt lat="46.057305" lon="6.375049" />
      <trkpt lat="46.05663" lon="6.373591" />
      <trkpt lat="46.055161" lon="6.371952" />
      <trkpt lat="46.054733" lon="6.3719" />
      <trkpt lat="46.053579" lon="6.372899" />
      <trkpt lat="46.053575" lon="6.373235" />
      <trkpt lat="46.053892" lon="6.373639" />
      <trkpt lat="46.053795" lon="6.374018" />
      <trkpt lat="46.053512" lon="6.374165" />
      <trkpt lat="46.052553" lon="6.374122" />
      <trkpt lat="46.052091" lon="6.374903" />
      <trkpt lat="46.051793" lon="6.375791" />
      <trkpt lat="46.050987" lon="6.376719" />
      <trkpt lat="46.050624" lon="6.376663" />
      <trkpt lat="46.050202" lon="6.376212" />
      <trkpt lat="46.049749" lon="6.37639" />
      <trkpt lat="46.048571" lon="6.375749" />
      <trkpt lat="46.048149" lon="6.376167" />
      <trkpt lat="46.047443" lon="6.375655" />
      <trkpt lat="46.046934" lon="6.375796" />
      <trkpt lat="46.046655" lon="6.37572" />
      <trkpt lat="46.046347" lon="6.376501" />
      <trkpt lat="46.045593" lon="6.376823" />
      <trkpt lat="46.0455" lon="6.377899" />
      <trkpt lat="46.045324" lon="6.378154" />
      <trkpt lat="46.044293" lon="6.378399" />
      <trkpt lat="46.043376" lon="6.379465" />
      <trkpt lat="46.04246" lon="6.379402" />
      <trkpt lat="46.042046" lon="6.379863" />
      <trkpt lat="46.041481" lon="6.380142" />
      <trkpt lat="46.040695" lon="6.380229" />
      <trkpt lat="46.039601" lon="6.380972" />
      <trkpt lat="46.038983" lon="6.382117" />
      <trkpt lat="46.038049" lon="6.382804" />
      <trkpt lat="46.037221" lon="6.382988" />
      <trkpt lat="46.036594" lon="6.383461" />
      <trkpt lat="46.035803" lon="6.383843" />
      <trkpt lat="46.035189" lon="6.383861" />
      <trkpt lat="46.034315" lon="6.38507" />
      <trkpt lat="46.034141" lon="6.386315" />
      <trkpt lat="46.03259" lon="6.388883" />
      <trkpt lat="46.030155" lon="6.390962" />
      <trkpt lat="46.029512" lon="6.391082" />
      <trkpt lat="46.028994" lon="6.390952" />
      <trkpt lat="46.028838" lon="6.391055" />
      <trkpt lat="46.02873" lon="6.392762" />
      <trkpt lat="46.028577" lon="6.393105" />
      <trkpt lat="46.028262" lon="6.39316" />
      <trkpt lat="46.027964" lon="6.392889" />
      <trkpt lat="46.027376" lon="6.391722" />
      <trkpt lat="46.026706" lon="6.391918" />
      <trkpt lat="46.025418" lon="6.393104" />
      <trkpt lat="46.024769" lon="6.39394" />
      <trkpt lat="46.024458" lon="6.394841" />
      <trkpt lat="46.023779" lon="6.394934" />
      <trkpt lat="46.023338" lon="6.395339" />
      <trkpt lat="46.022932" lon="6.395279" />
      <trkpt lat="46.022686" lon="6.395411" />
      <trkpt lat="46.022037" lon="6.396481" />
      <trkpt lat="46.021632" lon="6.396963" />
      <trkpt lat="46.021338" lon="6.397113" />
      <trkpt lat="46.019891" lon="6.396204" />
      <trkpt lat="46.019454" lon="6.396325" />
      <trkpt lat="46.019155" lon="6.39692" />
      <trkpt lat="46.018917" lon="6.397027" />
      <trkpt lat="46.018129" lon="6.396601" />
      <trkpt lat="46.017096" lon="6.396364" />
      <trkpt lat="46.016068" lon="6.395946" />
      <trkpt lat="46.013469" lon="6.396514" />
      <trkpt lat="46.01162" lon="6.39582" />
      <trkpt lat="46.01028" lon="6.39684" />
      <trkpt lat="46.007754" lon="6.39673" />
      <trkpt lat="46.006055" lon="6.396929" />
      <trkpt lat="46.005499" lon="6.397033" />
      <trkpt lat="46.004976" lon="6.397502" />
      <trkpt lat="46.004638" lon="6.397545" />
      <trkpt lat="46.002156" lon="6.396266" />
      <trkpt lat="46.001056" lon="6.396203" />
      <trkpt lat="46.000651" lon="6.396035" />
      <trkpt lat="45.999699" lon="6.3948" />
      <trkpt lat="45.999284" lon="6.394506" />
      <trkpt lat="45.997536" lon="6.394502" />
      <trkpt lat="45.996037" lon="6.394315" />
      <trkpt lat="45.994641" lon="6.394473" />
      <trkpt lat="45.993924" lon="6.394247" />
      <trkpt lat="45.991956" lon="6.393192" />
      <trkpt lat="45.991738" lon="6.393281" />
      <trkpt lat="45.991372" lon="6.393825" />
      <trkpt lat="45.990782" lon="6.393691" />
      <trkpt lat="45.990274" lon="6.393802" />
      <trkpt lat="45.989795" lon="6.393364" />
      <trkpt lat="45.989291" lon="6.393486" />
      <trkpt lat="45.988846" lon="6.393259" />
      <trkpt lat="45.988025" lon="6.392353" />
      <trkpt lat="45.987532" lon="6.391544" />
      <trkpt lat="45.986137" lon="6.390315" />
      <trkpt lat="45.984632" lon="6.388187" />
      <trkpt lat="45.984158" lon="6.387706" />
      <trkpt lat="45.982424" lon="6.387269" />
      <trkpt lat="45.980762" lon="6.387416" />
      <trkpt lat="45.978279" lon="6.387067" />
      <trkpt lat="45.977509" lon="6.387288" />
      <trkpt lat="45.977014" lon="6.387026" />
      <trkpt lat="45.975005" lon="6.386638" />
      <trkpt lat="45.974584" lon="6.386377" />
      <trkpt lat="45.973258" lon="6.384377" />
      <trkpt lat="45.973054" lon="6.384285" />
      <trkpt lat="45.970836" lon="6.384933" />
      <trkpt lat="45.969831" lon="6.384458" />
      <trkpt lat="45.969476" lon="6.384421" />
      <trkpt lat="45.967476" lon="6.385347" />
      <trkpt lat="45.965796" lon="6.385405" />
      <trkpt lat="45.964189" lon="6.386211" />
      <trkpt lat="45.963105" lon="6.385905" />
      <trkpt lat="45.962329" lon="6.385872" />
      <trkpt lat="45.959851" lon="6.387335" />
      <trkpt lat="45.959759" lon="6.387286" />
      <trkpt lat="45.959722" lon="6.387446" />
      <trkpt lat="45.956513" lon="6.388354" />
      <trkpt lat="45.955529" lon="6.38897" />
      <trkpt lat="45.954581" lon="6.390051" />
      <trkpt lat="45.953444" lon="6.390173" />
      <trkpt lat="45.953031" lon="6.390415" />
      <trkpt lat="45.950751" lon="6.394576" />
      <trkpt lat="45.949906" lon="6.396705" />
      <trkpt lat="45.948788" lon="6.397686" />
      <trkpt lat="45.94651" lon="6.400676" />
      <trkpt lat="45.943985" lon="6.402789" />
      <trkpt lat="45.943194" lon="6.403064" />
      <trkpt lat="45.942696" lon="6.40306" />
      <trkpt lat="45.94124" lon="6.402758" />
      <trkpt lat="45.940672" lon="6.402196" />
      <trkpt lat="45.940153" lon="6.402027" />
      <trkpt lat="45.939412" lon="6.402129" />
      <trkpt lat="45.938475" lon="6.401934" />
      <trkpt lat="45.938183" lon="6.401705" />
      <trkpt lat="45.937698" lon="6.400932" />
      <trkpt lat="45.936541" lon="6.400423" />
      <trkpt lat="45.934693" lon="6.400315" />
      <trkpt lat="45.933412" lon="6.401178" />
      <trkpt lat="45.932008" lon="6.403152" />
      <trkpt lat="45.931296" lon="6.404929" />
      <trkpt lat="45.931044" lon="6.405074" />
      <trkpt lat="45.929367" lon="6.405215" />
      <trkpt lat="45.928911" lon="6.405462" />
      <trkpt lat="45.928594" lon="6.405897" />
      <trkpt lat="45.927745" lon="6.407893" />
      <trkpt lat="45.927278" lon="6.409442" />
      <trkpt lat="45.92732" lon="6.410153" />
      <trkpt lat="45.928099" lon="6.411425" />
      <trkpt lat="45.928469" lon="6.411614" />
      <trkpt lat="45.929233" lon="6.411475" />
      <trkpt lat="45.929417" lon="6.411712" />
      <trkpt lat="45.929398" lon="6.412101" />
      <trkpt lat="45.929096" lon="6.412186" />
      <trkpt lat="45.927519" lon="6.412098" />
      <trkpt lat="45.92625" lon="6.411567" />
      <trkpt lat="45.925129" lon="6.409605" />
      <trkpt lat="45.924853" lon="6.409406" />
      <trkpt lat="45.924473" lon="6.409399" />
      <trkpt lat="45.923601" lon="6.410026" />
      <trkpt lat="45.922481" lon="6.410409" />
      <trkpt lat="45.922729" lon="6.411337" />
      <trkpt lat="45.923247" lon="6.412157" />
      <trkpt lat="45.923374" lon="6.412727" />
      <trkpt lat="45.923302" lon="6.413143" />
      <trkpt lat="45.922739" lon="6.414238" />
      <trkpt lat="45.921555" lon="6.415447" />
      <trkpt lat="45.921313" lon="6.415409" />
      <trkpt lat="45.920563" lon="6.414736" />
      <trkpt lat="45.919334" lon="6.415551" />
      <trkpt lat="45.917392" lon="6.418808" />
      <trkpt lat="45.916658" lon="6.419693" />
      <trkpt lat="45.916368" lon="6.419782" />
      <trkpt lat="45.916073" lon="6.419664" />
      <trkpt lat="45.914956" lon="6.418374" />
      <trkpt lat="45.913584" lon="6.418165" />
      <trkpt lat="45.91274" lon="6.418409" />
      <trkpt lat="45.912174" lon="6.419135" />
      <trkpt lat="45.911114" lon="6.419651" />
      <trkpt lat="45.910493" lon="6.419544" />
      <trkpt lat="45.909331" lon="6.418911" />
      <trkpt lat="45.908032" lon="6.419077" />
      <trkpt lat="45.907718" lon="6.419226" />
      <trkpt lat="45.90632" lon="6.421132" />
      <trkpt lat="45.905977" lon="6.421866" />
      <trkpt lat="45.905885" lon="6.425609" />
      <trkpt lat="45.906049" lon="6.427479" />
      <trkpt lat="45.905872" lon="6.428934" />
      <trkpt lat="45.905931" lon="6.430386" />
      <trkpt lat="45.905623" lon="6.430422" />
      <trkpt lat="45.905265" lon="6.430099" />
      <trkpt lat="45.904143" lon="6.427363" />
      <trkpt lat="45.903433" lon="6.426381" />
      <trkpt lat="45.902313" lon="6.425485" />
      <trkpt lat="45.901566" lon="6.425342" />
      <trkpt lat="45.900698" lon="6.425513" />
      <trkpt lat="45.900081" lon="6.425162" />
      <trkpt lat="45.899865" lon="6.425468" />
      <trkpt lat="45.899888" lon="6.426851" />
      <trkpt lat="45.899663" lon="6.427332" />
      <trkpt lat="45.89886" lon="6.427701" />
      <trkpt lat="45.897117" lon="6.42903" />
      <trkpt lat="45.896495" lon="6.429301" />
      <trkpt lat="45.895691" lon="6.42926" />
      <trkpt lat="45.895156" lon="6.429719" />
      <trkpt lat="45.893367" lon="6.429661" />
      <trkpt lat="45.89124" lon="6.430422" />
      <trkpt lat="45.890202" lon="6.431075" />
      <trkpt lat="45.889007" lon="6.432282" />
      <trkpt lat="45.8872" lon="6.433277" />
      <trkpt lat="45.886191" lon="6.433391" />
      <trkpt lat="45.885168" lon="6.434269" />
      <trkpt lat="45.883997" lon="6.436091" />
      <trkpt lat="45.883449" lon="6.438244" />
      <trkpt lat="45.882917" lon="6.439336" />
      <trkpt lat="45.882638" lon="6.440795" />
      <trkpt lat="45.882146" lon="6.44204" />
      <trkpt lat="45.881618" lon="6.442481" />
      <trkpt lat="45.88124" lon="6.443055" />
      <trkpt lat="45.880702" lon="6.443408" />
      <trkpt lat="45.880268" lon="6.444078" />
      <trkpt lat="45.88026" lon="6.444483" />
      <trkpt lat="45.880402" lon="6.444612" />
      <trkpt lat="45.881542" lon="6.443744" />
      <trkpt lat="45.881788" lon="6.443832" />
      <trkpt lat="45.881784" lon="6.444104" />
      <trkpt lat="45.881412" lon="6.444715" />
      <trkpt lat="45.881043" lon="6.445737" />
      <trkpt lat="45.88004" lon="6.446957" />
      <trkpt lat="45.879666" lon="6.448088" />
      <trkpt lat="45.877872" lon="6.449457" />
      <trkpt lat="45.876852" lon="6.450862" />
      <trkpt lat="45.876874" lon="6.451131" />
      <trkpt lat="45.876993" lon="6.4512" />
      <trkpt lat="45.877522" lon="6.4509" />
      <trkpt lat="45.878333" lon="6.450955" />
      <trkpt lat="45.878791" lon="6.450741" />
      <trkpt lat="45.879005" lon="6.450921" />
      <trkpt lat="45.878944" lon="6.45121" />
      <trkpt lat="45.878408" lon="6.451819" />
      <trkpt lat="45.876577" lon="6.45292" />
      <trkpt lat="45.875406" lon="6.454051" />
      <trkpt lat="45.873857" lon="6.454776" />
      <trkpt lat="45.873655" lon="6.455014" />
      <trkpt lat="45.873674" lon="6.455251" />
      <trkpt lat="45.873889" lon="6.455358" />
      <trkpt lat="45.875928" lon="6.454715" />
      <trkpt lat="45.876125" lon="6.454945" />
      <trkpt lat="45.875996" lon="6.455192" />
      <trkpt lat="45.874956" lon="6.456028" />
      <trkpt lat="45.874343" lon="6.456966" />
      <trkpt lat="45.874146" lon="6.457794" />
      <trkpt lat="45.873934" lon="6.461208" />
      <trkpt lat="45.871971" lon="6.465528" />
      <trkpt lat="45.871605" lon="6.466953" />
      <trkpt lat="45.871519" lon="6.468461" />
      <trkpt lat="45.870909" lon="6.469511" />
      <trkpt lat="45.871126" lon="6.471315" />
      <trkpt lat="45.871685" lon="6.472937" />
      <trkpt lat="45.872321" lon="6.474138" />
      <trkpt lat="45.872233" lon="6.47425" />
      <trkpt lat="45.871636" lon="6.473955" />
      <trkpt lat="45.871539" lon="6.474075" />
      <trkpt lat="45.871604" lon="6.474255" />
      <trkpt lat="45.872007" lon="6.474487" />
      <trkpt lat="45.871944" lon="6.474661" />
      <trkpt lat="45.871507" lon="6.474672" />
      <trkpt lat="45.871454" lon="6.474788" />
      <trkpt lat="45.871538" lon="6.47494" />
      <trkpt lat="45.871891" lon="6.47502" />
      <trkpt lat="45.871947" lon="6.475588" />
      <trkpt lat="45.872157" lon="6.476099" />
      <trkpt lat="45.871816" lon="6.476688" />
      <trkpt lat="45.871668" lon="6.477625" />
      <trkpt lat="45.871857" lon="6.480237" />
      <trkpt lat="45.871523" lon="6.481229" />
      <trkpt lat="45.871381" lon="6.481124" />
      <trkpt lat="45.871397" lon="6.480514" />
      <trkpt lat="45.871167" lon="6.480536" />
      <trkpt lat="45.870773" lon="6.482186" />
      <trkpt lat="45.871111" lon="6.483092" />
      <trkpt lat="45.871457" lon="6.484666" />
      <trkpt lat="45.871812" lon="6.485213" />
      <trkpt lat="45.87167" lon="6.486565" />
      <trkpt lat="45.871068" lon="6.486855" />
      <trkpt lat="45.870753" lon="6.487467" />
      <trkpt lat="45.870582" lon="6.487546" />
      <trkpt lat="45.870563" lon="6.486913" />
      <trkpt lat="45.870734" lon="6.486656" />
      <trkpt lat="45.871063" lon="6.48652" />
      <trkpt lat="45.871102" lon="6.486239" />
      <trkpt lat="45.870525" lon="6.485635" />
      <trkpt lat="45.870139" lon="6.483803" />
      <trkpt lat="45.869515" lon="6.48325" />
      <trkpt lat="45.869288" lon="6.482464" />
      <trkpt lat="45.86927" lon="6.481888" />
      <trkpt lat="45.869129" lon="6.481785" />
      <trkpt lat="45.868992" lon="6.483214" />
      <trkpt lat="45.868885" lon="6.483375" />
      <trkpt lat="45.868532" lon="6.483484" />
      <trkpt lat="45.868414" lon="6.483773" />
      <trkpt lat="45.86846" lon="6.48415" />
      <trkpt lat="45.868902" lon="6.484952" />
      <trkpt lat="45.868866" lon="6.486165" />
      <trkpt lat="45.86843" lon="6.487372" />
      <trkpt lat="45.868059" lon="6.487918" />
      <trkpt lat="45.868213" lon="6.489022" />
      <trkpt lat="45.868503" lon="6.489492" />
      <trkpt lat="45.868317" lon="6.489547" />
      <trkpt lat="45.867759" lon="6.488958" />
      <trkpt lat="45.86735" lon="6.488118" />
      <trkpt lat="45.867289" lon="6.487493" />
      <trkpt lat="45.866899" lon="6.486623" />
      <trkpt lat="45.866893" lon="6.487543" />
      <trkpt lat="45.866333" lon="6.488544" />
      <trkpt lat="45.866243" lon="6.489169" />
      <trkpt lat="45.866487" lon="6.489966" />
      <trkpt lat="45.867296" lon="6.490757" />
      <trkpt lat="45.867354" lon="6.491028" />
      <trkpt lat="45.866733" lon="6.491826" />
      <trkpt lat="45.86668" lon="6.492937" />
      <trkpt lat="45.865318" lon="6.493936" />
      <trkpt lat="45.864968" lon="6.494421" />
      <trkpt lat="45.864972" lon="6.494687" />
      <trkpt lat="45.864589" lon="6.495379" />
      <trkpt lat="45.864425" lon="6.495459" />
      <trkpt lat="45.864265" lon="6.495336" />
      <trkpt lat="45.864265" lon="6.494737" />
      <trkpt lat="45.863991" lon="6.494011" />
      <trkpt lat="45.864309" lon="6.492736" />
      <trkpt lat="45.864178" lon="6.492579" />
      <trkpt lat="45.863933" lon="6.492591" />
      <trkpt lat="45.863076" lon="6.493104" />
      <trkpt lat="45.862913" lon="6.493328" />
      <trkpt lat="45.862603" lon="6.493412" />
      <trkpt lat="45.862469" lon="6.493787" />
      <trkpt lat="45.862709" lon="6.494392" />
      <trkpt lat="45.862665" lon="6.49495" />
      <trkpt lat="45.861929" lon="6.494868" />
      <trkpt lat="45.86158" lon="6.495468" />
      <trkpt lat="45.860687" lon="6.495617" />
      <trkpt lat="45.860712" lon="6.495795" />
      <trkpt lat="45.861307" lon="6.496261" />
      <trkpt lat="45.861274" lon="6.496734" />
      <trkpt lat="45.860782" lon="6.496507" />
      <trkpt lat="45.859542" lon="6.496512" />
      <trkpt lat="45.859131" lon="6.496848" />
      <trkpt lat="45.858804" lon="6.497417" />
      <trkpt lat="45.855576" lon="6.499407" />
      <trkpt lat="45.854946" lon="6.500011" />
      <trkpt lat="45.854655" lon="6.500485" />
      <trkpt lat="45.854368" lon="6.500498" />
      <trkpt lat="45.854045" lon="6.50012" />
      <trkpt lat="45.853807" lon="6.500031" />
      <trkpt lat="45.852447" lon="6.500451" />
      <trkpt lat="45.851322" lon="6.501221" />
      <trkpt lat="45.849042" lon="6.503147" />
      <trkpt lat="45.847614" lon="6.503445" />
      <trkpt lat="45.847219" lon="6.504308" />
      <trkpt lat="45.847017" lon="6.504494" />
      <trkpt lat="45.846487" lon="6.504723" />
      <trkpt lat="45.845845" lon="6.504816" />
      <trkpt lat="45.844501" lon="6.505614" />
      <trkpt lat="45.843452" lon="6.505778" />
      <trkpt lat="45.842288" lon="6.506434" />
      <trkpt lat="45.841724" lon="6.506511" />
      <trkpt lat="45.841092" lon="6.506395" />
      <trkpt lat="45.840105" lon="6.506737" />
      <trkpt lat="45.839925" lon="6.506936" />
      <trkpt lat="45.83974" lon="6.507689" />
      <trkpt lat="45.839303" lon="6.508212" />
      <trkpt lat="45.839007" lon="6.507898" />
      <trkpt lat="45.838703" lon="6.507839" />
      <trkpt lat="45.838125" lon="6.508101" />
      <trkpt lat="45.836836" lon="6.508202" />
      <trkpt lat="45.836572" lon="6.508851" />
      <trkpt lat="45.836195" lon="6.508606" />
      <trkpt lat="45.835582" lon="6.508694" />
      <trkpt lat="45.835257" lon="6.508485" />
      <trkpt lat="45.834788" lon="6.508421" />
      <trkpt lat="45.834576" lon="6.508482" />
      <trkpt lat="45.83427" lon="6.508938" />
      <trkpt lat="45.834014" lon="6.508657" />
      <trkpt lat="45.833451" lon="6.508542" />
      <trkpt lat="45.832838" lon="6.508943" />
      <trkpt lat="45.83241" lon="6.508437" />
      <trkpt lat="45.831756" lon="6.50879" />
      <trkpt lat="45.83132" lon="6.508411" />
      <trkpt lat="45.830819" lon="6.509003" />
      <trkpt lat="45.830422" lon="6.509169" />
      <trkpt lat="45.829478" lon="6.509999" />
      <trkpt lat="45.828648" lon="6.510169" />
      <trkpt lat="45.828259" lon="6.510057" />
      <trkpt lat="45.827906" lon="6.510209" />
      <trkpt lat="45.827146" lon="6.510266" />
      <trkpt lat="45.82664" lon="6.509965" />
      <trkpt lat="45.826457" lon="6.509978" />
      <trkpt lat="45.825287" lon="6.510896" />
      <trkpt lat="45.824849" lon="6.511684" />
      <trkpt lat="45.824106" lon="6.512199" />
      <trkpt lat="45.82381" lon="6.512832" />
      <trkpt lat="45.823633" lon="6.512733" />
      <trkpt lat="45.823111" lon="6.511864" />
      <trkpt lat="45.822816" lon="6.511853" />
      <trkpt lat="45.822428" lon="6.512522" />
      <trkpt lat="45.822268" lon="6.513233" />
      <trkpt lat="45.821601" lon="6.51429" />
      <trkpt lat="45.820613" lon="6.514975" />
      <trkpt lat="45.820012" lon="6.516075" />
      <trkpt lat="45.819634" lon="6.516328" />
      <trkpt lat="45.819562" lon="6.51667" />
      <trkpt lat="45.818809" lon="6.517365" />
      <trkpt lat="45.81857" lon="6.516284" />
      <trkpt lat="45.818025" lon="6.516443" />
      <trkpt lat="45.817814" lon="6.515891" />
      <trkpt lat="45.817737" lon="6.516006" />
      <trkpt lat="45.817889" lon="6.516452" />
      <trkpt lat="45.817787" lon="6.516455" />
      <trkpt lat="45.817666" lon="6.516096" />
      <trkpt lat="45.817539" lon="6.516188" />
      <trkpt lat="45.817725" lon="6.516542" />
      <trkpt lat="45.817655" lon="6.516697" />
      <trkpt lat="45.817247" lon="6.516116" />
      <trkpt lat="45.81661" lon="6.516187" />
      <trkpt lat="45.816697" lon="6.516361" />
      <trkpt lat="45.81701" lon="6.516299" />
      <trkpt lat="45.817194" lon="6.516572" />
      <trkpt lat="45.817261" lon="6.517152" />
      <trkpt lat="45.817181" lon="6.517303" />
      <trkpt lat="45.816971" lon="6.517331" />
      <trkpt lat="45.816592" lon="6.516973" />
      <trkpt lat="45.816367" lon="6.516551" />
      <trkpt lat="45.815098" lon="6.515605" />
      <trkpt lat="45.813827" lon="6.514088" />
      <trkpt lat="45.813071" lon="6.513367" />
      <trkpt lat="45.812895" lon="6.51333" />
      <trkpt lat="45.812864" lon="6.513558" />
      <trkpt lat="45.813373" lon="6.513987" />
      <trkpt lat="45.813834" lon="6.514938" />
      <trkpt lat="45.814729" lon="6.517186" />
      <trkpt lat="45.814944" lon="6.518129" />
      <trkpt lat="45.815766" lon="6.519798" />
      <trkpt lat="45.816694" lon="6.522884" />
      <trkpt lat="45.8167" lon="6.523374" />
      <trkpt lat="45.816515" lon="6.523511" />
      <trkpt lat="45.816242" lon="6.52241" />
      <trkpt lat="45.815865" lon="6.521521" />
      <trkpt lat="45.814026" lon="6.518247" />
      <trkpt lat="45.812805" lon="6.516746" />
      <trkpt lat="45.811375" lon="6.51569" />
      <trkpt lat="45.810663" lon="6.515422" />
      <trkpt lat="45.810418" lon="6.515502" />
      <trkpt lat="45.809898" lon="6.515987" />
      <trkpt lat="45.8092" lon="6.515858" />
      <trkpt lat="45.807997" lon="6.51682" />
      <trkpt lat="45.807898" lon="6.517044" />
      <trkpt lat="45.807978" lon="6.517344" />
      <trkpt lat="45.809735" lon="6.519854" />
      <trkpt lat="45.809593" lon="6.520102" />
      <trkpt lat="45.808857" lon="6.519951" />
      <trkpt lat="45.808204" lon="6.520458" />
      <trkpt lat="45.808265" lon="6.520698" />
      <trkpt lat="45.808606" lon="6.520619" />
      <trkpt lat="45.808827" lon="6.520707" />
      <trkpt lat="45.809438" lon="6.521279" />
      <trkpt lat="45.809516" lon="6.521556" />
      <trkpt lat="45.809108" lon="6.521834" />
      <trkpt lat="45.808835" lon="6.523153" />
      <trkpt lat="45.808427" lon="6.523962" />
      <trkpt lat="45.8075" lon="6.524851" />
      <trkpt lat="45.807052" lon="6.525504" />
      <trkpt lat="45.806566" lon="6.527161" />
      <trkpt lat="45.805841" lon="6.528553" />
      <trkpt lat="45.805651" lon="6.529202" />
      <trkpt lat="45.805074" lon="6.530205" />
      <trkpt lat="45.804549" lon="6.530842" />
      <trkpt lat="45.804629" lon="6.532341" />
      <trkpt lat="45.804367" lon="6.53513" />
      <trkpt lat="45.805034" lon="6.537089" />
      <trkpt lat="45.805053" lon="6.538192" />
      <trkpt lat="45.804599" lon="6.53916" />
      <trkpt lat="45.80434" lon="6.540721" />
      <trkpt lat="45.805363" lon="6.546794" />
      <trkpt lat="45.805271" lon="6.547257" />
      <trkpt lat="45.804745" lon="6.547828" />
      <trkpt lat="45.804671" lon="6.548526" />
      <trkpt lat="45.804353" lon="6.54917" />
      <trkpt lat="45.804383" lon="6.550076" />
      <trkpt lat="45.804203" lon="6.55043" />
      <trkpt lat="45.804016" lon="6.550472" />
      <trkpt lat="45.803858" lon="6.550355" />
      <trkpt lat="45.803695" lon="6.549644" />
      <trkpt lat="45.8034" lon="6.549125" />
      <trkpt lat="45.801125" lon="6.54663" />
      <trkpt lat="45.800034" lon="6.544876" />
      <trkpt lat="45.797717" lon="6.542283" />
      <trkpt lat="45.797405" lon="6.541514" />
      <trkpt lat="45.796589" lon="6.540912" />
      <trkpt lat="45.795943" lon="6.540915" />
      <trkpt lat="45.795319" lon="6.541594" />
      <trkpt lat="45.793706" lon="6.542685" />
      <trkpt lat="45.793377" lon="6.543044" />
      <trkpt lat="45.792899" lon="6.543239" />
      <trkpt lat="45.791753" lon="6.544324" />
      <trkpt lat="45.790388" lon="6.544895" />
      <trkpt lat="45.78987" lon="6.545433" />
      <trkpt lat="45.789051" lon="6.54675" />
      <trkpt lat="45.788699" lon="6.546933" />
      <trkpt lat="45.787246" lon="6.547002" />
      <trkpt lat="45.786675" lon="6.547285" />
      <trkpt lat="45.785836" lon="6.548785" />
      <trkpt lat="45.785201" lon="6.550543" />
      <trkpt lat="45.784066" lon="6.551952" />
      <trkpt lat="45.78268" lon="6.554196" />
      <trkpt lat="45.781229" lon="6.557586" />
      <trkpt lat="45.780484" lon="6.558167" />
      <trkpt lat="45.779488" lon="6.559583" />
      <trkpt lat="45.778896" lon="6.559902" />
      <trkpt lat="45.778571" lon="6.559905" />
      <trkpt lat="45.778247" lon="6.559634" />
      <trkpt lat="45.778135" lon="6.559282" />
      <trkpt lat="45.778671" lon="6.55751" />
      <trkpt lat="45.779672" lon="6.55545" />
      <trkpt lat="45.779903" lon="6.553843" />
      <trkpt lat="45.779845" lon="6.552871" />
      <trkpt lat="45.780241" lon="6.551124" />
      <trkpt lat="45.780055" lon="6.550113" />
      <trkpt lat="45.780218" lon="6.549631" />
      <trkpt lat="45.781375" lon="6.548089" />
      <trkpt lat="45.781665" lon="6.547339" />
      <trkpt lat="45.781791" lon="6.546409" />
      <trkpt lat="45.78164" lon="6.54436" />
      <trkpt lat="45.781302" lon="6.543813" />
      <trkpt lat="45.780495" lon="6.543302" />
      <trkpt lat="45.780634" lon="6.542173" />
      <trkpt lat="45.780492" lon="6.54138" />
      <trkpt lat="45.779835" lon="6.539356" />
      <trkpt lat="45.779099" lon="6.537866" />
      <trkpt lat="45.777958" lon="6.53699" />
      <trkpt lat="45.776477" lon="6.53649" />
      <trkpt lat="45.775738" lon="6.535871" />
      <trkpt lat="45.774974" lon="6.535542" />
      <trkpt lat="45.77402" lon="6.535529" />
      <trkpt lat="45.773239" lon="6.536268" />
      <trkpt lat="45.772309" lon="6.536422" />
      <trkpt lat="45.770975" lon="6.534519" />
      <trkpt lat="45.770284" lon="6.533119" />
      <trkpt lat="45.769258" lon="6.532159" />
      <trkpt lat="45.768567" lon="6.531832" />
      <trkpt lat="45.768247" lon="6.531828" />
      <trkpt lat="45.766961" lon="6.532242" />
      <trkpt lat="45.766078" lon="6.532638" />
      <trkpt lat="45.76507" lon="6.533416" />
      <trkpt lat="45.763698" lon="6.533903" />
      <trkpt lat="45.763384" lon="6.533867" />
      <trkpt lat="45.763288" lon="6.53364" />
      <trkpt lat="45.763153" lon="6.533725" />
      <trkpt lat="45.762664" lon="6.533436" />
      <trkpt lat="45.762188" lon="6.533364" />
      <trkpt lat="45.761138" lon="6.533393" />
      <trkpt lat="45.760222" lon="6.533629" />
      <trkpt lat="45.759545" lon="6.53419" />
      <trkpt lat="45.759411" lon="6.534177" />
      <trkpt lat="45.758949" lon="6.535303" />
      <trkpt lat="45.758405" lon="6.536008" />
      <trkpt lat="45.757362" lon="6.539084" />
      <trkpt lat="45.75713" lon="6.539308" />
      <trkpt lat="45.757048" lon="6.539694" />
      <trkpt lat="45.756417" lon="6.540817" />
      <trkpt lat="45.75608" lon="6.542485" />
      <trkpt lat="45.755198" lon="6.544986" />
      <trkpt lat="45.754802" lon="6.545582" />
      <trkpt lat="45.75434" lon="6.545903" />
      <trkpt lat="45.753794" lon="6.545907" />
      <trkpt lat="45.753138" lon="6.546343" />
      <trkpt lat="45.750567" lon="6.547276" />
      <trkpt lat="45.74868" lon="6.547705" />
      <trkpt lat="45.748144" lon="6.547477" />
      <trkpt lat="45.747781" lon="6.54754" />
      <trkpt lat="45.747514" lon="6.547789" />
      <trkpt lat="45.747343" lon="6.548516" />
      <trkpt lat="45.747069" lon="6.548926" />
      <trkpt lat="45.746135" lon="6.549153" />
      <trkpt lat="45.745267" lon="6.549559" />
      <trkpt lat="45.744779" lon="6.549247" />
      <trkpt lat="45.744454" lon="6.549265" />
      <trkpt lat="45.743158" lon="6.5508" />
      <trkpt lat="45.742917" lon="6.551795" />
      <trkpt lat="45.743156" lon="6.553124" />
      <trkpt lat="45.742971" lon="6.554842" />
      <trkpt lat="45.743229" lon="6.556392" />
      <trkpt lat="45.743969" lon="6.557928" />
      <trkpt lat="45.743996" lon="6.558759" />
      <trkpt lat="45.744199" lon="6.559333" />
      <trkpt lat="45.744006" lon="6.559199" />
      <trkpt lat="45.743657" lon="6.558223" />
      <trkpt lat="45.742849" lon="6.557996" />
      <trkpt lat="45.742209" lon="6.557481" />
      <trkpt lat="45.741701" lon="6.556357" />
      <trkpt lat="45.741569" lon="6.556379" />
      <trkpt lat="45.741749" lon="6.557759" />
      <trkpt lat="45.742012" lon="6.558363" />
      <trkpt lat="45.742094" lon="6.559326" />
      <trkpt lat="45.742371" lon="6.55997" />
      <trkpt lat="45.742919" lon="6.560762" />
      <trkpt lat="45.743034" lon="6.561692" />
      <trkpt lat="45.743355" lon="6.562814" />
      <trkpt lat="45.743222" lon="6.563262" />
      <trkpt lat="45.742675" lon="6.56372" />
      <trkpt lat="45.742631" lon="6.564129" />
      <trkpt lat="45.743715" lon="6.566542" />
      <trkpt lat="45.7446" lon="6.567995" />
      <trkpt lat="45.744518" lon="6.569014" />
      <trkpt lat="45.744602" lon="6.569421" />
      <trkpt lat="45.745227" lon="6.570304" />
      <trkpt lat="45.747514" lon="6.571965" />
      <trkpt lat="45.747943" lon="6.572793" />
      <trkpt lat="45.749636" lon="6.574798" />
      <trkpt lat="45.750044" lon="6.575052" />
      <trkpt lat="45.750552" lon="6.575831" />
      <trkpt lat="45.751072" lon="6.576111" />
      <trkpt lat="45.751529" lon="6.576756" />
      <trkpt lat="45.751632" lon="6.577515" />
      <trkpt lat="45.751901" lon="6.57766" />
      <trkpt lat="45.751779" lon="6.57782" />
      <trkpt lat="45.751471" lon="6.577651" />
      <trkpt lat="45.751228" lon="6.577017" />
      <trkpt lat="45.750931" lon="6.576731" />
      <trkpt lat="45.750518" lon="6.576755" />
      <trkpt lat="45.749202" lon="6.57627" />
      <trkpt lat="45.748385" lon="6.575657" />
      <trkpt lat="45.746807" lon="6.57492" />
      <trkpt lat="45.746384" lon="6.574289" />
      <trkpt lat="45.746" lon="6.574136" />
      <trkpt lat="45.745076" lon="6.573" />
      <trkpt lat="45.743445" lon="6.571497" />
      <trkpt lat="45.743109" lon="6.57087" />
      <trkpt lat="45.742754" lon="6.570827" />
      <trkpt lat="45.741078" lon="6.569932" />
      <trkpt lat="45.740294" lon="6.568952" />
      <trkpt lat="45.73922" lon="6.568132" />
      <trkpt lat="45.738225" lon="6.566038" />
      <trkpt lat="45.737591" lon="6.565673" />
      <trkpt lat="45.736713" lon="6.564872" />
      <trkpt lat="45.734668" lon="6.564024" />
      <trkpt lat="45.733851" lon="6.562457" />
      <trkpt lat="45.73267" lon="6.561086" />
      <trkpt lat="45.732572" lon="6.56063" />
      <trkpt lat="45.732975" lon="6.559482" />
      <trkpt lat="45.733018" lon="6.55791" />
      <trkpt lat="45.733798" lon="6.556336" />
      <trkpt lat="45.733973" lon="6.552381" />
      <trkpt lat="45.734288" lon="6.551376" />
      <trkpt lat="45.734209" lon="6.55105" />
      <trkpt lat="45.733679" lon="6.550506" />
      <trkpt lat="45.733386" lon="6.549842" />
      <trkpt lat="45.733634" lon="6.548324" />
      <trkpt lat="45.733563" lon="6.547739" />
      <trkpt lat="45.732944" lon="6.545741" />
      <trkpt lat="45.731753" lon="6.542856" />
      <trkpt lat="45.731925" lon="6.541564" />
      <trkpt lat="45.732287" lon="6.54075" />
      <trkpt lat="45.732208" lon="6.540537" />
      <trkpt lat="45.73209" lon="6.540597" />
      <trkpt lat="45.731702" lon="6.541619" />
      <trkpt lat="45.731362" lon="6.543164" />
      <trkpt lat="45.731766" lon="6.544549" />
      <trkpt lat="45.731652" lon="6.546075" />
      <trkpt lat="45.732087" lon="6.548786" />
      <trkpt lat="45.731966" lon="6.550041" />
      <trkpt lat="45.732184" lon="6.551546" />
      <trkpt lat="45.731945" lon="6.552021" />
      <trkpt lat="45.731352" lon="6.552686" />
      <trkpt lat="45.730315" lon="6.554989" />
      <trkpt lat="45.730241" lon="6.557053" />
      <trkpt lat="45.729725" lon="6.560553" />
      <trkpt lat="45.729704" lon="6.562082" />
      <trkpt lat="45.729647" lon="6.562238" />
      <trkpt lat="45.729513" lon="6.56224" />
      <trkpt lat="45.72919" lon="6.556393" />
      <trkpt lat="45.72927" lon="6.555002" />
      <trkpt lat="45.728959" lon="6.55336" />
      <trkpt lat="45.728854" lon="6.550713" />
      <trkpt lat="45.729213" lon="6.550071" />
      <trkpt lat="45.729063" lon="6.549971" />
      <trkpt lat="45.728655" lon="6.550434" />
      <trkpt lat="45.728656" lon="6.551486" />
      <trkpt lat="45.728271" lon="6.554021" />
      <trkpt lat="45.727398" lon="6.555967" />
      <trkpt lat="45.727267" lon="6.556012" />
      <trkpt lat="45.727216" lon="6.555835" />
      <trkpt lat="45.72761" lon="6.554733" />
      <trkpt lat="45.727906" lon="6.55125" />
      <trkpt lat="45.727822" lon="6.551122" />
      <trkpt lat="45.727714" lon="6.551204" />
      <trkpt lat="45.727587" lon="6.552281" />
      <trkpt lat="45.727172" lon="6.553804" />
      <trkpt lat="45.727025" lon="6.553903" />
      <trkpt lat="45.726852" lon="6.550659" />
      <trkpt lat="45.727352" lon="6.549408" />
      <trkpt lat="45.727029" lon="6.54769" />
      <trkpt lat="45.726938" lon="6.545912" />
      <trkpt lat="45.726792" lon="6.545788" />
      <trkpt lat="45.725943" lon="6.547673" />
      <trkpt lat="45.725671" lon="6.550206" />
      <trkpt lat="45.725268" lon="6.551657" />
      <trkpt lat="45.724854" lon="6.552503" />
      <trkpt lat="45.721523" lon="6.557856" />
      <trkpt lat="45.719692" lon="6.562641" />
      <trkpt lat="45.719543" lon="6.563591" />
      <trkpt lat="45.719588" lon="6.565502" />
      <trkpt lat="45.720014" lon="6.571618" />
      <trkpt lat="45.71975" lon="6.572625" />
      <trkpt lat="45.719485" lon="6.573146" />
      <trkpt lat="45.719085" lon="6.573434" />
      <trkpt lat="45.718676" lon="6.57418" />
      <trkpt lat="45.717752" lon="6.575378" />
      <trkpt lat="45.716726" lon="6.576052" />
      <trkpt lat="45.716017" lon="6.576232" />
      <trkpt lat="45.715041" lon="6.576272" />
      <trkpt lat="45.714507" lon="6.576687" />
      <trkpt lat="45.714137" lon="6.578399" />
      <trkpt lat="45.713244" lon="6.579716" />
      <trkpt lat="45.71295" lon="6.582232" />
      <trkpt lat="45.711948" lon="6.584312" />
      <trkpt lat="45.711807" lon="6.586479" />
      <trkpt lat="45.711429" lon="6.587492" />
      <trkpt lat="45.711075" lon="6.589318" />
      <trkpt lat="45.71024" lon="6.590069" />
      <trkpt lat="45.709945" lon="6.590197" />
      <trkpt lat="45.709905" lon="6.589981" />
      <trkpt lat="45.710147" lon="6.589804" />
      <trkpt lat="45.71029" lon="6.589483" />
      <trkpt lat="45.710267" lon="6.589332" />
      <trkpt lat="45.710131" lon="6.589325" />
      <trkpt lat="45.708606" lon="6.591546" />
      <trkpt lat="45.707882" lon="6.591949" />
      <trkpt lat="45.707528" lon="6.59305" />
      <trkpt lat="45.707203" lon="6.593635" />
      <trkpt lat="45.707031" lon="6.595418" />
      <trkpt lat="45.707059" lon="6.597244" />
      <trkpt lat="45.706566" lon="6.600971" />
      <trkpt lat="45.706964" lon="6.602655" />
      <trkpt lat="45.707248" lon="6.603265" />
      <trkpt lat="45.707536" lon="6.604824" />
      <trkpt lat="45.707299" lon="6.60535" />
      <trkpt lat="45.707299" lon="6.60597" />
      <trkpt lat="45.706976" lon="6.607101" />
      <trkpt lat="45.707355" lon="6.608744" />
      <trkpt lat="45.707039" lon="6.609463" />
      <trkpt lat="45.706754" lon="6.610993" />
      <trkpt lat="45.7068" lon="6.61133" />
      <trkpt lat="45.707129" lon="6.611926" />
      <trkpt lat="45.707019" lon="6.612537" />
      <trkpt lat="45.707119" lon="6.613035" />
      <trkpt lat="45.70643" lon="6.614691" />
      <trkpt lat="45.706401" lon="6.616677" />
      <trkpt lat="45.706255" lon="6.618207" />
      <trkpt lat="45.706016" lon="6.619103" />
      <trkpt lat="45.705487" lon="6.61969" />
      <trkpt lat="45.703619" lon="6.620576" />
      <trkpt lat="45.703462" lon="6.620958" />
      <trkpt lat="45.703752" lon="6.621615" />
      <trkpt lat="45.703637" lon="6.622855" />
      <trkpt lat="45.703777" lon="6.623338" />
      <trkpt lat="45.704245" lon="6.623992" />
      <trkpt lat="45.704758" lon="6.624314" />
      <trkpt lat="45.705221" lon="6.624387" />
      <trkpt lat="45.705216" lon="6.624643" />
      <trkpt lat="45.703882" lon="6.624359" />
      <trkpt lat="45.702181" lon="6.62323" />
      <trkpt lat="45.701222" lon="6.62145" />
      <trkpt lat="45.700781" lon="6.619115" />
      <trkpt lat="45.699721" lon="6.618415" />
      <trkpt lat="45.699282" lon="6.61778" />
      <trkpt lat="45.698429" lon="6.614929" />
      <trkpt lat="45.698148" lon="6.614671" />
      <trkpt lat="45.697404" lon="6.614504" />
      <trkpt lat="45.697053" lon="6.614177" />
      <trkpt lat="45.696901" lon="6.614269" />
      <trkpt lat="45.69692" lon="6.614435" />
      <trkpt lat="45.697643" lon="6.615258" />
      <trkpt lat="45.698087" lon="6.616168" />
      <trkpt lat="45.697949" lon="6.617349" />
      <trkpt lat="45.698059" lon="6.618632" />
      <trkpt lat="45.698249" lon="6.619324" />
      <trkpt lat="45.698626" lon="6.619942" />
      <trkpt lat="45.698594" lon="6.620102" />
      <trkpt lat="45.697724" lon="6.618795" />
      <trkpt lat="45.696949" lon="6.616685" />
      <trkpt lat="45.69684" lon="6.616955" />
      <trkpt lat="45.697287" lon="6.618995" />
      <trkpt lat="45.697949" lon="6.620397" />
      <trkpt lat="45.698441" lon="6.621036" />
      <trkpt lat="45.698455" lon="6.621995" />
      <trkpt lat="45.698984" lon="6.623523" />
      <trkpt lat="45.699385" lon="6.625804" />
      <trkpt lat="45.699717" lon="6.626455" />
      <trkpt lat="45.700647" lon="6.627512" />
      <trkpt lat="45.701065" lon="6.628221" />
      <trkpt lat="45.701599" lon="6.628463" />
      <trkpt lat="45.702778" lon="6.629412" />
      <trkpt lat="45.703106" lon="6.629514" />
      <trkpt lat="45.704256" lon="6.629393" />
      <trkpt lat="45.704974" lon="6.629471" />
      <trkpt lat="45.705589" lon="6.630017" />
      <trkpt lat="45.706926" lon="6.630754" />
      <trkpt lat="45.707421" lon="6.630824" />
      <trkpt lat="45.707511" lon="6.630987" />
      <trkpt lat="45.707355" lon="6.631178" />
      <trkpt lat="45.706016" lon="6.630863" />
      <trkpt lat="45.705515" lon="6.630961" />
      <trkpt lat="45.705006" lon="6.630679" />
      <trkpt lat="45.704557" lon="6.630896" />
      <trkpt lat="45.701856" lon="6.631449" />
      <trkpt lat="45.700175" lon="6.630696" />
      <trkpt lat="45.700185" lon="6.630909" />
      <trkpt lat="45.700927" lon="6.631633" />
      <trkpt lat="45.701637" lon="6.632018" />
      <trkpt lat="45.70288" lon="6.632253" />
      <trkpt lat="45.703694" lon="6.632123" />
      <trkpt lat="45.70411" lon="6.632412" />
      <trkpt lat="45.70456" lon="6.632493" />
      <trkpt lat="45.705368" lon="6.633029" />
      <trkpt lat="45.706134" lon="6.633134" />
      <trkpt lat="45.706866" lon="6.632892" />
      <trkpt lat="45.706985" lon="6.632974" />
      <trkpt lat="45.706938" lon="6.633152" />
      <trkpt lat="45.705367" lon="6.633566" />
      <trkpt lat="45.704484" lon="6.633587" />
      <trkpt lat="45.704173" lon="6.63347" />
      <trkpt lat="45.703694" lon="6.633608" />
      <trkpt lat="45.703082" lon="6.633452" />
      <trkpt lat="45.701754" lon="6.63378" />
      <trkpt lat="45.699572" lon="6.633851" />
      <trkpt lat="45.699088" lon="6.634165" />
      <trkpt lat="45.69858" lon="6.634204" />
      <trkpt lat="45.698316" lon="6.634177" />
      <trkpt lat="45.697891" lon="6.63383" />
      <trkpt lat="45.69728" lon="6.633902" />
      <trkpt lat="45.696849" lon="6.633765" />
      <trkpt lat="45.695476" lon="6.633023" />
      <trkpt lat="45.695075" lon="6.633138" />
      <trkpt lat="45.694907" lon="6.633882" />
      <trkpt lat="45.695244" lon="6.635187" />
      <trkpt lat="45.695811" lon="6.636142" />
      <trkpt lat="45.696401" lon="6.636718" />
      <trkpt lat="45.696914" lon="6.637656" />
      <trkpt lat="45.698005" lon="6.638482" />
      <trkpt lat="45.699381" lon="6.640337" />
      <trkpt lat="45.700182" lon="6.642076" />
      <trkpt lat="45.700728" lon="6.643941" />
      <trkpt lat="45.700756" lon="6.644323" />
      <trkpt lat="45.700596" lon="6.644827" />
      <trkpt lat="45.69991" lon="6.645415" />
      <trkpt lat="45.699762" lon="6.645814" />
      <trkpt lat="45.700369" lon="6.647499" />
      <trkpt lat="45.700912" lon="6.648282" />
      <trkpt lat="45.701074" lon="6.64885" />
      <trkpt lat="45.700965" lon="6.649492" />
      <trkpt lat="45.700339" lon="6.650126" />
      <trkpt lat="45.700212" lon="6.650423" />
      <trkpt lat="45.700355" lon="6.653041" />
      <trkpt lat="45.699851" lon="6.654073" />
      <trkpt lat="45.699542" lon="6.655084" />
      <trkpt lat="45.698796" lon="6.655385" />
      <trkpt lat="45.698181" lon="6.656129" />
      <trkpt lat="45.697873" lon="6.65632" />
      <trkpt lat="45.697248" lon="6.656358" />
      <trkpt lat="45.694937" lon="6.655414" />
      <trkpt lat="45.694587" lon="6.655544" />
      <trkpt lat="45.694415" lon="6.656097" />
      <trkpt lat="45.694613" lon="6.656676" />
      <trkpt lat="45.69492" lon="6.656822" />
      <trkpt lat="45.695685" lon="6.656759" />
      <trkpt lat="45.695933" lon="6.657059" />
      <trkpt lat="45.695936" lon="6.6576" />
      <trkpt lat="45.695601" lon="6.657984" />
      <trkpt lat="45.69422" lon="6.657616" />
      <trkpt lat="45.693835" lon="6.656823" />
      <trkpt lat="45.692568" lon="6.655476" />
      <trkpt lat="45.691223" lon="6.653646" />
      <trkpt lat="45.691091" lon="6.653663" />
      <trkpt lat="45.691717" lon="6.654639" />
      <trkpt lat="45.692324" lon="6.656175" />
      <trkpt lat="45.693206" lon="6.657761" />
      <trkpt lat="45.694415" lon="6.6595" />
      <trkpt lat="45.695427" lon="6.660528" />
      <trkpt lat="45.696023" lon="6.661828" />
      <trkpt lat="45.696289" lon="6.66292" />
      <trkpt lat="45.6963" lon="6.663761" />
      <trkpt lat="45.695655" lon="6.665033" />
      <trkpt lat="45.69538" lon="6.66518" />
      <trkpt lat="45.69494" lon="6.664942" />
      <trkpt lat="45.694556" lon="6.664991" />
      <trkpt lat="45.693825" lon="6.665562" />
      <trkpt lat="45.693554" lon="6.666544" />
      <trkpt lat="45.693522" lon="6.667736" />
      <trkpt lat="45.692972" lon="6.670145" />
      <trkpt lat="45.692623" lon="6.670785" />
      <trkpt lat="45.692466" lon="6.671474" />
      <trkpt lat="45.691824" lon="6.672627" />
      <trkpt lat="45.69121" lon="6.673236" />
      <trkpt lat="45.690876" lon="6.674949" />
      <trkpt lat="45.691173" lon="6.677219" />
      <trkpt lat="45.692235" lon="6.679145" />
      <trkpt lat="45.69296" lon="6.679701" />
      <trkpt lat="45.69336" lon="6.681502" />
      <trkpt lat="45.69419" lon="6.682371" />
      <trkpt lat="45.694246" lon="6.682665" />
      <trkpt lat="45.69403" lon="6.682758" />
      <trkpt lat="45.692635" lon="6.681838" />
      <trkpt lat="45.691617" lon="6.680542" />
      <trkpt lat="45.690956" lon="6.679986" />
      <trkpt lat="45.690619" lon="6.680005" />
      <trkpt lat="45.690328" lon="6.680227" />
      <trkpt lat="45.690109" lon="6.680642" />
      <trkpt lat="45.690025" lon="6.681249" />
      <trkpt lat="45.690157" lon="6.681841" />
      <trkpt lat="45.690872" lon="6.682513" />
      <trkpt lat="45.691562" lon="6.684041" />
      <trkpt lat="45.691193" lon="6.685072" />
      <trkpt lat="45.691048" lon="6.686849" />
      <trkpt lat="45.691456" lon="6.687676" />
      <trkpt lat="45.6912" lon="6.689759" />
      <trkpt lat="45.691588" lon="6.691851" />
      <trkpt lat="45.691956" lon="6.692386" />
      <trkpt lat="45.692849" lon="6.692515" />
      <trkpt lat="45.69316" lon="6.692748" />
      <trkpt lat="45.693696" lon="6.693762" />
      <trkpt lat="45.69386" lon="6.694394" />
      <trkpt lat="45.693891" lon="6.695244" />
      <trkpt lat="45.693676" lon="6.696788" />
      <trkpt lat="45.693439" lon="6.697623" />
      <trkpt lat="45.692229" lon="6.700502" />
      <trkpt lat="45.692114" lon="6.701371" />
      <trkpt lat="45.692174" lon="6.701967" />
      <trkpt lat="45.692977" lon="6.704787" />
      <trkpt lat="45.693902" lon="6.712641" />
      <trkpt lat="45.694467" lon="6.714789" />
      <trkpt lat="45.694322" lon="6.716119" />
      <trkpt lat="45.694519" lon="6.716507" />
      <trkpt lat="45.694746" lon="6.716657" />
      <trkpt lat="45.695446" lon="6.716333" />
      <trkpt lat="45.695739" lon="6.716408" />
      <trkpt lat="45.695875" lon="6.716676" />
      <trkpt lat="45.695687" lon="6.717393" />
      <trkpt lat="45.695843" lon="6.718411" />
      <trkpt lat="45.697323" lon="6.719509" />
      <trkpt lat="45.697403" lon="6.719938" />
      <trkpt lat="45.697263" lon="6.721477" />
      <trkpt lat="45.697634" lon="6.722091" />
      <trkpt lat="45.697707" lon="6.722518" />
      <trkpt lat="45.697397" lon="6.723732" />
      <trkpt lat="45.698035" lon="6.724734" />
      <trkpt lat="45.69807" lon="6.72514" />
      <trkpt lat="45.697801" lon="6.725334" />
      <trkpt lat="45.697152" lon="6.725084" />
      <trkpt lat="45.69607" lon="6.722663" />
      <trkpt lat="45.695902" lon="6.722547" />
      <trkpt lat="45.695829" lon="6.722733" />
      <trkpt lat="45.696093" lon="6.723474" />
      <trkpt lat="45.696127" lon="6.725337" />
      <trkpt lat="45.696353" lon="6.726384" />
      <trkpt lat="45.696277" lon="6.726748" />
      <trkpt lat="45.696104" lon="6.726745" />
      <trkpt lat="45.695783" lon="6.725461" />
      <trkpt lat="45.695174" lon="6.724137" />
      <trkpt lat="45.69531" lon="6.723275" />
      <trkpt lat="45.695186" lon="6.722479" />
      <trkpt lat="45.694913" lon="6.722055" />
      <trkpt lat="45.694608" lon="6.722112" />
      <trkpt lat="45.694265" lon="6.722578" />
      <trkpt lat="45.693901" lon="6.723527" />
      <trkpt lat="45.694024" lon="6.726499" />
      <trkpt lat="45.693316" lon="6.730926" />
      <trkpt lat="45.693324" lon="6.731949" />
      <trkpt lat="45.692729" lon="6.732323" />
      <trkpt lat="45.690797" lon="6.732625" />
      <trkpt lat="45.688991" lon="6.733081" />
      <trkpt lat="45.687964" lon="6.732772" />
      <trkpt lat="45.686298" lon="6.733265" />
      <trkpt lat="45.685905" lon="6.733857" />
      <trkpt lat="45.685752" lon="6.735541" />
      <trkpt lat="45.685148" lon="6.736714" />
      <trkpt lat="45.684576" lon="6.737187" />
      <trkpt lat="45.683097" lon="6.737746" />
      <trkpt lat="45.682104" lon="6.739383" />
      <trkpt lat="45.681164" lon="6.739955" />
      <trkpt lat="45.678376" lon="6.743213" />
      <trkpt lat="45.677219" lon="6.746122" />
      <trkpt lat="45.676117" lon="6.747361" />
      <trkpt lat="45.675685" lon="6.748491" />
      <trkpt lat="45.675448" lon="6.749879" />
      <trkpt lat="45.67421" lon="6.751605" />
      <trkpt lat="45.674138" lon="6.753792" />
      <trkpt lat="45.673846" lon="6.754536" />
      <trkpt lat="45.673267" lon="6.755333" />
      <trkpt lat="45.672924" lon="6.756411" />
      <trkpt lat="45.672209" lon="6.757311" />
      <trkpt lat="45.671677" lon="6.757557" />
      <trkpt lat="45.671206" lon="6.757486" />
      <trkpt lat="45.670462" lon="6.75891" />
      <trkpt lat="45.670499" lon="6.759164" />
      <trkpt lat="45.671009" lon="6.759818" />
      <trkpt lat="45.67123" lon="6.760802" />
      <trkpt lat="45.671242" lon="6.76249" />
      <trkpt lat="45.671048" lon="6.763565" />
      <trkpt lat="45.671257" lon="6.764798" />
      <trkpt lat="45.671083" lon="6.765321" />
      <trkpt lat="45.67107" lon="6.767795" />
      <trkpt lat="45.670798" lon="6.76916" />
      <trkpt lat="45.670172" lon="6.77033" />
      <trkpt lat="45.670361" lon="6.770955" />
      <trkpt lat="45.670108" lon="6.771742" />
      <trkpt lat="45.670066" lon="6.773435" />
      <trkpt lat="45.669817" lon="6.774401" />
      <trkpt lat="45.669722" lon="6.774336" />
      <trkpt lat="45.669681" lon="6.771621" />
      <trkpt lat="45.669587" lon="6.771629" />
      <trkpt lat="45.669299" lon="6.772417" />
      <trkpt lat="45.669244" lon="6.774166" />
      <trkpt lat="45.668953" lon="6.772973" />
      <trkpt lat="45.668902" lon="6.771819" />
      <trkpt lat="45.668797" lon="6.771821" />
      <trkpt lat="45.6686" lon="6.774236" />
      <trkpt lat="45.66878" lon="6.774695" />
      <trkpt lat="45.668538" lon="6.775417" />
      <trkpt lat="45.668592" lon="6.774735" />
      <trkpt lat="45.668271" lon="6.774199" />
      <trkpt lat="45.668175" lon="6.77334" />
      <trkpt lat="45.667948" lon="6.772757" />
      <trkpt lat="45.668133" lon="6.772247" />
      <trkpt lat="45.668135" lon="6.771673" />
      <trkpt lat="45.667969" lon="6.772219" />
      <trkpt lat="45.66766" lon="6.772286" />
      <trkpt lat="45.667586" lon="6.772467" />
      <trkpt lat="45.667815" lon="6.774889" />
      <trkpt lat="45.667299" lon="6.773659" />
      <trkpt lat="45.667333" lon="6.773126" />
      <trkpt lat="45.66708" lon="6.772772" />
      <trkpt lat="45.667027" lon="6.772109" />
      <trkpt lat="45.666799" lon="6.773392" />
      <trkpt lat="45.667102" lon="6.774437" />
      <trkpt lat="45.666533" lon="6.776044" />
      <trkpt lat="45.666427" lon="6.776028" />
      <trkpt lat="45.666414" lon="6.77559" />
      <trkpt lat="45.66611" lon="6.775084" />
      <trkpt lat="45.666207" lon="6.774492" />
      <trkpt lat="45.666044" lon="6.774329" />
      <trkpt lat="45.665439" lon="6.775404" />
      <trkpt lat="45.664924" lon="6.777089" />
      <trkpt lat="45.663727" lon="6.778202" />
      <trkpt lat="45.663218" lon="6.779046" />
      <trkpt lat="45.662981" lon="6.779225" />
      <trkpt lat="45.662448" lon="6.77928" />
      <trkpt lat="45.661914" lon="6.780022" />
      <trkpt lat="45.661037" lon="6.780686" />
      <trkpt lat="45.660381" lon="6.781634" />
      <trkpt lat="45.65933" lon="6.781804" />
      <trkpt lat="45.65864" lon="6.782677" />
      <trkpt lat="45.657529" lon="6.783141" />
      <trkpt lat="45.656458" lon="6.78391" />
      <trkpt lat="45.654506" lon="6.786054" />
      <trkpt lat="45.653575" lon="6.786838" />
      <trkpt lat="45.653368" lon="6.786952" />
      <trkpt lat="45.65258" lon="6.786964" />
      <trkpt lat="45.651939" lon="6.787245" />
      <trkpt lat="45.651328" lon="6.787706" />
      <trkpt lat="45.649941" lon="6.787795" />
      <trkpt lat="45.648395" lon="6.786669" />
      <trkpt lat="45.647223" lon="6.786089" />
      <trkpt lat="45.646393" lon="6.78611" />
      <trkpt lat="45.645623" lon="6.785848" />
      <trkpt lat="45.643664" lon="6.78613" />
      <trkpt lat="45.641969" lon="6.786155" />
      <trkpt lat="45.640484" lon="6.785086" />
      <trkpt lat="45.639834" lon="6.785042" />
      <trkpt lat="45.639011" lon="6.784367" />
      <trkpt lat="45.638467" lon="6.784557" />
      <trkpt lat="45.637942" lon="6.784466" />
      <trkpt lat="45.637299" lon="6.784663" />
      <trkpt lat="45.636498" lon="6.785263" />
      <trkpt lat="45.635563" lon="6.785562" />
      <trkpt lat="45.634679" lon="6.785373" />
      <trkpt lat="45.634165" lon="6.785475" />
      <trkpt lat="45.633286" lon="6.785018" />
      <trkpt lat="45.632323" lon="6.784164" />
      <trkpt lat="45.631175" lon="6.784228" />
      <trkpt lat="45.630617" lon="6.784075" />
      <trkpt lat="45.630013" lon="6.783768" />
      <trkpt lat="45.629053" lon="6.782975" />
      <trkpt lat="45.628749" lon="6.783404" />
      <trkpt lat="45.628899" lon="6.784606" />
      <trkpt lat="45.629051" lon="6.784825" />
      <trkpt lat="45.629965" lon="6.785404" />
      <trkpt lat="45.630008" lon="6.785599" />
      <trkpt lat="45.629881" lon="6.785633" />
      <trkpt lat="45.62889" lon="6.785195" />
      <trkpt lat="45.62789" lon="6.783843" />
      <trkpt lat="45.627357" lon="6.78161" />
      <trkpt lat="45.627184" lon="6.782888" />
      <trkpt lat="45.626993" lon="6.782861" />
      <trkpt lat="45.626839" lon="6.78242" />
      <trkpt lat="45.626839" lon="6.781869" />
      <trkpt lat="45.62622" lon="6.780204" />
      <trkpt lat="45.625576" lon="6.779396" />
      <trkpt lat="45.625171" lon="6.778653" />
      <trkpt lat="45.624576" lon="6.778907" />
      <trkpt lat="45.623847" lon="6.778516" />
      <trkpt lat="45.623616" lon="6.778218" />
      <trkpt lat="45.62333" lon="6.778227" />
      <trkpt lat="45.623341" lon="6.778563" />
      <trkpt lat="45.623756" lon="6.778572" />
      <trkpt lat="45.625158" lon="6.780367" />
      <trkpt lat="45.625571" lon="6.781453" />
      <trkpt lat="45.625684" lon="6.783345" />
      <trkpt lat="45.626151" lon="6.784969" />
      <trkpt lat="45.626293" lon="6.785385" />
      <trkpt lat="45.627016" lon="6.786304" />
      <trkpt lat="45.627114" lon="6.787068" />
      <trkpt lat="45.62685" lon="6.790559" />
      <trkpt lat="45.626232" lon="6.793307" />
      <trkpt lat="45.625736" lon="6.794094" />
      <trkpt lat="45.625223" lon="6.79445" />
      <trkpt lat="45.625086" lon="6.794952" />
      <trkpt lat="45.623811" lon="6.797569" />
      <trkpt lat="45.624067" lon="6.797414" />
      <trkpt lat="45.624284" lon="6.797536" />
      <trkpt lat="45.624213" lon="6.79871" />
      <trkpt lat="45.623874" lon="6.799825" />
      <trkpt lat="45.623586" lon="6.800271" />
      <trkpt lat="45.623106" lon="6.800595" />
      <trkpt lat="45.623412" lon="6.801407" />
      <trkpt lat="45.623449" lon="6.802228" />
      <trkpt lat="45.623166" lon="6.803362" />
      <trkpt lat="45.623347" lon="6.803873" />
      <trkpt lat="45.623315" lon="6.804717" />
      <trkpt lat="45.623425" lon="6.805174" />
      <trkpt lat="45.623278" lon="6.806356" />
      <trkpt lat="45.623748" lon="6.807449" />
      <trkpt lat="45.623964" lon="6.808951" />
      <trkpt lat="45.624382" lon="6.808004" />
      <trkpt lat="45.624609" lon="6.808069" />
      <trkpt lat="45.625229" lon="6.811638" />
      <trkpt lat="45.625429" lon="6.811513" />
      <trkpt lat="45.626156" lon="6.809605" />
      <trkpt lat="45.626508" lon="6.80906" />
      <trkpt lat="45.626734" lon="6.809064" />
      <trkpt lat="45.626877" lon="6.811879" />
      <trkpt lat="45.626772" lon="6.812362" />
      <trkpt lat="45.626095" lon="6.813021" />
      <trkpt lat="45.625827" lon="6.813049" />
      <trkpt lat="45.625365" lon="6.812689" />
      <trkpt lat="45.625202" lon="6.812749" />
      <trkpt lat="45.624376" lon="6.813473" />
      <trkpt lat="45.623959" lon="6.814256" />
      <trkpt lat="45.623301" lon="6.814608" />
      <trkpt lat="45.622542" lon="6.815272" />
      <trkpt lat="45.622209" lon="6.816277" />
      <trkpt lat="45.621484" lon="6.816945" />
      <trkpt lat="45.62109" lon="6.817604" />
      <trkpt lat="45.620602" lon="6.819566" />
      <trkpt lat="45.619371" lon="6.821854" />
      <trkpt lat="45.618912" lon="6.823086" />
      <trkpt lat="45.619042" lon="6.823207" />
      <trkpt lat="45.619292" lon="6.822516" />
      <trkpt lat="45.621979" lon="6.819121" />
      <trkpt lat="45.622655" lon="6.818834" />
      <trkpt lat="45.623339" lon="6.8179" />
      <trkpt lat="45.6245" lon="6.817404" />
      <trkpt lat="45.625676" lon="6.817286" />
      <trkpt lat="45.626308" lon="6.816707" />
      <trkpt lat="45.626878" lon="6.815894" />
      <trkpt lat="45.627023" lon="6.81586" />
      <trkpt lat="45.626494" lon="6.817177" />
      <trkpt lat="45.625942" lon="6.81801" />
      <trkpt lat="45.625236" lon="6.818274" />
      <trkpt lat="45.623764" lon="6.819472" />
      <trkpt lat="45.622961" lon="6.820752" />
      <trkpt lat="45.622197" lon="6.821328" />
      <trkpt lat="45.621822" lon="6.82244" />
      <trkpt lat="45.621226" lon="6.823127" />
      <trkpt lat="45.620303" lon="6.825398" />
      <trkpt lat="45.620341" lon="6.825511" />
      <trkpt lat="45.620462" lon="6.82548" />
      <trkpt lat="45.621098" lon="6.824004" />
      <trkpt lat="45.622085" lon="6.822815" />
      <trkpt lat="45.623883" lon="6.821355" />
      <trkpt lat="45.624467" lon="6.821068" />
      <trkpt lat="45.626147" lon="6.820882" />
      <trkpt lat="45.627025" lon="6.820227" />
      <trkpt lat="45.627909" lon="6.82029" />
      <trkpt lat="45.628728" lon="6.81998" />
      <trkpt lat="45.628617" lon="6.820264" />
      <trkpt lat="45.627211" lon="6.820874" />
      <trkpt lat="45.626828" lon="6.821442" />
      <trkpt lat="45.626389" lon="6.821747" />
      <trkpt lat="45.625534" lon="6.821853" />
      <trkpt lat="45.624434" lon="6.822295" />
      <trkpt lat="45.623804" lon="6.82306" />
      <trkpt lat="45.623159" lon="6.824499" />
      <trkpt lat="45.622756" lon="6.825965" />
      <trkpt lat="45.623026" lon="6.827127" />
      <trkpt lat="45.622772" lon="6.828244" />
      <trkpt lat="45.622842" lon="6.828376" />
      <trkpt lat="45.623159" lon="6.827349" />
      <trkpt lat="45.623119" lon="6.825988" />
      <trkpt lat="45.623233" lon="6.825493" />
      <trkpt lat="45.623623" lon="6.824762" />
      <trkpt lat="45.624378" lon="6.823837" />
      <trkpt lat="45.62497" lon="6.823942" />
      <trkpt lat="45.626237" lon="6.823426" />
      <trkpt lat="45.626701" lon="6.823639" />
      <trkpt lat="45.628586" lon="6.823465" />
      <trkpt lat="45.628819" lon="6.823325" />
      <trkpt lat="45.629328" lon="6.822604" />
      <trkpt lat="45.629581" lon="6.822492" />
      <trkpt lat="45.629737" lon="6.822589" />
      <trkpt lat="45.629692" lon="6.822778" />
      <trkpt lat="45.629225" lon="6.822941" />
      <trkpt lat="45.628826" lon="6.823749" />
      <trkpt lat="45.626739" lon="6.824468" />
      <trkpt lat="45.625841" lon="6.825126" />
      <trkpt lat="45.62514" lon="6.826109" />
      <trkpt lat="45.624808" lon="6.827067" />
      <trkpt lat="45.625176" lon="6.828086" />
      <trkpt lat="45.62509" lon="6.830028" />
      <trkpt lat="45.625397" lon="6.83057" />
      <trkpt lat="45.625532" lon="6.831126" />
      <trkpt lat="45.625438" lon="6.831441" />
      <trkpt lat="45.625032" lon="6.83175" />
      <trkpt lat="45.625078" lon="6.831989" />
      <trkpt lat="45.625576" lon="6.831607" />
      <trkpt lat="45.625725" lon="6.831279" />
      <trkpt lat="45.625627" lon="6.829675" />
      <trkpt lat="45.625753" lon="6.828917" />
      <trkpt lat="45.625645" lon="6.827944" />
      <trkpt lat="45.625801" lon="6.827396" />
      <trkpt lat="45.626304" lon="6.826988" />
      <trkpt lat="45.626876" lon="6.826926" />
      <trkpt lat="45.627354" lon="6.826668" />
      <trkpt lat="45.628115" lon="6.826772" />
      <trkpt lat="45.628194" lon="6.826895" />
      <trkpt lat="45.628062" lon="6.827078" />
      <trkpt lat="45.627483" lon="6.82695" />
      <trkpt lat="45.627061" lon="6.827515" />
      <trkpt lat="45.626516" lon="6.827766" />
      <trkpt lat="45.626326" lon="6.828054" />
      <trkpt lat="45.627056" lon="6.830293" />
      <trkpt lat="45.626795" lon="6.831802" />
      <trkpt lat="45.626289" lon="6.833205" />
      <trkpt lat="45.625809" lon="6.833707" />
      <trkpt lat="45.625641" lon="6.834701" />
      <trkpt lat="45.624364" lon="6.835891" />
      <trkpt lat="45.624182" lon="6.836697" />
      <trkpt lat="45.623803" lon="6.837181" />
      <trkpt lat="45.623662" lon="6.837618" />
      <trkpt lat="45.622926" lon="6.838212" />
      <trkpt lat="45.622412" lon="6.839478" />
      <trkpt lat="45.620931" lon="6.841485" />
      <trkpt lat="45.620177" lon="6.843866" />
      <trkpt lat="45.619644" lon="6.844982" />
      <trkpt lat="45.619764" lon="6.845148" />
      <trkpt lat="45.621125" lon="6.842102" />
      <trkpt lat="45.621622" lon="6.84155" />
      <trkpt lat="45.622009" lon="6.84087" />
      <trkpt lat="45.623054" lon="6.840426" />
      <trkpt lat="45.624249" lon="6.838946" />
      <trkpt lat="45.624545" lon="6.838785" />
      <trkpt lat="45.625175" lon="6.838773" />
      <trkpt lat="45.625544" lon="6.838489" />
      <trkpt lat="45.626116" lon="6.837712" />
      <trkpt lat="45.626535" lon="6.83684" />
      <trkpt lat="45.627521" lon="6.836011" />
      <trkpt lat="45.628056" lon="6.835011" />
      <trkpt lat="45.628192" lon="6.834974" />
      <trkpt lat="45.628202" lon="6.835171" />
      <trkpt lat="45.627715" lon="6.836103" />
      <trkpt lat="45.627317" lon="6.836454" />
      <trkpt lat="45.626671" lon="6.837896" />
      <trkpt lat="45.626099" lon="6.838572" />
      <trkpt lat="45.625573" lon="6.839806" />
      <trkpt lat="45.62496" lon="6.840213" />
      <trkpt lat="45.624315" lon="6.841315" />
      <trkpt lat="45.623453" lon="6.842085" />
      <trkpt lat="45.623198" lon="6.842747" />
      <trkpt lat="45.623111" lon="6.843607" />
      <trkpt lat="45.621703" lon="6.846542" />
      <trkpt lat="45.621808" lon="6.850347" />
      <trkpt lat="45.621535" lon="6.851384" />
      <trkpt lat="45.62142" lon="6.852451" />
      <trkpt lat="45.621488" lon="6.854084" />
      <trkpt lat="45.621714" lon="6.854917" />
      <trkpt lat="45.621405" lon="6.856368" />
      <trkpt lat="45.621455" lon="6.857136" />
      <trkpt lat="45.621196" lon="6.85778" />
      <trkpt lat="45.62099" lon="6.85967" />
      <trkpt lat="45.621075" lon="6.859796" />
      <trkpt lat="45.621171" lon="6.859668" />
      <trkpt lat="45.621433" lon="6.857752" />
      <trkpt lat="45.621945" lon="6.857002" />
      <trkpt lat="45.621972" lon="6.856119" />
      <trkpt lat="45.622381" lon="6.855368" />
      <trkpt lat="45.622631" lon="6.852884" />
      <trkpt lat="45.623052" lon="6.851643" />
      <trkpt lat="45.623175" lon="6.850816" />
      <trkpt lat="45.623296" lon="6.850742" />
      <trkpt lat="45.623347" lon="6.85096" />
      <trkpt lat="45.622847" lon="6.853312" />
      <trkpt lat="45.623064" lon="6.855311" />
      <trkpt lat="45.622946" lon="6.85699" />
      <trkpt lat="45.6226" lon="6.85818" />
      <trkpt lat="45.622731" lon="6.859914" />
      <trkpt lat="45.623275" lon="6.861225" />
      <trkpt lat="45.624075" lon="6.865238" />
      <trkpt lat="45.624239" lon="6.865109" />
      <trkpt lat="45.624001" lon="6.864367" />
      <trkpt lat="45.624143" lon="6.862648" />
      <trkpt lat="45.623997" lon="6.860471" />
      <trkpt lat="45.624014" lon="6.858299" />
      <trkpt lat="45.624178" lon="6.858169" />
      <trkpt lat="45.624222" lon="6.857638" />
      <trkpt lat="45.62489" lon="6.856798" />
      <trkpt lat="45.625632" lon="6.855162" />
      <trkpt lat="45.625812" lon="6.852397" />
      <trkpt lat="45.626092" lon="6.851359" />
      <trkpt lat="45.626658" lon="6.850562" />
      <trkpt lat="45.626901" lon="6.849911" />
      <trkpt lat="45.627347" lon="6.849477" />
      <trkpt lat="45.62776" lon="6.848758" />
      <trkpt lat="45.628835" lon="6.84811" />
      <trkpt lat="45.630003" lon="6.84672" />
      <trkpt lat="45.630209" lon="6.846628" />
      <trkpt lat="45.631808" lon="6.848053" />
      <trkpt lat="45.632501" lon="6.848924" />
      <trkpt lat="45.63297" lon="6.849094" />
      <trkpt lat="45.634344" lon="6.849203" />
      <trkpt lat="45.634916" lon="6.850081" />
      <trkpt lat="45.63591" lon="6.850528" />
      <trkpt lat="45.637038" lon="6.849362" />
      <trkpt lat="45.637436" lon="6.848652" />
      <trkpt lat="45.637628" lon="6.848091" />
      <trkpt lat="45.637694" lon="6.847142" />
      <trkpt lat="45.637839" lon="6.846875" />
      <trkpt lat="45.638104" lon="6.846699" />
      <trkpt lat="45.638625" lon="6.846667" />
      <trkpt lat="45.639281" lon="6.846407" />
      <trkpt lat="45.640223" lon="6.845391" />
      <trkpt lat="45.641702" lon="6.844291" />
      <trkpt lat="45.642197" lon="6.845545" />
      <trkpt lat="45.64322" lon="6.847103" />
      <trkpt lat="45.643728" lon="6.84763" />
      <trkpt lat="45.644174" lon="6.8478" />
      <trkpt lat="45.644484" lon="6.848104" />
      <trkpt lat="45.645709" lon="6.850149" />
      <trkpt lat="45.647035" lon="6.851946" />
      <trkpt lat="45.647729" lon="6.852198" />
      <trkpt lat="45.649021" lon="6.852957" />
      <trkpt lat="45.649583" lon="6.854151" />
      <trkpt lat="45.649788" lon="6.854996" />
      <trkpt lat="45.65052" lon="6.856379" />
      <trkpt lat="45.651723" lon="6.857182" />
      <trkpt lat="45.652432" lon="6.85793" />
      <trkpt lat="45.653214" lon="6.858334" />
      <trkpt lat="45.654163" lon="6.859541" />
      <trkpt lat="45.654779" lon="6.859796" />
      <trkpt lat="45.655436" lon="6.86102" />
      <trkpt lat="45.656141" lon="6.861341" />
      <trkpt lat="45.656411" lon="6.861615" />
      <trkpt lat="45.656859" lon="6.862624" />
      <trkpt lat="45.657281" lon="6.863132" />
      <trkpt lat="45.659068" lon="6.864386" />
      <trkpt lat="45.659693" lon="6.865788" />
      <trkpt lat="45.661425" lon="6.868009" />
      <trkpt lat="45.661871" lon="6.868928" />
      <trkpt lat="45.66233" lon="6.869319" />
      <trkpt lat="45.662428" lon="6.869804" />
      <trkpt lat="45.662273" lon="6.870537" />
      <trkpt lat="45.662343" lon="6.870728" />
      <trkpt lat="45.663208" lon="6.870402" />
      <trkpt lat="45.663952" lon="6.870538" />
      <trkpt lat="45.665027" lon="6.8713" />
      <trkpt lat="45.665798" lon="6.871486" />
      <trkpt lat="45.66643" lon="6.871901" />
      <trkpt lat="45.667583" lon="6.872327" />
      <trkpt lat="45.668315" lon="6.872265" />
      <trkpt lat="45.668779" lon="6.872724" />
      <trkpt lat="45.669349" lon="6.87248" />
      <trkpt lat="45.670105" lon="6.872938" />
      <trkpt lat="45.67062" lon="6.873401" />
      <trkpt lat="45.670601" lon="6.87373" />
      <trkpt lat="45.670345" lon="6.873722" />
      <trkpt lat="45.669626" lon="6.873165" />
      <trkpt lat="45.669432" lon="6.873203" />
      <trkpt lat="45.66948" lon="6.873481" />
      <trkpt lat="45.676632" lon="6.881495" />
      <trkpt lat="45.678926" lon="6.882653" />
      <trkpt lat="45.6797" lon="6.88332" />
      <trkpt lat="45.680106" lon="6.884531" />
      <trkpt lat="45.680321" lon="6.884661" />
      <trkpt lat="45.680886" lon="6.88458" />
      <trkpt lat="45.681146" lon="6.884671" />
      <trkpt lat="45.682086" lon="6.88527" />
      <trkpt lat="45.684927" lon="6.887589" />
      <trkpt lat="45.685512" lon="6.887829" />
      <trkpt lat="45.686644" lon="6.8886" />
      <trkpt lat="45.687531" lon="6.888783" />
      <trkpt lat="45.687957" lon="6.888637" />
      <trkpt lat="45.688401" lon="6.888683" />
      <trkpt lat="45.69002" lon="6.889606" />
      <trkpt lat="45.690258" lon="6.890013" />
      <trkpt lat="45.690357" lon="6.891157" />
      <trkpt lat="45.690788" lon="6.891549" />
      <trkpt lat="45.691025" lon="6.891579" />
      <trkpt lat="45.691158" lon="6.89136" />
      <trkpt lat="45.690916" lon="6.890424" />
      <trkpt lat="45.690887" lon="6.889151" />
      <trkpt lat="45.691131" lon="6.88948" />
      <trkpt lat="45.691584" lon="6.89076" />
      <trkpt lat="45.691622" lon="6.890214" />
      <trkpt lat="45.691805" lon="6.890124" />
      <trkpt lat="45.69276" lon="6.890761" />
      <trkpt lat="45.693478" lon="6.891983" />
      <trkpt lat="45.693497" lon="6.893169" />
      <trkpt lat="45.693927" lon="6.894292" />
      <trkpt lat="45.693984" lon="6.895258" />
      <trkpt lat="45.694697" lon="6.896954" />
      <trkpt lat="45.69515" lon="6.898522" />
      <trkpt lat="45.695365" lon="6.898823" />
      <trkpt lat="45.696261" lon="6.899506" />
      <trkpt lat="45.697377" lon="6.901309" />
      <trkpt lat="45.698158" lon="6.902209" />
      <trkpt lat="45.698415" lon="6.903035" />
      <trkpt lat="45.699324" lon="6.904455" />
      <trkpt lat="45.699767" lon="6.905776" />
      <trkpt lat="45.700522" lon="6.906938" />
      <trkpt lat="45.700737" lon="6.907037" />
      <trkpt lat="45.701023" lon="6.90652" />
      <trkpt lat="45.70158" lon="6.906604" />
      <trkpt lat="45.701932" lon="6.906428" />
      <trkpt lat="45.702853" lon="6.907819" />
      <trkpt lat="45.704553" lon="6.911601" />
      <trkpt lat="45.704708" lon="6.911745" />
      <trkpt lat="45.704978" lon="6.911535" />
      <trkpt lat="45.705224" lon="6.91161" />
      <trkpt lat="45.705766" lon="6.912478" />
      <trkpt lat="45.706149" lon="6.912806" />
      <trkpt lat="45.70672" lon="6.912634" />
      <trkpt lat="45.707028" lon="6.912285" />
      <trkpt lat="45.707505" lon="6.912061" />
      <trkpt lat="45.708046" lon="6.911205" />
      <trkpt lat="45.708244" lon="6.910541" />
      <trkpt lat="45.708335" lon="6.910547" />
      <trkpt lat="45.708115" lon="6.91149" />
      <trkpt lat="45.707639" lon="6.912621" />
      <trkpt lat="45.707102" lon="6.913472" />
      <trkpt lat="45.70707" lon="6.914341" />
      <trkpt lat="45.706839" lon="6.914729" />
      <trkpt lat="45.706915" lon="6.914942" />
      <trkpt lat="45.707131" lon="6.914818" />
      <trkpt lat="45.707236" lon="6.914232" />
      <trkpt lat="45.70745" lon="6.913852" />
      <trkpt lat="45.708128" lon="6.91327" />
      <trkpt lat="45.708509" lon="6.9125" />
      <trkpt lat="45.709193" lon="6.911652" />
      <trkpt lat="45.709411" lon="6.909361" />
      <trkpt lat="45.709505" lon="6.909239" />
      <trkpt lat="45.709637" lon="6.909304" />
      <trkpt lat="45.709612" lon="6.911445" />
      <trkpt lat="45.710061" lon="6.912679" />
      <trkpt lat="45.709113" lon="6.915961" />
      <trkpt lat="45.709144" lon="6.917288" />
      <trkpt lat="45.708632" lon="6.917951" />
      <trkpt lat="45.708138" lon="6.917992" />
      <trkpt lat="45.707716" lon="6.918337" />
      <trkpt lat="45.707445" lon="6.918294" />
      <trkpt lat="45.707325" lon="6.92024" />
      <trkpt lat="45.706738" lon="6.920806" />
      <trkpt lat="45.706842" lon="6.921" />
      <trkpt lat="45.707252" lon="6.920972" />
      <trkpt lat="45.707408" lon="6.921073" />
      <trkpt lat="45.707776" lon="6.922834" />
      <trkpt lat="45.707677" lon="6.923124" />
      <trkpt lat="45.707476" lon="6.922982" />
      <trkpt lat="45.707367" lon="6.923042" />
      <trkpt lat="45.707241" lon="6.923535" />
      <trkpt lat="45.707624" lon="6.925447" />
      <trkpt lat="45.707588" lon="6.925658" />
      <trkpt lat="45.707342" lon="6.925887" />
      <trkpt lat="45.707556" lon="6.926444" />
      <trkpt lat="45.707576" lon="6.92698" />
      <trkpt lat="45.70761" lon="6.929549" />
      <trkpt lat="45.707435" lon="6.931324" />
      <trkpt lat="45.707538" lon="6.933817" />
      <trkpt lat="45.707621" lon="6.933877" />
      <trkpt lat="45.707666" lon="6.933709" />
      <trkpt lat="45.707806" lon="6.93165" />
      <trkpt lat="45.708669" lon="6.930195" />
      <trkpt lat="45.70882" lon="6.929255" />
      <trkpt lat="45.708946" lon="6.93046" />
      <trkpt lat="45.708851" lon="6.931962" />
      <trkpt lat="45.708443" lon="6.933514" />
      <trkpt lat="45.709003" lon="6.932866" />
      <trkpt lat="45.709308" lon="6.932167" />
      <trkpt lat="45.709798" lon="6.930296" />
      <trkpt lat="45.709579" lon="6.931641" />
      <trkpt lat="45.70969" lon="6.93304" />
      <trkpt lat="45.709378" lon="6.934285" />
      <trkpt lat="45.709719" lon="6.933739" />
      <trkpt lat="45.709989" lon="6.932665" />
      <trkpt lat="45.710313" lon="6.932325" />
      <trkpt lat="45.710513" lon="6.931073" />
      <trkpt lat="45.710725" lon="6.930954" />
      <trkpt lat="45.711347" lon="6.932035" />
      <trkpt lat="45.712022" lon="6.934327" />
      <trkpt lat="45.71268" lon="6.935282" />
      <trkpt lat="45.713505" lon="6.937578" />
      <trkpt lat="45.713117" lon="6.936833" />
      <trkpt lat="45.712236" lon="6.936262" />
      <trkpt lat="45.712043" lon="6.936415" />
      <trkpt lat="45.712069" lon="6.936712" />
      <trkpt lat="45.712912" lon="6.937506" />
      <trkpt lat="45.714067" lon="6.939665" />
      <trkpt lat="45.714489" lon="6.940165" />
      <trkpt lat="45.714998" lon="6.940353" />
      <trkpt lat="45.715517" lon="6.941262" />
      <trkpt lat="45.715357" lon="6.94129" />
      <trkpt lat="45.714927" lon="6.940789" />
      <trkpt lat="45.714261" lon="6.940452" />
      <trkpt lat="45.713199" lon="6.939576" />
      <trkpt lat="45.713074" lon="6.939546" />
      <trkpt lat="45.713058" lon="6.939696" />
      <trkpt lat="45.713572" lon="6.940348" />
      <trkpt lat="45.713953" lon="6.941457" />
      <trkpt lat="45.714609" lon="6.94171" />
      <trkpt lat="45.715755" lon="6.942425" />
      <trkpt lat="45.715686" lon="6.942547" />
      <trkpt lat="45.714991" lon="6.942306" />
      <trkpt lat="45.714517" lon="6.942496" />
      <trkpt lat="45.714125" lon="6.942365" />
      <trkpt lat="45.713372" lon="6.942793" />
      <trkpt lat="45.713112" lon="6.943363" />
      <trkpt lat="45.713811" lon="6.944214" />
      <trkpt lat="45.713387" lon="6.945076" />
      <trkpt lat="45.712506" lon="6.944723" />
      <trkpt lat="45.712163" lon="6.944899" />
      <trkpt lat="45.712071" lon="6.945514" />
      <trkpt lat="45.711464" lon="6.946847" />
      <trkpt lat="45.711576" lon="6.947775" />
      <trkpt lat="45.711854" lon="6.948247" />
      <trkpt lat="45.711264" lon="6.948714" />
      <trkpt lat="45.710718" lon="6.948664" />
      <trkpt lat="45.710432" lon="6.94887" />
      <trkpt lat="45.709635" lon="6.949731" />
      <trkpt lat="45.708818" lon="6.950993" />
      <trkpt lat="45.7083" lon="6.951439" />
    </trkseg>
  </trk>
</gpx>
